filename,eta,gamma,pearson,spearman
net_eta2.102040767669677_gamma0.281632661819458_ruleMatchingIndex_id000.npy,2.102040767669677,0.281632661819458,0.27832450115660845,0.20585658565856582
net_eta0.081632688641548_gamma0.797959208488464_ruleMatchingIndex_id008.npy,0.081632688641548,0.797959208488464,0.13640521546788434,0.31517551755175516
net_eta-4.408163070678711_gamma0.146938771009445_ruleMatchingIndex_id000.npy,-4.408163070678711,0.146938771009445,0.7682504635969227,0.6812481248124812
net_eta-6.428571224212646_gamma0.573469400405883_ruleMatchingIndex_id004.npy,-6.428571224212646,0.573469400405883,0.059602483149312824,0.0787878787878788
net_eta-0.142857104539872_gamma0.393877536058425_ruleMatchingIndex_id001.npy,-0.142857104539872,0.393877536058425,0.5159623836913577,0.2555295529552955
net_eta-3.285714387893677_gamma0.708163261413574_ruleMatchingIndex_id006.npy,-3.285714387893677,0.708163261413574,0.760810383881784,0.7705730573057304
net_eta-1.489795923233033_gamma1.0_ruleMatchingIndex_id003.npy,-1.489795923233033,1.0,0.5435935951566313,0.20615785273610127
net_eta3.0_gamma0.663265287876129_ruleMatchingIndex_id005.npy,3.0,0.663265287876129,0.1499965461064434,0.22934362239413875
net_eta-3.959183692932129_gamma0.304081618785858_ruleMatchingIndex_id006.npy,-3.959183692932129,0.304081618785858,0.6768972032145859,0.6182658265826582
net_eta-6.877551078796387_gamma0.551020383834838_ruleMatchingIndex_id005.npy,-6.877551078796387,0.551020383834838,0.15625762285285982,0.10405040504050403
net_eta1.653061270713806_gamma0.640816330909729_ruleMatchingIndex_id003.npy,1.653061270713806,0.640816330909729,0.14276297471147803,-0.10024632537196446
net_eta-0.142857104539872_gamma0.887755095958709_ruleMatchingIndex_id002.npy,-0.142857104539872,0.887755095958709,0.03923907762761255,-0.1451185118511851
net_eta1.428571462631225_gamma0.21428570151329_ruleMatchingIndex_id007.npy,1.428571462631225,0.21428570151329,0.11267746941785868,0.09118511851185118
net_eta1.877551078796386_gamma0.169387757778167_ruleMatchingIndex_id005.npy,1.877551078796386,0.169387757778167,0.0367001889272375,0.09518151815181516
net_eta1.204081654548645_gamma0.281632661819458_ruleMatchingIndex_id004.npy,1.204081654548645,0.281632661819458,0.22372383588226405,0.1577077707770777
net_eta-7.326530456542969_gamma0.865306138992309_ruleMatchingIndex_id007.npy,-7.326530456542969,0.865306138992309,0.23925033585900887,0.23134713471347132
net_eta0.755102038383483_gamma0.21428570151329_ruleMatchingIndex_id003.npy,0.755102038383483,0.21428570151329,0.32103299133497876,0.31035103510351036
net_eta3.0_gamma1.0_ruleMatchingIndex_id004.npy,3.0,1.0,0.09524532527839563,0.158019801980198
net_eta-3.510204076766968_gamma0.685714304447174_ruleMatchingIndex_id002.npy,-3.510204076766968,0.685714304447174,0.04035539706714235,0.21296129612961293
net_eta0.979591846466064_gamma0.034693874418735_ruleMatchingIndex_id006.npy,0.979591846466064,0.034693874418735,0.13612534481365907,0.13484548454845482
net_eta-5.530612468719482_gamma0.393877536058425_ruleMatchingIndex_id004.npy,-5.530612468719482,0.393877536058425,0.18407486142285157,0.12987698769876985
net_eta-1.714285612106324_gamma0.146938771009445_ruleMatchingIndex_id004.npy,-1.714285612106324,0.146938771009445,0.3810562147304429,0.405064506450645
net_eta1.877551078796386_gamma0.887755095958709_ruleMatchingIndex_id002.npy,1.877551078796386,0.887755095958709,0.14160412169621042,-0.23629162916291627
net_eta-6.653061389923096_gamma0.820408165454864_ruleMatchingIndex_id005.npy,-6.653061389923096,0.820408165454864,0.050791361105731125,0.07511551155115512
net_eta-4.408163070678711_gamma0.236734688282012_ruleMatchingIndex_id009.npy,-4.408163070678711,0.236734688282012,0.46754660276201065,0.4665106510651064
net_eta2.326530694961548_gamma0.191836729645729_ruleMatchingIndex_id004.npy,2.326530694961548,0.191836729645729,0.055943796325929496,-0.007224722472247224
net_eta2.775510311126709_gamma0.708163261413574_ruleMatchingIndex_id001.npy,2.775510311126709,0.708163261413574,0.026515459364414025,0.3056225622562256
net_eta2.775510311126709_gamma0.595918357372283_ruleMatchingIndex_id007.npy,2.775510311126709,0.595918357372283,0.3459884239859736,0.3298409840984098
net_eta-5.755102157592773_gamma0.124489791691303_ruleMatchingIndex_id000.npy,-5.755102157592773,0.124489791691303,0.07677020825661594,0.07392739273927393
net_eta2.326530694961548_gamma0.887755095958709_ruleMatchingIndex_id000.npy,2.326530694961548,0.887755095958709,0.1844380380074346,0.12744074407440742
net_eta0.979591846466064_gamma0.191836729645729_ruleMatchingIndex_id001.npy,0.979591846466064,0.191836729645729,0.06883491505488065,0.036207620762076204
net_eta-2.163265228271485_gamma0.304081618785858_ruleMatchingIndex_id004.npy,-2.163265228271485,0.304081618785858,0.5204563128444104,0.4952895289528952
net_eta-7.102040767669678_gamma0.191836729645729_ruleMatchingIndex_id003.npy,-7.102040767669678,0.191836729645729,0.033592135891291244,0.07657965796579656
net_eta-3.959183692932129_gamma0.551020383834838_ruleMatchingIndex_id009.npy,-3.959183692932129,0.551020383834838,0.8065805529529151,0.6895049504950493
net_eta-1.714285612106324_gamma0.236734688282012_ruleMatchingIndex_id001.npy,-1.714285612106324,0.236734688282012,0.1869263537172983,0.37099309930993096
net_eta-6.428571224212646_gamma0.618367373943328_ruleMatchingIndex_id001.npy,-6.428571224212646,0.618367373943328,0.1518443789103464,0.1283048304830483
net_eta2.326530694961548_gamma0.102040812373161_ruleMatchingIndex_id005.npy,2.326530694961548,0.102040812373161,0.0210511123911955,0.026306630663066304
net_eta-5.530612468719482_gamma0.057142853736877_ruleMatchingIndex_id004.npy,-5.530612468719482,0.057142853736877,0.03847910540477047,-0.06841884188418841
net_eta-5.306122303009033_gamma-0.055102042853833_ruleMatchingIndex_id000.npy,-5.306122303009033,-0.055102042853833,0.4884365123782751,0.4654785478547855
net_eta-6.653061389923096_gamma0.865306138992309_ruleMatchingIndex_id000.npy,-6.653061389923096,0.865306138992309,0.07675858704133093,0.0658025802580258
net_eta1.204081654548645_gamma0.034693874418735_ruleMatchingIndex_id003.npy,1.204081654548645,0.034693874418735,0.05953645440693825,0.07945994599459946
net_eta-4.408163070678711_gamma0.146938771009445_ruleMatchingIndex_id002.npy,-4.408163070678711,0.146938771009445,0.39315752533250276,0.4959135913591359
net_eta-5.755102157592773_gamma0.618367373943328_ruleMatchingIndex_id004.npy,-5.755102157592773,0.618367373943328,0.03269903603210246,0.022130213021302126
net_eta-2.163265228271485_gamma0.618367373943328_ruleMatchingIndex_id003.npy,-2.163265228271485,0.618367373943328,0.17604022703341407,0.3317971797179718
net_eta2.102040767669677_gamma0.393877536058425_ruleMatchingIndex_id001.npy,2.102040767669677,0.393877536058425,0.23968124428651844,0.2825451021467927
net_eta-8.0_gamma0.730612277984619_ruleMatchingIndex_id002.npy,-8.0,0.730612277984619,0.18791337222879273,0.13146114611461143
net_eta-0.59183669090271_gamma0.393877536058425_ruleMatchingIndex_id005.npy,-0.59183669090271,0.393877536058425,0.116528123402254,0.6554695469546954
net_eta1.877551078796386_gamma0.685714304447174_ruleMatchingIndex_id003.npy,1.877551078796386,0.685714304447174,0.29107942671127485,0.24999774976935132
net_eta2.326530694961548_gamma0.124489791691303_ruleMatchingIndex_id007.npy,2.326530694961548,0.124489791691303,0.12164466150388964,0.10875487548754874
net_eta-3.734694004058838_gamma0.640816330909729_ruleMatchingIndex_id006.npy,-3.734694004058838,0.640816330909729,0.576359442668273,0.5100990099009901
net_eta2.775510311126709_gamma0.21428570151329_ruleMatchingIndex_id001.npy,2.775510311126709,0.21428570151329,0.01396792891194163,-0.017797779777977796
net_eta-4.857142925262451_gamma0.506122469902038_ruleMatchingIndex_id009.npy,-4.857142925262451,0.506122469902038,0.05599269483109476,0.040024002400240025
net_eta-7.102040767669678_gamma0.169387757778167_ruleMatchingIndex_id005.npy,-7.102040767669678,0.169387757778167,0.0777384708505463,0.027458745874587458
net_eta-1.714285612106324_gamma0.416326522827148_ruleMatchingIndex_id007.npy,-1.714285612106324,0.416326522827148,0.00438211856257726,0.524051977356026
net_eta-5.081632614135742_gamma0.551020383834838_ruleMatchingIndex_id002.npy,-5.081632614135742,0.551020383834838,0.26793902387552865,0.27187518751875184
net_eta-3.061224460601807_gamma0.528571426868438_ruleMatchingIndex_id005.npy,-3.061224460601807,0.528571426868438,0.4267605345182971,0.15872787278727873
net_eta-1.489795923233033_gamma0.820408165454864_ruleMatchingIndex_id000.npy,-1.489795923233033,0.820408165454864,0.07722226499875755,0.5156315631563155
net_eta-6.204081535339355_gamma0.034693874418735_ruleMatchingIndex_id003.npy,-6.204081535339355,0.034693874418735,0.11089209428077967,0.16067206720672064
net_eta-2.836734771728516_gamma0.595918357372283_ruleMatchingIndex_id007.npy,-2.836734771728516,0.595918357372283,0.43693319859935664,0.4978457845784578
net_eta0.755102038383483_gamma-0.032653063535691_ruleMatchingIndex_id005.npy,0.755102038383483,-0.032653063535691,0.02745423393153363,0.04436843684368436
net_eta-1.489795923233033_gamma0.977551043033599_ruleMatchingIndex_id003.npy,-1.489795923233033,0.977551043033599,0.13671402703925653,0.5102145521011625
net_eta1.653061270713806_gamma0.416326522827148_ruleMatchingIndex_id000.npy,1.653061270713806,0.416326522827148,0.06775836314907341,-0.2063006300630063
net_eta-1.265306115150452_gamma0.910204052925109_ruleMatchingIndex_id003.npy,-1.265306115150452,0.910204052925109,0.5681960523386957,0.42641464146414637
net_eta0.306122481822967_gamma0.708163261413574_ruleMatchingIndex_id003.npy,0.306122481822967,0.708163261413574,0.2159884221788182,0.13689768976897687
net_eta-5.979591846466064_gamma-0.100000001490117_ruleMatchingIndex_id000.npy,-5.979591846466064,-0.100000001490117,0.11635972350246315,0.1281968196819682
net_eta-3.510204076766968_gamma0.034693874418735_ruleMatchingIndex_id009.npy,-3.510204076766968,0.034693874418735,0.23125902249046112,0.27049504950495046
net_eta-5.755102157592773_gamma0.955102026462554_ruleMatchingIndex_id005.npy,-5.755102157592773,0.955102026462554,0.05435267857480992,0.017485748574857483
net_eta-2.612245082855225_gamma0.057142853736877_ruleMatchingIndex_id008.npy,-2.612245082855225,0.057142853736877,0.00862317014703029,0.06678667866786678
net_eta-8.0_gamma0.057142853736877_ruleMatchingIndex_id009.npy,-8.0,0.057142853736877,0.3561115101437168,0.30532253225322525
net_eta-4.408163070678711_gamma0.146938771009445_ruleMatchingIndex_id004.npy,-4.408163070678711,0.146938771009445,0.09024290862149906,0.12289228922892288
net_eta-3.734694004058838_gamma0.393877536058425_ruleMatchingIndex_id003.npy,-3.734694004058838,0.393877536058425,0.040345998574922305,0.4141614161416141
net_eta-3.285714387893677_gamma0.146938771009445_ruleMatchingIndex_id001.npy,-3.285714387893677,0.146938771009445,0.6286406862436963,0.6385478547854785
net_eta-4.408163070678711_gamma0.124489791691303_ruleMatchingIndex_id008.npy,-4.408163070678711,0.124489791691303,0.23973189798885344,0.36280828082808275
net_eta-0.36734688282013_gamma0.797959208488464_ruleMatchingIndex_id009.npy,-0.36734688282013,0.797959208488464,0.5787832655767996,0.4819441944194419
net_eta3.0_gamma0.371428549289703_ruleMatchingIndex_id000.npy,3.0,0.371428549289703,0.05831468939594922,-0.0153015301530153
net_eta-7.775510311126709_gamma0.191836729645729_ruleMatchingIndex_id000.npy,-7.775510311126709,0.191836729645729,0.019023519851129,-0.04618061806180617
net_eta-4.63265323638916_gamma0.32653060555458_ruleMatchingIndex_id003.npy,-4.63265323638916,0.32653060555458,0.24622927697451777,0.26499849984998497
net_eta0.306122481822967_gamma0.102040812373161_ruleMatchingIndex_id002.npy,0.306122481822967,0.102040812373161,0.14150156091576732,0.17066906690669065
net_eta1.877551078796386_gamma0.146938771009445_ruleMatchingIndex_id002.npy,1.877551078796386,0.146938771009445,0.09061815256599293,0.10804680468046804
net_eta-8.0_gamma0.124489791691303_ruleMatchingIndex_id004.npy,-8.0,0.124489791691303,0.19428963979614042,0.1593399339933993
net_eta-5.306122303009033_gamma0.618367373943328_ruleMatchingIndex_id001.npy,-5.306122303009033,0.618367373943328,0.27244064288163095,0.23578757875787576
net_eta2.326530694961548_gamma0.438775509595871_ruleMatchingIndex_id002.npy,2.326530694961548,0.438775509595871,0.1608810684722509,0.06611461146114611
net_eta1.877551078796386_gamma0.057142853736877_ruleMatchingIndex_id008.npy,1.877551078796386,0.057142853736877,0.0352220687451803,0.041008100810081
net_eta-3.959183692932129_gamma0.955102026462554_ruleMatchingIndex_id006.npy,-3.959183692932129,0.955102026462554,0.3314741642620816,0.47019501950195014
net_eta-5.530612468719482_gamma0.506122469902038_ruleMatchingIndex_id009.npy,-5.530612468719482,0.506122469902038,0.04038616871720703,0.0228022802280228
net_eta-6.653061389923096_gamma-0.100000001490117_ruleMatchingIndex_id002.npy,-6.653061389923096,-0.100000001490117,0.17995619224265685,0.14448244824482448
net_eta1.204081654548645_gamma0.595918357372283_ruleMatchingIndex_id002.npy,1.204081654548645,0.595918357372283,0.047598698648795845,0.11905190519051904
net_eta0.530612289905548_gamma0.842857122421264_ruleMatchingIndex_id004.npy,0.530612289905548,0.842857122421264,0.21117076944221583,0.5187158715871586
net_eta2.551020383834839_gamma0.191836729645729_ruleMatchingIndex_id004.npy,2.551020383834839,0.191836729645729,0.22810271327298764,0.22264626462646261
net_eta-1.265306115150452_gamma0.348979592323303_ruleMatchingIndex_id008.npy,-1.265306115150452,0.348979592323303,0.567153531530727,0.49429342934293424
net_eta-3.510204076766968_gamma-0.055102042853833_ruleMatchingIndex_id009.npy,-3.510204076766968,-0.055102042853833,0.9092501783943194,0.9037623762376237
net_eta-4.63265323638916_gamma0.910204052925109_ruleMatchingIndex_id007.npy,-4.63265323638916,0.910204052925109,0.23818765724966068,0.20784878487848782
net_eta-5.979591846466064_gamma1.0_ruleMatchingIndex_id001.npy,-5.979591846466064,1.0,0.031727520886641006,0.09113711371137112
net_eta-8.0_gamma0.169387757778167_ruleMatchingIndex_id000.npy,-8.0,0.169387757778167,0.028343521896233972,0.002352235223522352
net_eta-7.775510311126709_gamma0.102040812373161_ruleMatchingIndex_id007.npy,-7.775510311126709,0.102040812373161,0.04035851666446126,0.01206120612061206
net_eta-4.18367338180542_gamma0.932653069496154_ruleMatchingIndex_id000.npy,-4.18367338180542,0.932653069496154,0.19148879584761908,0.19315931593159316
net_eta-5.081632614135742_gamma0.371428549289703_ruleMatchingIndex_id002.npy,-5.081632614135742,0.371428549289703,0.20718884911250057,0.22630663066306628
net_eta2.102040767669677_gamma0.371428549289703_ruleMatchingIndex_id003.npy,2.102040767669677,0.371428549289703,0.1721133677367862,0.2358475847584758
net_eta-3.285714387893677_gamma0.775510191917419_ruleMatchingIndex_id003.npy,-3.285714387893677,0.775510191917419,0.5534214792594087,0.5027062706270626
net_eta2.551020383834839_gamma0.797959208488464_ruleMatchingIndex_id006.npy,2.551020383834839,0.797959208488464,0.05020157104553756,-0.03633963396339633
net_eta2.551020383834839_gamma0.932653069496154_ruleMatchingIndex_id007.npy,2.551020383834839,0.932653069496154,0.13665006120917378,-0.11923192319231922
net_eta-7.775510311126709_gamma0.708163261413574_ruleMatchingIndex_id003.npy,-7.775510311126709,0.708163261413574,0.18814187433695126,0.14247824782478247
net_eta-3.510204076766968_gamma0.371428549289703_ruleMatchingIndex_id009.npy,-3.510204076766968,0.371428549289703,0.2956144549103021,0.4178577857785778
net_eta-4.408163070678711_gamma0.304081618785858_ruleMatchingIndex_id009.npy,-4.408163070678711,0.304081618785858,0.6408035033358319,0.6019561956195619
net_eta-3.285714387893677_gamma-0.055102042853833_ruleMatchingIndex_id009.npy,-3.285714387893677,-0.055102042853833,0.0007703451299637207,-0.05944194419441943
net_eta-3.959183692932129_gamma0.169387757778167_ruleMatchingIndex_id007.npy,-3.959183692932129,0.169387757778167,0.0537262093056717,-0.11509150915091508
net_eta-3.285714387893677_gamma0.528571426868438_ruleMatchingIndex_id007.npy,-3.285714387893677,0.528571426868438,0.5378003369748732,0.18333033303330332
net_eta1.877551078796386_gamma0.932653069496154_ruleMatchingIndex_id001.npy,1.877551078796386,0.932653069496154,0.5282647763745936,0.6067566756675666
net_eta2.551020383834839_gamma0.102040812373161_ruleMatchingIndex_id002.npy,2.551020383834839,0.102040812373161,0.06249659494371014,0.04387638763876387
net_eta1.653061270713806_gamma1.0_ruleMatchingIndex_id008.npy,1.653061270713806,1.0,0.13717469892895057,0.15688804214249832
net_eta2.775510311126709_gamma0.012244895100593_ruleMatchingIndex_id001.npy,2.775510311126709,0.012244895100593,0.10208879465969355,0.10784278427842783
net_eta0.755102038383483_gamma0.034693874418735_ruleMatchingIndex_id008.npy,0.755102038383483,0.034693874418735,0.02148075732383442,0.05957395739573957
net_eta-7.326530456542969_gamma0.932653069496154_ruleMatchingIndex_id008.npy,-7.326530456542969,0.932653069496154,0.1703276111804974,0.11704770477047703
net_eta2.326530694961548_gamma0.21428570151329_ruleMatchingIndex_id005.npy,2.326530694961548,0.21428570151329,0.042267363549616147,0.09621362136213621
net_eta-2.387754917144776_gamma0.281632661819458_ruleMatchingIndex_id002.npy,-2.387754917144776,0.281632661819458,0.19533487588571036,0.28633663366336637
net_eta1.653061270713806_gamma0.348979592323303_ruleMatchingIndex_id002.npy,1.653061270713806,0.348979592323303,0.2156499272815653,0.26864686468646864
net_eta-1.489795923233033_gamma0.887755095958709_ruleMatchingIndex_id000.npy,-1.489795923233033,0.887755095958709,0.014359033648652944,0.4236183618361835
net_eta-4.408163070678711_gamma0.21428570151329_ruleMatchingIndex_id000.npy,-4.408163070678711,0.21428570151329,0.7037636545575453,0.5887068706870686
net_eta-5.755102157592773_gamma0.169387757778167_ruleMatchingIndex_id009.npy,-5.755102157592773,0.169387757778167,0.0597132632723167,0.10568256825682568
net_eta-1.040816307067872_gamma0.012244895100593_ruleMatchingIndex_id005.npy,-1.040816307067872,0.012244895100593,0.29884854799398575,0.317059705970597
net_eta-4.18367338180542_gamma0.012244895100593_ruleMatchingIndex_id007.npy,-4.18367338180542,0.012244895100593,0.8769637576087861,0.8709270927092708
net_eta-0.59183669090271_gamma0.348979592323303_ruleMatchingIndex_id005.npy,-0.59183669090271,0.348979592323303,0.4639729827232143,0.343066306630663
net_eta2.551020383834839_gamma0.102040812373161_ruleMatchingIndex_id001.npy,2.551020383834839,0.102040812373161,0.12691874774610695,0.17428142814281425
net_eta0.530612289905548_gamma0.595918357372283_ruleMatchingIndex_id007.npy,0.530612289905548,0.595918357372283,0.5086040891421787,0.16048004800480045
net_eta-2.836734771728516_gamma0.640816330909729_ruleMatchingIndex_id009.npy,-2.836734771728516,0.640816330909729,0.42821530320926016,0.5161836183618361
net_eta-4.63265323638916_gamma0.169387757778167_ruleMatchingIndex_id000.npy,-4.63265323638916,0.169387757778167,0.3975162704038858,0.4236903690369036
net_eta1.877551078796386_gamma1.0_ruleMatchingIndex_id007.npy,1.877551078796386,1.0,0.0019852667461471,-0.06088208820882088
net_eta1.204081654548645_gamma0.21428570151329_ruleMatchingIndex_id007.npy,1.204081654548645,0.21428570151329,0.1482238416019062,0.10133813381338133
net_eta0.081632688641548_gamma1.0_ruleMatchingIndex_id002.npy,0.081632688641548,1.0,0.43169147517408024,0.1555720239191638
net_eta-1.040816307067872_gamma0.416326522827148_ruleMatchingIndex_id004.npy,-1.040816307067872,0.416326522827148,0.5107804795794691,0.26648664866486643
net_eta3.0_gamma0.146938771009445_ruleMatchingIndex_id002.npy,3.0,0.146938771009445,0.11541797014691704,0.04123612361236123
net_eta-3.061224460601807_gamma0.820408165454864_ruleMatchingIndex_id004.npy,-3.061224460601807,0.820408165454864,0.641842490154305,0.46653465346534645
net_eta-3.285714387893677_gamma0.259183675050735_ruleMatchingIndex_id009.npy,-3.285714387893677,0.259183675050735,0.03480598979186571,0.24658865886588655
net_eta-0.59183669090271_gamma0.169387757778167_ruleMatchingIndex_id001.npy,-0.59183669090271,0.169387757778167,0.3865285303954297,0.4834443444344434
net_eta-1.265306115150452_gamma-0.100000001490117_ruleMatchingIndex_id009.npy,-1.265306115150452,-0.100000001490117,0.010137471282924566,-0.014725472547254722
net_eta2.326530694961548_gamma0.057142853736877_ruleMatchingIndex_id002.npy,2.326530694961548,0.057142853736877,0.12903397839189945,0.11825982598259827
net_eta-0.142857104539872_gamma0.32653060555458_ruleMatchingIndex_id000.npy,-0.142857104539872,0.32653060555458,0.45168122923380544,0.5269486948694869
net_eta-1.265306115150452_gamma0.753061234951019_ruleMatchingIndex_id004.npy,-1.265306115150452,0.753061234951019,0.04672396879088797,0.24549654965496548
net_eta-6.204081535339355_gamma0.842857122421264_ruleMatchingIndex_id008.npy,-6.204081535339355,0.842857122421264,0.12208199497462922,0.13057305730573057
net_eta1.653061270713806_gamma0.438775509595871_ruleMatchingIndex_id005.npy,1.653061270713806,0.438775509595871,0.23675492552946137,0.32192019201920186
net_eta-6.653061389923096_gamma0.573469400405883_ruleMatchingIndex_id005.npy,-6.653061389923096,0.573469400405883,0.049392702701278324,0.0069006900690069
net_eta-7.551020622253418_gamma0.438775509595871_ruleMatchingIndex_id005.npy,-7.551020622253418,0.438775509595871,0.055443234290416574,0.014977497749774976
net_eta1.877551078796386_gamma0.416326522827148_ruleMatchingIndex_id006.npy,1.877551078796386,0.416326522827148,0.09380112323808529,0.21517016252770868
net_eta-6.653061389923096_gamma-0.032653063535691_ruleMatchingIndex_id006.npy,-6.653061389923096,-0.032653063535691,0.08657516452063788,0.1223042304230423
net_eta-1.938775420188904_gamma0.281632661819458_ruleMatchingIndex_id004.npy,-1.938775420188904,0.281632661819458,0.16455412589734453,0.493045304530453
net_eta-2.387754917144776_gamma0.348979592323303_ruleMatchingIndex_id004.npy,-2.387754917144776,0.348979592323303,0.10619658955456614,0.5178037803780378
net_eta1.428571462631225_gamma-0.032653063535691_ruleMatchingIndex_id006.npy,1.428571462631225,-0.032653063535691,0.08453180549434813,0.11503150315031502
net_eta-5.979591846466064_gamma0.887755095958709_ruleMatchingIndex_id008.npy,-5.979591846466064,0.887755095958709,0.08726086630902222,0.07018301830183017
net_eta-1.489795923233033_gamma0.955102026462554_ruleMatchingIndex_id006.npy,-1.489795923233033,0.955102026462554,0.42238766133639793,0.5222802280228022
net_eta-3.510204076766968_gamma-0.032653063535691_ruleMatchingIndex_id008.npy,-3.510204076766968,-0.032653063535691,0.720104970421012,0.7597719771977197
net_eta1.204081654548645_gamma0.685714304447174_ruleMatchingIndex_id006.npy,1.204081654548645,0.685714304447174,0.08548553719126217,0.04013201320132012
net_eta-1.714285612106324_gamma0.595918357372283_ruleMatchingIndex_id005.npy,-1.714285612106324,0.595918357372283,0.4088925624401656,0.5241644164416441
net_eta-2.836734771728516_gamma0.663265287876129_ruleMatchingIndex_id009.npy,-2.836734771728516,0.663265287876129,0.5237670960548191,0.46381038103810374
net_eta-8.0_gamma0.528571426868438_ruleMatchingIndex_id004.npy,-8.0,0.528571426868438,0.24454087758896126,0.27009900990099006
net_eta-5.081632614135742_gamma0.034693874418735_ruleMatchingIndex_id002.npy,-5.081632614135742,0.034693874418735,0.12238268485769219,0.10492649264926492
net_eta0.306122481822967_gamma0.102040812373161_ruleMatchingIndex_id003.npy,0.306122481822967,0.102040812373161,0.08083176176662218,0.06215421542154214
net_eta-5.755102157592773_gamma0.663265287876129_ruleMatchingIndex_id005.npy,-5.755102157592773,0.663265287876129,0.08062035186390396,0.09066906690669066
net_eta-7.551020622253418_gamma0.573469400405883_ruleMatchingIndex_id008.npy,-7.551020622253418,0.573469400405883,0.04121171433550183,0.02622262226222622
net_eta-3.061224460601807_gamma0.438775509595871_ruleMatchingIndex_id002.npy,-3.061224460601807,0.438775509595871,0.040494375188690604,-0.4659585958595859
net_eta-2.387754917144776_gamma0.483673483133316_ruleMatchingIndex_id000.npy,-2.387754917144776,0.483673483133316,0.39797804057229336,0.14783078307830783
net_eta-0.59183669090271_gamma0.259183675050735_ruleMatchingIndex_id005.npy,-0.59183669090271,0.259183675050735,0.01076354118870176,-0.0017761776177617759
net_eta-7.551020622253418_gamma0.865306138992309_ruleMatchingIndex_id001.npy,-7.551020622253418,0.865306138992309,0.006586163121185377,-0.008412841284128413
net_eta-6.877551078796387_gamma0.640816330909729_ruleMatchingIndex_id005.npy,-6.877551078796387,0.640816330909729,0.2633843902131827,0.255025502550255
net_eta-4.63265323638916_gamma0.461224496364593_ruleMatchingIndex_id004.npy,-4.63265323638916,0.461224496364593,0.2791162074362453,0.306042604260426
net_eta3.0_gamma0.236734688282012_ruleMatchingIndex_id002.npy,3.0,0.236734688282012,0.17160989478402985,0.19668766876687668
net_eta-2.612245082855225_gamma0.551020383834838_ruleMatchingIndex_id008.npy,-2.612245082855225,0.551020383834838,0.2929666612294552,0.5126312631263126
net_eta0.081632688641548_gamma0.932653069496154_ruleMatchingIndex_id002.npy,0.081632688641548,0.932653069496154,0.47352215076900667,0.1738253825382538
net_eta-7.775510311126709_gamma0.102040812373161_ruleMatchingIndex_id009.npy,-7.775510311126709,0.102040812373161,0.014859785637114445,0.030339033903390336
net_eta1.653061270713806_gamma0.371428549289703_ruleMatchingIndex_id000.npy,1.653061270713806,0.371428549289703,0.04736941023607405,0.04714071407140714
net_eta-3.510204076766968_gamma0.842857122421264_ruleMatchingIndex_id004.npy,-3.510204076766968,0.842857122421264,0.019772820629500802,-0.18930693069306928
net_eta0.755102038383483_gamma0.820408165454864_ruleMatchingIndex_id009.npy,0.755102038383483,0.820408165454864,0.2333745195467282,0.338025802580258
net_eta-4.18367338180542_gamma0.034693874418735_ruleMatchingIndex_id004.npy,-4.18367338180542,0.034693874418735,0.14519968526356192,0.11086708670867086
net_eta-1.489795923233033_gamma0.551020383834838_ruleMatchingIndex_id007.npy,-1.489795923233033,0.551020383834838,0.5140403765143824,0.2975106435976294
net_eta-4.63265323638916_gamma-0.100000001490117_ruleMatchingIndex_id004.npy,-4.63265323638916,-0.100000001490117,0.8977071919645523,0.8892169216921691
net_eta0.755102038383483_gamma0.236734688282012_ruleMatchingIndex_id006.npy,0.755102038383483,0.236734688282012,0.11666499989013018,0.10665466546654664
net_eta-6.877551078796387_gamma0.281632661819458_ruleMatchingIndex_id004.npy,-6.877551078796387,0.281632661819458,0.03468149285191272,0.06396639663966396
net_eta0.081632688641548_gamma0.169387757778167_ruleMatchingIndex_id007.npy,0.081632688641548,0.169387757778167,0.18104491333389808,0.1748094809480948
net_eta2.102040767669677_gamma0.640816330909729_ruleMatchingIndex_id005.npy,2.102040767669677,0.640816330909729,0.4691437170475534,0.4095049504950494
net_eta-5.979591846466064_gamma0.416326522827148_ruleMatchingIndex_id004.npy,-5.979591846466064,0.416326522827148,0.09420295913046665,0.030327032703270324
net_eta0.755102038383483_gamma0.887755095958709_ruleMatchingIndex_id007.npy,0.755102038383483,0.887755095958709,0.2745950981557985,0.34967896789678965
net_eta-3.959183692932129_gamma0.191836729645729_ruleMatchingIndex_id003.npy,-3.959183692932129,0.191836729645729,0.8350408565492883,0.833099309930993
net_eta-6.877551078796387_gamma0.079591833055019_ruleMatchingIndex_id000.npy,-6.877551078796387,0.079591833055019,0.0034951835329221637,-0.009888988898889886
net_eta-5.755102157592773_gamma0.797959208488464_ruleMatchingIndex_id002.npy,-5.755102157592773,0.797959208488464,0.03601838961369341,0.01003300330033003
net_eta-4.857142925262451_gamma0.506122469902038_ruleMatchingIndex_id003.npy,-4.857142925262451,0.506122469902038,0.3390676956913575,0.3282088208820882
net_eta0.979591846466064_gamma0.955102026462554_ruleMatchingIndex_id009.npy,0.979591846466064,0.955102026462554,0.26784011778579153,0.41503750375037496
net_eta1.204081654548645_gamma0.618367373943328_ruleMatchingIndex_id002.npy,1.204081654548645,0.618367373943328,0.3325802588257021,0.4392439243924392
net_eta0.530612289905548_gamma0.281632661819458_ruleMatchingIndex_id005.npy,0.530612289905548,0.281632661819458,0.12316667638965254,0.012961296129612962
net_eta-0.816326498985291_gamma0.191836729645729_ruleMatchingIndex_id001.npy,-0.816326498985291,0.191836729645729,0.37682933610020314,0.35866786678667867
net_eta1.877551078796386_gamma0.034693874418735_ruleMatchingIndex_id006.npy,1.877551078796386,0.034693874418735,0.008228910800563505,-0.04406840684068406
net_eta-0.142857104539872_gamma0.438775509595871_ruleMatchingIndex_id001.npy,-0.142857104539872,0.438775509595871,0.5326821972854798,0.31495949594959494
net_eta2.326530694961548_gamma-0.077551022171975_ruleMatchingIndex_id000.npy,2.326530694961548,-0.077551022171975,0.0023207896939784686,0.016705670567056706
net_eta1.428571462631225_gamma0.124489791691303_ruleMatchingIndex_id002.npy,1.428571462631225,0.124489791691303,0.10443145608707767,0.06923492349234923
net_eta-7.102040767669678_gamma0.820408165454864_ruleMatchingIndex_id002.npy,-7.102040767669678,0.820408165454864,0.035997438774290236,0.04261626162616261
net_eta-2.836734771728516_gamma0.416326522827148_ruleMatchingIndex_id003.npy,-2.836734771728516,0.416326522827148,0.3035966517133723,0.5257245724572457
net_eta-2.163265228271485_gamma0.753061234951019_ruleMatchingIndex_id008.npy,-2.163265228271485,0.753061234951019,0.44779079582615805,0.27037503750375036
net_eta0.979591846466064_gamma0.146938771009445_ruleMatchingIndex_id008.npy,0.979591846466064,0.146938771009445,0.2067097540165219,0.1965196519651965
net_eta-4.63265323638916_gamma0.371428549289703_ruleMatchingIndex_id003.npy,-4.63265323638916,0.371428549289703,0.4608816526483869,0.45132913291329124
net_eta3.0_gamma0.169387757778167_ruleMatchingIndex_id007.npy,3.0,0.169387757778167,0.08300134856554678,0.051353135313531355
net_eta2.326530694961548_gamma-0.077551022171975_ruleMatchingIndex_id004.npy,2.326530694961548,-0.077551022171975,0.08522552700406542,0.0699189918991899
net_eta-7.326530456542969_gamma0.685714304447174_ruleMatchingIndex_id000.npy,-7.326530456542969,0.685714304447174,0.09047713313371393,0.09795379537953795
net_eta-7.326530456542969_gamma0.32653060555458_ruleMatchingIndex_id003.npy,-7.326530456542969,0.32653060555458,0.11888703886103533,0.12404440444044404
net_eta-3.510204076766968_gamma-0.032653063535691_ruleMatchingIndex_id007.npy,-3.510204076766968,-0.032653063535691,0.20789527165622945,0.2595019501950195
net_eta-0.816326498985291_gamma0.304081618785858_ruleMatchingIndex_id007.npy,-0.816326498985291,0.304081618785858,0.6110687617210261,0.49437743774377435
net_eta-6.428571224212646_gamma0.191836729645729_ruleMatchingIndex_id000.npy,-6.428571224212646,0.191836729645729,0.06707871553388359,-0.021650165016501646
net_eta1.428571462631225_gamma0.461224496364593_ruleMatchingIndex_id005.npy,1.428571462631225,0.461224496364593,0.21810091634055964,0.38631979094020547
net_eta-4.18367338180542_gamma0.932653069496154_ruleMatchingIndex_id009.npy,-4.18367338180542,0.932653069496154,0.22750853460355888,0.20522052205220523
net_eta0.755102038383483_gamma0.079591833055019_ruleMatchingIndex_id002.npy,0.755102038383483,0.079591833055019,0.052276188006171787,0.02617461746174617
net_eta2.102040767669677_gamma0.640816330909729_ruleMatchingIndex_id000.npy,2.102040767669677,0.640816330909729,0.15127173791880888,0.1279327932793279
net_eta2.102040767669677_gamma0.236734688282012_ruleMatchingIndex_id004.npy,2.102040767669677,0.236734688282012,0.014617984118122498,0.060390039003900386
net_eta-3.734694004058838_gamma0.797959208488464_ruleMatchingIndex_id001.npy,-3.734694004058838,0.797959208488464,0.06255991660856765,0.29468946894689463
net_eta0.530612289905548_gamma-0.055102042853833_ruleMatchingIndex_id005.npy,0.530612289905548,-0.055102042853833,0.019926055774205573,0.009504950495049503
net_eta0.755102038383483_gamma0.506122469902038_ruleMatchingIndex_id001.npy,0.755102038383483,0.506122469902038,0.14803652164536846,0.35027407823163426
net_eta-4.18367338180542_gamma0.393877536058425_ruleMatchingIndex_id005.npy,-4.18367338180542,0.393877536058425,0.7996170236838689,0.8266906690669067
net_eta-5.755102157592773_gamma0.551020383834838_ruleMatchingIndex_id005.npy,-5.755102157592773,0.551020383834838,0.07808205799351661,0.10204620462046203
net_eta-0.816326498985291_gamma-0.077551022171975_ruleMatchingIndex_id000.npy,-0.816326498985291,-0.077551022171975,0.11857310617160605,0.09309330933093309
net_eta0.306122481822967_gamma0.393877536058425_ruleMatchingIndex_id005.npy,0.306122481822967,0.393877536058425,0.049977038215256175,-0.3976117611761176
net_eta-0.59183669090271_gamma0.977551043033599_ruleMatchingIndex_id001.npy,-0.59183669090271,0.977551043033599,0.23337451858949687,0.06260444825845236
net_eta-7.326530456542969_gamma0.663265287876129_ruleMatchingIndex_id009.npy,-7.326530456542969,0.663265287876129,0.05399317466401459,0.05366936693669366
net_eta-2.612245082855225_gamma0.191836729645729_ruleMatchingIndex_id006.npy,-2.612245082855225,0.191836729645729,0.19967031968501248,0.22379837983798376
net_eta3.0_gamma0.371428549289703_ruleMatchingIndex_id006.npy,3.0,0.371428549289703,0.150862430405309,0.28138013801380135
net_eta-2.387754917144776_gamma0.797959208488464_ruleMatchingIndex_id001.npy,-2.387754917144776,0.797959208488464,0.0704611401782827,-0.23035103510351032
net_eta-0.36734688282013_gamma-0.010204084217549_ruleMatchingIndex_id006.npy,-0.36734688282013,-0.010204084217549,0.12649654080154288,0.11377137713771375
net_eta-5.755102157592773_gamma0.551020383834838_ruleMatchingIndex_id004.npy,-5.755102157592773,0.551020383834838,0.0236841363799508,0.038391839183918385
net_eta-5.306122303009033_gamma0.102040812373161_ruleMatchingIndex_id009.npy,-5.306122303009033,0.102040812373161,0.08870146635706169,0.048676867686768675
net_eta-0.142857104539872_gamma0.034693874418735_ruleMatchingIndex_id008.npy,-0.142857104539872,0.034693874418735,0.0330567655654363,0.06214221422142213
net_eta-5.530612468719482_gamma0.102040812373161_ruleMatchingIndex_id004.npy,-5.530612468719482,0.102040812373161,0.12399215281236259,0.16136813681368137
net_eta-7.102040767669678_gamma0.640816330909729_ruleMatchingIndex_id004.npy,-7.102040767669678,0.640816330909729,0.055975566865739575,0.09064506450645064
net_eta-1.040816307067872_gamma0.259183675050735_ruleMatchingIndex_id005.npy,-1.040816307067872,0.259183675050735,0.6713638241689437,0.6706870687068707
net_eta1.877551078796386_gamma0.236734688282012_ruleMatchingIndex_id007.npy,1.877551078796386,0.236734688282012,0.47643608326717435,0.43541554155415535
net_eta-7.102040767669678_gamma0.551020383834838_ruleMatchingIndex_id002.npy,-7.102040767669678,0.551020383834838,0.03452476676867703,-0.023330333033303327
net_eta-0.142857104539872_gamma0.820408165454864_ruleMatchingIndex_id008.npy,-0.142857104539872,0.820408165454864,0.11652811982390729,-0.22129012901290127
net_eta-4.408163070678711_gamma0.461224496364593_ruleMatchingIndex_id002.npy,-4.408163070678711,0.461224496364593,0.796603962447765,0.7896549654965496
net_eta-0.816326498985291_gamma0.932653069496154_ruleMatchingIndex_id005.npy,-0.816326498985291,0.932653069496154,0.29950053622102635,0.2615061506150615
net_eta-2.387754917144776_gamma0.21428570151329_ruleMatchingIndex_id002.npy,-2.387754917144776,0.21428570151329,0.704017284583436,0.7973117311731173
net_eta-8.0_gamma0.146938771009445_ruleMatchingIndex_id007.npy,-8.0,0.146938771009445,0.051642210639550684,0.061626162616261616
net_eta-1.714285612106324_gamma0.259183675050735_ruleMatchingIndex_id004.npy,-1.714285612106324,0.259183675050735,0.4157056975959935,0.4705790579057905
net_eta2.102040767669677_gamma0.640816330909729_ruleMatchingIndex_id006.npy,2.102040767669677,0.640816330909729,0.23337451766406636,0.2502370237023702
net_eta-5.979591846466064_gamma0.573469400405883_ruleMatchingIndex_id009.npy,-5.979591846466064,0.573469400405883,0.004475286250129856,0.03553555355535553
net_eta-7.326530456542969_gamma0.057142853736877_ruleMatchingIndex_id007.npy,-7.326530456542969,0.057142853736877,0.14576908380535952,0.10775877587758774
net_eta1.428571462631225_gamma0.416326522827148_ruleMatchingIndex_id005.npy,1.428571462631225,0.416326522827148,0.23643537856325275,0.06982298229822982
net_eta-2.387754917144776_gamma0.21428570151329_ruleMatchingIndex_id007.npy,-2.387754917144776,0.21428570151329,0.35698386216486555,0.41201320132013197
net_eta-4.857142925262451_gamma0.932653069496154_ruleMatchingIndex_id009.npy,-4.857142925262451,0.932653069496154,0.08663743034573579,0.12850885088508848
net_eta-7.102040767669678_gamma0.124489791691303_ruleMatchingIndex_id006.npy,-7.102040767669678,0.124489791691303,0.002013093061232707,0.02981098109810981
net_eta-6.877551078796387_gamma1.0_ruleMatchingIndex_id003.npy,-6.877551078796387,1.0,0.06809449185057943,0.035703570357035704
net_eta-2.163265228271485_gamma0.820408165454864_ruleMatchingIndex_id005.npy,-2.163265228271485,0.820408165454864,0.17906881877374048,0.31551155115511553
net_eta2.775510311126709_gamma0.281632661819458_ruleMatchingIndex_id002.npy,2.775510311126709,0.281632661819458,0.08000962345612098,0.19914791479147914
net_eta0.306122481822967_gamma0.079591833055019_ruleMatchingIndex_id004.npy,0.306122481822967,0.079591833055019,0.07206454417861799,0.12066006600660065
net_eta-7.775510311126709_gamma0.281632661819458_ruleMatchingIndex_id004.npy,-7.775510311126709,0.281632661819458,0.11141980866370277,0.13258925892589257
net_eta-5.530612468719482_gamma0.034693874418735_ruleMatchingIndex_id006.npy,-5.530612468719482,0.034693874418735,0.06774032260500644,0.007560756075607559
net_eta-6.204081535339355_gamma0.191836729645729_ruleMatchingIndex_id006.npy,-6.204081535339355,0.191836729645729,0.15357347297189317,0.1360936093609361
net_eta-5.979591846466064_gamma0.304081618785858_ruleMatchingIndex_id002.npy,-5.979591846466064,0.304081618785858,0.012234531003374426,0.03116711671167116
net_eta-2.612245082855225_gamma-0.055102042853833_ruleMatchingIndex_id004.npy,-2.612245082855225,-0.055102042853833,0.4957089910772422,0.5534593459345933
net_eta-0.36734688282013_gamma0.32653060555458_ruleMatchingIndex_id000.npy,-0.36734688282013,0.32653060555458,0.0970211580418461,0.42785478547854777
net_eta1.653061270713806_gamma0.012244895100593_ruleMatchingIndex_id008.npy,1.653061270713806,0.012244895100593,0.09407228584111595,0.07627962796279626
net_eta-2.163265228271485_gamma0.191836729645729_ruleMatchingIndex_id000.npy,-2.163265228271485,0.191836729645729,0.08984037217987108,0.16704470447044703
net_eta2.326530694961548_gamma0.573469400405883_ruleMatchingIndex_id001.npy,2.326530694961548,0.573469400405883,0.5746179908355313,0.4952655265526552
net_eta-6.428571224212646_gamma0.573469400405883_ruleMatchingIndex_id000.npy,-6.428571224212646,0.573469400405883,0.07201598166982774,0.07456345634563456
net_eta1.653061270713806_gamma0.663265287876129_ruleMatchingIndex_id009.npy,1.653061270713806,0.663265287876129,0.2589048349789671,0.38027002700270024
net_eta-3.510204076766968_gamma0.932653069496154_ruleMatchingIndex_id006.npy,-3.510204076766968,0.932653069496154,0.5759967246343589,0.4903210321032102
net_eta-8.0_gamma0.32653060555458_ruleMatchingIndex_id007.npy,-8.0,0.32653060555458,0.13599040299107645,0.12158415841584157
net_eta-2.836734771728516_gamma0.191836729645729_ruleMatchingIndex_id002.npy,-2.836734771728516,0.191836729645729,0.1877257740401165,0.5129912991299129
net_eta-0.816326498985291_gamma0.977551043033599_ruleMatchingIndex_id001.npy,-0.816326498985291,0.977551043033599,0.5188201609464984,0.46248379821870306
net_eta-0.816326498985291_gamma0.663265287876129_ruleMatchingIndex_id003.npy,-0.816326498985291,0.663265287876129,0.22773757752659576,0.4741554155415541
net_eta-8.0_gamma0.708163261413574_ruleMatchingIndex_id001.npy,-8.0,0.708163261413574,0.03431077188860457,-0.009336933693369335
net_eta2.551020383834839_gamma-0.055102042853833_ruleMatchingIndex_id000.npy,2.551020383834839,-0.055102042853833,0.06414628436807779,0.035007500750075
net_eta-7.775510311126709_gamma0.146938771009445_ruleMatchingIndex_id004.npy,-7.775510311126709,0.146938771009445,0.0536277341689606,0.08696069606960695
net_eta-4.63265323638916_gamma0.730612277984619_ruleMatchingIndex_id000.npy,-4.63265323638916,0.730612277984619,0.20654994697814474,0.1698049804980498
net_eta-2.387754917144776_gamma0.191836729645729_ruleMatchingIndex_id002.npy,-2.387754917144776,0.191836729645729,0.7255505132281068,0.8516171617161715
net_eta-6.204081535339355_gamma0.304081618785858_ruleMatchingIndex_id003.npy,-6.204081535339355,0.304081618785858,0.04925164676612173,0.045772577257725766
net_eta-5.755102157592773_gamma0.079591833055019_ruleMatchingIndex_id008.npy,-5.755102157592773,0.079591833055019,0.010147294826716544,-0.01249324932493249
net_eta-5.530612468719482_gamma0.124489791691303_ruleMatchingIndex_id007.npy,-5.530612468719482,0.124489791691303,0.021380988604531408,-0.029198919891989195
net_eta-4.408163070678711_gamma0.191836729645729_ruleMatchingIndex_id009.npy,-4.408163070678711,0.191836729645729,0.6634812535239301,0.708994899489949
net_eta-0.816326498985291_gamma-0.010204084217549_ruleMatchingIndex_id003.npy,-0.816326498985291,-0.010204084217549,0.14786654987651177,0.12943294329432942
net_eta0.530612289905548_gamma0.708163261413574_ruleMatchingIndex_id007.npy,0.530612289905548,0.708163261413574,0.10220044741335566,0.3166036603660366
net_eta2.326530694961548_gamma0.865306138992309_ruleMatchingIndex_id003.npy,2.326530694961548,0.865306138992309,0.08536884870733702,0.08266426642664265
net_eta-2.163265228271485_gamma0.640816330909729_ruleMatchingIndex_id003.npy,-2.163265228271485,0.640816330909729,0.5787832656130544,0.466078607860786
net_eta-0.59183669090271_gamma0.977551043033599_ruleMatchingIndex_id000.npy,-0.59183669090271,0.977551043033599,0.14276297660763618,0.6006240624062404
net_eta-7.551020622253418_gamma0.842857122421264_ruleMatchingIndex_id008.npy,-7.551020622253418,0.842857122421264,0.07413936729796941,0.03192319231923192
net_eta-2.387754917144776_gamma0.955102026462554_ruleMatchingIndex_id003.npy,-2.387754917144776,0.955102026462554,0.504215820138753,0.44645664566456644
net_eta-2.163265228271485_gamma0.483673483133316_ruleMatchingIndex_id009.npy,-2.163265228271485,0.483673483133316,0.5629472972615124,0.16984149367461282
net_eta-4.63265323638916_gamma1.0_ruleMatchingIndex_id003.npy,-4.63265323638916,1.0,0.5548760683376575,0.521152115211521
net_eta-4.18367338180542_gamma0.573469400405883_ruleMatchingIndex_id003.npy,-4.18367338180542,0.573469400405883,0.07494274985689217,-0.028214821482148215
net_eta-2.163265228271485_gamma0.932653069496154_ruleMatchingIndex_id007.npy,-2.163265228271485,0.932653069496154,0.3737234984341356,0.5189994569464011
net_eta-1.040816307067872_gamma-0.055102042853833_ruleMatchingIndex_id000.npy,-1.040816307067872,-0.055102042853833,0.060552424491177675,0.05628562856285628
net_eta-7.551020622253418_gamma0.753061234951019_ruleMatchingIndex_id007.npy,-7.551020622253418,0.753061234951019,0.03083261906046082,0.06016201620162015
net_eta-3.061224460601807_gamma0.371428549289703_ruleMatchingIndex_id007.npy,-3.061224460601807,0.371428549289703,0.5932203087318182,0.5596039603960395
net_eta-7.326530456542969_gamma0.102040812373161_ruleMatchingIndex_id009.npy,-7.326530456542969,0.102040812373161,0.24909348364130338,0.22677467746774677
net_eta-0.816326498985291_gamma0.259183675050735_ruleMatchingIndex_id005.npy,-0.816326498985291,0.259183675050735,0.2243857963416249,0.11576357635763576
net_eta-2.612245082855225_gamma0.348979592323303_ruleMatchingIndex_id008.npy,-2.612245082855225,0.348979592323303,0.4773522692833786,0.4322365203635427
net_eta-3.959183692932129_gamma0.618367373943328_ruleMatchingIndex_id005.npy,-3.959183692932129,0.618367373943328,0.3707037814211386,0.3869306930693069
net_eta-3.734694004058838_gamma0.887755095958709_ruleMatchingIndex_id003.npy,-3.734694004058838,0.887755095958709,0.0026047441187396613,0.3034743474347434
net_eta-2.163265228271485_gamma1.0_ruleMatchingIndex_id000.npy,-2.163265228271485,1.0,0.17256293323538366,0.5102925601359904
net_eta-5.755102157592773_gamma0.775510191917419_ruleMatchingIndex_id000.npy,-5.755102157592773,0.775510191917419,0.06992844858440789,0.0958175817581758
net_eta-1.040816307067872_gamma-0.055102042853833_ruleMatchingIndex_id001.npy,-1.040816307067872,-0.055102042853833,0.07171825447974528,0.08072007200720072
net_eta1.428571462631225_gamma0.595918357372283_ruleMatchingIndex_id002.npy,1.428571462631225,0.595918357372283,0.1498913714402462,0.3871707170717071
net_eta-6.653061389923096_gamma0.304081618785858_ruleMatchingIndex_id006.npy,-6.653061389923096,0.304081618785858,0.12081771963828347,0.12568856885688567
net_eta-5.081632614135742_gamma0.708163261413574_ruleMatchingIndex_id002.npy,-5.081632614135742,0.708163261413574,0.36447259389109343,0.407032703270327
net_eta-0.59183669090271_gamma0.259183675050735_ruleMatchingIndex_id002.npy,-0.59183669090271,0.259183675050735,0.6939626076656982,0.5757935793579357
net_eta-5.979591846466064_gamma0.708163261413574_ruleMatchingIndex_id006.npy,-5.979591846466064,0.708163261413574,0.06429721311441339,0.016465646564656464
net_eta-1.040816307067872_gamma0.842857122421264_ruleMatchingIndex_id001.npy,-1.040816307067872,0.842857122421264,0.06231744575567971,0.35431143114311425
net_eta-1.265306115150452_gamma0.595918357372283_ruleMatchingIndex_id000.npy,-1.265306115150452,0.595918357372283,0.3951631265417088,0.5099220517466647
net_eta0.306122481822967_gamma0.842857122421264_ruleMatchingIndex_id004.npy,0.306122481822967,0.842857122421264,0.1110190080565643,-0.15050705070507048
net_eta-3.510204076766968_gamma0.775510191917419_ruleMatchingIndex_id003.npy,-3.510204076766968,0.775510191917419,0.8587559164597545,0.8213021302130211
net_eta-2.836734771728516_gamma0.506122469902038_ruleMatchingIndex_id000.npy,-2.836734771728516,0.506122469902038,0.3821448323818235,0.17328740820219674
net_eta-4.857142925262451_gamma0.012244895100593_ruleMatchingIndex_id007.npy,-4.857142925262451,0.012244895100593,0.7341376789689658,0.6942334233423342
net_eta-4.63265323638916_gamma-0.100000001490117_ruleMatchingIndex_id000.npy,-4.63265323638916,-0.100000001490117,0.7937920446862454,0.799099909990999
net_eta-3.959183692932129_gamma0.506122469902038_ruleMatchingIndex_id007.npy,-3.959183692932129,0.506122469902038,0.5418457400896369,0.5121512151215121
net_eta-2.387754917144776_gamma0.977551043033599_ruleMatchingIndex_id000.npy,-2.387754917144776,0.977551043033599,0.2699428445101991,0.5279463784793593
net_eta-1.040816307067872_gamma0.348979592323303_ruleMatchingIndex_id000.npy,-1.040816307067872,0.348979592323303,0.2154901716813435,0.34899489948994894
net_eta-2.387754917144776_gamma0.236734688282012_ruleMatchingIndex_id005.npy,-2.387754917144776,0.236734688282012,0.5854089493792187,0.5101710171017101
net_eta-3.734694004058838_gamma-0.055102042853833_ruleMatchingIndex_id005.npy,-3.734694004058838,-0.055102042853833,0.40143300927122794,0.47027902790279025
net_eta-1.714285612106324_gamma-0.055102042853833_ruleMatchingIndex_id005.npy,-1.714285612106324,-0.055102042853833,0.3947701682164453,0.32908490849084904
net_eta2.102040767669677_gamma-0.032653063535691_ruleMatchingIndex_id002.npy,2.102040767669677,-0.032653063535691,0.05190068014480907,0.031839183918391835
net_eta-4.857142925262451_gamma0.887755095958709_ruleMatchingIndex_id008.npy,-4.857142925262451,0.887755095958709,0.015027592772084826,0.02125412541254125
net_eta-4.408163070678711_gamma0.932653069496154_ruleMatchingIndex_id000.npy,-4.408163070678711,0.932653069496154,0.42834368197044204,0.4631623162316231
net_eta-4.18367338180542_gamma0.685714304447174_ruleMatchingIndex_id004.npy,-4.18367338180542,0.685714304447174,0.23166827788466995,0.16301230123012297
net_eta-2.612245082855225_gamma0.573469400405883_ruleMatchingIndex_id000.npy,-2.612245082855225,0.573469400405883,0.33005541932067717,0.46588658865886584
net_eta-3.734694004058838_gamma0.910204052925109_ruleMatchingIndex_id003.npy,-3.734694004058838,0.910204052925109,0.7804939748815236,0.7763216321632161
net_eta-7.551020622253418_gamma0.797959208488464_ruleMatchingIndex_id003.npy,-7.551020622253418,0.797959208488464,0.06464284672727363,0.05842184218421841
net_eta-3.285714387893677_gamma0.573469400405883_ruleMatchingIndex_id006.npy,-3.285714387893677,0.573469400405883,0.8150901213239985,0.721152115211521
net_eta1.428571462631225_gamma0.348979592323303_ruleMatchingIndex_id008.npy,1.428571462631225,0.348979592323303,0.3381800847619843,0.32890489048904886
net_eta-3.959183692932129_gamma0.708163261413574_ruleMatchingIndex_id005.npy,-3.959183692932129,0.708163261413574,0.8586798945209082,0.8448604860486048
net_eta2.775510311126709_gamma0.393877536058425_ruleMatchingIndex_id002.npy,2.775510311126709,0.393877536058425,0.277608346337699,0.1323256295404382
net_eta-1.265306115150452_gamma0.595918357372283_ruleMatchingIndex_id002.npy,-1.265306115150452,0.595918357372283,0.4900019559250559,0.5034698573975778
net_eta1.877551078796386_gamma0.034693874418735_ruleMatchingIndex_id008.npy,1.877551078796386,0.034693874418735,0.016407362583026018,0.03204320432043204
net_eta-1.938775420188904_gamma0.146938771009445_ruleMatchingIndex_id002.npy,-1.938775420188904,0.146938771009445,0.5543772273266403,0.5409180918091809
net_eta-3.061224460601807_gamma0.438775509595871_ruleMatchingIndex_id004.npy,-3.061224460601807,0.438775509595871,0.026131266564652336,-0.08264026402640262
net_eta-3.734694004058838_gamma-0.077551022171975_ruleMatchingIndex_id003.npy,-3.734694004058838,-0.077551022171975,0.43242191471710534,0.4794359435943593
net_eta0.306122481822967_gamma0.259183675050735_ruleMatchingIndex_id005.npy,0.306122481822967,0.259183675050735,0.27568203767867294,0.23216321632163214
net_eta-4.857142925262451_gamma-0.032653063535691_ruleMatchingIndex_id000.npy,-4.857142925262451,-0.032653063535691,0.7644377574605333,0.7692649264926492
net_eta0.306122481822967_gamma0.057142853736877_ruleMatchingIndex_id000.npy,0.306122481822967,0.057142853736877,0.2109317261863865,0.16655265526552654
net_eta1.204081654548645_gamma0.618367373943328_ruleMatchingIndex_id003.npy,1.204081654548645,0.618367373943328,0.06888008384200225,0.2697509750975097
net_eta-5.081632614135742_gamma0.685714304447174_ruleMatchingIndex_id008.npy,-5.081632614135742,0.685714304447174,0.12487119615851675,0.15384338433843384
net_eta-3.285714387893677_gamma0.528571426868438_ruleMatchingIndex_id004.npy,-3.285714387893677,0.528571426868438,0.14114639746090452,0.23708370837083706
net_eta-4.18367338180542_gamma0.102040812373161_ruleMatchingIndex_id008.npy,-4.18367338180542,0.102040812373161,0.08333698969017848,0.009984998499849984
net_eta-5.979591846466064_gamma0.169387757778167_ruleMatchingIndex_id008.npy,-5.979591846466064,0.169387757778167,0.16090623145518393,0.1458145814581458
net_eta0.979591846466064_gamma0.348979592323303_ruleMatchingIndex_id002.npy,0.979591846466064,0.348979592323303,0.3813717021348257,0.34015001500150016
net_eta-0.59183669090271_gamma0.259183675050735_ruleMatchingIndex_id000.npy,-0.59183669090271,0.259183675050735,0.1666475556305939,0.4252745274527453
net_eta-0.142857104539872_gamma0.730612277984619_ruleMatchingIndex_id009.npy,-0.142857104539872,0.730612277984619,0.5423499874742553,0.15776777677767775
net_eta0.530612289905548_gamma-0.100000001490117_ruleMatchingIndex_id007.npy,0.530612289905548,-0.100000001490117,0.1046423911652812,0.0857125712571257
net_eta2.102040767669677_gamma0.259183675050735_ruleMatchingIndex_id006.npy,2.102040767669677,0.259183675050735,0.15185666140807877,0.14685868586858686
net_eta0.755102038383483_gamma0.955102026462554_ruleMatchingIndex_id008.npy,0.755102038383483,0.955102026462554,0.13640521243116638,0.2947452430010641
net_eta2.326530694961548_gamma0.012244895100593_ruleMatchingIndex_id008.npy,2.326530694961548,0.012244895100593,0.0387814786420304,0.061290129012901276
net_eta-0.142857104539872_gamma1.0_ruleMatchingIndex_id000.npy,-0.142857104539872,1.0,0.03728132774110413,-0.47194719471947183
net_eta-1.265306115150452_gamma-0.100000001490117_ruleMatchingIndex_id008.npy,-1.265306115150452,-0.100000001490117,0.014755709553979732,0.026150615061506146
net_eta-0.36734688282013_gamma0.079591833055019_ruleMatchingIndex_id007.npy,-0.36734688282013,0.079591833055019,0.43667593968373564,0.39817581758175813
net_eta-2.612245082855225_gamma0.775510191917419_ruleMatchingIndex_id003.npy,-2.612245082855225,0.775510191917419,0.30606725461747475,0.48135613561356133
net_eta-5.979591846466064_gamma0.259183675050735_ruleMatchingIndex_id001.npy,-5.979591846466064,0.259183675050735,0.117162939663841,0.15979597959795977
net_eta-4.18367338180542_gamma0.663265287876129_ruleMatchingIndex_id009.npy,-4.18367338180542,0.663265287876129,0.6695086318071439,0.6075007500750074
net_eta0.755102038383483_gamma0.842857122421264_ruleMatchingIndex_id003.npy,0.755102038383483,0.842857122421264,0.1255373550010585,0.16681118155245064
net_eta-2.612245082855225_gamma0.820408165454864_ruleMatchingIndex_id006.npy,-2.612245082855225,0.820408165454864,0.39035750684961573,0.29428142814281427
net_eta2.326530694961548_gamma0.304081618785858_ruleMatchingIndex_id003.npy,2.326530694961548,0.304081618785858,0.17182857904173904,0.21002226236359134
net_eta-8.0_gamma0.348979592323303_ruleMatchingIndex_id009.npy,-8.0,0.348979592323303,0.14731417151952153,0.18283828382838282
net_eta-7.102040767669678_gamma0.461224496364593_ruleMatchingIndex_id004.npy,-7.102040767669678,0.461224496364593,0.020032959025616554,0.03603960396039604
net_eta-4.63265323638916_gamma0.618367373943328_ruleMatchingIndex_id008.npy,-4.63265323638916,0.618367373943328,0.23479111262560892,0.22856285628562853
net_eta-7.102040767669678_gamma0.618367373943328_ruleMatchingIndex_id003.npy,-7.102040767669678,0.618367373943328,0.027162410447084062,0.03097509750975097
net_eta2.775510311126709_gamma0.393877536058425_ruleMatchingIndex_id007.npy,2.775510311126709,0.393877536058425,0.3742819857710515,0.3221191782768122
net_eta-7.326530456542969_gamma0.618367373943328_ruleMatchingIndex_id007.npy,-7.326530456542969,0.618367373943328,0.09012710048253829,0.14426642664266426
net_eta-4.18367338180542_gamma-0.010204084217549_ruleMatchingIndex_id005.npy,-4.18367338180542,-0.010204084217549,0.900367645866919,0.8947974797479747
net_eta-3.510204076766968_gamma0.012244895100593_ruleMatchingIndex_id002.npy,-3.510204076766968,0.012244895100593,0.3133433469159592,0.18333033303330332
net_eta-5.081632614135742_gamma0.551020383834838_ruleMatchingIndex_id003.npy,-5.081632614135742,0.551020383834838,0.003977318592787148,0.023834383438343834
net_eta-7.326530456542969_gamma0.887755095958709_ruleMatchingIndex_id001.npy,-7.326530456542969,0.887755095958709,0.05632527682462283,-0.00108010801080108
net_eta-1.489795923233033_gamma0.932653069496154_ruleMatchingIndex_id000.npy,-1.489795923233033,0.932653069496154,0.2561976387043368,0.5194915076276235
net_eta-7.775510311126709_gamma0.640816330909729_ruleMatchingIndex_id004.npy,-7.775510311126709,0.640816330909729,0.053973168405344725,0.03105910591059105
net_eta2.551020383834839_gamma0.797959208488464_ruleMatchingIndex_id004.npy,2.551020383834839,0.797959208488464,0.12458385237489361,-0.010813081308130813
net_eta-2.836734771728516_gamma0.057142853736877_ruleMatchingIndex_id005.npy,-2.836734771728516,0.057142853736877,0.7181267103871736,0.6696069606960695
net_eta-0.36734688282013_gamma0.259183675050735_ruleMatchingIndex_id008.npy,-0.36734688282013,0.259183675050735,0.10034331316423098,-0.07101110111011101
net_eta-1.938775420188904_gamma0.730612277984619_ruleMatchingIndex_id001.npy,-1.938775420188904,0.730612277984619,0.5060266412146588,0.33939495768216865
net_eta-1.714285612106324_gamma0.528571426868438_ruleMatchingIndex_id006.npy,-1.714285612106324,0.528571426868438,0.5395138575728315,0.14445844584458445
net_eta-3.510204076766968_gamma0.191836729645729_ruleMatchingIndex_id009.npy,-3.510204076766968,0.191836729645729,0.3355874967780184,0.35927992799279923
net_eta-5.755102157592773_gamma0.595918357372283_ruleMatchingIndex_id005.npy,-5.755102157592773,0.595918357372283,0.28215953869961985,0.27215121512151214
net_eta-1.489795923233033_gamma0.685714304447174_ruleMatchingIndex_id003.npy,-1.489795923233033,0.685714304447174,0.3583042682607619,0.4953135313531353
net_eta0.081632688641548_gamma0.506122469902038_ruleMatchingIndex_id001.npy,0.081632688641548,0.506122469902038,0.5728851512110995,0.4953495349534953
net_eta1.204081654548645_gamma0.842857122421264_ruleMatchingIndex_id007.npy,1.204081654548645,0.842857122421264,0.18727819769786874,0.17126912691269125
net_eta-3.734694004058838_gamma0.32653060555458_ruleMatchingIndex_id008.npy,-3.734694004058838,0.32653060555458,0.17045914611882185,0.2985418541854185
net_eta3.0_gamma0.102040812373161_ruleMatchingIndex_id004.npy,3.0,0.102040812373161,0.024008206886266502,-0.03977197719771978
net_eta-2.836734771728516_gamma0.236734688282012_ruleMatchingIndex_id001.npy,-2.836734771728516,0.236734688282012,0.21634520940541596,0.49204920492049203
net_eta1.428571462631225_gamma0.124489791691303_ruleMatchingIndex_id009.npy,1.428571462631225,0.124489791691303,0.12007610863844802,0.14167416741674166
net_eta-2.387754917144776_gamma0.371428549289703_ruleMatchingIndex_id005.npy,-2.387754917144776,0.371428549289703,0.45480839708391696,0.5333813381338133
net_eta-8.0_gamma0.595918357372283_ruleMatchingIndex_id006.npy,-8.0,0.595918357372283,0.0244881784567064,0.03409540954095409
net_eta-4.18367338180542_gamma0.461224496364593_ruleMatchingIndex_id007.npy,-4.18367338180542,0.461224496364593,0.3420839814522767,0.46778277827782777
net_eta-8.0_gamma0.21428570151329_ruleMatchingIndex_id009.npy,-8.0,0.21428570151329,0.008665640455867277,0.017965796579657963
net_eta-1.489795923233033_gamma-0.077551022171975_ruleMatchingIndex_id006.npy,-1.489795923233033,-0.077551022171975,0.09338774840008175,0.0695109510951095
net_eta-4.857142925262451_gamma0.236734688282012_ruleMatchingIndex_id005.npy,-4.857142925262451,0.236734688282012,0.06655416130995179,0.2926012601260125
net_eta2.775510311126709_gamma0.146938771009445_ruleMatchingIndex_id003.npy,2.775510311126709,0.146938771009445,0.06669037078026964,-0.010921092109210918
net_eta-0.36734688282013_gamma0.102040812373161_ruleMatchingIndex_id004.npy,-0.36734688282013,0.102040812373161,0.34689289024522457,0.3743414341434143
net_eta-1.489795923233033_gamma0.483673483133316_ruleMatchingIndex_id008.npy,-1.489795923233033,0.483673483133316,0.5367180032456823,0.20457245724572454
net_eta-5.979591846466064_gamma0.528571426868438_ruleMatchingIndex_id008.npy,-5.979591846466064,0.528571426868438,0.00665367071445265,-0.004212421242124212
net_eta2.551020383834839_gamma0.797959208488464_ruleMatchingIndex_id001.npy,2.551020383834839,0.797959208488464,0.47179864908849656,0.28189618961896185
net_eta2.775510311126709_gamma0.483673483133316_ruleMatchingIndex_id008.npy,2.775510311126709,0.483673483133316,0.23371918297046007,0.1282928292829283
net_eta-1.040816307067872_gamma-0.100000001490117_ruleMatchingIndex_id000.npy,-1.040816307067872,-0.100000001490117,0.1007286058276552,0.04868886888688869
net_eta0.979591846466064_gamma0.977551043033599_ruleMatchingIndex_id002.npy,0.979591846466064,0.977551043033599,0.05507384314625672,0.026966696669666963
net_eta0.979591846466064_gamma0.730612277984619_ruleMatchingIndex_id001.npy,0.979591846466064,0.730612277984619,0.5595556923161582,0.232043204320432
net_eta-4.857142925262451_gamma0.663265287876129_ruleMatchingIndex_id005.npy,-4.857142925262451,0.663265287876129,0.2669377484858346,0.24356435643564353
net_eta-4.63265323638916_gamma0.551020383834838_ruleMatchingIndex_id000.npy,-4.63265323638916,0.551020383834838,0.211725412975184,0.22695469546954694
net_eta2.551020383834839_gamma0.640816330909729_ruleMatchingIndex_id009.npy,2.551020383834839,0.640816330909729,0.04264998614007724,0.07237923792379237
net_eta-3.959183692932129_gamma0.416326522827148_ruleMatchingIndex_id001.npy,-3.959183692932129,0.416326522827148,0.1011831269096157,0.2234383438343834
net_eta-6.428571224212646_gamma-0.100000001490117_ruleMatchingIndex_id007.npy,-6.428571224212646,-0.100000001490117,0.0326835175871174,-0.005712571257125713
net_eta-7.326530456542969_gamma-0.032653063535691_ruleMatchingIndex_id001.npy,-7.326530456542969,-0.032653063535691,0.08912614721706484,0.0718031803180318
net_eta-6.204081535339355_gamma0.012244895100593_ruleMatchingIndex_id007.npy,-6.204081535339355,0.012244895100593,0.009389779815430488,-0.031203120312031204
net_eta-6.877551078796387_gamma0.32653060555458_ruleMatchingIndex_id000.npy,-6.877551078796387,0.32653060555458,0.08978173661341024,0.06712271227122713
net_eta-0.36734688282013_gamma0.730612277984619_ruleMatchingIndex_id006.npy,-0.36734688282013,0.730612277984619,0.19255539897021517,0.28694355518747566
net_eta-7.102040767669678_gamma-0.010204084217549_ruleMatchingIndex_id003.npy,-7.102040767669678,-0.010204084217549,0.020887814244394245,0.04254425442544253
net_eta-2.163265228271485_gamma0.797959208488464_ruleMatchingIndex_id001.npy,-2.163265228271485,0.797959208488464,0.25949279709495887,0.5073867386738673
net_eta-0.142857104539872_gamma0.506122469902038_ruleMatchingIndex_id001.npy,-0.142857104539872,0.506122469902038,0.4954658743106068,0.4515931593159315
net_eta-6.204081535339355_gamma0.977551043033599_ruleMatchingIndex_id004.npy,-6.204081535339355,0.977551043033599,0.15032024308104014,0.17165316531653163
net_eta-5.530612468719482_gamma0.438775509595871_ruleMatchingIndex_id005.npy,-5.530612468719482,0.438775509595871,0.15995052769046686,0.19776777677767776
net_eta-0.142857104539872_gamma0.483673483133316_ruleMatchingIndex_id009.npy,-0.142857104539872,0.483673483133316,0.5344006217602514,0.35119111911191114
net_eta1.428571462631225_gamma-0.077551022171975_ruleMatchingIndex_id009.npy,1.428571462631225,-0.077551022171975,0.03800640167733815,0.017917791779177916
net_eta-6.204081535339355_gamma0.551020383834838_ruleMatchingIndex_id005.npy,-6.204081535339355,0.551020383834838,0.0044158510281685145,-0.023486348634863482
net_eta-1.040816307067872_gamma0.169387757778167_ruleMatchingIndex_id006.npy,-1.040816307067872,0.169387757778167,0.313103450578495,0.334041404140414
net_eta0.081632688641548_gamma-0.077551022171975_ruleMatchingIndex_id006.npy,0.081632688641548,-0.077551022171975,0.02241823187586897,0.0392079207920792
net_eta-4.18367338180542_gamma-0.077551022171975_ruleMatchingIndex_id006.npy,-4.18367338180542,-0.077551022171975,0.8343255169284259,0.8296069606960694
net_eta-0.142857104539872_gamma0.124489791691303_ruleMatchingIndex_id008.npy,-0.142857104539872,0.124489791691303,0.27712376084382595,0.2521452145214521
net_eta-0.142857104539872_gamma0.461224496364593_ruleMatchingIndex_id007.npy,-0.142857104539872,0.461224496364593,0.5584683538503287,0.22041404140414037
net_eta-6.428571224212646_gamma0.528571426868438_ruleMatchingIndex_id003.npy,-6.428571224212646,0.528571426868438,0.0323590072996392,0.009804980498049802
net_eta-5.306122303009033_gamma0.169387757778167_ruleMatchingIndex_id002.npy,-5.306122303009033,0.169387757778167,0.20451466610678687,0.11138313831383137
net_eta-3.285714387893677_gamma0.685714304447174_ruleMatchingIndex_id005.npy,-3.285714387893677,0.685714304447174,0.024592824965335092,0.16338433843384337
net_eta-4.63265323638916_gamma0.551020383834838_ruleMatchingIndex_id002.npy,-4.63265323638916,0.551020383834838,0.4654326263702079,0.5242604260426041
net_eta-5.755102157592773_gamma0.528571426868438_ruleMatchingIndex_id000.npy,-5.755102157592773,0.528571426868438,0.13446459228439522,0.05666966696669666
net_eta-7.551020622253418_gamma0.057142853736877_ruleMatchingIndex_id001.npy,-7.551020622253418,0.057142853736877,0.193174786071484,0.1813981398139814
net_eta-6.204081535339355_gamma0.012244895100593_ruleMatchingIndex_id006.npy,-6.204081535339355,0.012244895100593,0.23858045897172694,0.22154215421542153
net_eta-7.102040767669678_gamma0.797959208488464_ruleMatchingIndex_id008.npy,-7.102040767669678,0.797959208488464,0.030404493220760727,0.006660666066606659
net_eta-6.653061389923096_gamma0.483673483133316_ruleMatchingIndex_id005.npy,-6.653061389923096,0.483673483133316,0.147954193800458,0.14785478547854786
net_eta-1.040816307067872_gamma0.708163261413574_ruleMatchingIndex_id004.npy,-1.040816307067872,0.708163261413574,0.07530985865393233,0.27720372037203717
net_eta-2.612245082855225_gamma0.775510191917419_ruleMatchingIndex_id005.npy,-2.612245082855225,0.775510191917419,0.2786819253132974,0.5278835393271682
net_eta-1.938775420188904_gamma0.685714304447174_ruleMatchingIndex_id008.npy,-1.938775420188904,0.685714304447174,0.4011798786275834,0.178001800180018
net_eta-5.979591846466064_gamma0.438775509595871_ruleMatchingIndex_id003.npy,-5.979591846466064,0.438775509595871,0.003954388995377998,0.01398139813981398
net_eta-0.59183669090271_gamma0.191836729645729_ruleMatchingIndex_id008.npy,-0.59183669090271,0.191836729645729,0.5637258281513184,0.5252085208520851
net_eta0.306122481822967_gamma-0.032653063535691_ruleMatchingIndex_id006.npy,0.306122481822967,-0.032653063535691,0.21289504289948089,0.1549354935493549
net_eta0.306122481822967_gamma0.461224496364593_ruleMatchingIndex_id000.npy,0.306122481822967,0.461224496364593,0.4055843126996357,0.609012901290129
net_eta0.979591846466064_gamma0.461224496364593_ruleMatchingIndex_id000.npy,0.979591846466064,0.461224496364593,0.3186420680023152,0.45094509450945086
net_eta-4.18367338180542_gamma0.685714304447174_ruleMatchingIndex_id000.npy,-4.18367338180542,0.685714304447174,0.6017768274487749,0.6346954695469545
net_eta-4.857142925262451_gamma0.416326522827148_ruleMatchingIndex_id000.npy,-4.857142925262451,0.416326522827148,0.062305324971200386,0.09854185418541854
net_eta0.979591846466064_gamma0.887755095958709_ruleMatchingIndex_id009.npy,0.979591846466064,0.887755095958709,0.5097103362439526,0.18336633663366336
net_eta-4.408163070678711_gamma0.865306138992309_ruleMatchingIndex_id008.npy,-4.408163070678711,0.865306138992309,0.698997866514885,0.6252145214521452
net_eta-4.408163070678711_gamma0.910204052925109_ruleMatchingIndex_id007.npy,-4.408163070678711,0.910204052925109,0.12460385091537271,0.1361056105610561
net_eta0.081632688641548_gamma0.910204052925109_ruleMatchingIndex_id001.npy,0.081632688641548,0.910204052925109,0.5854074083314245,0.7491711646333288
net_eta0.755102038383483_gamma0.932653069496154_ruleMatchingIndex_id004.npy,0.755102038383483,0.932653069496154,0.08634984846860672,0.12311468081267776
net_eta-3.285714387893677_gamma0.618367373943328_ruleMatchingIndex_id007.npy,-3.285714387893677,0.618367373943328,0.3812719707235078,0.5043894652924009
net_eta0.530612289905548_gamma0.842857122421264_ruleMatchingIndex_id008.npy,0.530612289905548,0.842857122421264,0.011014726227056983,0.3254845484548455
net_eta-1.040816307067872_gamma0.32653060555458_ruleMatchingIndex_id008.npy,-1.040816307067872,0.32653060555458,0.28467216430024356,0.34959495949594954
net_eta-3.285714387893677_gamma0.528571426868438_ruleMatchingIndex_id003.npy,-3.285714387893677,0.528571426868438,0.13794122888079693,0.34682268226822677
net_eta-1.265306115150452_gamma0.842857122421264_ruleMatchingIndex_id008.npy,-1.265306115150452,0.842857122421264,0.5787832663557142,0.4806720672067206
net_eta-5.530612468719482_gamma0.708163261413574_ruleMatchingIndex_id002.npy,-5.530612468719482,0.708163261413574,0.08509892768858249,0.0733033303330333
net_eta-2.836734771728516_gamma0.775510191917419_ruleMatchingIndex_id008.npy,-2.836734771728516,0.775510191917419,0.24446878898940855,0.5213081308130812
net_eta2.775510311126709_gamma-0.010204084217549_ruleMatchingIndex_id007.npy,2.775510311126709,-0.010204084217549,0.043893397824805364,0.0693069306930693
net_eta-7.326530456542969_gamma0.259183675050735_ruleMatchingIndex_id000.npy,-7.326530456542969,0.259183675050735,0.068815817291143,0.10581458145814579
net_eta-3.510204076766968_gamma0.483673483133316_ruleMatchingIndex_id007.npy,-3.510204076766968,0.483673483133316,0.5735169901606049,0.5362856285628562
net_eta-6.428571224212646_gamma0.573469400405883_ruleMatchingIndex_id007.npy,-6.428571224212646,0.573469400405883,0.05192260984529492,0.060246024602460244
net_eta-1.489795923233033_gamma0.21428570151329_ruleMatchingIndex_id002.npy,-1.489795923233033,0.21428570151329,0.27503911871271824,0.32
net_eta2.326530694961548_gamma0.640816330909729_ruleMatchingIndex_id005.npy,2.326530694961548,0.640816330909729,0.12391734263063714,0.11017101710171015
net_eta2.326530694961548_gamma0.551020383834838_ruleMatchingIndex_id009.npy,2.326530694961548,0.551020383834838,0.05796895084736172,0.34971497149714964
net_eta0.755102038383483_gamma-0.055102042853833_ruleMatchingIndex_id001.npy,0.755102038383483,-0.055102042853833,0.04238874077331234,0.026210621062106206
net_eta-7.775510311126709_gamma0.932653069496154_ruleMatchingIndex_id004.npy,-7.775510311126709,0.932653069496154,0.06387680362213899,0.012637263726372637
net_eta2.326530694961548_gamma0.146938771009445_ruleMatchingIndex_id002.npy,2.326530694961548,0.146938771009445,0.14262621351483523,0.09668166816681667
net_eta-3.510204076766968_gamma0.932653069496154_ruleMatchingIndex_id003.npy,-3.510204076766968,0.932653069496154,0.8429983339046606,0.8130093009300929
net_eta-0.142857104539872_gamma0.438775509595871_ruleMatchingIndex_id005.npy,-0.142857104539872,0.438775509595871,0.21815077064690125,0.41095709570957095
net_eta-7.102040767669678_gamma0.865306138992309_ruleMatchingIndex_id000.npy,-7.102040767669678,0.865306138992309,0.005997221233906417,0.002976297629762976
net_eta1.877551078796386_gamma0.371428549289703_ruleMatchingIndex_id004.npy,1.877551078796386,0.371428549289703,0.17769835912711696,0.006756675667566756
net_eta3.0_gamma-0.100000001490117_ruleMatchingIndex_id004.npy,3.0,-0.100000001490117,0.0652798444901182,0.07314731473147314
net_eta-0.142857104539872_gamma0.865306138992309_ruleMatchingIndex_id007.npy,-0.142857104539872,0.865306138992309,0.19054169342632044,0.4561896189618962
net_eta-2.612245082855225_gamma-0.100000001490117_ruleMatchingIndex_id007.npy,-2.612245082855225,-0.100000001490117,0.7749895470927692,0.6672427242724273
net_eta-2.163265228271485_gamma0.191836729645729_ruleMatchingIndex_id005.npy,-2.163265228271485,0.191836729645729,0.5911715880135229,0.3917551755175517
net_eta-2.612245082855225_gamma0.797959208488464_ruleMatchingIndex_id004.npy,-2.612245082855225,0.797959208488464,0.2670934299258747,0.5124992499249924
net_eta-7.326530456542969_gamma0.079591833055019_ruleMatchingIndex_id006.npy,-7.326530456542969,0.079591833055019,0.04513411940176396,0.04919291929192919
net_eta-5.081632614135742_gamma0.528571426868438_ruleMatchingIndex_id007.npy,-5.081632614135742,0.528571426868438,0.08571550405801884,0.16880888088808876
net_eta-4.18367338180542_gamma0.640816330909729_ruleMatchingIndex_id008.npy,-4.18367338180542,0.640816330909729,0.5120766316597902,0.537077707770777
net_eta-7.102040767669678_gamma0.21428570151329_ruleMatchingIndex_id001.npy,-7.102040767669678,0.21428570151329,0.04325418656480648,0.0533093309330933
net_eta-3.285714387893677_gamma0.640816330909729_ruleMatchingIndex_id009.npy,-3.285714387893677,0.640816330909729,0.3474404882608545,0.4884637771691732
net_eta-0.816326498985291_gamma0.618367373943328_ruleMatchingIndex_id006.npy,-0.816326498985291,0.618367373943328,0.4695845588140699,0.46287428742874276
net_eta-2.836734771728516_gamma-0.077551022171975_ruleMatchingIndex_id000.npy,-2.836734771728516,-0.077551022171975,0.5676097456119695,0.5310651065106511
net_eta-3.734694004058838_gamma0.955102026462554_ruleMatchingIndex_id001.npy,-3.734694004058838,0.955102026462554,0.6632729087166788,0.6713591359135912
net_eta1.204081654548645_gamma0.21428570151329_ruleMatchingIndex_id004.npy,1.204081654548645,0.21428570151329,0.14755200029274265,0.04483648364836484
net_eta-5.530612468719482_gamma0.640816330909729_ruleMatchingIndex_id004.npy,-5.530612468719482,0.640816330909729,0.06645582744041839,0.15067506750675067
net_eta0.306122481822967_gamma-0.032653063535691_ruleMatchingIndex_id001.npy,0.306122481822967,-0.032653063535691,0.06772802928537196,0.0702070207020702
net_eta2.775510311126709_gamma0.304081618785858_ruleMatchingIndex_id000.npy,2.775510311126709,0.304081618785858,0.2865174679969901,0.46039003900390035
net_eta-2.612245082855225_gamma0.079591833055019_ruleMatchingIndex_id008.npy,-2.612245082855225,0.079591833055019,0.2221803044488858,0.20256825682568255
net_eta0.306122481822967_gamma0.595918357372283_ruleMatchingIndex_id001.npy,0.306122481822967,0.595918357372283,0.5485164077099578,0.38179417941794175
net_eta-1.714285612106324_gamma0.191836729645729_ruleMatchingIndex_id003.npy,-1.714285612106324,0.191836729645729,0.6015654144561711,0.6557455745574556
net_eta-1.938775420188904_gamma0.640816330909729_ruleMatchingIndex_id002.npy,-1.938775420188904,0.640816330909729,0.49301328676135353,0.24836483648364838
net_eta-1.938775420188904_gamma0.932653069496154_ruleMatchingIndex_id002.npy,-1.938775420188904,0.932653069496154,0.14429520057861858,0.4512691269126912
net_eta0.755102038383483_gamma-0.100000001490117_ruleMatchingIndex_id005.npy,0.755102038383483,-0.100000001490117,0.10632492382500017,0.06592259225922592
net_eta-4.63265323638916_gamma0.730612277984619_ruleMatchingIndex_id004.npy,-4.63265323638916,0.730612277984619,0.31491984719430777,0.3505910591059105
net_eta-3.959183692932129_gamma0.281632661819458_ruleMatchingIndex_id004.npy,-3.959183692932129,0.281632661819458,0.907664633963872,0.8566936693669366
net_eta2.326530694961548_gamma0.169387757778167_ruleMatchingIndex_id001.npy,2.326530694961548,0.169387757778167,0.22006088363857612,0.2635223522352235
net_eta-0.142857104539872_gamma0.124489791691303_ruleMatchingIndex_id006.npy,-0.142857104539872,0.124489791691303,0.0581219008585282,0.03199519951995199
net_eta-5.979591846466064_gamma0.034693874418735_ruleMatchingIndex_id006.npy,-5.979591846466064,0.034693874418735,0.3433590183968642,0.39599159915991594
net_eta-2.163265228271485_gamma0.932653069496154_ruleMatchingIndex_id002.npy,-2.163265228271485,0.932653069496154,0.40840604568002115,0.5068946894689469
net_eta-7.775510311126709_gamma0.461224496364593_ruleMatchingIndex_id007.npy,-7.775510311126709,0.461224496364593,0.1028640685384879,0.10793879387938793
net_eta-6.653061389923096_gamma-0.100000001490117_ruleMatchingIndex_id005.npy,-6.653061389923096,-0.100000001490117,0.1047145959345323,0.10213021302130212
net_eta-4.857142925262451_gamma-0.010204084217549_ruleMatchingIndex_id009.npy,-4.857142925262451,-0.010204084217549,0.773004380212519,0.654137413741374
net_eta-3.061224460601807_gamma0.551020383834838_ruleMatchingIndex_id003.npy,-3.061224460601807,0.551020383834838,0.05442928205811698,0.23470747074707468
net_eta-1.265306115150452_gamma0.551020383834838_ruleMatchingIndex_id009.npy,-1.265306115150452,0.551020383834838,0.5787832656091123,0.46620601922207794
net_eta-7.326530456542969_gamma0.236734688282012_ruleMatchingIndex_id007.npy,-7.326530456542969,0.236734688282012,0.17007326649185517,0.16064806480648064
net_eta0.979591846466064_gamma0.102040812373161_ruleMatchingIndex_id009.npy,0.979591846466064,0.102040812373161,0.12341195754417622,0.10149414941494149
net_eta-5.530612468719482_gamma0.146938771009445_ruleMatchingIndex_id000.npy,-5.530612468719482,0.146938771009445,0.028705583815734865,0.03564356435643564
net_eta-5.306122303009033_gamma0.012244895100593_ruleMatchingIndex_id004.npy,-5.306122303009033,0.012244895100593,0.2904818722906277,0.21809780978097806
net_eta0.755102038383483_gamma0.32653060555458_ruleMatchingIndex_id001.npy,0.755102038383483,0.32653060555458,0.011572171508967298,-0.0037563756375637554
net_eta-4.18367338180542_gamma0.034693874418735_ruleMatchingIndex_id005.npy,-4.18367338180542,0.034693874418735,0.5388652076748475,0.5323372337233723
net_eta-0.816326498985291_gamma0.663265287876129_ruleMatchingIndex_id007.npy,-0.816326498985291,0.663265287876129,0.01897665087438691,0.49114911491149105
net_eta1.653061270713806_gamma0.057142853736877_ruleMatchingIndex_id005.npy,1.653061270713806,0.057142853736877,0.06114609351607418,0.09716171617161716
net_eta1.428571462631225_gamma0.483673483133316_ruleMatchingIndex_id002.npy,1.428571462631225,0.483673483133316,0.20060826736858678,0.1288992766260726
net_eta-7.326530456542969_gamma0.124489791691303_ruleMatchingIndex_id003.npy,-7.326530456542969,0.124489791691303,0.3999234484510521,0.431059105910591
net_eta-6.653061389923096_gamma0.753061234951019_ruleMatchingIndex_id007.npy,-6.653061389923096,0.753061234951019,0.1924183658616082,0.20685268526852682
net_eta-6.653061389923096_gamma-0.032653063535691_ruleMatchingIndex_id007.npy,-6.653061389923096,-0.032653063535691,0.1108300603711392,0.11577557755775578
net_eta-7.775510311126709_gamma0.865306138992309_ruleMatchingIndex_id007.npy,-7.775510311126709,0.865306138992309,0.023683386935738508,0.05338133813381338
net_eta-6.204081535339355_gamma0.708163261413574_ruleMatchingIndex_id002.npy,-6.204081535339355,0.708163261413574,0.03633231999457437,0.059561956195619555
net_eta-2.612245082855225_gamma-0.100000001490117_ruleMatchingIndex_id006.npy,-2.612245082855225,-0.100000001490117,0.5426254515777061,0.5502430243024302
net_eta-2.612245082855225_gamma0.012244895100593_ruleMatchingIndex_id001.npy,-2.612245082855225,0.012244895100593,0.6960787128090065,0.7503390339033903
net_eta-3.061224460601807_gamma0.191836729645729_ruleMatchingIndex_id009.npy,-3.061224460601807,0.191836729645729,0.7605482272705837,0.6655625562556254
net_eta-3.734694004058838_gamma0.842857122421264_ruleMatchingIndex_id001.npy,-3.734694004058838,0.842857122421264,0.7795610319042838,0.81012901290129
net_eta-4.63265323638916_gamma0.685714304447174_ruleMatchingIndex_id001.npy,-4.63265323638916,0.685714304447174,0.06962688020710249,0.10660666066606658
net_eta-7.775510311126709_gamma0.057142853736877_ruleMatchingIndex_id009.npy,-7.775510311126709,0.057142853736877,0.10558395536344445,0.08490849084908489
net_eta-8.0_gamma0.034693874418735_ruleMatchingIndex_id009.npy,-8.0,0.034693874418735,0.009050276218267844,-0.05123312331233122
net_eta0.530612289905548_gamma-0.010204084217549_ruleMatchingIndex_id006.npy,0.530612289905548,-0.010204084217549,0.022007139760771788,0.027002700270027
net_eta-6.653061389923096_gamma-0.032653063535691_ruleMatchingIndex_id003.npy,-6.653061389923096,-0.032653063535691,0.022299472266595538,-0.038379837983798376
net_eta0.081632688641548_gamma0.146938771009445_ruleMatchingIndex_id004.npy,0.081632688641548,0.146938771009445,0.10613544707197001,0.09569756975697569
net_eta-7.326530456542969_gamma0.416326522827148_ruleMatchingIndex_id009.npy,-7.326530456542969,0.416326522827148,0.12085595682077471,0.1366936693669367
net_eta2.551020383834839_gamma0.842857122421264_ruleMatchingIndex_id002.npy,2.551020383834839,0.842857122421264,0.18070866758655277,0.21448609206844832
net_eta-5.530612468719482_gamma0.551020383834838_ruleMatchingIndex_id002.npy,-5.530612468719482,0.551020383834838,0.09701417397848405,0.06939093909390939
net_eta-3.061224460601807_gamma0.640816330909729_ruleMatchingIndex_id005.npy,-3.061224460601807,0.640816330909729,0.23150468552801792,0.4797554148098845
net_eta2.775510311126709_gamma0.955102026462554_ruleMatchingIndex_id002.npy,2.775510311126709,0.955102026462554,0.12297724697265659,-0.13306370556227176
net_eta1.428571462631225_gamma0.640816330909729_ruleMatchingIndex_id001.npy,1.428571462631225,0.640816330909729,0.18899313838078158,0.2334473447344734
net_eta2.326530694961548_gamma0.304081618785858_ruleMatchingIndex_id000.npy,2.326530694961548,0.304081618785858,0.045476946395297285,-0.012889288928892887
net_eta0.306122481822967_gamma0.663265287876129_ruleMatchingIndex_id009.npy,0.306122481822967,0.663265287876129,0.4369609019707693,0.2534848694007197
net_eta3.0_gamma0.079591833055019_ruleMatchingIndex_id001.npy,3.0,0.079591833055019,0.10304228898028304,0.09266126612661264
net_eta-7.551020622253418_gamma0.191836729645729_ruleMatchingIndex_id001.npy,-7.551020622253418,0.191836729645729,0.12095375792832877,0.15266726672667263
net_eta-3.510204076766968_gamma-0.010204084217549_ruleMatchingIndex_id003.npy,-3.510204076766968,-0.010204084217549,0.9230772941283052,0.9086708670867086
net_eta-4.63265323638916_gamma0.416326522827148_ruleMatchingIndex_id006.npy,-4.63265323638916,0.416326522827148,0.4749381410019603,0.43536753675367534
net_eta-2.836734771728516_gamma0.775510191917419_ruleMatchingIndex_id002.npy,-2.836734771728516,0.775510191917419,0.40912617721400557,0.16104410441044104
net_eta-7.551020622253418_gamma0.348979592323303_ruleMatchingIndex_id008.npy,-7.551020622253418,0.348979592323303,0.02377072590876997,-0.045172517251725164
net_eta-6.204081535339355_gamma0.506122469902038_ruleMatchingIndex_id001.npy,-6.204081535339355,0.506122469902038,0.012212275301406311,-0.013693369336933691
net_eta2.551020383834839_gamma0.348979592323303_ruleMatchingIndex_id008.npy,2.551020383834839,0.348979592323303,0.18572351875951476,0.13680168016801678
net_eta-0.142857104539872_gamma0.191836729645729_ruleMatchingIndex_id003.npy,-0.142857104539872,0.191836729645729,0.3034855122524465,0.32668466846684663
net_eta-5.979591846466064_gamma0.348979592323303_ruleMatchingIndex_id004.npy,-5.979591846466064,0.348979592323303,0.04274736236215006,0.046264626462646265
net_eta1.653061270713806_gamma0.416326522827148_ruleMatchingIndex_id005.npy,1.653061270713806,0.416326522827148,0.5451960964889109,0.5721092109210919
net_eta3.0_gamma-0.100000001490117_ruleMatchingIndex_id008.npy,3.0,-0.100000001490117,0.08505587454097557,0.07687968796879688
net_eta-8.0_gamma0.775510191917419_ruleMatchingIndex_id006.npy,-8.0,0.775510191917419,0.039349941261594634,0.04
net_eta-7.551020622253418_gamma0.955102026462554_ruleMatchingIndex_id004.npy,-7.551020622253418,0.955102026462554,0.14669311924574488,0.10805880588058805
net_eta-4.63265323638916_gamma0.21428570151329_ruleMatchingIndex_id004.npy,-4.63265323638916,0.21428570151329,0.6593563517636352,0.6964776477647764
net_eta-3.959183692932129_gamma0.820408165454864_ruleMatchingIndex_id008.npy,-3.959183692932129,0.820408165454864,0.2607116296869995,0.319003900390039
net_eta-8.0_gamma0.438775509595871_ruleMatchingIndex_id008.npy,-8.0,0.438775509595871,0.011133202404784093,-0.009816981698169814
net_eta2.326530694961548_gamma0.169387757778167_ruleMatchingIndex_id004.npy,2.326530694961548,0.169387757778167,0.1076891486834736,0.10809480948094809
net_eta-7.775510311126709_gamma0.438775509595871_ruleMatchingIndex_id002.npy,-7.775510311126709,0.438775509595871,0.07035488449066832,0.020822082208220818
net_eta2.551020383834839_gamma0.057142853736877_ruleMatchingIndex_id007.npy,2.551020383834839,0.057142853736877,0.08915593678456477,0.0922052205220522
net_eta-2.612245082855225_gamma0.281632661819458_ruleMatchingIndex_id001.npy,-2.612245082855225,0.281632661819458,0.29413884598025325,0.5197599759975997
net_eta-7.102040767669678_gamma0.371428549289703_ruleMatchingIndex_id002.npy,-7.102040767669678,0.371428549289703,0.04357714150267927,-0.016549654965496548
net_eta-5.081632614135742_gamma0.708163261413574_ruleMatchingIndex_id009.npy,-5.081632614135742,0.708163261413574,0.09424845116404107,0.08106810681068106
net_eta-3.285714387893677_gamma0.483673483133316_ruleMatchingIndex_id007.npy,-3.285714387893677,0.483673483133316,0.14534681922717274,0.34007800780078007
net_eta-7.102040767669678_gamma0.685714304447174_ruleMatchingIndex_id006.npy,-7.102040767669678,0.685714304447174,0.014556924699843432,-0.02575457545754575
net_eta0.979591846466064_gamma0.191836729645729_ruleMatchingIndex_id004.npy,0.979591846466064,0.191836729645729,0.046835829989480326,0.03392739273927392
net_eta2.775510311126709_gamma0.528571426868438_ruleMatchingIndex_id000.npy,2.775510311126709,0.528571426868438,0.08228924610082128,0.23887188718871885
net_eta-3.734694004058838_gamma0.506122469902038_ruleMatchingIndex_id004.npy,-3.734694004058838,0.506122469902038,0.1632310793906157,0.40104410441044097
net_eta-7.551020622253418_gamma0.146938771009445_ruleMatchingIndex_id005.npy,-7.551020622253418,0.146938771009445,0.014767438605297558,-0.016117611761176116
net_eta-6.653061389923096_gamma0.057142853736877_ruleMatchingIndex_id002.npy,-6.653061389923096,0.057142853736877,0.09962760031807778,0.11758775877587757
net_eta-2.612245082855225_gamma-0.055102042853833_ruleMatchingIndex_id009.npy,-2.612245082855225,-0.055102042853833,0.5366761501162047,0.5588238823882388
net_eta2.775510311126709_gamma0.528571426868438_ruleMatchingIndex_id005.npy,2.775510311126709,0.528571426868438,0.12349361905185574,0.4021494213922132
net_eta-6.428571224212646_gamma0.034693874418735_ruleMatchingIndex_id008.npy,-6.428571224212646,0.034693874418735,0.33457912945914225,0.2727152715271527
net_eta-3.510204076766968_gamma0.820408165454864_ruleMatchingIndex_id001.npy,-3.510204076766968,0.820408165454864,0.5243039977892779,0.31727572757275724
net_eta-2.836734771728516_gamma0.663265287876129_ruleMatchingIndex_id004.npy,-2.836734771728516,0.663265287876129,0.3155029325280745,0.48463246324632464
net_eta2.102040767669677_gamma0.034693874418735_ruleMatchingIndex_id000.npy,2.102040767669677,0.034693874418735,0.0926051635684984,0.06225022502250224
net_eta-6.428571224212646_gamma0.236734688282012_ruleMatchingIndex_id008.npy,-6.428571224212646,0.236734688282012,0.0031376209982057826,0.046660666066606654
net_eta-3.510204076766968_gamma0.124489791691303_ruleMatchingIndex_id005.npy,-3.510204076766968,0.124489791691303,0.5117568952482444,0.5327812781278126
net_eta-1.489795923233033_gamma0.21428570151329_ruleMatchingIndex_id009.npy,-1.489795923233033,0.21428570151329,0.35302589188550043,0.4142454245424542
net_eta1.204081654548645_gamma0.618367373943328_ruleMatchingIndex_id007.npy,1.204081654548645,0.618367373943328,0.16456873373733652,0.36925292529252923
net_eta2.551020383834839_gamma0.304081618785858_ruleMatchingIndex_id005.npy,2.551020383834839,0.304081618785858,0.16130266671538734,0.07374737473747374
net_eta-2.612245082855225_gamma-0.100000001490117_ruleMatchingIndex_id004.npy,-2.612245082855225,-0.100000001490117,0.28398091237838624,0.2335553555355535
net_eta2.775510311126709_gamma0.551020383834838_ruleMatchingIndex_id007.npy,2.775510311126709,0.551020383834838,0.04242145835216253,-0.002916291629162916
net_eta-3.959183692932129_gamma0.348979592323303_ruleMatchingIndex_id002.npy,-3.959183692932129,0.348979592323303,0.34005981241519456,0.50999099909991
net_eta-5.530612468719482_gamma0.685714304447174_ruleMatchingIndex_id005.npy,-5.530612468719482,0.685714304447174,0.029342135463758336,0.03234323432343234
net_eta0.755102038383483_gamma0.775510191917419_ruleMatchingIndex_id006.npy,0.755102038383483,0.775510191917419,0.5663058185662128,0.28469246924692465
net_eta-0.816326498985291_gamma0.304081618785858_ruleMatchingIndex_id000.npy,-0.816326498985291,0.304081618785858,0.32590338672243946,0.5112151215121512
net_eta0.530612289905548_gamma0.416326522827148_ruleMatchingIndex_id003.npy,0.530612289905548,0.416326522827148,0.18248503285202408,-0.15296729672967296
net_eta-3.061224460601807_gamma0.775510191917419_ruleMatchingIndex_id000.npy,-3.061224460601807,0.775510191917419,0.3861295703985214,0.43003900390039
net_eta-6.877551078796387_gamma0.348979592323303_ruleMatchingIndex_id001.npy,-6.877551078796387,0.348979592323303,0.054906604582827236,0.10193819381938192
net_eta-0.59183669090271_gamma0.685714304447174_ruleMatchingIndex_id003.npy,-0.59183669090271,0.685714304447174,0.4069194630530471,0.14879087908790878
net_eta-0.142857104539872_gamma0.528571426868438_ruleMatchingIndex_id000.npy,-0.142857104539872,0.528571426868438,0.16330255579563,0.48880888088808877
net_eta-8.0_gamma0.595918357372283_ruleMatchingIndex_id005.npy,-8.0,0.595918357372283,0.08056589978034098,0.10264626462646265
net_eta-0.142857104539872_gamma0.21428570151329_ruleMatchingIndex_id002.npy,-0.142857104539872,0.21428570151329,0.0696690314271153,0.25939393939393934
net_eta1.653061270713806_gamma1.0_ruleMatchingIndex_id004.npy,1.653061270713806,1.0,0.02646922535150779,0.18835940101915266
net_eta1.877551078796386_gamma0.32653060555458_ruleMatchingIndex_id002.npy,1.877551078796386,0.32653060555458,0.27847487332637005,0.27030303030303027
net_eta-5.530612468719482_gamma0.146938771009445_ruleMatchingIndex_id007.npy,-5.530612468719482,0.146938771009445,0.07867735374488313,0.03995199519951995
net_eta1.204081654548645_gamma0.236734688282012_ruleMatchingIndex_id003.npy,1.204081654548645,0.236734688282012,0.08983796563424226,0.08357635763576358
net_eta-1.040816307067872_gamma0.820408165454864_ruleMatchingIndex_id001.npy,-1.040816307067872,0.820408165454864,0.46197773053100044,0.17606960696069604
net_eta2.326530694961548_gamma0.281632661819458_ruleMatchingIndex_id001.npy,2.326530694961548,0.281632661819458,0.09146428346626029,0.14924692469246922
net_eta2.102040767669677_gamma0.483673483133316_ruleMatchingIndex_id006.npy,2.102040767669677,0.483673483133316,0.5013903608624737,0.38923492349234917
net_eta-1.489795923233033_gamma0.595918357372283_ruleMatchingIndex_id003.npy,-1.489795923233033,0.595918357372283,0.42540182195775317,0.3556195619561956
net_eta1.653061270713806_gamma0.012244895100593_ruleMatchingIndex_id000.npy,1.653061270713806,0.012244895100593,0.19692372134017777,0.18651065106510648
net_eta-3.734694004058838_gamma0.685714304447174_ruleMatchingIndex_id007.npy,-3.734694004058838,0.685714304447174,0.2132577439755369,0.2795079507950795
net_eta-3.285714387893677_gamma0.438775509595871_ruleMatchingIndex_id008.npy,-3.285714387893677,0.438775509595871,0.39649747095214866,0.4232955994486482
net_eta-2.387754917144776_gamma0.887755095958709_ruleMatchingIndex_id005.npy,-2.387754917144776,0.887755095958709,0.513181888770162,0.2086901211565994
net_eta-6.877551078796387_gamma0.551020383834838_ruleMatchingIndex_id000.npy,-6.877551078796387,0.551020383834838,0.1513126904342185,0.13749774977497747
net_eta-1.938775420188904_gamma0.640816330909729_ruleMatchingIndex_id004.npy,-1.938775420188904,0.640816330909729,0.15988687567857396,-0.5304890489048905
net_eta-5.755102157592773_gamma0.191836729645729_ruleMatchingIndex_id007.npy,-5.755102157592773,0.191836729645729,0.18770294811559451,0.1668166816681668
net_eta0.306122481822967_gamma0.034693874418735_ruleMatchingIndex_id009.npy,0.306122481822967,0.034693874418735,0.11491273543693639,0.06390639063906389
net_eta-4.857142925262451_gamma0.191836729645729_ruleMatchingIndex_id002.npy,-4.857142925262451,0.191836729645729,0.2695410457628393,0.24999699969996997
net_eta-2.387754917144776_gamma0.21428570151329_ruleMatchingIndex_id009.npy,-2.387754917144776,0.21428570151329,0.5405035459401308,0.5008100810081008
net_eta-1.265306115150452_gamma0.820408165454864_ruleMatchingIndex_id001.npy,-1.265306115150452,0.820408165454864,0.10377056200217612,0.5212961296129612
net_eta-6.204081535339355_gamma0.236734688282012_ruleMatchingIndex_id005.npy,-6.204081535339355,0.236734688282012,0.11835334116536544,0.12644464446444645
net_eta-3.959183692932129_gamma0.528571426868438_ruleMatchingIndex_id004.npy,-3.959183692932129,0.528571426868438,0.4198527163376155,0.4234383438343834
net_eta1.877551078796386_gamma0.865306138992309_ruleMatchingIndex_id000.npy,1.877551078796386,0.865306138992309,0.12325084365252995,0.3736093609360936
net_eta-3.734694004058838_gamma0.304081618785858_ruleMatchingIndex_id002.npy,-3.734694004058838,0.304081618785858,0.597539423433864,0.6357395739573956
net_eta1.653061270713806_gamma0.865306138992309_ruleMatchingIndex_id004.npy,1.653061270713806,0.865306138992309,0.06432098222377772,0.1067146714671467
net_eta-4.408163070678711_gamma0.932653069496154_ruleMatchingIndex_id005.npy,-4.408163070678711,0.932653069496154,0.3116705877731748,0.25920192019201915
net_eta-1.265306115150452_gamma0.977551043033599_ruleMatchingIndex_id001.npy,-1.265306115150452,0.977551043033599,0.3056789103562154,0.45866186618661864
net_eta2.326530694961548_gamma0.012244895100593_ruleMatchingIndex_id000.npy,2.326530694961548,0.012244895100593,0.17318006636156713,0.22508250825082504
net_eta-1.489795923233033_gamma0.012244895100593_ruleMatchingIndex_id002.npy,-1.489795923233033,0.012244895100593,0.7665417909889272,0.7277527752775277
net_eta-2.612245082855225_gamma-0.100000001490117_ruleMatchingIndex_id002.npy,-2.612245082855225,-0.100000001490117,0.7190308410997872,0.7332853285328532
net_eta-5.530612468719482_gamma0.551020383834838_ruleMatchingIndex_id001.npy,-5.530612468719482,0.551020383834838,0.0660382087250935,0.0604980498049805
net_eta-7.102040767669678_gamma0.348979592323303_ruleMatchingIndex_id006.npy,-7.102040767669678,0.348979592323303,0.06168254702889079,0.12454845484548453
net_eta-3.734694004058838_gamma0.057142853736877_ruleMatchingIndex_id006.npy,-3.734694004058838,0.057142853736877,0.4794103493351862,0.5343054305430542
net_eta-2.163265228271485_gamma0.910204052925109_ruleMatchingIndex_id003.npy,-2.163265228271485,0.910204052925109,0.3229826525262929,0.44957230594953607
net_eta-1.938775420188904_gamma0.371428549289703_ruleMatchingIndex_id005.npy,-1.938775420188904,0.371428549289703,0.0806208726148461,-0.5146594659465946
net_eta-5.979591846466064_gamma0.124489791691303_ruleMatchingIndex_id004.npy,-5.979591846466064,0.124489791691303,0.0360947366130655,0.03924392439243924
net_eta1.653061270713806_gamma-0.055102042853833_ruleMatchingIndex_id009.npy,1.653061270713806,-0.055102042853833,0.1301335260385523,0.13020102010201018
net_eta-7.326530456542969_gamma0.977551043033599_ruleMatchingIndex_id006.npy,-7.326530456542969,0.977551043033599,0.09626106360537803,0.10139813981398138
net_eta2.326530694961548_gamma0.124489791691303_ruleMatchingIndex_id006.npy,2.326530694961548,0.124489791691303,0.02850493559605277,0.08092409240924091
net_eta0.530612289905548_gamma0.21428570151329_ruleMatchingIndex_id005.npy,0.530612289905548,0.21428570151329,0.003871609342342326,0.1331173117311731
net_eta-2.836734771728516_gamma0.146938771009445_ruleMatchingIndex_id005.npy,-2.836734771728516,0.146938771009445,0.6081043807739751,0.7249924992499249
net_eta-3.510204076766968_gamma0.887755095958709_ruleMatchingIndex_id006.npy,-3.510204076766968,0.887755095958709,0.7453630255128594,0.8214461446144613
net_eta-0.59183669090271_gamma0.169387757778167_ruleMatchingIndex_id008.npy,-0.59183669090271,0.169387757778167,0.35628098511205775,0.3326372637263726
net_eta-2.387754917144776_gamma0.124489791691303_ruleMatchingIndex_id000.npy,-2.387754917144776,0.124489791691303,0.5707239612933452,0.44036003600360035
net_eta-2.163265228271485_gamma0.079591833055019_ruleMatchingIndex_id000.npy,-2.163265228271485,0.079591833055019,0.08007995992313778,0.03733573357335733
net_eta-5.081632614135742_gamma0.304081618785858_ruleMatchingIndex_id002.npy,-5.081632614135742,0.304081618785858,0.14951467655293166,0.13308130813081306
net_eta-4.857142925262451_gamma0.057142853736877_ruleMatchingIndex_id001.npy,-4.857142925262451,0.057142853736877,0.5765630382957441,0.5597239723972397
net_eta1.428571462631225_gamma0.124489791691303_ruleMatchingIndex_id000.npy,1.428571462631225,0.124489791691303,0.0887779437551322,0.06985898589858985
net_eta-7.326530456542969_gamma0.348979592323303_ruleMatchingIndex_id009.npy,-7.326530456542969,0.348979592323303,0.034480871781803105,0.03869186918691869
net_eta-6.653061389923096_gamma0.034693874418735_ruleMatchingIndex_id000.npy,-6.653061389923096,0.034693874418735,0.10575903054505364,0.12382838283828382
net_eta-3.510204076766968_gamma0.865306138992309_ruleMatchingIndex_id007.npy,-3.510204076766968,0.865306138992309,0.40663175968658694,0.38502965805651257
net_eta-4.18367338180542_gamma0.236734688282012_ruleMatchingIndex_id008.npy,-4.18367338180542,0.236734688282012,0.7708397455746977,0.6840324032403239
net_eta-3.959183692932129_gamma-0.032653063535691_ruleMatchingIndex_id002.npy,-3.959183692932129,-0.032653063535691,0.7310877719074711,0.7282568256825681
net_eta-0.816326498985291_gamma0.057142853736877_ruleMatchingIndex_id003.npy,-0.816326498985291,0.057142853736877,0.43241346457742846,0.44621662166216614
net_eta2.551020383834839_gamma0.910204052925109_ruleMatchingIndex_id003.npy,2.551020383834839,0.910204052925109,0.14364101822393235,0.13533753375337534
net_eta0.755102038383483_gamma0.506122469902038_ruleMatchingIndex_id006.npy,0.755102038383483,0.506122469902038,0.15763116769650254,-0.3074947494749474
net_eta-0.59183669090271_gamma-0.010204084217549_ruleMatchingIndex_id001.npy,-0.59183669090271,-0.010204084217549,0.3701763862325824,0.36771677167716765
net_eta-4.18367338180542_gamma0.236734688282012_ruleMatchingIndex_id003.npy,-4.18367338180542,0.236734688282012,0.47974553799352904,0.593099309930993
net_eta0.306122481822967_gamma0.304081618785858_ruleMatchingIndex_id006.npy,0.306122481822967,0.304081618785858,0.5517394682382779,0.5972397239723972
net_eta-7.775510311126709_gamma0.169387757778167_ruleMatchingIndex_id009.npy,-7.775510311126709,0.169387757778167,0.26965021054710003,0.3001620162016201
net_eta0.306122481822967_gamma0.865306138992309_ruleMatchingIndex_id004.npy,0.306122481822967,0.865306138992309,0.08367743257029922,-0.1778223156993173
net_eta1.877551078796386_gamma-0.010204084217549_ruleMatchingIndex_id007.npy,1.877551078796386,-0.010204084217549,0.0005939738011418432,0.004716471647164716
net_eta1.877551078796386_gamma0.618367373943328_ruleMatchingIndex_id005.npy,1.877551078796386,0.618367373943328,0.12128035213323084,0.08139213921392137
net_eta0.530612289905548_gamma0.281632661819458_ruleMatchingIndex_id006.npy,0.530612289905548,0.281632661819458,0.21390692005567447,0.29737773777377735
net_eta-3.734694004058838_gamma0.124489791691303_ruleMatchingIndex_id007.npy,-3.734694004058838,0.124489791691303,0.15604425585907356,0.18421842184218418
net_eta1.204081654548645_gamma-0.032653063535691_ruleMatchingIndex_id000.npy,1.204081654548645,-0.032653063535691,0.08381418753637215,0.048028802880288025
net_eta0.081632688641548_gamma0.708163261413574_ruleMatchingIndex_id007.npy,0.081632688641548,0.708163261413574,0.5651633479116143,0.18164470940588628
net_eta-0.142857104539872_gamma0.708163261413574_ruleMatchingIndex_id005.npy,-0.142857104539872,0.708163261413574,0.08862708298323878,0.5306210621062105
net_eta-0.59183669090271_gamma0.955102026462554_ruleMatchingIndex_id004.npy,-0.59183669090271,0.955102026462554,0.24545906059332212,0.33101710171017096
net_eta1.653061270713806_gamma0.932653069496154_ruleMatchingIndex_id004.npy,1.653061270713806,0.932653069496154,0.06248060247545753,0.15187518751875184
net_eta0.979591846466064_gamma0.506122469902038_ruleMatchingIndex_id008.npy,0.979591846466064,0.506122469902038,0.5522848825138789,0.2393279327932793
net_eta-0.59183669090271_gamma0.955102026462554_ruleMatchingIndex_id003.npy,-0.59183669090271,0.955102026462554,0.05820005587806088,-0.516677217755754
net_eta-0.36734688282013_gamma-0.055102042853833_ruleMatchingIndex_id007.npy,-0.36734688282013,-0.055102042853833,0.04397844307352943,0.01536153615361536
net_eta-7.326530456542969_gamma0.573469400405883_ruleMatchingIndex_id005.npy,-7.326530456542969,0.573469400405883,0.12835909610832297,0.08633663366336633
net_eta-4.857142925262451_gamma0.281632661819458_ruleMatchingIndex_id009.npy,-4.857142925262451,0.281632661819458,0.4302040830810421,0.37609360936093605
net_eta-6.428571224212646_gamma0.865306138992309_ruleMatchingIndex_id004.npy,-6.428571224212646,0.865306138992309,0.07131132801710363,0.06749474947494748
net_eta-4.857142925262451_gamma0.438775509595871_ruleMatchingIndex_id005.npy,-4.857142925262451,0.438775509595871,0.2277917246174066,0.1720972097209721
net_eta-2.836734771728516_gamma0.461224496364593_ruleMatchingIndex_id008.npy,-2.836734771728516,0.461224496364593,0.47339288137975216,0.15951995199519947
net_eta-6.204081535339355_gamma0.708163261413574_ruleMatchingIndex_id007.npy,-6.204081535339355,0.708163261413574,0.025413616337402457,0.05802580258025802
net_eta-7.551020622253418_gamma0.977551043033599_ruleMatchingIndex_id008.npy,-7.551020622253418,0.977551043033599,0.1885816502474323,0.1576957695769577
net_eta-3.734694004058838_gamma1.0_ruleMatchingIndex_id002.npy,-3.734694004058838,1.0,0.22254228792799335,0.25826582658265823
net_eta0.306122481822967_gamma0.21428570151329_ruleMatchingIndex_id008.npy,0.306122481822967,0.21428570151329,0.16214963099315335,0.055661566156615654
net_eta-5.081632614135742_gamma0.21428570151329_ruleMatchingIndex_id009.npy,-5.081632614135742,0.21428570151329,0.06515345059684985,0.05009300930093009
net_eta1.653061270713806_gamma0.551020383834838_ruleMatchingIndex_id009.npy,1.653061270713806,0.551020383834838,0.2184941156167659,0.2563704061529875
net_eta-2.163265228271485_gamma0.842857122421264_ruleMatchingIndex_id003.npy,-2.163265228271485,0.842857122421264,0.09390654235243084,0.5042424242424242
net_eta-2.387754917144776_gamma0.528571426868438_ruleMatchingIndex_id000.npy,-2.387754917144776,0.528571426868438,0.22631048161679124,0.5120792079207921
net_eta0.530612289905548_gamma0.573469400405883_ruleMatchingIndex_id009.npy,0.530612289905548,0.573469400405883,0.015623671102446286,0.035283528352835276
net_eta0.979591846466064_gamma0.21428570151329_ruleMatchingIndex_id005.npy,0.979591846466064,0.21428570151329,0.22609261713718315,0.22592259225922587
net_eta-0.142857104539872_gamma0.685714304447174_ruleMatchingIndex_id008.npy,-0.142857104539872,0.685714304447174,0.5781122944912148,0.2614461446144614
net_eta-2.612245082855225_gamma0.461224496364593_ruleMatchingIndex_id000.npy,-2.612245082855225,0.461224496364593,0.04751677253245602,0.3089348934893489
net_eta-3.285714387893677_gamma0.416326522827148_ruleMatchingIndex_id005.npy,-3.285714387893677,0.416326522827148,0.054322264193466085,0.033939393939393936
net_eta2.326530694961548_gamma0.528571426868438_ruleMatchingIndex_id000.npy,2.326530694961548,0.528571426868438,0.011035943131273422,-0.19051905190519047
net_eta2.326530694961548_gamma0.910204052925109_ruleMatchingIndex_id009.npy,2.326530694961548,0.910204052925109,0.10048417557915193,0.15824782478247823
net_eta-0.816326498985291_gamma0.32653060555458_ruleMatchingIndex_id003.npy,-0.816326498985291,0.32653060555458,0.45628343032764873,0.5004140414041404
net_eta0.530612289905548_gamma0.977551043033599_ruleMatchingIndex_id009.npy,0.530612289905548,0.977551043033599,0.21598842130472923,-0.16978097809780976
net_eta-6.428571224212646_gamma-0.077551022171975_ruleMatchingIndex_id005.npy,-6.428571224212646,-0.077551022171975,0.10033724709468339,0.01501350135013501
net_eta-1.489795923233033_gamma0.461224496364593_ruleMatchingIndex_id006.npy,-1.489795923233033,0.461224496364593,0.16157944083894857,0.5052025202520252
net_eta0.081632688641548_gamma-0.032653063535691_ruleMatchingIndex_id009.npy,0.081632688641548,-0.032653063535691,0.10680815847747618,0.09047704770477047
net_eta0.979591846466064_gamma0.618367373943328_ruleMatchingIndex_id000.npy,0.979591846466064,0.618367373943328,0.12143065114537815,-0.009877017332829731
net_eta-1.040816307067872_gamma0.977551043033599_ruleMatchingIndex_id009.npy,-1.040816307067872,0.977551043033599,0.4571350994850043,0.4002640264026402
net_eta3.0_gamma0.685714304447174_ruleMatchingIndex_id006.npy,3.0,0.685714304447174,0.4406818444367323,0.47264326432643256
net_eta-5.755102157592773_gamma-0.100000001490117_ruleMatchingIndex_id004.npy,-5.755102157592773,-0.100000001490117,0.0032256864305256344,-0.040024002400240025
net_eta-4.63265323638916_gamma0.887755095958709_ruleMatchingIndex_id001.npy,-4.63265323638916,0.887755095958709,0.25456442723245415,0.26850285028502846
net_eta-5.979591846466064_gamma0.416326522827148_ruleMatchingIndex_id009.npy,-5.979591846466064,0.416326522827148,0.32800489996074256,0.3336933693369336
net_eta-3.285714387893677_gamma0.483673483133316_ruleMatchingIndex_id003.npy,-3.285714387893677,0.483673483133316,0.608110286482145,0.4514731473147314
net_eta-2.836734771728516_gamma0.685714304447174_ruleMatchingIndex_id001.npy,-2.836734771728516,0.685714304447174,0.39923712656688304,0.15896237312514727
net_eta-6.428571224212646_gamma0.685714304447174_ruleMatchingIndex_id004.npy,-6.428571224212646,0.685714304447174,0.017688843872266623,0.023630363036303625
net_eta-7.326530456542969_gamma0.034693874418735_ruleMatchingIndex_id002.npy,-7.326530456542969,0.034693874418735,0.038699060600506145,0.06683468346834683
net_eta-5.081632614135742_gamma0.932653069496154_ruleMatchingIndex_id004.npy,-5.081632614135742,0.932653069496154,0.024976476473634313,0.016477647764776476
net_eta-2.387754917144776_gamma0.640816330909729_ruleMatchingIndex_id004.npy,-2.387754917144776,0.640816330909729,0.4551220797223308,0.16687668766876687
net_eta-0.142857104539872_gamma0.573469400405883_ruleMatchingIndex_id005.npy,-0.142857104539872,0.573469400405883,0.24416068041550584,0.28250825082508246
net_eta-7.775510311126709_gamma0.236734688282012_ruleMatchingIndex_id004.npy,-7.775510311126709,0.236734688282012,0.10266821188949998,0.09617761776177616
net_eta-7.326530456542969_gamma0.012244895100593_ruleMatchingIndex_id005.npy,-7.326530456542969,0.012244895100593,0.03869678142154105,0.05864986498649864
net_eta-7.102040767669678_gamma0.842857122421264_ruleMatchingIndex_id001.npy,-7.102040767669678,0.842857122421264,0.030723490451814613,0.04132013201320131
net_eta-5.530612468719482_gamma0.528571426868438_ruleMatchingIndex_id000.npy,-5.530612468719482,0.528571426868438,0.24922939670739785,0.27938793879387935
net_eta-6.204081535339355_gamma0.573469400405883_ruleMatchingIndex_id007.npy,-6.204081535339355,0.573469400405883,0.09715418889085575,0.057413741374137406
net_eta0.081632688641548_gamma0.708163261413574_ruleMatchingIndex_id006.npy,0.081632688641548,0.708163261413574,0.5451194762442697,0.5263862177828006
net_eta-3.734694004058838_gamma0.371428549289703_ruleMatchingIndex_id005.npy,-3.734694004058838,0.371428549289703,0.3499624012833367,0.3502910291029102
net_eta2.775510311126709_gamma0.259183675050735_ruleMatchingIndex_id005.npy,2.775510311126709,0.259183675050735,0.3000816116391979,0.2792799279927992
net_eta-5.530612468719482_gamma0.416326522827148_ruleMatchingIndex_id007.npy,-5.530612468719482,0.416326522827148,0.0932405458749146,0.0843204320432043
net_eta-5.306122303009033_gamma0.955102026462554_ruleMatchingIndex_id000.npy,-5.306122303009033,0.955102026462554,0.01559666010462879,-0.015829582958295826
net_eta2.326530694961548_gamma-0.077551022171975_ruleMatchingIndex_id001.npy,2.326530694961548,-0.077551022171975,0.0457570509728753,0.043924392439243926
net_eta-3.510204076766968_gamma0.281632661819458_ruleMatchingIndex_id001.npy,-3.510204076766968,0.281632661819458,0.3801119581920369,0.48314431443144307
net_eta0.530612289905548_gamma0.146938771009445_ruleMatchingIndex_id000.npy,0.530612289905548,0.146938771009445,0.12351493197882668,0.08213621362136211
net_eta-7.775510311126709_gamma0.618367373943328_ruleMatchingIndex_id001.npy,-7.775510311126709,0.618367373943328,0.05977460232584779,0.11047104710471047
net_eta-3.285714387893677_gamma0.506122469902038_ruleMatchingIndex_id004.npy,-3.285714387893677,0.506122469902038,0.44490368767377353,0.4857005700570056
net_eta1.653061270713806_gamma0.977551043033599_ruleMatchingIndex_id007.npy,1.653061270713806,0.977551043033599,0.010052216188588634,-0.19903990399039903
net_eta-0.142857104539872_gamma0.348979592323303_ruleMatchingIndex_id000.npy,-0.142857104539872,0.348979592323303,0.49950040661411715,0.5577677767776777
net_eta2.102040767669677_gamma0.797959208488464_ruleMatchingIndex_id004.npy,2.102040767669677,0.797959208488464,0.5534645001672464,0.17274527452745272
net_eta-7.326530456542969_gamma0.483673483133316_ruleMatchingIndex_id004.npy,-7.326530456542969,0.483673483133316,0.04393444300071419,0.04184818481848185
net_eta-1.714285612106324_gamma0.595918357372283_ruleMatchingIndex_id006.npy,-1.714285612106324,0.595918357372283,0.40033812083801495,0.22092475525078506
net_eta-0.59183669090271_gamma0.551020383834838_ruleMatchingIndex_id006.npy,-0.59183669090271,0.551020383834838,0.5821898141244908,0.44352835283528347
net_eta2.102040767669677_gamma0.348979592323303_ruleMatchingIndex_id003.npy,2.102040767669677,0.348979592323303,0.382462580502516,0.4027842784278427
net_eta-7.551020622253418_gamma0.506122469902038_ruleMatchingIndex_id006.npy,-7.551020622253418,0.506122469902038,0.10062082165669908,0.09520552055205518
net_eta-7.551020622253418_gamma0.281632661819458_ruleMatchingIndex_id006.npy,-7.551020622253418,0.281632661819458,0.020993417886388976,0.05557755775577557
net_eta-3.510204076766968_gamma0.708163261413574_ruleMatchingIndex_id006.npy,-3.510204076766968,0.708163261413574,0.20849396900363504,0.36214821482148213
net_eta1.204081654548645_gamma0.057142853736877_ruleMatchingIndex_id003.npy,1.204081654548645,0.057142853736877,0.09156144511856848,0.12320432043204319
net_eta-6.204081535339355_gamma0.034693874418735_ruleMatchingIndex_id001.npy,-6.204081535339355,0.034693874418735,0.017734626942172448,0.035139513951395134
net_eta0.081632688641548_gamma0.124489791691303_ruleMatchingIndex_id009.npy,0.081632688641548,0.124489791691303,0.20044544244102172,0.20535253525352534
net_eta-2.387754917144776_gamma-0.077551022171975_ruleMatchingIndex_id006.npy,-2.387754917144776,-0.077551022171975,0.699628104904757,0.7457545754575458
net_eta-7.775510311126709_gamma0.102040812373161_ruleMatchingIndex_id008.npy,-7.775510311126709,0.102040812373161,0.027311799209770712,0.02028202820282028
net_eta2.326530694961548_gamma0.595918357372283_ruleMatchingIndex_id002.npy,2.326530694961548,0.595918357372283,0.12768190184462314,-0.03212721272127212
net_eta-2.387754917144776_gamma0.820408165454864_ruleMatchingIndex_id000.npy,-2.387754917144776,0.820408165454864,0.20236017117941113,0.2863246324632463
net_eta-4.63265323638916_gamma-0.077551022171975_ruleMatchingIndex_id002.npy,-4.63265323638916,-0.077551022171975,0.8110475444383374,0.7413981398139813
net_eta-5.530612468719482_gamma0.887755095958709_ruleMatchingIndex_id002.npy,-5.530612468719482,0.887755095958709,0.15783309930756464,0.09724572457245724
net_eta3.0_gamma-0.077551022171975_ruleMatchingIndex_id005.npy,3.0,-0.077551022171975,0.06160248120877333,0.0604980498049805
net_eta2.102040767669677_gamma0.910204052925109_ruleMatchingIndex_id006.npy,2.102040767669677,0.910204052925109,0.19506590870325913,0.3315571557155715
net_eta1.653061270713806_gamma0.191836729645729_ruleMatchingIndex_id001.npy,1.653061270713806,0.191836729645729,0.12826381588767863,0.11924392439243924
net_eta-0.816326498985291_gamma0.528571426868438_ruleMatchingIndex_id006.npy,-0.816326498985291,0.528571426868438,0.5091982258988078,0.19535553555355534
net_eta-5.755102157592773_gamma0.483673483133316_ruleMatchingIndex_id008.npy,-5.755102157592773,0.483673483133316,0.048601179325034355,0.04734473447344734
net_eta-5.979591846466064_gamma0.348979592323303_ruleMatchingIndex_id006.npy,-5.979591846466064,0.348979592323303,0.10164816020146383,0.034599459945994594
net_eta-1.040816307067872_gamma0.977551043033599_ruleMatchingIndex_id007.npy,-1.040816307067872,0.977551043033599,0.471917230129068,0.4396532842902605
net_eta-6.428571224212646_gamma0.371428549289703_ruleMatchingIndex_id009.npy,-6.428571224212646,0.371428549289703,0.23002768925815092,0.2135373537353735
net_eta0.755102038383483_gamma1.0_ruleMatchingIndex_id001.npy,0.755102038383483,1.0,0.007495114354574161,0.08367236723672367
net_eta1.877551078796386_gamma0.708163261413574_ruleMatchingIndex_id005.npy,1.877551078796386,0.708163261413574,0.39176081794085826,0.21347734773477348
net_eta0.979591846466064_gamma0.932653069496154_ruleMatchingIndex_id009.npy,0.979591846466064,0.932653069496154,0.04881618055834026,-0.07577580490824658
net_eta0.081632688641548_gamma0.955102026462554_ruleMatchingIndex_id003.npy,0.081632688641548,0.955102026462554,0.0452145125479199,-0.2667506750675067
net_eta0.530612289905548_gamma0.438775509595871_ruleMatchingIndex_id000.npy,0.530612289905548,0.438775509595871,0.5250271646055706,0.4127692769276927
net_eta-5.979591846466064_gamma-0.032653063535691_ruleMatchingIndex_id009.npy,-5.979591846466064,-0.032653063535691,0.10348607604859021,0.14033003300330033
net_eta-0.36734688282013_gamma-0.077551022171975_ruleMatchingIndex_id006.npy,-0.36734688282013,-0.077551022171975,0.061387086509757244,0.002304230423042304
net_eta-5.979591846466064_gamma0.551020383834838_ruleMatchingIndex_id007.npy,-5.979591846466064,0.551020383834838,0.04505318680285735,0.04981698169816981
net_eta-1.938775420188904_gamma0.685714304447174_ruleMatchingIndex_id007.npy,-1.938775420188904,0.685714304447174,0.18749831758676727,0.4239783978397839
net_eta-2.836734771728516_gamma0.461224496364593_ruleMatchingIndex_id000.npy,-2.836734771728516,0.461224496364593,0.4325234406674929,0.16400840084008397
net_eta-6.428571224212646_gamma0.865306138992309_ruleMatchingIndex_id003.npy,-6.428571224212646,0.865306138992309,0.03835159686354191,0.0413081308130813
net_eta-8.0_gamma0.32653060555458_ruleMatchingIndex_id003.npy,-8.0,0.32653060555458,0.014492253274145606,0.031911191119111906
net_eta-3.285714387893677_gamma0.528571426868438_ruleMatchingIndex_id008.npy,-3.285714387893677,0.528571426868438,0.22382984154929986,0.3574677467746774
net_eta0.979591846466064_gamma0.483673483133316_ruleMatchingIndex_id000.npy,0.979591846466064,0.483673483133316,0.025509309415830288,-0.1539153915391539
net_eta-4.18367338180542_gamma0.483673483133316_ruleMatchingIndex_id007.npy,-4.18367338180542,0.483673483133316,0.7232057140430974,0.6593219321932192
net_eta3.0_gamma0.910204052925109_ruleMatchingIndex_id000.npy,3.0,0.910204052925109,0.15550228429682977,0.18027056786930182
net_eta0.530612289905548_gamma0.348979592323303_ruleMatchingIndex_id007.npy,0.530612289905548,0.348979592323303,0.23772762605919892,0.35037503750375026
net_eta-8.0_gamma0.304081618785858_ruleMatchingIndex_id001.npy,-8.0,0.304081618785858,0.09817783498840932,0.11647164716471646
net_eta-7.775510311126709_gamma1.0_ruleMatchingIndex_id008.npy,-7.775510311126709,1.0,0.18934599917135833,0.22441044104410438
net_eta0.530612289905548_gamma0.820408165454864_ruleMatchingIndex_id005.npy,0.530612289905548,0.820408165454864,0.17411300559100565,0.0428082808280828
net_eta3.0_gamma0.259183675050735_ruleMatchingIndex_id003.npy,3.0,0.259183675050735,0.2899156289808944,0.23251125112511248
net_eta1.653061270713806_gamma0.865306138992309_ruleMatchingIndex_id006.npy,1.653061270713806,0.865306138992309,0.18803633595847347,0.22162149188212912
net_eta-6.877551078796387_gamma0.012244895100593_ruleMatchingIndex_id006.npy,-6.877551078796387,0.012244895100593,0.12247838055668746,0.13935793579357936
net_eta-1.265306115150452_gamma0.438775509595871_ruleMatchingIndex_id009.npy,-1.265306115150452,0.438775509595871,0.5896698445153099,0.4732073207320731
net_eta1.653061270713806_gamma0.506122469902038_ruleMatchingIndex_id006.npy,1.653061270713806,0.506122469902038,0.1061812300697351,-0.09702999408982792
net_eta3.0_gamma0.842857122421264_ruleMatchingIndex_id000.npy,3.0,0.842857122421264,0.36863650721284646,0.27497232215041895
net_eta-2.836734771728516_gamma0.775510191917419_ruleMatchingIndex_id000.npy,-2.836734771728516,0.775510191917419,0.494035788692164,0.16183618361836183
net_eta-2.387754917144776_gamma0.146938771009445_ruleMatchingIndex_id006.npy,-2.387754917144776,0.146938771009445,0.7207722265269478,0.6996699669966996
net_eta-7.102040767669678_gamma0.483673483133316_ruleMatchingIndex_id003.npy,-7.102040767669678,0.483673483133316,0.11221668949235908,0.06825082508250824
net_eta2.102040767669677_gamma0.461224496364593_ruleMatchingIndex_id009.npy,2.102040767669677,0.461224496364593,0.14452303258732144,0.10795079507950794
net_eta1.653061270713806_gamma0.191836729645729_ruleMatchingIndex_id002.npy,1.653061270713806,0.191836729645729,0.009714298669458984,-0.04259225922592259
net_eta-4.408163070678711_gamma0.775510191917419_ruleMatchingIndex_id000.npy,-4.408163070678711,0.775510191917419,0.4923388056456788,0.4989738973897389
net_eta-0.59183669090271_gamma0.865306138992309_ruleMatchingIndex_id004.npy,-0.59183669090271,0.865306138992309,0.5558828460688601,0.1775097509750975
net_eta-1.265306115150452_gamma0.371428549289703_ruleMatchingIndex_id004.npy,-1.265306115150452,0.371428549289703,0.2837590946900298,0.5217281728172817
net_eta-8.0_gamma0.753061234951019_ruleMatchingIndex_id004.npy,-8.0,0.753061234951019,0.03594553781958972,0.06393039303930392
net_eta-5.306122303009033_gamma0.416326522827148_ruleMatchingIndex_id005.npy,-5.306122303009033,0.416326522827148,0.013448247434061589,-0.01954995499549955
net_eta-2.612245082855225_gamma0.371428549289703_ruleMatchingIndex_id007.npy,-2.612245082855225,0.371428549289703,0.5896698444096101,0.4838403840384038
net_eta-2.836734771728516_gamma0.461224496364593_ruleMatchingIndex_id005.npy,-2.836734771728516,0.461224496364593,0.5024494127104595,0.43074707470747065
net_eta-4.857142925262451_gamma0.640816330909729_ruleMatchingIndex_id005.npy,-4.857142925262451,0.640816330909729,0.23475877248461538,0.2286468646864686
net_eta0.306122481822967_gamma0.102040812373161_ruleMatchingIndex_id001.npy,0.306122481822967,0.102040812373161,0.2969961907695245,0.3079027902790279
net_eta2.775510311126709_gamma0.708163261413574_ruleMatchingIndex_id008.npy,2.775510311126709,0.708163261413574,0.04495300269771066,0.11513951395139513
net_eta1.204081654548645_gamma0.191836729645729_ruleMatchingIndex_id005.npy,1.204081654548645,0.191836729645729,0.09707927560794637,0.07957995799579956
net_eta-3.510204076766968_gamma0.012244895100593_ruleMatchingIndex_id007.npy,-3.510204076766968,0.012244895100593,0.7273370438878336,0.7198919891989198
net_eta-7.551020622253418_gamma0.461224496364593_ruleMatchingIndex_id007.npy,-7.551020622253418,0.461224496364593,0.02897727347209949,0.021026102610261024
net_eta-6.204081535339355_gamma0.865306138992309_ruleMatchingIndex_id009.npy,-6.204081535339355,0.865306138992309,0.10407713561372481,0.11003900390039002
net_eta-7.102040767669678_gamma-0.077551022171975_ruleMatchingIndex_id009.npy,-7.102040767669678,-0.077551022171975,0.2665386502556696,0.281020102010201
net_eta-7.551020622253418_gamma0.169387757778167_ruleMatchingIndex_id004.npy,-7.551020622253418,0.169387757778167,0.04704371788770864,0.004896489648964896
net_eta-6.653061389923096_gamma0.034693874418735_ruleMatchingIndex_id008.npy,-6.653061389923096,0.034693874418735,0.26154828434187943,0.24279627962796277
net_eta1.877551078796386_gamma0.057142853736877_ruleMatchingIndex_id000.npy,1.877551078796386,0.057142853736877,0.15064343657595267,0.13179717971797178
net_eta-0.816326498985291_gamma0.910204052925109_ruleMatchingIndex_id003.npy,-0.816326498985291,0.910204052925109,0.03955554968791986,0.5184113963761597
net_eta-3.061224460601807_gamma-0.010204084217549_ruleMatchingIndex_id003.npy,-3.061224460601807,-0.010204084217549,0.5084164856009021,0.6005640564056405
net_eta-2.836734771728516_gamma0.887755095958709_ruleMatchingIndex_id000.npy,-2.836734771728516,0.887755095958709,0.36681393415659747,0.3431623162316231
net_eta1.428571462631225_gamma0.551020383834838_ruleMatchingIndex_id003.npy,1.428571462631225,0.551020383834838,0.31982901464054775,0.3497629762976297
net_eta-7.775510311126709_gamma0.483673483133316_ruleMatchingIndex_id005.npy,-7.775510311126709,0.483673483133316,0.002370549199781885,0.020810081008100806
net_eta-6.204081535339355_gamma0.124489791691303_ruleMatchingIndex_id009.npy,-6.204081535339355,0.124489791691303,0.014146741451696476,-0.015145514551455144
net_eta-5.979591846466064_gamma0.32653060555458_ruleMatchingIndex_id002.npy,-5.979591846466064,0.32653060555458,0.007428351998557001,-0.058673867386738666
net_eta-0.816326498985291_gamma0.506122469902038_ruleMatchingIndex_id002.npy,-0.816326498985291,0.506122469902038,0.4053319156014208,0.16414041404140411
net_eta1.877551078796386_gamma0.461224496364593_ruleMatchingIndex_id002.npy,1.877551078796386,0.461224496364593,0.41434734158700903,0.2715271527152715
net_eta-3.061224460601807_gamma0.371428549289703_ruleMatchingIndex_id008.npy,-3.061224460601807,0.371428549289703,0.5226199847598005,0.14507050705070507
net_eta-2.836734771728516_gamma0.551020383834838_ruleMatchingIndex_id002.npy,-2.836734771728516,0.551020383834838,0.011223390722586116,-0.06483048304830481
net_eta3.0_gamma0.461224496364593_ruleMatchingIndex_id000.npy,3.0,0.461224496364593,0.07093066883755222,-0.20553255325532552
net_eta-6.204081535339355_gamma0.640816330909729_ruleMatchingIndex_id008.npy,-6.204081535339355,0.640816330909729,0.060497220139916374,0.08116411641164115
net_eta-0.816326498985291_gamma0.259183675050735_ruleMatchingIndex_id006.npy,-0.816326498985291,0.259183675050735,0.8048116921232188,0.7928232823282327
net_eta-4.857142925262451_gamma0.551020383834838_ruleMatchingIndex_id008.npy,-4.857142925262451,0.551020383834838,0.03367367436640069,0.06304230423042304
net_eta-7.326530456542969_gamma0.663265287876129_ruleMatchingIndex_id001.npy,-7.326530456542969,0.663265287876129,0.025636232482934437,-0.000408040804080408
net_eta-2.387754917144776_gamma0.640816330909729_ruleMatchingIndex_id002.npy,-2.387754917144776,0.640816330909729,0.48837796565199787,0.16513651365136509
net_eta-6.428571224212646_gamma0.416326522827148_ruleMatchingIndex_id000.npy,-6.428571224212646,0.416326522827148,0.042892051779319165,0.03771977197719772
net_eta-1.714285612106324_gamma0.663265287876129_ruleMatchingIndex_id001.npy,-1.714285612106324,0.663265287876129,0.38592572101909883,0.26286307489789745
net_eta1.204081654548645_gamma0.685714304447174_ruleMatchingIndex_id000.npy,1.204081654548645,0.685714304447174,0.08263718892943545,0.015241524152415238
net_eta-1.040816307067872_gamma0.416326522827148_ruleMatchingIndex_id008.npy,-1.040816307067872,0.416326522827148,0.3988331269951183,0.4724392439243924
net_eta-7.775510311126709_gamma0.932653069496154_ruleMatchingIndex_id001.npy,-7.775510311126709,0.932653069496154,0.028036172504536994,0.04346834683468346
net_eta-1.714285612106324_gamma0.21428570151329_ruleMatchingIndex_id009.npy,-1.714285612106324,0.21428570151329,0.49421233940135256,0.26883888388838884
net_eta0.755102038383483_gamma0.797959208488464_ruleMatchingIndex_id007.npy,0.755102038383483,0.797959208488464,0.17123330861422786,0.32273627362736274
net_eta-6.877551078796387_gamma-0.010204084217549_ruleMatchingIndex_id008.npy,-6.877551078796387,-0.010204084217549,0.22412780280547157,0.21818181818181814
net_eta-1.489795923233033_gamma0.820408165454864_ruleMatchingIndex_id001.npy,-1.489795923233033,0.820408165454864,0.1584397691364397,0.5068062010409881
net_eta-6.204081535339355_gamma0.102040812373161_ruleMatchingIndex_id002.npy,-6.204081535339355,0.102040812373161,0.1099513277764492,0.09152115211521152
net_eta-4.63265323638916_gamma0.551020383834838_ruleMatchingIndex_id004.npy,-4.63265323638916,0.551020383834838,0.23261384756094616,0.1066186618661866
net_eta-7.102040767669678_gamma0.461224496364593_ruleMatchingIndex_id006.npy,-7.102040767669678,0.461224496364593,0.0632566249725953,0.06195019501950194
net_eta-5.530612468719482_gamma0.079591833055019_ruleMatchingIndex_id007.npy,-5.530612468719482,0.079591833055019,0.12117517768793624,0.12046804680468046
net_eta-5.306122303009033_gamma0.124489791691303_ruleMatchingIndex_id008.npy,-5.306122303009033,0.124489791691303,0.021942757365579865,0.0381038103810381
net_eta-1.938775420188904_gamma-0.032653063535691_ruleMatchingIndex_id004.npy,-1.938775420188904,-0.032653063535691,0.7179066310330334,0.7108190819081909
net_eta-5.530612468719482_gamma0.483673483133316_ruleMatchingIndex_id000.npy,-5.530612468719482,0.483673483133316,6.283649204116837e-06,-0.012217221722172216
net_eta0.081632688641548_gamma0.551020383834838_ruleMatchingIndex_id000.npy,0.081632688641548,0.551020383834838,0.029590584888860294,-0.3461266126612661
net_eta-7.551020622253418_gamma0.281632661819458_ruleMatchingIndex_id003.npy,-7.551020622253418,0.281632661819458,0.04432130719570918,0.027710771077107708
net_eta-1.714285612106324_gamma0.079591833055019_ruleMatchingIndex_id005.npy,-1.714285612106324,0.079591833055019,0.48899176105506137,0.39823582358235815
net_eta-5.530612468719482_gamma0.461224496364593_ruleMatchingIndex_id003.npy,-5.530612468719482,0.461224496364593,0.04654075760686467,0.058517851785178515
net_eta-4.408163070678711_gamma-0.032653063535691_ruleMatchingIndex_id004.npy,-4.408163070678711,-0.032653063535691,0.5416003322251247,0.5304770477047703
net_eta-4.408163070678711_gamma0.461224496364593_ruleMatchingIndex_id003.npy,-4.408163070678711,0.461224496364593,0.4835378947980027,0.6232343234323433
net_eta-7.775510311126709_gamma-0.055102042853833_ruleMatchingIndex_id004.npy,-7.775510311126709,-0.055102042853833,0.0659284419737374,0.12826882688268826
net_eta-5.081632614135742_gamma0.281632661819458_ruleMatchingIndex_id001.npy,-5.081632614135742,0.281632661819458,0.08779948039653343,0.11188718871887188
net_eta-4.408163070678711_gamma-0.010204084217549_ruleMatchingIndex_id004.npy,-4.408163070678711,-0.010204084217549,0.9027724070577825,0.9165796579657964
net_eta1.653061270713806_gamma0.438775509595871_ruleMatchingIndex_id004.npy,1.653061270713806,0.438775509595871,0.13789278518299994,0.24385311687213526
net_eta-8.0_gamma0.887755095958709_ruleMatchingIndex_id003.npy,-8.0,0.887755095958709,0.08778645327073531,0.1145034503450345
net_eta-0.816326498985291_gamma0.416326522827148_ruleMatchingIndex_id000.npy,-0.816326498985291,0.416326522827148,0.19096957843507056,-0.4298829882988298
net_eta-7.102040767669678_gamma0.304081618785858_ruleMatchingIndex_id000.npy,-7.102040767669678,0.304081618785858,0.1480057013051373,0.12836483648364835
net_eta-4.63265323638916_gamma0.753061234951019_ruleMatchingIndex_id001.npy,-4.63265323638916,0.753061234951019,0.21857143139319427,0.1929192919291929
net_eta-4.408163070678711_gamma-0.010204084217549_ruleMatchingIndex_id008.npy,-4.408163070678711,-0.010204084217549,0.8925947251785453,0.8659585958595858
net_eta-8.0_gamma1.0_ruleMatchingIndex_id006.npy,-8.0,1.0,0.007615015600451264,-0.003768376837683768
net_eta1.877551078796386_gamma0.304081618785858_ruleMatchingIndex_id002.npy,1.877551078796386,0.304081618785858,0.4578678714521168,0.41237323732373227
net_eta-5.306122303009033_gamma0.21428570151329_ruleMatchingIndex_id003.npy,-5.306122303009033,0.21428570151329,0.26373275680003083,0.26139813981398136
net_eta2.551020383834839_gamma0.820408165454864_ruleMatchingIndex_id001.npy,2.551020383834839,0.820408165454864,0.11401991314194082,0.13689768976897687
net_eta-5.081632614135742_gamma0.259183675050735_ruleMatchingIndex_id002.npy,-5.081632614135742,0.259183675050735,0.10089561975170139,0.14679867986798678
net_eta-5.081632614135742_gamma0.528571426868438_ruleMatchingIndex_id005.npy,-5.081632614135742,0.528571426868438,0.03941104944787521,0.06414641464146414
net_eta-4.408163070678711_gamma0.236734688282012_ruleMatchingIndex_id008.npy,-4.408163070678711,0.236734688282012,0.04331412879808387,-0.15235523552355235
net_eta-8.0_gamma0.887755095958709_ruleMatchingIndex_id009.npy,-8.0,0.887755095958709,0.05453334463357636,0.041644164416441636
net_eta1.204081654548645_gamma-0.100000001490117_ruleMatchingIndex_id006.npy,1.204081654548645,-0.100000001490117,0.12804209146187484,0.12537653765376536
net_eta-5.979591846466064_gamma0.887755095958709_ruleMatchingIndex_id004.npy,-5.979591846466064,0.887755095958709,0.09169139600806678,0.07173117311731173
net_eta0.979591846466064_gamma0.685714304447174_ruleMatchingIndex_id006.npy,0.979591846466064,0.685714304447174,0.5469104044543851,0.40282028202820275
net_eta-3.510204076766968_gamma-0.077551022171975_ruleMatchingIndex_id008.npy,-3.510204076766968,-0.077551022171975,0.8387914863413735,0.8742994299429941
net_eta0.755102038383483_gamma0.057142853736877_ruleMatchingIndex_id000.npy,0.755102038383483,0.057142853736877,0.009878330586731425,-0.015493549354935493
net_eta-1.040816307067872_gamma0.034693874418735_ruleMatchingIndex_id002.npy,-1.040816307067872,0.034693874418735,0.08468864539642396,0.08362436243624362
net_eta-0.816326498985291_gamma0.32653060555458_ruleMatchingIndex_id008.npy,-0.816326498985291,0.32653060555458,0.3010625035311154,0.304998499849985
net_eta-7.326530456542969_gamma0.438775509595871_ruleMatchingIndex_id004.npy,-7.326530456542969,0.438775509595871,0.03530661813628286,0.013525352535253523
net_eta0.979591846466064_gamma-0.100000001490117_ruleMatchingIndex_id003.npy,0.979591846466064,-0.100000001490117,0.06646724603032673,0.0511971197119712
net_eta-2.836734771728516_gamma1.0_ruleMatchingIndex_id009.npy,-2.836734771728516,1.0,0.007727324940714479,-0.3432413538609924
net_eta-2.163265228271485_gamma0.371428549289703_ruleMatchingIndex_id004.npy,-2.163265228271485,0.371428549289703,0.5896698457840971,0.4787758775877587
net_eta-7.775510311126709_gamma0.393877536058425_ruleMatchingIndex_id003.npy,-7.775510311126709,0.393877536058425,0.01692146063589096,0.01104110411041104
net_eta1.428571462631225_gamma0.461224496364593_ruleMatchingIndex_id004.npy,1.428571462631225,0.461224496364593,0.495152601712623,0.15800780078007795
net_eta-4.18367338180542_gamma0.21428570151329_ruleMatchingIndex_id004.npy,-4.18367338180542,0.21428570151329,0.4332403142372919,0.47531953195319526
net_eta-4.18367338180542_gamma0.551020383834838_ruleMatchingIndex_id002.npy,-4.18367338180542,0.551020383834838,0.038645699305180636,-0.13044104410441043
net_eta2.102040767669677_gamma0.955102026462554_ruleMatchingIndex_id006.npy,2.102040767669677,0.955102026462554,0.07177430444871206,0.07349534953495349
net_eta0.755102038383483_gamma0.461224496364593_ruleMatchingIndex_id005.npy,0.755102038383483,0.461224496364593,0.5278716578377153,0.18799879987998797
net_eta2.102040767669677_gamma0.797959208488464_ruleMatchingIndex_id002.npy,2.102040767669677,0.797959208488464,0.2701614247375581,0.33489348934893487
net_eta-7.551020622253418_gamma-0.010204084217549_ruleMatchingIndex_id008.npy,-7.551020622253418,-0.010204084217549,0.25928866736285444,0.25088508850885083
net_eta-5.755102157592773_gamma0.461224496364593_ruleMatchingIndex_id004.npy,-5.755102157592773,0.461224496364593,0.07395584769640477,0.012577257725772575
net_eta1.204081654548645_gamma0.887755095958709_ruleMatchingIndex_id005.npy,1.204081654548645,0.887755095958709,0.14884663823430172,0.22047404740474044
net_eta-2.612245082855225_gamma-0.100000001490117_ruleMatchingIndex_id005.npy,-2.612245082855225,-0.100000001490117,0.48992281607443144,0.5237563756375637
net_eta-6.653061389923096_gamma0.416326522827148_ruleMatchingIndex_id009.npy,-6.653061389923096,0.416326522827148,0.0478317474204367,0.003792379237923792
net_eta2.775510311126709_gamma0.663265287876129_ruleMatchingIndex_id006.npy,2.775510311126709,0.663265287876129,0.025150252095585912,0.17844584458445842
net_eta2.551020383834839_gamma0.483673483133316_ruleMatchingIndex_id006.npy,2.551020383834839,0.483673483133316,0.5222129714453524,0.296021602160216
net_eta-6.428571224212646_gamma0.618367373943328_ruleMatchingIndex_id008.npy,-6.428571224212646,0.618367373943328,0.11031625020023171,0.16246024602460246
net_eta-7.775510311126709_gamma0.797959208488464_ruleMatchingIndex_id000.npy,-7.775510311126709,0.797959208488464,0.006508455950417304,-0.0035523552355235517
net_eta-5.979591846466064_gamma0.865306138992309_ruleMatchingIndex_id005.npy,-5.979591846466064,0.865306138992309,0.1916791846575774,0.19529552955295526
net_eta-0.36734688282013_gamma-0.032653063535691_ruleMatchingIndex_id005.npy,-0.36734688282013,-0.032653063535691,0.11151913384047658,0.07944794479447945
net_eta-2.612245082855225_gamma0.057142853736877_ruleMatchingIndex_id007.npy,-2.612245082855225,0.057142853736877,0.8805975441401339,0.8537773777377737
net_eta-6.428571224212646_gamma0.124489791691303_ruleMatchingIndex_id003.npy,-6.428571224212646,0.124489791691303,0.10469136960264576,0.13904590459045904
net_eta-4.63265323638916_gamma0.865306138992309_ruleMatchingIndex_id008.npy,-4.63265323638916,0.865306138992309,0.3706151806710051,0.38228622862286227
net_eta2.326530694961548_gamma0.573469400405883_ruleMatchingIndex_id004.npy,2.326530694961548,0.573469400405883,0.5184568314281371,0.5297449744974496
net_eta-5.081632614135742_gamma0.304081618785858_ruleMatchingIndex_id003.npy,-5.081632614135742,0.304081618785858,0.028788731754982713,0.001908190819081908
net_eta-4.857142925262451_gamma0.708163261413574_ruleMatchingIndex_id008.npy,-4.857142925262451,0.708163261413574,0.03018014544656083,0.006444644464446443
net_eta0.306122481822967_gamma0.371428549289703_ruleMatchingIndex_id001.npy,0.306122481822967,0.371428549289703,0.5449083866051221,0.5785778577857784
net_eta-6.428571224212646_gamma0.753061234951019_ruleMatchingIndex_id006.npy,-6.428571224212646,0.753061234951019,0.01800567591599734,-0.020042004200420037
net_eta2.551020383834839_gamma-0.032653063535691_ruleMatchingIndex_id005.npy,2.551020383834839,-0.032653063535691,0.1132891674355114,0.09612961296129613
net_eta-0.816326498985291_gamma0.438775509595871_ruleMatchingIndex_id000.npy,-0.816326498985291,0.438775509595871,0.22693841674005155,0.5135913591359135
net_eta0.979591846466064_gamma0.146938771009445_ruleMatchingIndex_id000.npy,0.979591846466064,0.146938771009445,0.0655618774877034,0.05333333333333333
net_eta1.428571462631225_gamma0.730612277984619_ruleMatchingIndex_id004.npy,1.428571462631225,0.730612277984619,0.1751953194052831,0.1333093309330933
net_eta2.326530694961548_gamma0.348979592323303_ruleMatchingIndex_id002.npy,2.326530694961548,0.348979592323303,0.5043452525643716,0.30793971779231843
net_eta-1.265306115150452_gamma0.079591833055019_ruleMatchingIndex_id004.npy,-1.265306115150452,0.079591833055019,0.1663678899741818,0.2269066906690669
net_eta-3.285714387893677_gamma0.102040812373161_ruleMatchingIndex_id006.npy,-3.285714387893677,0.102040812373161,0.4740751139605965,0.5613681368136813
net_eta-7.102040767669678_gamma0.775510191917419_ruleMatchingIndex_id007.npy,-7.102040767669678,0.775510191917419,0.04451451051411551,0.013813381338133812
net_eta3.0_gamma0.079591833055019_ruleMatchingIndex_id006.npy,3.0,0.079591833055019,0.07524454110325997,0.055349534953495344
net_eta-3.285714387893677_gamma0.124489791691303_ruleMatchingIndex_id003.npy,-3.285714387893677,0.124489791691303,0.11033461036189707,0.24123612361236124
net_eta-6.877551078796387_gamma0.102040812373161_ruleMatchingIndex_id007.npy,-6.877551078796387,0.102040812373161,0.05610311865880709,0.07839183918391837
net_eta-0.816326498985291_gamma0.102040812373161_ruleMatchingIndex_id001.npy,-0.816326498985291,0.102040812373161,0.2719860323012439,0.31117911791179115
net_eta1.204081654548645_gamma0.102040812373161_ruleMatchingIndex_id009.npy,1.204081654548645,0.102040812373161,0.05329201482191669,0.06957095709570957
net_eta2.551020383834839_gamma0.753061234951019_ruleMatchingIndex_id003.npy,2.551020383834839,0.753061234951019,0.1456788822563699,0.07273927392739274
net_eta-5.755102157592773_gamma0.483673483133316_ruleMatchingIndex_id003.npy,-5.755102157592773,0.483673483133316,0.010599069857610544,0.024434443444344433
net_eta2.102040767669677_gamma0.910204052925109_ruleMatchingIndex_id002.npy,2.102040767669677,0.910204052925109,0.029795420778314863,-0.0007080729315151326
net_eta2.551020383834839_gamma0.034693874418735_ruleMatchingIndex_id009.npy,2.551020383834839,0.034693874418735,0.0760131665870244,0.039027902790279026
net_eta-7.326530456542969_gamma0.259183675050735_ruleMatchingIndex_id005.npy,-7.326530456542969,0.259183675050735,0.020843752376847505,0.03847584758475848
net_eta-6.653061389923096_gamma0.842857122421264_ruleMatchingIndex_id008.npy,-6.653061389923096,0.842857122421264,0.09451651372319006,0.09804980498049803
net_eta-7.326530456542969_gamma0.663265287876129_ruleMatchingIndex_id007.npy,-7.326530456542969,0.663265287876129,0.051587586097487835,0.062478247824782465
net_eta1.877551078796386_gamma0.977551043033599_ruleMatchingIndex_id001.npy,1.877551078796386,0.977551043033599,0.019698102594617982,-0.13094509450945094
net_eta-7.326530456542969_gamma0.079591833055019_ruleMatchingIndex_id001.npy,-7.326530456542969,0.079591833055019,0.03254134818787253,0.0865046504650465
net_eta-6.204081535339355_gamma0.057142853736877_ruleMatchingIndex_id007.npy,-6.204081535339355,0.057142853736877,0.12145931327865439,0.10731473147314731
net_eta0.530612289905548_gamma0.595918357372283_ruleMatchingIndex_id009.npy,0.530612289905548,0.595918357372283,0.10159284050899542,0.2028082808280828
net_eta-8.0_gamma0.348979592323303_ruleMatchingIndex_id000.npy,-8.0,0.348979592323303,0.03184659211226246,0.014665466546654665
net_eta-3.285714387893677_gamma0.797959208488464_ruleMatchingIndex_id006.npy,-3.285714387893677,0.797959208488464,0.10935951307879005,0.2955535553555355
net_eta-3.285714387893677_gamma0.21428570151329_ruleMatchingIndex_id008.npy,-3.285714387893677,0.21428570151329,0.802666383604301,0.8344039436099469
net_eta1.653061270713806_gamma-0.010204084217549_ruleMatchingIndex_id000.npy,1.653061270713806,-0.010204084217549,0.07763037977306925,0.04118811881188119
net_eta0.081632688641548_gamma0.438775509595871_ruleMatchingIndex_id002.npy,0.081632688641548,0.438775509595871,0.553199155984686,0.37899789978997894
net_eta0.530612289905548_gamma0.528571426868438_ruleMatchingIndex_id001.npy,0.530612289905548,0.528571426868438,0.06252089263242402,-0.4614701470147014
net_eta0.755102038383483_gamma0.057142853736877_ruleMatchingIndex_id001.npy,0.755102038383483,0.057142853736877,0.0522342102463429,0.018865886588658863
net_eta2.326530694961548_gamma0.124489791691303_ruleMatchingIndex_id008.npy,2.326530694961548,0.124489791691303,0.06244412749674483,0.07273927392739274
net_eta-3.959183692932129_gamma0.236734688282012_ruleMatchingIndex_id002.npy,-3.959183692932129,0.236734688282012,0.22780364042653484,0.4507650765076507
net_eta1.204081654548645_gamma0.169387757778167_ruleMatchingIndex_id007.npy,1.204081654548645,0.169387757778167,0.06197891634432921,0.06651065106510651
net_eta-4.18367338180542_gamma0.685714304447174_ruleMatchingIndex_id007.npy,-4.18367338180542,0.685714304447174,0.02365560057851145,0.1840984098409841
net_eta-0.36734688282013_gamma0.595918357372283_ruleMatchingIndex_id002.npy,-0.36734688282013,0.595918357372283,0.2067938275870277,0.45980198019801977
net_eta-7.102040767669678_gamma0.483673483133316_ruleMatchingIndex_id000.npy,-7.102040767669678,0.483673483133316,0.14526041740049708,0.12657665766576656
net_eta-0.142857104539872_gamma0.820408165454864_ruleMatchingIndex_id007.npy,-0.142857104539872,0.820408165454864,0.10372666163342517,0.4955415541554155
net_eta-6.877551078796387_gamma-0.077551022171975_ruleMatchingIndex_id009.npy,-6.877551078796387,-0.077551022171975,0.030802684807012183,0.06713471347134713
net_eta-1.714285612106324_gamma0.438775509595871_ruleMatchingIndex_id008.npy,-1.714285612106324,0.438775509595871,0.3595024097733831,0.5241779903353635
net_eta1.877551078796386_gamma-0.010204084217549_ruleMatchingIndex_id006.npy,1.877551078796386,-0.010204084217549,0.2250618449449986,0.1799339933993399
net_eta1.428571462631225_gamma0.730612277984619_ruleMatchingIndex_id009.npy,1.428571462631225,0.730612277984619,0.050038427685048424,-0.10976429360878809
net_eta-2.163265228271485_gamma0.528571426868438_ruleMatchingIndex_id009.npy,-2.163265228271485,0.528571426868438,0.4892438761808411,0.18479447944794478
net_eta-7.102040767669678_gamma0.32653060555458_ruleMatchingIndex_id003.npy,-7.102040767669678,0.32653060555458,0.08449815754733028,0.04664866486648664
net_eta-4.857142925262451_gamma0.079591833055019_ruleMatchingIndex_id003.npy,-4.857142925262451,0.079591833055019,0.21222190708589167,0.20770477047704772
net_eta0.530612289905548_gamma0.169387757778167_ruleMatchingIndex_id002.npy,0.530612289905548,0.169387757778167,0.07598514750096118,0.09294929492949294
net_eta-4.857142925262451_gamma0.753061234951019_ruleMatchingIndex_id002.npy,-4.857142925262451,0.753061234951019,0.133727380696897,0.14403840384038402
net_eta-0.36734688282013_gamma0.416326522827148_ruleMatchingIndex_id005.npy,-0.36734688282013,0.416326522827148,0.49005609266073613,0.3748574857485748
net_eta-2.387754917144776_gamma0.32653060555458_ruleMatchingIndex_id007.npy,-2.387754917144776,0.32653060555458,0.24140527015927338,0.5157155715571557
net_eta-0.142857104539872_gamma0.461224496364593_ruleMatchingIndex_id008.npy,-0.142857104539872,0.461224496364593,0.23809835889117476,0.471059105910591
net_eta-4.18367338180542_gamma0.618367373943328_ruleMatchingIndex_id008.npy,-4.18367338180542,0.618367373943328,0.37420700230033344,0.4085208520852085
net_eta3.0_gamma0.483673483133316_ruleMatchingIndex_id009.npy,3.0,0.483673483133316,0.1954427203197336,0.11965196519651963
net_eta1.204081654548645_gamma0.663265287876129_ruleMatchingIndex_id002.npy,1.204081654548645,0.663265287876129,0.19731327493338077,0.08989525921210341
net_eta0.530612289905548_gamma-0.055102042853833_ruleMatchingIndex_id004.npy,0.530612289905548,-0.055102042853833,0.10442832282926717,0.12584458445844582
net_eta-1.938775420188904_gamma0.281632661819458_ruleMatchingIndex_id006.npy,-1.938775420188904,0.281632661819458,0.052734198059006386,-0.25788178817881785
net_eta-3.734694004058838_gamma0.259183675050735_ruleMatchingIndex_id007.npy,-3.734694004058838,0.259183675050735,0.6379177940413903,0.6713351335133512
net_eta-1.489795923233033_gamma0.685714304447174_ruleMatchingIndex_id007.npy,-1.489795923233033,0.685714304447174,0.2528623773555384,0.40260546836505345
net_eta0.979591846466064_gamma0.259183675050735_ruleMatchingIndex_id006.npy,0.979591846466064,0.259183675050735,0.3013262937983319,0.3635643564356435
net_eta-4.408163070678711_gamma0.618367373943328_ruleMatchingIndex_id003.npy,-4.408163070678711,0.618367373943328,0.11407604853934235,0.07432343234323432
net_eta0.306122481822967_gamma0.640816330909729_ruleMatchingIndex_id007.npy,0.306122481822967,0.640816330909729,0.5618287263571018,0.38239538672655377
net_eta-2.612245082855225_gamma0.304081618785858_ruleMatchingIndex_id007.npy,-2.612245082855225,0.304081618785858,0.1300719807064004,0.3534233423342334
net_eta-1.265306115150452_gamma0.663265287876129_ruleMatchingIndex_id002.npy,-1.265306115150452,0.663265287876129,0.4827146537280175,0.32987698769876983
net_eta-1.265306115150452_gamma0.573469400405883_ruleMatchingIndex_id009.npy,-1.265306115150452,0.573469400405883,0.15051356184451897,0.5207920792079207
net_eta3.0_gamma0.977551043033599_ruleMatchingIndex_id002.npy,3.0,0.977551043033599,0.06474717266035648,0.12236423642364236
net_eta-1.938775420188904_gamma0.977551043033599_ruleMatchingIndex_id003.npy,-1.938775420188904,0.977551043033599,0.4881487057986909,0.22397306922713836
net_eta-3.061224460601807_gamma0.416326522827148_ruleMatchingIndex_id001.npy,-3.061224460601807,0.416326522827148,0.3696153833021381,0.5047224722472247
net_eta0.979591846466064_gamma0.034693874418735_ruleMatchingIndex_id003.npy,0.979591846466064,0.034693874418735,0.042281162977080844,0.03023102310231023
net_eta-4.408163070678711_gamma0.32653060555458_ruleMatchingIndex_id000.npy,-4.408163070678711,0.32653060555458,0.3609057279369102,0.40904890489048895
net_eta-6.428571224212646_gamma0.753061234951019_ruleMatchingIndex_id000.npy,-6.428571224212646,0.753061234951019,0.05869537078244361,0.05399339933993399
net_eta-3.734694004058838_gamma0.753061234951019_ruleMatchingIndex_id004.npy,-3.734694004058838,0.753061234951019,0.25789094159957027,0.5059465946594659
net_eta3.0_gamma0.034693874418735_ruleMatchingIndex_id001.npy,3.0,0.034693874418735,0.12370012336317673,0.1731293129312931
net_eta0.306122481822967_gamma0.169387757778167_ruleMatchingIndex_id002.npy,0.306122481822967,0.169387757778167,0.08128324644020912,0.16925292529252925
net_eta2.326530694961548_gamma0.977551043033599_ruleMatchingIndex_id003.npy,2.326530694961548,0.977551043033599,0.055541325237578744,0.12786116970105463
net_eta-4.63265323638916_gamma0.842857122421264_ruleMatchingIndex_id002.npy,-4.63265323638916,0.842857122421264,0.15021541516239537,0.11127512751275126
net_eta2.775510311126709_gamma0.281632661819458_ruleMatchingIndex_id007.npy,2.775510311126709,0.281632661819458,0.044802260236381494,0.1449144914491449
net_eta-7.326530456542969_gamma0.955102026462554_ruleMatchingIndex_id009.npy,-7.326530456542969,0.955102026462554,0.09764179196849965,0.15205520552055204
net_eta-7.102040767669678_gamma0.753061234951019_ruleMatchingIndex_id008.npy,-7.102040767669678,0.753061234951019,0.12018463710470187,0.12354035403540353
net_eta-2.612245082855225_gamma0.685714304447174_ruleMatchingIndex_id002.npy,-2.612245082855225,0.685714304447174,0.0950585585364413,0.5268062610472587
net_eta2.102040767669677_gamma0.124489791691303_ruleMatchingIndex_id006.npy,2.102040767669677,0.124489791691303,0.13533730338204877,0.10235823582358233
net_eta-2.387754917144776_gamma1.0_ruleMatchingIndex_id001.npy,-2.387754917144776,1.0,0.49586948172634643,0.15105910591059105
net_eta-3.959183692932129_gamma0.865306138992309_ruleMatchingIndex_id009.npy,-3.959183692932129,0.865306138992309,0.03476905030468173,-0.25285328532853285
net_eta0.530612289905548_gamma0.842857122421264_ruleMatchingIndex_id009.npy,0.530612289905548,0.842857122421264,0.00790882792789289,-0.4255265526552655
net_eta0.979591846466064_gamma0.573469400405883_ruleMatchingIndex_id000.npy,0.979591846466064,0.573469400405883,0.17413704523479215,0.2145454545454545
net_eta-6.204081535339355_gamma0.730612277984619_ruleMatchingIndex_id008.npy,-6.204081535339355,0.730612277984619,0.04610825187510781,0.03114311431143114
net_eta2.551020383834839_gamma0.753061234951019_ruleMatchingIndex_id005.npy,2.551020383834839,0.753061234951019,0.09759794648101758,0.4383918391839184
net_eta-2.387754917144776_gamma0.842857122421264_ruleMatchingIndex_id003.npy,-2.387754917144776,0.842857122421264,0.09963913042917474,-0.5037878901549532
net_eta2.551020383834839_gamma0.438775509595871_ruleMatchingIndex_id008.npy,2.551020383834839,0.438775509595871,0.030265441588877517,-0.21596224411211548
net_eta0.081632688641548_gamma0.124489791691303_ruleMatchingIndex_id007.npy,0.081632688641548,0.124489791691303,0.21994765881887676,0.24432043204320428
net_eta3.0_gamma0.753061234951019_ruleMatchingIndex_id003.npy,3.0,0.753061234951019,0.0744336247599083,0.0632947092403189
net_eta2.551020383834839_gamma0.461224496364593_ruleMatchingIndex_id008.npy,2.551020383834839,0.461224496364593,0.4310563800350832,0.45930993099309925
net_eta-4.18367338180542_gamma0.281632661819458_ruleMatchingIndex_id009.npy,-4.18367338180542,0.281632661819458,0.378694846948449,0.3512871287128712
net_eta-3.285714387893677_gamma0.438775509595871_ruleMatchingIndex_id007.npy,-3.285714387893677,0.438775509595871,0.5754221271378601,0.6266906690669066
net_eta-7.551020622253418_gamma0.32653060555458_ruleMatchingIndex_id000.npy,-7.551020622253418,0.32653060555458,0.13138071031868004,0.12154815481548153
net_eta-1.714285612106324_gamma0.640816330909729_ruleMatchingIndex_id007.npy,-1.714285612106324,0.640816330909729,0.2702574915450855,0.35265526552655263
net_eta-0.816326498985291_gamma0.932653069496154_ruleMatchingIndex_id008.npy,-0.816326498985291,0.932653069496154,0.477967143359091,0.14457845784578457
net_eta-7.551020622253418_gamma0.955102026462554_ruleMatchingIndex_id005.npy,-7.551020622253418,0.955102026462554,0.048790770622732786,0.01602160216021602
net_eta-3.061224460601807_gamma0.685714304447174_ruleMatchingIndex_id008.npy,-3.061224460601807,0.685714304447174,0.17284802588250703,0.2832043204320432
net_eta-2.163265228271485_gamma0.955102026462554_ruleMatchingIndex_id003.npy,-2.163265228271485,0.955102026462554,0.23602083122266315,0.4902730273027302
net_eta0.306122481822967_gamma-0.055102042853833_ruleMatchingIndex_id000.npy,0.306122481822967,-0.055102042853833,0.048728060394043135,0.035931593159315926
net_eta0.979591846466064_gamma0.393877536058425_ruleMatchingIndex_id003.npy,0.979591846466064,0.393877536058425,0.33622812895271503,0.3136753675367536
net_eta-5.755102157592773_gamma0.528571426868438_ruleMatchingIndex_id007.npy,-5.755102157592773,0.528571426868438,0.08733622949929772,0.0842124212421242
net_eta-4.408163070678711_gamma0.955102026462554_ruleMatchingIndex_id003.npy,-4.408163070678711,0.955102026462554,0.06645437307012256,0.03097509750975097
net_eta2.775510311126709_gamma0.371428549289703_ruleMatchingIndex_id004.npy,2.775510311126709,0.371428549289703,0.0409062041152555,-0.059873987398739864
net_eta3.0_gamma0.348979592323303_ruleMatchingIndex_id008.npy,3.0,0.348979592323303,0.48633139582420243,0.3618001800180018
net_eta-3.959183692932129_gamma0.932653069496154_ruleMatchingIndex_id000.npy,-3.959183692932129,0.932653069496154,0.19046144446180263,0.38635463546354626
net_eta-4.408163070678711_gamma-0.100000001490117_ruleMatchingIndex_id007.npy,-4.408163070678711,-0.100000001490117,0.7897796685663694,0.813981398139814
net_eta-0.142857104539872_gamma0.102040812373161_ruleMatchingIndex_id000.npy,-0.142857104539872,0.102040812373161,0.44044373446568774,0.44889288928892884
net_eta-0.59183669090271_gamma0.438775509595871_ruleMatchingIndex_id005.npy,-0.59183669090271,0.438775509595871,0.14276297641936547,0.31727572757275724
net_eta-7.102040767669678_gamma0.169387757778167_ruleMatchingIndex_id003.npy,-7.102040767669678,0.169387757778167,0.1028220208307182,0.17977797779777976
net_eta-2.387754917144776_gamma0.685714304447174_ruleMatchingIndex_id004.npy,-2.387754917144776,0.685714304447174,0.30614305332584957,0.4985778577857785
net_eta-0.816326498985291_gamma0.416326522827148_ruleMatchingIndex_id004.npy,-0.816326498985291,0.416326522827148,0.5216770037937157,0.15372337233723368
net_eta2.551020383834839_gamma0.21428570151329_ruleMatchingIndex_id004.npy,2.551020383834839,0.21428570151329,0.07582109203724818,-0.04984098409840984
net_eta-1.489795923233033_gamma0.730612277984619_ruleMatchingIndex_id000.npy,-1.489795923233033,0.730612277984619,0.053073860315298114,0.48282028202820276
net_eta-1.265306115150452_gamma0.438775509595871_ruleMatchingIndex_id004.npy,-1.265306115150452,0.438775509595871,0.5787832653117666,0.22546654665466545
net_eta2.775510311126709_gamma-0.055102042853833_ruleMatchingIndex_id000.npy,2.775510311126709,-0.055102042853833,0.059340012779211304,0.0732193219321932
net_eta2.775510311126709_gamma0.057142853736877_ruleMatchingIndex_id006.npy,2.775510311126709,0.057142853736877,0.019678685774166246,0.044536453645364536
net_eta-0.816326498985291_gamma0.865306138992309_ruleMatchingIndex_id004.npy,-0.816326498985291,0.865306138992309,0.2082411467345542,0.4461086108610861
net_eta-5.979591846466064_gamma0.348979592323303_ruleMatchingIndex_id002.npy,-5.979591846466064,0.348979592323303,0.14997835269955168,0.15937593759375934
net_eta-2.836734771728516_gamma0.618367373943328_ruleMatchingIndex_id008.npy,-2.836734771728516,0.618367373943328,0.10043808176378226,0.49716171617161703
net_eta-4.408163070678711_gamma0.573469400405883_ruleMatchingIndex_id008.npy,-4.408163070678711,0.573469400405883,0.43738389334752664,0.4412361236123612
net_eta1.877551078796386_gamma0.977551043033599_ruleMatchingIndex_id003.npy,1.877551078796386,0.977551043033599,0.03662773112732202,0.20326432643264322
net_eta2.551020383834839_gamma0.079591833055019_ruleMatchingIndex_id000.npy,2.551020383834839,0.079591833055019,0.10612669053900697,0.09154515451545153
net_eta-2.836734771728516_gamma0.102040812373161_ruleMatchingIndex_id009.npy,-2.836734771728516,0.102040812373161,0.18171020826568193,0.12307230723072306
net_eta-3.061224460601807_gamma0.887755095958709_ruleMatchingIndex_id001.npy,-3.061224460601807,0.887755095958709,0.32237496209707994,0.3118751875187519
net_eta-3.959183692932129_gamma0.483673483133316_ruleMatchingIndex_id009.npy,-3.959183692932129,0.483673483133316,0.2903521815882899,0.3407380738073807
net_eta-1.938775420188904_gamma0.32653060555458_ruleMatchingIndex_id002.npy,-1.938775420188904,0.32653060555458,0.5287940507584791,0.35786378637863775
net_eta2.551020383834839_gamma0.371428549289703_ruleMatchingIndex_id001.npy,2.551020383834839,0.371428549289703,0.14247103910151204,0.051353135313531355
net_eta-3.959183692932129_gamma0.034693874418735_ruleMatchingIndex_id004.npy,-3.959183692932129,0.034693874418735,0.7784553112389866,0.816033603360336
net_eta1.877551078796386_gamma0.775510191917419_ruleMatchingIndex_id000.npy,1.877551078796386,0.775510191917419,0.11396246616565406,-0.06125412541254125
net_eta-4.857142925262451_gamma0.236734688282012_ruleMatchingIndex_id008.npy,-4.857142925262451,0.236734688282012,0.10871766652206954,0.0963216321632163
net_eta-5.530612468719482_gamma0.618367373943328_ruleMatchingIndex_id005.npy,-5.530612468719482,0.618367373943328,0.02069273919618564,-0.03143114311431143
net_eta-3.061224460601807_gamma0.21428570151329_ruleMatchingIndex_id003.npy,-3.061224460601807,0.21428570151329,0.5526658410451661,0.45720972097209717
net_eta-1.489795923233033_gamma0.102040812373161_ruleMatchingIndex_id001.npy,-1.489795923233033,0.102040812373161,0.12032734889983317,0.017341734173417337
net_eta-6.428571224212646_gamma0.932653069496154_ruleMatchingIndex_id003.npy,-6.428571224212646,0.932653069496154,0.05834092696003506,0.06076207620762076
net_eta-7.102040767669678_gamma-0.100000001490117_ruleMatchingIndex_id000.npy,-7.102040767669678,-0.100000001490117,0.13787683513147556,0.15338733873387336
net_eta-5.755102157592773_gamma0.842857122421264_ruleMatchingIndex_id003.npy,-5.755102157592773,0.842857122421264,0.005519770948891417,-0.06575457545754575
net_eta-2.612245082855225_gamma0.102040812373161_ruleMatchingIndex_id006.npy,-2.612245082855225,0.102040812373161,0.7514538661435827,0.7387578757875787
net_eta3.0_gamma0.281632661819458_ruleMatchingIndex_id001.npy,3.0,0.281632661819458,0.036601172083030195,0.07215121512151215
net_eta-3.510204076766968_gamma0.416326522827148_ruleMatchingIndex_id008.npy,-3.510204076766968,0.416326522827148,0.06320698218861176,-0.23947194719471945
net_eta-1.938775420188904_gamma0.146938771009445_ruleMatchingIndex_id009.npy,-1.938775420188904,0.146938771009445,0.03300206184874395,0.15497149714971495
net_eta-2.612245082855225_gamma0.955102026462554_ruleMatchingIndex_id000.npy,-2.612245082855225,0.955102026462554,0.28492765327676595,0.5143474347434743
net_eta-5.530612468719482_gamma0.438775509595871_ruleMatchingIndex_id003.npy,-5.530612468719482,0.438775509595871,0.17229637184107327,0.21790579057905787
net_eta-5.755102157592773_gamma0.079591833055019_ruleMatchingIndex_id003.npy,-5.755102157592773,0.079591833055019,0.01327414419654177,-0.026762676267626757
net_eta1.428571462631225_gamma0.21428570151329_ruleMatchingIndex_id005.npy,1.428571462631225,0.21428570151329,0.1886247741486346,0.16178817881788174
net_eta-1.040816307067872_gamma0.236734688282012_ruleMatchingIndex_id003.npy,-1.040816307067872,0.236734688282012,0.014892191337255788,0.20587520514705668
net_eta3.0_gamma0.057142853736877_ruleMatchingIndex_id008.npy,3.0,0.057142853736877,0.0723886062784147,0.03799579957995799
net_eta-6.204081535339355_gamma0.438775509595871_ruleMatchingIndex_id001.npy,-6.204081535339355,0.438775509595871,0.12042844425891484,0.11509150915091508
net_eta-7.102040767669678_gamma0.416326522827148_ruleMatchingIndex_id009.npy,-7.102040767669678,0.416326522827148,0.02577833754999585,0.042760276027602746
net_eta-0.59183669090271_gamma0.102040812373161_ruleMatchingIndex_id007.npy,-0.59183669090271,0.102040812373161,0.2534531921590577,0.20918091809180914
net_eta-2.836734771728516_gamma0.528571426868438_ruleMatchingIndex_id009.npy,-2.836734771728516,0.528571426868438,0.480430985566368,0.5234923492349234
net_eta-1.265306115150452_gamma0.618367373943328_ruleMatchingIndex_id001.npy,-1.265306115150452,0.618367373943328,0.30263674734405477,0.26007800780078005
net_eta-4.63265323638916_gamma0.438775509595871_ruleMatchingIndex_id008.npy,-4.63265323638916,0.438775509595871,0.3833527837803307,0.4162496249624962
net_eta0.979591846466064_gamma0.887755095958709_ruleMatchingIndex_id003.npy,0.979591846466064,0.887755095958709,0.05857994487742982,-0.15494935433884355
net_eta0.530612289905548_gamma0.393877536058425_ruleMatchingIndex_id004.npy,0.530612289905548,0.393877536058425,0.1859618657497421,0.382046204620462
net_eta-2.612245082855225_gamma0.618367373943328_ruleMatchingIndex_id005.npy,-2.612245082855225,0.618367373943328,0.024752191733810328,0.3275607560756076
net_eta-7.551020622253418_gamma0.012244895100593_ruleMatchingIndex_id001.npy,-7.551020622253418,0.012244895100593,0.20619077469873553,0.23776777677767771
net_eta-0.816326498985291_gamma0.21428570151329_ruleMatchingIndex_id002.npy,-0.816326498985291,0.21428570151329,0.10390830487759359,0.12752475247524753
net_eta-0.59183669090271_gamma0.146938771009445_ruleMatchingIndex_id003.npy,-0.59183669090271,0.146938771009445,0.6391048781525681,0.6264386438643864
net_eta0.530612289905548_gamma0.034693874418735_ruleMatchingIndex_id009.npy,0.530612289905548,0.034693874418735,0.03550821042171465,0.08255625562556254
net_eta-4.408163070678711_gamma0.348979592323303_ruleMatchingIndex_id007.npy,-4.408163070678711,0.348979592323303,0.372369168689825,0.42643864386438646
net_eta-0.36734688282013_gamma-0.100000001490117_ruleMatchingIndex_id008.npy,-0.36734688282013,-0.100000001490117,0.11088319690597405,0.10748274827482747
net_eta-3.959183692932129_gamma0.820408165454864_ruleMatchingIndex_id004.npy,-3.959183692932129,0.820408165454864,0.10544734789075427,-0.07614761476147613
net_eta-1.040816307067872_gamma0.797959208488464_ruleMatchingIndex_id003.npy,-1.040816307067872,0.797959208488464,0.4575566257636392,0.3366696669666966
net_eta-7.326530456542969_gamma-0.100000001490117_ruleMatchingIndex_id007.npy,-7.326530456542969,-0.100000001490117,0.29838630408609834,0.26504650465046503
net_eta-3.959183692932129_gamma0.21428570151329_ruleMatchingIndex_id008.npy,-3.959183692932129,0.21428570151329,0.8437421833859964,0.8585778577857786
net_eta-5.979591846466064_gamma0.685714304447174_ruleMatchingIndex_id002.npy,-5.979591846466064,0.685714304447174,0.027180420352004107,-0.01588958895889589
net_eta-0.816326498985291_gamma0.034693874418735_ruleMatchingIndex_id003.npy,-0.816326498985291,0.034693874418735,0.16523880887899184,0.17776177617761774
net_eta-7.102040767669678_gamma0.977551043033599_ruleMatchingIndex_id003.npy,-7.102040767669678,0.977551043033599,0.10966949914957505,0.13674167416741675
net_eta-7.326530456542969_gamma0.506122469902038_ruleMatchingIndex_id006.npy,-7.326530456542969,0.506122469902038,0.18578573157237663,0.19749174917491746
net_eta-0.36734688282013_gamma0.730612277984619_ruleMatchingIndex_id004.npy,-0.36734688282013,0.730612277984619,0.4876625353317003,0.5156555655565556
net_eta-6.877551078796387_gamma0.034693874418735_ruleMatchingIndex_id005.npy,-6.877551078796387,0.034693874418735,0.09736165371385476,0.15458745874587454
net_eta-5.306122303009033_gamma0.259183675050735_ruleMatchingIndex_id007.npy,-5.306122303009033,0.259183675050735,0.3053586709427505,0.2838283828382838
net_eta-3.061224460601807_gamma0.281632661819458_ruleMatchingIndex_id008.npy,-3.061224460601807,0.281632661819458,0.3112874018980146,0.34907890789078905
net_eta-7.551020622253418_gamma0.887755095958709_ruleMatchingIndex_id001.npy,-7.551020622253418,0.887755095958709,0.04302810138255252,0.007236723672367236
net_eta0.755102038383483_gamma0.708163261413574_ruleMatchingIndex_id001.npy,0.755102038383483,0.708163261413574,0.21133893366777257,0.4061926192619262
net_eta2.551020383834839_gamma0.124489791691303_ruleMatchingIndex_id000.npy,2.551020383834839,0.124489791691303,0.027311993750092384,0.03408340834083408
net_eta-3.959183692932129_gamma0.753061234951019_ruleMatchingIndex_id007.npy,-3.959183692932129,0.753061234951019,0.377606624942814,0.4005280528052805
net_eta2.102040767669677_gamma0.528571426868438_ruleMatchingIndex_id007.npy,2.102040767669677,0.528571426868438,0.13826531562403127,-0.17233775078910685
net_eta-3.734694004058838_gamma0.348979592323303_ruleMatchingIndex_id007.npy,-3.734694004058838,0.348979592323303,0.7726251178167809,0.7187878787878788
net_eta0.306122481822967_gamma0.797959208488464_ruleMatchingIndex_id001.npy,0.306122481822967,0.797959208488464,0.10219832585762781,0.5271527152715271
net_eta-2.163265228271485_gamma0.775510191917419_ruleMatchingIndex_id007.npy,-2.163265228271485,0.775510191917419,0.5038521263835725,0.15095109510951096
net_eta-1.265306115150452_gamma0.348979592323303_ruleMatchingIndex_id001.npy,-1.265306115150452,0.348979592323303,0.5732139007988168,0.23086708670867084
net_eta0.530612289905548_gamma0.348979592323303_ruleMatchingIndex_id005.npy,0.530612289905548,0.348979592323303,0.2877259042530756,0.12392439243924391
net_eta-6.877551078796387_gamma0.102040812373161_ruleMatchingIndex_id006.npy,-6.877551078796387,0.102040812373161,0.04643491372626527,0.058829882988298825
net_eta0.530612289905548_gamma0.438775509595871_ruleMatchingIndex_id009.npy,0.530612289905548,0.438775509595871,0.5457522786139466,0.13004500450045003
net_eta-4.18367338180542_gamma0.416326522827148_ruleMatchingIndex_id007.npy,-4.18367338180542,0.416326522827148,0.5372941851547837,0.6498889888988898
net_eta-5.081632614135742_gamma0.775510191917419_ruleMatchingIndex_id004.npy,-5.081632614135742,0.775510191917419,0.3061156661273567,0.28194419441944185
net_eta-1.938775420188904_gamma0.708163261413574_ruleMatchingIndex_id001.npy,-1.938775420188904,0.708163261413574,0.44154032152671074,0.31169703989183967
net_eta-1.040816307067872_gamma-0.010204084217549_ruleMatchingIndex_id008.npy,-1.040816307067872,-0.010204084217549,0.1765459454309671,0.20896489648964897
net_eta-5.306122303009033_gamma0.281632661819458_ruleMatchingIndex_id002.npy,-5.306122303009033,0.281632661819458,0.08177408847167836,0.06693069306930692
net_eta-0.816326498985291_gamma0.348979592323303_ruleMatchingIndex_id004.npy,-0.816326498985291,0.348979592323303,0.23858760781675326,0.4369756975697569
net_eta-0.36734688282013_gamma0.281632661819458_ruleMatchingIndex_id004.npy,-0.36734688282013,0.281632661819458,0.6970473761553783,0.7210081008100809
net_eta-0.59183669090271_gamma0.977551043033599_ruleMatchingIndex_id004.npy,-0.59183669090271,0.977551043033599,0.3221394150448447,0.5045184518451845
net_eta-5.081632614135742_gamma0.146938771009445_ruleMatchingIndex_id003.npy,-5.081632614135742,0.146938771009445,0.19769766206525352,0.20567656765676565
net_eta0.979591846466064_gamma-0.032653063535691_ruleMatchingIndex_id008.npy,0.979591846466064,-0.032653063535691,0.06753371822618723,0.0713111311131113
net_eta-1.938775420188904_gamma0.034693874418735_ruleMatchingIndex_id008.npy,-1.938775420188904,0.034693874418735,0.4307178391871522,0.367020702070207
net_eta-0.36734688282013_gamma0.124489791691303_ruleMatchingIndex_id003.npy,-0.36734688282013,0.124489791691303,0.1601104198626615,0.10813081308130812
net_eta-1.265306115150452_gamma0.797959208488464_ruleMatchingIndex_id008.npy,-1.265306115150452,0.797959208488464,0.5091420365075571,0.2212421242124212
net_eta1.204081654548645_gamma0.753061234951019_ruleMatchingIndex_id002.npy,1.204081654548645,0.753061234951019,0.21950503771377322,0.24877287728772873
net_eta-3.285714387893677_gamma0.21428570151329_ruleMatchingIndex_id000.npy,-3.285714387893677,0.21428570151329,0.1664019004537622,0.20757275727572755
net_eta1.877551078796386_gamma0.640816330909729_ruleMatchingIndex_id008.npy,1.877551078796386,0.640816330909729,0.05144579464364177,0.09948994899489948
net_eta-4.63265323638916_gamma0.348979592323303_ruleMatchingIndex_id003.npy,-4.63265323638916,0.348979592323303,0.5535479467055752,0.4587458745874587
net_eta-1.714285612106324_gamma0.551020383834838_ruleMatchingIndex_id005.npy,-1.714285612106324,0.551020383834838,0.23603252301359812,0.3212001200120011
net_eta0.306122481822967_gamma0.865306138992309_ruleMatchingIndex_id008.npy,0.306122481822967,0.865306138992309,0.1513347206918898,0.46096147903441503
net_eta1.877551078796386_gamma0.191836729645729_ruleMatchingIndex_id006.npy,1.877551078796386,0.191836729645729,0.1293725230377823,0.08828082808280828
net_eta1.428571462631225_gamma0.730612277984619_ruleMatchingIndex_id006.npy,1.428571462631225,0.730612277984619,0.5331204578940799,0.19312989237978426
net_eta-5.530612468719482_gamma0.102040812373161_ruleMatchingIndex_id007.npy,-5.530612468719482,0.102040812373161,0.06861215140866145,0.02624662466246624
net_eta-5.979591846466064_gamma0.753061234951019_ruleMatchingIndex_id000.npy,-5.979591846466064,0.753061234951019,0.0284326975777639,0.024974497449744972
net_eta-2.836734771728516_gamma0.281632661819458_ruleMatchingIndex_id007.npy,-2.836734771728516,0.281632661819458,0.08902755658717698,0.5187278727872786
net_eta-4.63265323638916_gamma0.685714304447174_ruleMatchingIndex_id002.npy,-4.63265323638916,0.685714304447174,0.03289738717555016,0.09593759375937592
net_eta-7.775510311126709_gamma0.910204052925109_ruleMatchingIndex_id000.npy,-7.775510311126709,0.910204052925109,0.22287001634872933,0.23707170717071704
net_eta-1.489795923233033_gamma0.012244895100593_ruleMatchingIndex_id001.npy,-1.489795923233033,0.012244895100593,0.860071391703148,0.8528892889288928
net_eta-5.306122303009033_gamma0.438775509595871_ruleMatchingIndex_id000.npy,-5.306122303009033,0.438775509595871,0.3743624029021174,0.3458625862586258
net_eta-0.142857104539872_gamma0.730612277984619_ruleMatchingIndex_id001.npy,-0.142857104539872,0.730612277984619,0.12136743220234388,0.3075547554755475
net_eta-6.877551078796387_gamma0.012244895100593_ruleMatchingIndex_id000.npy,-6.877551078796387,0.012244895100593,0.029147172286448086,0.07471947194719472
net_eta0.530612289905548_gamma0.775510191917419_ruleMatchingIndex_id002.npy,0.530612289905548,0.775510191917419,0.09450195809946962,0.3469786978697869
net_eta-4.857142925262451_gamma0.281632661819458_ruleMatchingIndex_id005.npy,-4.857142925262451,0.281632661819458,0.37053883486414496,0.24908490849084908
net_eta-3.285714387893677_gamma0.910204052925109_ruleMatchingIndex_id000.npy,-3.285714387893677,0.910204052925109,0.05339307945106347,0.11681968196819681
net_eta-7.551020622253418_gamma0.146938771009445_ruleMatchingIndex_id002.npy,-7.551020622253418,0.146938771009445,0.020522552879770714,0.026390639063906388
net_eta-4.63265323638916_gamma0.21428570151329_ruleMatchingIndex_id005.npy,-4.63265323638916,0.21428570151329,0.6668223394166888,0.6023882388238824
net_eta1.877551078796386_gamma-0.077551022171975_ruleMatchingIndex_id007.npy,1.877551078796386,-0.077551022171975,0.03412002651594784,0.018733873387338732
net_eta1.877551078796386_gamma0.102040812373161_ruleMatchingIndex_id008.npy,1.877551078796386,0.102040812373161,0.26532619273259256,0.21696969696969695
net_eta-1.489795923233033_gamma0.708163261413574_ruleMatchingIndex_id001.npy,-1.489795923233033,0.708163261413574,0.589669843236434,0.21855385538553854
net_eta1.653061270713806_gamma0.977551043033599_ruleMatchingIndex_id001.npy,1.653061270713806,0.977551043033599,0.1375103822148942,0.06637283640244815
net_eta-6.204081535339355_gamma0.034693874418735_ruleMatchingIndex_id000.npy,-6.204081535339355,0.034693874418735,0.02429956073541284,-0.025286528652865282
net_eta-5.979591846466064_gamma0.977551043033599_ruleMatchingIndex_id008.npy,-5.979591846466064,0.977551043033599,0.053574375750491524,0.041368136813681365
net_eta-2.387754917144776_gamma0.124489791691303_ruleMatchingIndex_id004.npy,-2.387754917144776,0.124489791691303,0.257405423968334,0.267002700270027
net_eta2.326530694961548_gamma0.685714304447174_ruleMatchingIndex_id008.npy,2.326530694961548,0.685714304447174,0.07383368894239853,-0.06561075790835984
net_eta-3.061224460601807_gamma0.416326522827148_ruleMatchingIndex_id007.npy,-3.061224460601807,0.416326522827148,0.4878143665652942,0.1698289828982898
net_eta-2.612245082855225_gamma0.640816330909729_ruleMatchingIndex_id002.npy,-2.612245082855225,0.640816330909729,0.525356202380117,0.4643984398439844
net_eta-4.857142925262451_gamma0.057142853736877_ruleMatchingIndex_id006.npy,-4.857142925262451,0.057142853736877,0.8538534806242837,0.8402160216021601
net_eta1.877551078796386_gamma0.887755095958709_ruleMatchingIndex_id008.npy,1.877551078796386,0.887755095958709,0.3925848946393878,0.30296284076077473
net_eta2.775510311126709_gamma-0.010204084217549_ruleMatchingIndex_id003.npy,2.775510311126709,-0.010204084217549,0.08952410457252571,0.1265166516651665
net_eta-2.387754917144776_gamma0.932653069496154_ruleMatchingIndex_id005.npy,-2.387754917144776,0.932653069496154,0.562843687090856,0.1709330933093309
net_eta0.530612289905548_gamma0.820408165454864_ruleMatchingIndex_id004.npy,0.530612289905548,0.820408165454864,0.031331693129102015,-0.4489048904890488
net_eta1.428571462631225_gamma0.483673483133316_ruleMatchingIndex_id007.npy,1.428571462631225,0.483673483133316,0.13504403079155242,-0.2657305730573057
net_eta-5.755102157592773_gamma0.842857122421264_ruleMatchingIndex_id007.npy,-5.755102157592773,0.842857122421264,0.09222173020652447,0.14665466546654662
net_eta-1.265306115150452_gamma0.21428570151329_ruleMatchingIndex_id009.npy,-1.265306115150452,0.21428570151329,0.7874979533422611,0.7437143714371436
net_eta-6.877551078796387_gamma-0.100000001490117_ruleMatchingIndex_id000.npy,-6.877551078796387,-0.100000001490117,0.0021075435547987824,0.0053165316531653154
net_eta0.755102038383483_gamma0.865306138992309_ruleMatchingIndex_id001.npy,0.755102038383483,0.865306138992309,0.009806498654268605,-0.4682642312179228
net_eta-8.0_gamma0.528571426868438_ruleMatchingIndex_id002.npy,-8.0,0.528571426868438,0.10359872044585464,0.10233423342334232
net_eta1.653061270713806_gamma-0.100000001490117_ruleMatchingIndex_id006.npy,1.653061270713806,-0.100000001490117,0.09956749092526668,0.0745034503450345
net_eta-5.979591846466064_gamma0.169387757778167_ruleMatchingIndex_id001.npy,-5.979591846466064,0.169387757778167,0.005592354493490437,-0.0009960996099609958
net_eta-6.204081535339355_gamma0.506122469902038_ruleMatchingIndex_id007.npy,-6.204081535339355,0.506122469902038,0.13772340432895794,0.07277527752775277
net_eta-1.040816307067872_gamma0.775510191917419_ruleMatchingIndex_id008.npy,-1.040816307067872,0.775510191917419,0.5248622727105478,0.15565556555655563
net_eta-8.0_gamma0.416326522827148_ruleMatchingIndex_id009.npy,-8.0,0.416326522827148,0.08794518945418064,0.08708070807080708
net_eta-3.510204076766968_gamma0.259183675050735_ruleMatchingIndex_id009.npy,-3.510204076766968,0.259183675050735,0.11810983499878404,0.29644164416441643
net_eta-5.979591846466064_gamma0.865306138992309_ruleMatchingIndex_id007.npy,-5.979591846466064,0.865306138992309,0.03663257222517879,-0.01858985898589859
net_eta0.530612289905548_gamma0.551020383834838_ruleMatchingIndex_id008.npy,0.530612289905548,0.551020383834838,0.5896698441376967,0.6219261926192619
net_eta0.530612289905548_gamma0.146938771009445_ruleMatchingIndex_id009.npy,0.530612289905548,0.146938771009445,0.1702138080375703,0.13936993699369934
net_eta-1.714285612106324_gamma0.304081618785858_ruleMatchingIndex_id008.npy,-1.714285612106324,0.304081618785858,0.2666512810084384,0.3379657965796579
net_eta-2.163265228271485_gamma0.506122469902038_ruleMatchingIndex_id008.npy,-2.163265228271485,0.506122469902038,0.3223771520308407,0.5074947494749475
net_eta2.326530694961548_gamma0.034693874418735_ruleMatchingIndex_id007.npy,2.326530694961548,0.034693874418735,0.14918287947934525,0.14729072907290727
net_eta-5.530612468719482_gamma0.259183675050735_ruleMatchingIndex_id006.npy,-5.530612468719482,0.259183675050735,0.106721486826416,0.10424242424242423
net_eta2.551020383834839_gamma0.865306138992309_ruleMatchingIndex_id005.npy,2.551020383834839,0.865306138992309,0.1183000314488441,0.0622982298229823
net_eta1.204081654548645_gamma1.0_ruleMatchingIndex_id002.npy,1.204081654548645,1.0,0.21598841884153833,-0.1695654652436832
net_eta1.653061270713806_gamma-0.032653063535691_ruleMatchingIndex_id005.npy,1.653061270713806,-0.032653063535691,0.03304395113351718,0.009036903690369035
net_eta0.530612289905548_gamma0.865306138992309_ruleMatchingIndex_id000.npy,0.530612289905548,0.865306138992309,0.19020167692103263,0.3964596459645964
net_eta-1.489795923233033_gamma0.977551043033599_ruleMatchingIndex_id001.npy,-1.489795923233033,0.977551043033599,0.591536582829673,0.4498769876987698
net_eta-1.040816307067872_gamma0.506122469902038_ruleMatchingIndex_id005.npy,-1.040816307067872,0.506122469902038,0.11317174803737462,-0.33825382538253823
net_eta-2.387754917144776_gamma0.797959208488464_ruleMatchingIndex_id002.npy,-2.387754917144776,0.797959208488464,0.06356864921728711,0.15547554755475546
net_eta1.204081654548645_gamma-0.055102042853833_ruleMatchingIndex_id003.npy,1.204081654548645,-0.055102042853833,0.0736858187074406,0.08478847884788479
net_eta-6.428571224212646_gamma0.865306138992309_ruleMatchingIndex_id006.npy,-6.428571224212646,0.865306138992309,0.19054789229458108,0.14159015901590158
net_eta-0.816326498985291_gamma0.304081618785858_ruleMatchingIndex_id009.npy,-0.816326498985291,0.304081618785858,0.3176090404538399,0.19471947194719472
net_eta-7.551020622253418_gamma0.191836729645729_ruleMatchingIndex_id002.npy,-7.551020622253418,0.191836729645729,0.09593953641312239,0.06156615661566155
net_eta-2.612245082855225_gamma0.21428570151329_ruleMatchingIndex_id006.npy,-2.612245082855225,0.21428570151329,0.48798000618597065,0.4306510651065106
net_eta-2.836734771728516_gamma0.169387757778167_ruleMatchingIndex_id008.npy,-2.836734771728516,0.169387757778167,0.4328118555142544,0.45498949894989493
net_eta-4.408163070678711_gamma0.887755095958709_ruleMatchingIndex_id009.npy,-4.408163070678711,0.887755095958709,0.2879115440674239,0.2695349534953495
net_eta-3.285714387893677_gamma0.483673483133316_ruleMatchingIndex_id008.npy,-3.285714387893677,0.483673483133316,0.32429944453145765,0.4349834983498349
net_eta1.877551078796386_gamma0.640816330909729_ruleMatchingIndex_id007.npy,1.877551078796386,0.640816330909729,0.10807790063359592,0.0010681100153363866
net_eta-4.857142925262451_gamma0.057142853736877_ruleMatchingIndex_id005.npy,-4.857142925262451,0.057142853736877,0.5556848199741807,0.3064506450645064
net_eta-5.530612468719482_gamma0.461224496364593_ruleMatchingIndex_id004.npy,-5.530612468719482,0.461224496364593,0.052874856100529374,0.051209120912091205
net_eta2.102040767669677_gamma0.528571426868438_ruleMatchingIndex_id009.npy,2.102040767669677,0.528571426868438,0.5132585125036445,0.19051905190519047
net_eta-5.081632614135742_gamma0.640816330909729_ruleMatchingIndex_id000.npy,-5.081632614135742,0.640816330909729,0.1646400479873849,0.09290129012901288
net_eta-6.204081535339355_gamma0.595918357372283_ruleMatchingIndex_id006.npy,-6.204081535339355,0.595918357372283,0.022621231002220483,0.013417341734173416
net_eta-0.36734688282013_gamma0.528571426868438_ruleMatchingIndex_id003.npy,-0.36734688282013,0.528571426868438,0.232487468500717,0.4508730873087308
net_eta2.551020383834839_gamma0.281632661819458_ruleMatchingIndex_id007.npy,2.551020383834839,0.281632661819458,0.06798029097720014,0.11354335433543353
net_eta-6.428571224212646_gamma0.21428570151329_ruleMatchingIndex_id001.npy,-6.428571224212646,0.21428570151329,0.07052641516833189,0.07025502550255025
net_eta2.102040767669677_gamma0.708163261413574_ruleMatchingIndex_id003.npy,2.102040767669677,0.708163261413574,0.23219008243080497,0.2855925592559255
net_eta-1.714285612106324_gamma0.730612277984619_ruleMatchingIndex_id000.npy,-1.714285612106324,0.730612277984619,0.12522046340607454,0.5023957467641776
net_eta-7.102040767669678_gamma0.955102026462554_ruleMatchingIndex_id007.npy,-7.102040767669678,0.955102026462554,0.11087371905022383,0.05698169816981698
net_eta-5.081632614135742_gamma0.281632661819458_ruleMatchingIndex_id004.npy,-5.081632614135742,0.281632661819458,0.2982912647928596,0.24661266126612658
net_eta-1.714285612106324_gamma0.393877536058425_ruleMatchingIndex_id008.npy,-1.714285612106324,0.393877536058425,0.5498066869402863,0.44577257725772573
net_eta-0.59183669090271_gamma-0.100000001490117_ruleMatchingIndex_id006.npy,-0.59183669090271,-0.100000001490117,0.04447671791778357,0.08532853285328533
net_eta-7.102040767669678_gamma0.910204052925109_ruleMatchingIndex_id001.npy,-7.102040767669678,0.910204052925109,0.06528138423059529,0.09173717371737174
net_eta-3.959183692932129_gamma0.169387757778167_ruleMatchingIndex_id001.npy,-3.959183692932129,0.169387757778167,0.7728041811913176,0.6782118211821182
net_eta-7.326530456542969_gamma0.865306138992309_ruleMatchingIndex_id002.npy,-7.326530456542969,0.865306138992309,0.023525516080819805,-0.01896189618961896
net_eta-1.489795923233033_gamma0.348979592323303_ruleMatchingIndex_id004.npy,-1.489795923233033,0.348979592323303,0.6675618187021803,0.6825202520252024
net_eta-0.142857104539872_gamma0.663265287876129_ruleMatchingIndex_id005.npy,-0.142857104539872,0.663265287876129,0.5293226346050834,0.18213021302130208
net_eta-7.551020622253418_gamma0.573469400405883_ruleMatchingIndex_id006.npy,-7.551020622253418,0.573469400405883,0.024544584687802656,0.05836183618361835
net_eta-6.204081535339355_gamma0.551020383834838_ruleMatchingIndex_id004.npy,-6.204081535339355,0.551020383834838,0.049590895759209164,0.028766876687668762
net_eta-0.59183669090271_gamma0.281632661819458_ruleMatchingIndex_id001.npy,-0.59183669090271,0.281632661819458,0.22861244813372356,0.11944794479447944
net_eta-2.612245082855225_gamma0.528571426868438_ruleMatchingIndex_id003.npy,-2.612245082855225,0.528571426868438,0.1427629754335342,0.04993699369936992
net_eta-3.959183692932129_gamma0.775510191917419_ruleMatchingIndex_id007.npy,-3.959183692932129,0.775510191917419,0.17586361994336996,0.2586978697869787
net_eta-7.326530456542969_gamma0.842857122421264_ruleMatchingIndex_id001.npy,-7.326530456542969,0.842857122421264,0.032510598496242035,0.034587458745874586
net_eta-2.612245082855225_gamma0.865306138992309_ruleMatchingIndex_id008.npy,-2.612245082855225,0.865306138992309,0.4295901325768818,0.4873207320732073
net_eta-4.857142925262451_gamma-0.100000001490117_ruleMatchingIndex_id003.npy,-4.857142925262451,-0.100000001490117,0.8151839876506511,0.8504530453045305
net_eta2.551020383834839_gamma0.079591833055019_ruleMatchingIndex_id005.npy,2.551020383834839,0.079591833055019,0.12122397541815733,0.1068106810681068
net_eta-4.63265323638916_gamma0.797959208488464_ruleMatchingIndex_id002.npy,-4.63265323638916,0.797959208488464,0.05133511639039059,-0.0839123912391239
net_eta-0.36734688282013_gamma-0.032653063535691_ruleMatchingIndex_id006.npy,-0.36734688282013,-0.032653063535691,0.010023970483586997,-0.0366036603660366
net_eta0.530612289905548_gamma0.304081618785858_ruleMatchingIndex_id007.npy,0.530612289905548,0.304081618785858,0.3007634902485633,0.4346907731515908
net_eta0.530612289905548_gamma0.281632661819458_ruleMatchingIndex_id002.npy,0.530612289905548,0.281632661819458,0.2772401085748354,0.2038283828382838
net_eta2.551020383834839_gamma-0.055102042853833_ruleMatchingIndex_id002.npy,2.551020383834839,-0.055102042853833,0.07540802975780476,0.03599159915991599
net_eta-1.938775420188904_gamma0.753061234951019_ruleMatchingIndex_id005.npy,-1.938775420188904,0.753061234951019,0.48321821175151886,0.26875487548754873
net_eta-4.18367338180542_gamma0.438775509595871_ruleMatchingIndex_id009.npy,-4.18367338180542,0.438775509595871,0.7655323126743605,0.7953195319531953
net_eta-4.18367338180542_gamma-0.010204084217549_ruleMatchingIndex_id004.npy,-4.18367338180542,-0.010204084217549,0.4224860023274415,0.49086108610861084
net_eta-0.816326498985291_gamma0.977551043033599_ruleMatchingIndex_id009.npy,-0.816326498985291,0.977551043033599,0.04497287520599674,-0.08458445844584457
net_eta-3.959183692932129_gamma0.416326522827148_ruleMatchingIndex_id009.npy,-3.959183692932129,0.416326522827148,0.05551600363878857,0.09188118811881188
net_eta-4.18367338180542_gamma0.663265287876129_ruleMatchingIndex_id001.npy,-4.18367338180542,0.663265287876129,0.5177528877696735,0.46214221422142204
net_eta-6.428571224212646_gamma0.955102026462554_ruleMatchingIndex_id003.npy,-6.428571224212646,0.955102026462554,0.09034047133909268,0.10769876987698768
net_eta-3.510204076766968_gamma0.124489791691303_ruleMatchingIndex_id007.npy,-3.510204076766968,0.124489791691303,0.6724405219569082,0.6314431443144314
net_eta-1.040816307067872_gamma0.910204052925109_ruleMatchingIndex_id006.npy,-1.040816307067872,0.910204052925109,0.3958560276455405,0.5308490849084908
net_eta3.0_gamma0.012244895100593_ruleMatchingIndex_id009.npy,3.0,0.012244895100593,0.21139038283661088,0.21435343534353432
net_eta0.081632688641548_gamma0.640816330909729_ruleMatchingIndex_id001.npy,0.081632688641548,0.640816330909729,0.09864036410260649,-0.09264926492649264
net_eta3.0_gamma0.820408165454864_ruleMatchingIndex_id005.npy,3.0,0.820408165454864,0.1480990941831928,0.008436843684368435
net_eta-1.265306115150452_gamma0.102040812373161_ruleMatchingIndex_id003.npy,-1.265306115150452,0.102040812373161,0.13844380167407455,0.11416741674167415
net_eta-4.63265323638916_gamma0.393877536058425_ruleMatchingIndex_id007.npy,-4.63265323638916,0.393877536058425,0.07933741708189514,-0.013609360936093606
net_eta-1.040816307067872_gamma0.281632661819458_ruleMatchingIndex_id003.npy,-1.040816307067872,0.281632661819458,0.045666967367049116,-0.0058685868586858675
net_eta-4.63265323638916_gamma0.079591833055019_ruleMatchingIndex_id001.npy,-4.63265323638916,0.079591833055019,0.4193384173796144,0.44391239123912385
net_eta-3.734694004058838_gamma0.483673483133316_ruleMatchingIndex_id008.npy,-3.734694004058838,0.483673483133316,0.589334976563419,0.45648964896489647
net_eta2.775510311126709_gamma-0.032653063535691_ruleMatchingIndex_id002.npy,2.775510311126709,-0.032653063535691,0.10806787918856692,0.13140114011401138
net_eta-1.265306115150452_gamma0.595918357372283_ruleMatchingIndex_id006.npy,-1.265306115150452,0.595918357372283,0.39145648994572646,0.5312331233123312
net_eta-3.285714387893677_gamma-0.055102042853833_ruleMatchingIndex_id006.npy,-3.285714387893677,-0.055102042853833,0.5039931894867901,0.5609840984098409
net_eta0.306122481822967_gamma0.393877536058425_ruleMatchingIndex_id000.npy,0.306122481822967,0.393877536058425,0.09299533260467216,-0.030951095109510943
net_eta-5.306122303009033_gamma0.012244895100593_ruleMatchingIndex_id008.npy,-5.306122303009033,0.012244895100593,0.24966198642952445,0.28460846084608454
net_eta-0.59183669090271_gamma0.618367373943328_ruleMatchingIndex_id003.npy,-0.59183669090271,0.618367373943328,0.47458667368563023,0.15775577557755777
net_eta-2.836734771728516_gamma0.32653060555458_ruleMatchingIndex_id006.npy,-2.836734771728516,0.32653060555458,0.2453591075387303,0.3948514851485148
net_eta-8.0_gamma0.618367373943328_ruleMatchingIndex_id005.npy,-8.0,0.618367373943328,0.1513308439466654,0.1294929492949295
net_eta-7.551020622253418_gamma0.304081618785858_ruleMatchingIndex_id007.npy,-7.551020622253418,0.304081618785858,0.009545885163222384,0.007932793279327931
net_eta-1.265306115150452_gamma0.730612277984619_ruleMatchingIndex_id003.npy,-1.265306115150452,0.730612277984619,0.5187035228241244,0.3591599159915991
net_eta-7.551020622253418_gamma0.730612277984619_ruleMatchingIndex_id006.npy,-7.551020622253418,0.730612277984619,0.2394724491434196,0.23559555955595557
net_eta1.877551078796386_gamma0.438775509595871_ruleMatchingIndex_id007.npy,1.877551078796386,0.438775509595871,0.522754313910512,0.5238523852385238
net_eta-3.959183692932129_gamma0.551020383834838_ruleMatchingIndex_id005.npy,-3.959183692932129,0.551020383834838,0.5286408858958898,0.6128052805280527
net_eta-2.836734771728516_gamma0.640816330909729_ruleMatchingIndex_id005.npy,-2.836734771728516,0.640816330909729,0.05480189851157949,-0.5253285328532853
net_eta-7.102040767669678_gamma0.842857122421264_ruleMatchingIndex_id002.npy,-7.102040767669678,0.842857122421264,0.04085485369425976,0.10043804380438043
net_eta0.755102038383483_gamma0.640816330909729_ruleMatchingIndex_id001.npy,0.755102038383483,0.640816330909729,0.23699921750633862,0.22292229222922288
net_eta1.653061270713806_gamma1.0_ruleMatchingIndex_id001.npy,1.653061270713806,1.0,0.057563861831870025,0.34017401740174014
net_eta-0.816326498985291_gamma0.730612277984619_ruleMatchingIndex_id003.npy,-0.816326498985291,0.730612277984619,0.5470569588254157,0.2734353435343534
net_eta1.877551078796386_gamma-0.055102042853833_ruleMatchingIndex_id009.npy,1.877551078796386,-0.055102042853833,0.14109506112603865,0.1288928892889289
net_eta2.326530694961548_gamma-0.032653063535691_ruleMatchingIndex_id002.npy,2.326530694961548,-0.032653063535691,3.5033666392937646e-05,0.007992799279927992
net_eta-2.612245082855225_gamma0.416326522827148_ruleMatchingIndex_id000.npy,-2.612245082855225,0.416326522827148,0.5827296073332673,0.47577557755775574
net_eta1.204081654548645_gamma0.663265287876129_ruleMatchingIndex_id007.npy,1.204081654548645,0.663265287876129,0.41721611160654065,0.4741434143414341
net_eta1.653061270713806_gamma0.483673483133316_ruleMatchingIndex_id004.npy,1.653061270713806,0.483673483133316,0.007276611637519302,-0.14190219021902187
net_eta-2.612245082855225_gamma0.146938771009445_ruleMatchingIndex_id001.npy,-2.612245082855225,0.146938771009445,0.6544602050601829,0.6622862286228622
net_eta-5.979591846466064_gamma0.21428570151329_ruleMatchingIndex_id004.npy,-5.979591846466064,0.21428570151329,0.06750312605108869,0.036075607560756076
net_eta-1.489795923233033_gamma0.775510191917419_ruleMatchingIndex_id004.npy,-1.489795923233033,0.775510191917419,0.10509743058739582,0.50005400540054
net_eta-7.775510311126709_gamma0.32653060555458_ruleMatchingIndex_id000.npy,-7.775510311126709,0.32653060555458,0.07249495525873384,0.06795079507950795
net_eta-0.36734688282013_gamma-0.077551022171975_ruleMatchingIndex_id001.npy,-0.36734688282013,-0.077551022171975,0.016999000271132925,0.02118211821182118
net_eta1.428571462631225_gamma0.079591833055019_ruleMatchingIndex_id002.npy,1.428571462631225,0.079591833055019,0.03364246052785691,0.05464146414641464
net_eta-5.530612468719482_gamma0.528571426868438_ruleMatchingIndex_id004.npy,-5.530612468719482,0.528571426868438,0.05310362048328448,0.10376237623762374
net_eta-5.979591846466064_gamma0.461224496364593_ruleMatchingIndex_id004.npy,-5.979591846466064,0.461224496364593,0.1115679922504702,0.14005400540054003
net_eta1.653061270713806_gamma0.393877536058425_ruleMatchingIndex_id004.npy,1.653061270713806,0.393877536058425,0.04562759668273045,0.05988598859885988
net_eta2.551020383834839_gamma0.573469400405883_ruleMatchingIndex_id001.npy,2.551020383834839,0.573469400405883,0.20608988530260797,0.40319231923192317
net_eta-0.142857104539872_gamma0.169387757778167_ruleMatchingIndex_id006.npy,-0.142857104539872,0.169387757778167,0.2582519730887155,0.28577257725772576
net_eta-0.142857104539872_gamma0.057142853736877_ruleMatchingIndex_id001.npy,-0.142857104539872,0.057142853736877,0.07583279165714019,0.11816381638163816
net_eta-0.36734688282013_gamma0.775510191917419_ruleMatchingIndex_id003.npy,-0.36734688282013,0.775510191917419,0.5512282110082494,0.3239003900390039
net_eta-8.0_gamma0.281632661819458_ruleMatchingIndex_id000.npy,-8.0,0.281632661819458,0.14115336689231184,0.15552355235523552
net_eta1.653061270713806_gamma0.573469400405883_ruleMatchingIndex_id002.npy,1.653061270713806,0.573469400405883,0.5189170738997422,0.41332257222679947
net_eta1.428571462631225_gamma0.932653069496154_ruleMatchingIndex_id002.npy,1.428571462631225,0.932653069496154,0.05084385840263071,0.06518471402583802
net_eta-7.102040767669678_gamma0.842857122421264_ruleMatchingIndex_id005.npy,-7.102040767669678,0.842857122421264,0.08542859484080545,0.08464446444644463
net_eta-6.653061389923096_gamma0.708163261413574_ruleMatchingIndex_id002.npy,-6.653061389923096,0.708163261413574,0.10986454058583159,0.0342034203420342
net_eta2.775510311126709_gamma0.348979592323303_ruleMatchingIndex_id004.npy,2.775510311126709,0.348979592323303,0.19875598364080257,0.07041104110411041
net_eta-7.102040767669678_gamma0.753061234951019_ruleMatchingIndex_id002.npy,-7.102040767669678,0.753061234951019,0.05193300166855929,0.08596459645964596
net_eta-2.387754917144776_gamma0.887755095958709_ruleMatchingIndex_id002.npy,-2.387754917144776,0.887755095958709,0.320402727376619,0.19732432440630185
net_eta-5.530612468719482_gamma0.685714304447174_ruleMatchingIndex_id003.npy,-5.530612468719482,0.685714304447174,0.10761616234565241,0.09321332133213321
net_eta2.102040767669677_gamma0.21428570151329_ruleMatchingIndex_id007.npy,2.102040767669677,0.21428570151329,0.01921263813786513,0.05130513051305131
net_eta1.428571462631225_gamma0.842857122421264_ruleMatchingIndex_id003.npy,1.428571462631225,0.842857122421264,0.1712833632369789,0.21136640484271835
net_eta-8.0_gamma0.640816330909729_ruleMatchingIndex_id000.npy,-8.0,0.640816330909729,0.062011175623191646,0.07563156315631561
net_eta2.551020383834839_gamma0.012244895100593_ruleMatchingIndex_id003.npy,2.551020383834839,0.012244895100593,0.0574061586174182,0.050141014101410135
net_eta-4.857142925262451_gamma0.102040812373161_ruleMatchingIndex_id005.npy,-4.857142925262451,0.102040812373161,0.2464685208049862,0.252037203720372
net_eta0.979591846466064_gamma0.034693874418735_ruleMatchingIndex_id002.npy,0.979591846466064,0.034693874418735,0.08646919128853214,0.04996099609960995
net_eta-2.612245082855225_gamma0.663265287876129_ruleMatchingIndex_id004.npy,-2.612245082855225,0.663265287876129,0.31881998181573795,0.5128352835283528
net_eta2.326530694961548_gamma0.079591833055019_ruleMatchingIndex_id002.npy,2.326530694961548,0.079591833055019,0.07607973215997668,0.08703270327032701
net_eta-3.734694004058838_gamma0.640816330909729_ruleMatchingIndex_id002.npy,-3.734694004058838,0.640816330909729,0.0633617593274098,0.13189318931893187
net_eta2.326530694961548_gamma-0.032653063535691_ruleMatchingIndex_id009.npy,2.326530694961548,-0.032653063535691,0.013429579760487394,0.004800480048004799
net_eta-2.163265228271485_gamma0.910204052925109_ruleMatchingIndex_id009.npy,-2.163265228271485,0.910204052925109,0.34119000632550683,0.5135464359314535
net_eta-6.428571224212646_gamma0.304081618785858_ruleMatchingIndex_id001.npy,-6.428571224212646,0.304081618785858,0.1710094203314264,0.15459945994599458
net_eta-4.408163070678711_gamma0.640816330909729_ruleMatchingIndex_id001.npy,-4.408163070678711,0.640816330909729,0.20876975172578094,0.19387938793879386
net_eta-5.530612468719482_gamma0.595918357372283_ruleMatchingIndex_id007.npy,-5.530612468719482,0.595918357372283,0.0419888201386073,0.04586858685868587
net_eta-1.265306115150452_gamma0.169387757778167_ruleMatchingIndex_id004.npy,-1.265306115150452,0.169387757778167,0.26077501348201726,0.2912211221122112
net_eta-5.306122303009033_gamma0.573469400405883_ruleMatchingIndex_id009.npy,-5.306122303009033,0.573469400405883,0.12342897656083773,0.11642364236423643
net_eta-3.734694004058838_gamma0.483673483133316_ruleMatchingIndex_id003.npy,-3.734694004058838,0.483673483133316,0.6614155999744802,0.614089408940894
net_eta1.428571462631225_gamma0.955102026462554_ruleMatchingIndex_id000.npy,1.428571462631225,0.955102026462554,0.32978588963560607,0.24391239123912387
net_eta0.306122481822967_gamma1.0_ruleMatchingIndex_id004.npy,0.306122481822967,1.0,0.5257664874836834,0.2490016471707792
net_eta-0.816326498985291_gamma0.079591833055019_ruleMatchingIndex_id001.npy,-0.816326498985291,0.079591833055019,0.005967456937521005,0.18286228622862286
net_eta-1.040816307067872_gamma0.124489791691303_ruleMatchingIndex_id001.npy,-1.040816307067872,0.124489791691303,0.3591667006125757,0.3321212121212121
net_eta-0.142857104539872_gamma0.685714304447174_ruleMatchingIndex_id001.npy,-0.142857104539872,0.685714304447174,0.3379115912321573,0.44810081008100805
net_eta0.530612289905548_gamma0.955102026462554_ruleMatchingIndex_id005.npy,0.530612289905548,0.955102026462554,0.18092273667321884,-0.3363696369636963
net_eta-0.36734688282013_gamma0.057142853736877_ruleMatchingIndex_id000.npy,-0.36734688282013,0.057142853736877,0.06285595003831473,0.001596159615961596
net_eta-2.836734771728516_gamma0.259183675050735_ruleMatchingIndex_id005.npy,-2.836734771728516,0.259183675050735,0.01806777252896702,-0.03797179717971797
net_eta-2.612245082855225_gamma0.348979592323303_ruleMatchingIndex_id000.npy,-2.612245082855225,0.348979592323303,0.15420165562546567,0.27248724872487246
net_eta-1.265306115150452_gamma0.236734688282012_ruleMatchingIndex_id006.npy,-1.265306115150452,0.236734688282012,0.13380867963875587,0.05023702370237023
net_eta-5.979591846466064_gamma0.304081618785858_ruleMatchingIndex_id001.npy,-5.979591846466064,0.304081618785858,0.12304671109496462,0.10959495949594958
net_eta-6.877551078796387_gamma0.057142853736877_ruleMatchingIndex_id007.npy,-6.877551078796387,0.057142853736877,0.015172798732153048,0.008484848484848484
net_eta2.102040767669677_gamma0.393877536058425_ruleMatchingIndex_id003.npy,2.102040767669677,0.393877536058425,0.5919145965726016,0.41597359735973594
net_eta-0.36734688282013_gamma0.640816330909729_ruleMatchingIndex_id003.npy,-0.36734688282013,0.640816330909729,0.5351917534629975,0.24904365149722502
net_eta-5.755102157592773_gamma-0.032653063535691_ruleMatchingIndex_id001.npy,-5.755102157592773,-0.032653063535691,0.023622437694782325,0.010789078907890787
net_eta1.204081654548645_gamma0.124489791691303_ruleMatchingIndex_id007.npy,1.204081654548645,0.124489791691303,0.055787969919645866,0.08844884488448844
net_eta-2.163265228271485_gamma0.663265287876129_ruleMatchingIndex_id007.npy,-2.163265228271485,0.663265287876129,0.3909066801553338,0.23005100510051002
net_eta1.204081654548645_gamma0.079591833055019_ruleMatchingIndex_id005.npy,1.204081654548645,0.079591833055019,0.14105481834100475,0.15589558955895588
net_eta-0.36734688282013_gamma0.483673483133316_ruleMatchingIndex_id001.npy,-0.36734688282013,0.483673483133316,0.08362477711095088,0.45047704770477043
net_eta-0.59183669090271_gamma0.775510191917419_ruleMatchingIndex_id006.npy,-0.59183669090271,0.775510191917419,0.45779824796898316,0.18209420942094207
net_eta-0.142857104539872_gamma0.236734688282012_ruleMatchingIndex_id006.npy,-0.142857104539872,0.236734688282012,0.32327825500769514,0.3549594959495949
net_eta-2.387754917144776_gamma0.21428570151329_ruleMatchingIndex_id001.npy,-2.387754917144776,0.21428570151329,0.22973009961827623,0.2426162616261626
net_eta-2.836734771728516_gamma0.483673483133316_ruleMatchingIndex_id000.npy,-2.836734771728516,0.483673483133316,0.1980495424521256,0.4877062337442705
net_eta-5.306122303009033_gamma0.685714304447174_ruleMatchingIndex_id001.npy,-5.306122303009033,0.685714304447174,0.18782940409732818,0.18793879387938792
net_eta0.306122481822967_gamma0.573469400405883_ruleMatchingIndex_id004.npy,0.306122481822967,0.573469400405883,0.05732196691846663,-0.4580871829819087
net_eta-0.142857104539872_gamma-0.100000001490117_ruleMatchingIndex_id009.npy,-0.142857104539872,-0.100000001490117,0.048650701420210274,0.07009900990099009
net_eta-3.510204076766968_gamma0.618367373943328_ruleMatchingIndex_id003.npy,-3.510204076766968,0.618367373943328,0.2642812260605074,0.46795079507950793
net_eta-5.979591846466064_gamma0.685714304447174_ruleMatchingIndex_id004.npy,-5.979591846466064,0.685714304447174,0.013878342545702551,0.009096909690969096
net_eta-0.59183669090271_gamma0.955102026462554_ruleMatchingIndex_id009.npy,-0.59183669090271,0.955102026462554,0.505112665206211,0.20562317918838177
net_eta-5.530612468719482_gamma0.820408165454864_ruleMatchingIndex_id000.npy,-5.530612468719482,0.820408165454864,0.12963851398161175,0.1674407440744074
net_eta-4.18367338180542_gamma0.730612277984619_ruleMatchingIndex_id004.npy,-4.18367338180542,0.730612277984619,0.6120300911084327,0.48270027002700266
net_eta-6.204081535339355_gamma0.191836729645729_ruleMatchingIndex_id004.npy,-6.204081535339355,0.191836729645729,0.17779773023542694,0.19347134713471345
net_eta3.0_gamma0.708163261413574_ruleMatchingIndex_id000.npy,3.0,0.708163261413574,0.11266561848542886,-0.14699714070615427
net_eta-7.551020622253418_gamma0.685714304447174_ruleMatchingIndex_id005.npy,-7.551020622253418,0.685714304447174,0.1518290214166787,0.20772877287728772
net_eta-6.877551078796387_gamma0.461224496364593_ruleMatchingIndex_id009.npy,-6.877551078796387,0.461224496364593,0.12017720703902965,0.1299009900990099
net_eta-3.510204076766968_gamma0.124489791691303_ruleMatchingIndex_id009.npy,-3.510204076766968,0.124489791691303,0.7386800059534246,0.6877287728772876
net_eta-7.326530456542969_gamma0.551020383834838_ruleMatchingIndex_id003.npy,-7.326530456542969,0.551020383834838,0.04531278816782405,0.056645664566456644
net_eta-1.489795923233033_gamma-0.032653063535691_ruleMatchingIndex_id007.npy,-1.489795923233033,-0.032653063535691,0.025891699970006607,0.028610861086108608
net_eta-6.428571224212646_gamma0.573469400405883_ruleMatchingIndex_id009.npy,-6.428571224212646,0.573469400405883,0.00952966536951997,-0.011869186918691868
net_eta-2.836734771728516_gamma0.887755095958709_ruleMatchingIndex_id009.npy,-2.836734771728516,0.887755095958709,0.3089698418658946,0.5082868286828682
net_eta0.081632688641548_gamma0.461224496364593_ruleMatchingIndex_id000.npy,0.081632688641548,0.461224496364593,0.22204742690328205,0.36750075007500743
net_eta-4.408163070678711_gamma0.304081618785858_ruleMatchingIndex_id002.npy,-4.408163070678711,0.304081618785858,0.1987639390160261,0.17864986498649862
net_eta-4.408163070678711_gamma0.371428549289703_ruleMatchingIndex_id003.npy,-4.408163070678711,0.371428549289703,0.32244036729076386,0.38535853585358526
net_eta3.0_gamma1.0_ruleMatchingIndex_id002.npy,3.0,1.0,0.17077536300552482,0.22321699135111372
net_eta2.775510311126709_gamma0.820408165454864_ruleMatchingIndex_id005.npy,2.775510311126709,0.820408165454864,0.10632798061771054,-0.06288628862886288
net_eta-6.428571224212646_gamma0.169387757778167_ruleMatchingIndex_id005.npy,-6.428571224212646,0.169387757778167,0.08990830804999067,0.06729072907290728
net_eta-3.285714387893677_gamma0.932653069496154_ruleMatchingIndex_id003.npy,-3.285714387893677,0.932653069496154,0.5041894324752163,0.444020402040204
net_eta-0.59183669090271_gamma0.910204052925109_ruleMatchingIndex_id006.npy,-0.59183669090271,0.910204052925109,0.03920993319159624,0.4754035403540353
net_eta-4.408163070678711_gamma0.506122469902038_ruleMatchingIndex_id003.npy,-4.408163070678711,0.506122469902038,0.3171980349557034,0.374065406540654
net_eta-2.387754917144776_gamma0.393877536058425_ruleMatchingIndex_id009.npy,-2.387754917144776,0.393877536058425,0.15682764647067604,0.47837983798379835
net_eta-7.775510311126709_gamma0.124489791691303_ruleMatchingIndex_id004.npy,-7.775510311126709,0.124489791691303,0.017169217951212033,0.03402340234023402
net_eta-5.530612468719482_gamma0.551020383834838_ruleMatchingIndex_id007.npy,-5.530612468719482,0.551020383834838,0.06581042897543239,0.09716171617161716
net_eta2.775510311126709_gamma0.32653060555458_ruleMatchingIndex_id007.npy,2.775510311126709,0.32653060555458,0.03316120986639013,-0.0775997599759976
net_eta-7.775510311126709_gamma0.191836729645729_ruleMatchingIndex_id007.npy,-7.775510311126709,0.191836729645729,0.06698655399708847,0.06114611461146115
net_eta-0.59183669090271_gamma0.887755095958709_ruleMatchingIndex_id006.npy,-0.59183669090271,0.887755095958709,0.43001875195064476,0.242052205220522
net_eta-7.775510311126709_gamma0.32653060555458_ruleMatchingIndex_id004.npy,-7.775510311126709,0.32653060555458,0.031120150993007537,0.07697569756975697
net_eta-5.979591846466064_gamma0.32653060555458_ruleMatchingIndex_id009.npy,-5.979591846466064,0.32653060555458,0.07031655715698848,0.06585058505850584
net_eta-2.387754917144776_gamma0.753061234951019_ruleMatchingIndex_id000.npy,-2.387754917144776,0.753061234951019,0.061081611660275245,-0.016969696969696968
net_eta0.530612289905548_gamma0.32653060555458_ruleMatchingIndex_id001.npy,0.530612289905548,0.32653060555458,0.3793656242044733,0.22315098455241317
net_eta-7.551020622253418_gamma0.595918357372283_ruleMatchingIndex_id007.npy,-7.551020622253418,0.595918357372283,0.12475210197996375,0.17546954695469544
net_eta-0.36734688282013_gamma0.595918357372283_ruleMatchingIndex_id005.npy,-0.36734688282013,0.595918357372283,0.0547667213597223,-0.5234083408340834
net_eta-0.816326498985291_gamma0.775510191917419_ruleMatchingIndex_id004.npy,-0.816326498985291,0.775510191917419,0.4109851005453672,0.4981218121812181
net_eta-3.285714387893677_gamma0.528571426868438_ruleMatchingIndex_id000.npy,-3.285714387893677,0.528571426868438,0.4276212407855714,0.4711791179117912
net_eta0.979591846466064_gamma0.124489791691303_ruleMatchingIndex_id004.npy,0.979591846466064,0.124489791691303,0.07025527465606322,0.043372337233723364
net_eta-5.755102157592773_gamma0.393877536058425_ruleMatchingIndex_id005.npy,-5.755102157592773,0.393877536058425,0.08119893127971363,0.04722472247224722
net_eta-8.0_gamma0.842857122421264_ruleMatchingIndex_id001.npy,-8.0,0.842857122421264,0.05012556700822999,0.060318031803180315
net_eta2.775510311126709_gamma0.932653069496154_ruleMatchingIndex_id001.npy,2.775510311126709,0.932653069496154,0.12458873624737687,-0.0814043846519855
net_eta-0.142857104539872_gamma0.595918357372283_ruleMatchingIndex_id002.npy,-0.142857104539872,0.595918357372283,0.48742720393223726,0.177041704170417
net_eta-5.979591846466064_gamma0.236734688282012_ruleMatchingIndex_id001.npy,-5.979591846466064,0.236734688282012,0.05862689722978154,0.06653465346534654
net_eta1.204081654548645_gamma0.146938771009445_ruleMatchingIndex_id003.npy,1.204081654548645,0.146938771009445,0.04000771379295764,0.05983798379837983
net_eta-6.204081535339355_gamma0.461224496364593_ruleMatchingIndex_id000.npy,-6.204081535339355,0.461224496364593,0.04479180656488664,0.010285028502850284
net_eta-0.36734688282013_gamma0.483673483133316_ruleMatchingIndex_id004.npy,-0.36734688282013,0.483673483133316,0.5653937342722302,0.5206360636063606
net_eta-6.653061389923096_gamma0.573469400405883_ruleMatchingIndex_id007.npy,-6.653061389923096,0.573469400405883,0.038247082914180025,0.08816081608160815
net_eta-4.63265323638916_gamma0.124489791691303_ruleMatchingIndex_id009.npy,-4.63265323638916,0.124489791691303,0.31293728046640934,0.42256225622562255
net_eta2.775510311126709_gamma0.057142853736877_ruleMatchingIndex_id004.npy,2.775510311126709,0.057142853736877,0.05849897512135654,0.03925592559255925
net_eta0.306122481822967_gamma0.932653069496154_ruleMatchingIndex_id008.npy,0.306122481822967,0.932653069496154,0.04881620099473978,-0.13356135613561354
net_eta-5.530612468719482_gamma0.820408165454864_ruleMatchingIndex_id005.npy,-5.530612468719482,0.820408165454864,0.08316289742779481,0.09429342934293429
net_eta-7.775510311126709_gamma0.820408165454864_ruleMatchingIndex_id001.npy,-7.775510311126709,0.820408165454864,0.01800656471030502,0.04787278727872786
net_eta1.653061270713806_gamma0.057142853736877_ruleMatchingIndex_id008.npy,1.653061270713806,0.057142853736877,0.11246346703319515,0.11962796279627962
net_eta-3.061224460601807_gamma0.483673483133316_ruleMatchingIndex_id006.npy,-3.061224460601807,0.483673483133316,0.3046357572314141,0.502046204620462
net_eta-3.285714387893677_gamma0.191836729645729_ruleMatchingIndex_id009.npy,-3.285714387893677,0.191836729645729,0.19832883049863084,0.20793279327932793
net_eta-1.489795923233033_gamma0.438775509595871_ruleMatchingIndex_id008.npy,-1.489795923233033,0.438775509595871,0.5163852623715526,0.2252265226522652
net_eta0.530612289905548_gamma0.955102026462554_ruleMatchingIndex_id008.npy,0.530612289905548,0.955102026462554,0.2845592786385722,0.38705070507050704
net_eta-0.816326498985291_gamma0.079591833055019_ruleMatchingIndex_id009.npy,-0.816326498985291,0.079591833055019,0.2892550318634951,0.14557455745574555
net_eta-6.428571224212646_gamma0.663265287876129_ruleMatchingIndex_id005.npy,-6.428571224212646,0.663265287876129,0.14090189937141112,0.1361056105610561
net_eta-0.816326498985291_gamma0.146938771009445_ruleMatchingIndex_id009.npy,-0.816326498985291,0.146938771009445,0.29885326740625034,0.30022202220222016
net_eta-8.0_gamma0.663265287876129_ruleMatchingIndex_id000.npy,-8.0,0.663265287876129,0.004662058725835312,-0.04469246924692469
net_eta-3.285714387893677_gamma0.21428570151329_ruleMatchingIndex_id002.npy,-3.285714387893677,0.21428570151329,0.39013726407192734,0.42405040504050395
net_eta-2.387754917144776_gamma0.551020383834838_ruleMatchingIndex_id009.npy,-2.387754917144776,0.551020383834838,0.46546151451975515,0.46486648664866476
net_eta-1.489795923233033_gamma0.438775509595871_ruleMatchingIndex_id001.npy,-1.489795923233033,0.438775509595871,0.5225829505121694,0.3529683557422299
net_eta-0.816326498985291_gamma0.146938771009445_ruleMatchingIndex_id003.npy,-0.816326498985291,0.146938771009445,0.577820077025041,0.5342814281428142
net_eta-4.408163070678711_gamma0.865306138992309_ruleMatchingIndex_id007.npy,-4.408163070678711,0.865306138992309,0.11473683184779265,0.20822082208220818
net_eta-3.734694004058838_gamma0.663265287876129_ruleMatchingIndex_id009.npy,-3.734694004058838,0.663265287876129,0.7183044678826849,0.6818841884188418
net_eta-5.081632614135742_gamma0.348979592323303_ruleMatchingIndex_id003.npy,-5.081632614135742,0.348979592323303,0.23281205301704724,0.20028802880288024
net_eta0.530612289905548_gamma0.079591833055019_ruleMatchingIndex_id003.npy,0.530612289905548,0.079591833055019,0.028231388959189106,0.0549054905490549
net_eta-0.142857104539872_gamma0.955102026462554_ruleMatchingIndex_id008.npy,-0.142857104539872,0.955102026462554,0.14276297896868081,0.6148713317499375
net_eta-4.408163070678711_gamma0.551020383834838_ruleMatchingIndex_id007.npy,-4.408163070678711,0.551020383834838,0.6944161445891243,0.6827242724272427
net_eta3.0_gamma0.753061234951019_ruleMatchingIndex_id007.npy,3.0,0.753061234951019,0.39423711831793096,0.48923639135051084
net_eta0.530612289905548_gamma1.0_ruleMatchingIndex_id000.npy,0.530612289905548,1.0,0.024022638838171437,0.054203582969289774
net_eta-3.734694004058838_gamma0.012244895100593_ruleMatchingIndex_id006.npy,-3.734694004058838,0.012244895100593,0.5401662333350329,0.6473807380738072
net_eta-7.775510311126709_gamma0.371428549289703_ruleMatchingIndex_id003.npy,-7.775510311126709,0.371428549289703,0.048129983734455276,0.01837383738373837
net_eta-0.816326498985291_gamma0.573469400405883_ruleMatchingIndex_id002.npy,-0.816326498985291,0.573469400405883,0.04093370492949787,-0.17432395536818743
net_eta-2.163265228271485_gamma0.595918357372283_ruleMatchingIndex_id006.npy,-2.163265228271485,0.595918357372283,0.19937006062726964,0.5000900090009001
net_eta-6.204081535339355_gamma0.102040812373161_ruleMatchingIndex_id009.npy,-6.204081535339355,0.102040812373161,0.059720294086778904,0.03938793879387938
net_eta1.877551078796386_gamma0.393877536058425_ruleMatchingIndex_id008.npy,1.877551078796386,0.393877536058425,0.1641097706490677,0.16428442844284427
net_eta-4.857142925262451_gamma0.21428570151329_ruleMatchingIndex_id007.npy,-4.857142925262451,0.21428570151329,0.20928302367535456,0.19715571557155717
net_eta-4.857142925262451_gamma0.034693874418735_ruleMatchingIndex_id002.npy,-4.857142925262451,0.034693874418735,0.7796090600918509,0.7152235223522352
net_eta-6.653061389923096_gamma0.977551043033599_ruleMatchingIndex_id002.npy,-6.653061389923096,0.977551043033599,0.171593162859436,0.12589258925892588
net_eta-4.408163070678711_gamma0.371428549289703_ruleMatchingIndex_id006.npy,-4.408163070678711,0.371428549289703,0.6782534792979693,0.5875787578757875
net_eta0.979591846466064_gamma0.865306138992309_ruleMatchingIndex_id001.npy,0.979591846466064,0.865306138992309,0.14815605053776176,-0.3911791179117911
net_eta2.326530694961548_gamma0.730612277984619_ruleMatchingIndex_id001.npy,2.326530694961548,0.730612277984619,0.05945281078948776,0.03554176742798718
net_eta0.755102038383483_gamma0.304081618785858_ruleMatchingIndex_id002.npy,0.755102038383483,0.304081618785858,0.4985450866549636,0.4731127306133823
net_eta2.326530694961548_gamma-0.055102042853833_ruleMatchingIndex_id007.npy,2.326530694961548,-0.055102042853833,0.0027942707979556614,0.0013921392139213918
net_eta-5.306122303009033_gamma-0.077551022171975_ruleMatchingIndex_id001.npy,-5.306122303009033,-0.077551022171975,0.07183487559072085,0.08508850885088506
net_eta-6.428571224212646_gamma0.012244895100593_ruleMatchingIndex_id008.npy,-6.428571224212646,0.012244895100593,0.014994660157214651,-0.05783378337833783
net_eta1.653061270713806_gamma0.169387757778167_ruleMatchingIndex_id005.npy,1.653061270713806,0.169387757778167,0.014796184078543466,0.06754275427542752
net_eta-2.387754917144776_gamma0.820408165454864_ruleMatchingIndex_id002.npy,-2.387754917144776,0.820408165454864,0.47530991961019525,0.2679756014881593
net_eta0.081632688641548_gamma0.573469400405883_ruleMatchingIndex_id001.npy,0.081632688641548,0.573469400405883,0.10918870063033291,-0.3868706870687068
net_eta0.306122481822967_gamma0.977551043033599_ruleMatchingIndex_id002.npy,0.306122481822967,0.977551043033599,0.14654730495016363,0.37092820560684686
net_eta1.877551078796386_gamma-0.100000001490117_ruleMatchingIndex_id006.npy,1.877551078796386,-0.100000001490117,0.045248020140734646,0.04162016201620161
net_eta-6.204081535339355_gamma-0.010204084217549_ruleMatchingIndex_id006.npy,-6.204081535339355,-0.010204084217549,0.10175848275785813,0.083012301230123
net_eta-7.775510311126709_gamma0.887755095958709_ruleMatchingIndex_id000.npy,-7.775510311126709,0.887755095958709,0.010316530598455026,-0.009972997299729973
net_eta-4.18367338180542_gamma0.685714304447174_ruleMatchingIndex_id005.npy,-4.18367338180542,0.685714304447174,0.2328691276528254,0.10263426342634263
net_eta0.081632688641548_gamma-0.100000001490117_ruleMatchingIndex_id000.npy,0.081632688641548,-0.100000001490117,0.16400370400223194,0.18043804380438042
net_eta2.326530694961548_gamma0.102040812373161_ruleMatchingIndex_id002.npy,2.326530694961548,0.102040812373161,0.0851374703466508,0.11747974797479746
net_eta0.979591846466064_gamma0.236734688282012_ruleMatchingIndex_id007.npy,0.979591846466064,0.236734688282012,0.12903408708567277,0.06754275427542752
net_eta1.877551078796386_gamma-0.100000001490117_ruleMatchingIndex_id000.npy,1.877551078796386,-0.100000001490117,0.023204506849606288,0.013477347734773475
net_eta0.306122481822967_gamma-0.010204084217549_ruleMatchingIndex_id004.npy,0.306122481822967,-0.010204084217549,0.09356883482993697,0.11020702070207018
net_eta-5.081632614135742_gamma0.416326522827148_ruleMatchingIndex_id005.npy,-5.081632614135742,0.416326522827148,0.11463561076392369,0.06871887188718871
net_eta-3.285714387893677_gamma0.236734688282012_ruleMatchingIndex_id008.npy,-3.285714387893677,0.236734688282012,0.7011575721300352,0.6953615361536153
net_eta-3.285714387893677_gamma-0.077551022171975_ruleMatchingIndex_id004.npy,-3.285714387893677,-0.077551022171975,0.7635619224906887,0.7925832583258324
net_eta1.653061270713806_gamma0.865306138992309_ruleMatchingIndex_id000.npy,1.653061270713806,0.865306138992309,0.046793760043736754,-0.23169586467510425
net_eta-0.59183669090271_gamma0.797959208488464_ruleMatchingIndex_id006.npy,-0.59183669090271,0.797959208488464,0.14276297595448656,0.5762256225622562
net_eta0.755102038383483_gamma0.371428549289703_ruleMatchingIndex_id001.npy,0.755102038383483,0.371428549289703,0.6107528710941914,0.6146534653465346
net_eta1.204081654548645_gamma0.887755095958709_ruleMatchingIndex_id000.npy,1.204081654548645,0.887755095958709,0.5728851510988261,0.6191917767557925
net_eta2.775510311126709_gamma0.820408165454864_ruleMatchingIndex_id006.npy,2.775510311126709,0.820408165454864,0.23337451942262794,0.23086777938231537
net_eta-1.489795923233033_gamma-0.032653063535691_ruleMatchingIndex_id000.npy,-1.489795923233033,-0.032653063535691,0.28049071482390064,0.32464446444644457
net_eta-0.816326498985291_gamma0.191836729645729_ruleMatchingIndex_id009.npy,-0.816326498985291,0.191836729645729,0.6904096270301335,0.6988898889888989
net_eta-7.102040767669678_gamma0.304081618785858_ruleMatchingIndex_id001.npy,-7.102040767669678,0.304081618785858,0.02918199200157151,-0.03949594959495949
net_eta1.653061270713806_gamma0.102040812373161_ruleMatchingIndex_id001.npy,1.653061270713806,0.102040812373161,0.09340810668623123,0.04926492649264926
net_eta-4.63265323638916_gamma0.865306138992309_ruleMatchingIndex_id003.npy,-4.63265323638916,0.865306138992309,0.49220052680865123,0.40882088208820877
net_eta-7.551020622253418_gamma0.932653069496154_ruleMatchingIndex_id007.npy,-7.551020622253418,0.932653069496154,0.036362546775939045,0.044284428442844276
net_eta-4.408163070678711_gamma0.730612277984619_ruleMatchingIndex_id004.npy,-4.408163070678711,0.730612277984619,0.07256623575988744,0.0035523552355235517
net_eta-0.142857104539872_gamma0.797959208488464_ruleMatchingIndex_id006.npy,-0.142857104539872,0.797959208488464,0.14292797912156566,0.31296729672967294
net_eta-8.0_gamma0.21428570151329_ruleMatchingIndex_id003.npy,-8.0,0.21428570151329,0.18484319977614203,0.2551935193519352
net_eta-3.959183692932129_gamma-0.010204084217549_ruleMatchingIndex_id007.npy,-3.959183692932129,-0.010204084217549,0.7879303183320597,0.8028442844284427
net_eta-7.551020622253418_gamma0.146938771009445_ruleMatchingIndex_id008.npy,-7.551020622253418,0.146938771009445,0.11564665114685937,0.07155115511551155
net_eta-2.163265228271485_gamma0.685714304447174_ruleMatchingIndex_id006.npy,-2.163265228271485,0.685714304447174,0.448623144527615,0.14706270627062706
net_eta-1.489795923233033_gamma0.304081618785858_ruleMatchingIndex_id003.npy,-1.489795923233033,0.304081618785858,0.4277966335328797,0.385970597059706
net_eta-7.326530456542969_gamma0.348979592323303_ruleMatchingIndex_id003.npy,-7.326530456542969,0.348979592323303,0.005228557775455292,-0.001248124812481248
net_eta0.306122481822967_gamma0.932653069496154_ruleMatchingIndex_id003.npy,0.306122481822967,0.932653069496154,0.3544910873944913,0.5235523552355235
net_eta-3.061224460601807_gamma0.640816330909729_ruleMatchingIndex_id009.npy,-3.061224460601807,0.640816330909729,0.5606400059986891,0.17465346534653464
net_eta2.551020383834839_gamma0.910204052925109_ruleMatchingIndex_id004.npy,2.551020383834839,0.910204052925109,0.12609774187015074,0.16028850971722222
net_eta-7.326530456542969_gamma0.842857122421264_ruleMatchingIndex_id009.npy,-7.326530456542969,0.842857122421264,0.15567519007412928,0.15962796279627958
net_eta2.775510311126709_gamma0.887755095958709_ruleMatchingIndex_id006.npy,2.775510311126709,0.887755095958709,0.07278302688777555,0.21136513651365135
net_eta0.979591846466064_gamma0.236734688282012_ruleMatchingIndex_id000.npy,0.979591846466064,0.236734688282012,0.046165679469455385,0.08607260726072608
net_eta-5.081632614135742_gamma0.977551043033599_ruleMatchingIndex_id006.npy,-5.081632614135742,0.977551043033599,0.019258314067617188,0.000144014401440144
net_eta-2.836734771728516_gamma0.304081618785858_ruleMatchingIndex_id004.npy,-2.836734771728516,0.304081618785858,0.3842391199360925,0.3964368329955827
net_eta-7.551020622253418_gamma0.932653069496154_ruleMatchingIndex_id002.npy,-7.551020622253418,0.932653069496154,0.0016986258608322063,-0.024086408640864084
net_eta-2.836734771728516_gamma0.304081618785858_ruleMatchingIndex_id001.npy,-2.836734771728516,0.304081618785858,0.25548541068183184,0.4919531953195319
net_eta2.551020383834839_gamma0.551020383834838_ruleMatchingIndex_id007.npy,2.551020383834839,0.551020383834838,0.49392757694816736,0.332013201320132
net_eta-3.959183692932129_gamma0.32653060555458_ruleMatchingIndex_id004.npy,-3.959183692932129,0.32653060555458,0.8573799453131021,0.7546954695469545
net_eta-6.428571224212646_gamma-0.055102042853833_ruleMatchingIndex_id003.npy,-6.428571224212646,-0.055102042853833,0.0015478341462376727,0.05969396939693969
net_eta-4.63265323638916_gamma0.191836729645729_ruleMatchingIndex_id000.npy,-4.63265323638916,0.191836729645729,0.656980176421757,0.6222262226222621
net_eta-7.326530456542969_gamma0.955102026462554_ruleMatchingIndex_id006.npy,-7.326530456542969,0.955102026462554,0.0492838455013168,0.05748574857485748
net_eta-1.714285612106324_gamma0.663265287876129_ruleMatchingIndex_id003.npy,-1.714285612106324,0.663265287876129,0.394618122210524,0.46649864986498646
net_eta1.428571462631225_gamma0.551020383834838_ruleMatchingIndex_id004.npy,1.428571462631225,0.551020383834838,0.13293547151287743,0.03578757875787578
net_eta-0.59183669090271_gamma0.910204052925109_ruleMatchingIndex_id002.npy,-0.59183669090271,0.910204052925109,0.507374471788275,0.3611161116111611
net_eta-4.408163070678711_gamma0.955102026462554_ruleMatchingIndex_id002.npy,-4.408163070678711,0.955102026462554,0.14661081715722107,0.06789078907890789
net_eta-5.979591846466064_gamma0.461224496364593_ruleMatchingIndex_id008.npy,-5.979591846466064,0.461224496364593,0.07534516774003829,0.08152415241524151
net_eta3.0_gamma0.506122469902038_ruleMatchingIndex_id007.npy,3.0,0.506122469902038,0.03703997015678914,-0.156874158038984
net_eta0.081632688641548_gamma0.236734688282012_ruleMatchingIndex_id008.npy,0.081632688641548,0.236734688282012,0.10428722531232576,0.12310831083108309
net_eta-1.938775420188904_gamma0.708163261413574_ruleMatchingIndex_id002.npy,-1.938775420188904,0.708163261413574,0.468641797547495,0.16290429042904286
net_eta-2.387754917144776_gamma0.057142853736877_ruleMatchingIndex_id004.npy,-2.387754917144776,0.057142853736877,0.8604576008307132,0.8322352235223521
net_eta-6.428571224212646_gamma0.102040812373161_ruleMatchingIndex_id007.npy,-6.428571224212646,0.102040812373161,0.06042141642948418,0.07765976597659766
net_eta0.755102038383483_gamma0.416326522827148_ruleMatchingIndex_id005.npy,0.755102038383483,0.416326522827148,0.0165092132932995,0.17586558655865583
net_eta-1.938775420188904_gamma-0.010204084217549_ruleMatchingIndex_id008.npy,-1.938775420188904,-0.010204084217549,0.2653005017403066,0.31721572157215716
net_eta-5.979591846466064_gamma-0.077551022171975_ruleMatchingIndex_id004.npy,-5.979591846466064,-0.077551022171975,0.010774926754556505,0.11143114311431142
net_eta-0.816326498985291_gamma0.416326522827148_ruleMatchingIndex_id009.npy,-0.816326498985291,0.416326522827148,0.5132673230825967,0.5059361114217533
net_eta2.102040767669677_gamma0.416326522827148_ruleMatchingIndex_id004.npy,2.102040767669677,0.416326522827148,0.0007059276909321954,0.16584458445844583
net_eta1.204081654548645_gamma-0.010204084217549_ruleMatchingIndex_id003.npy,1.204081654548645,-0.010204084217549,0.19540140556659508,0.16300030003000296
net_eta-7.102040767669678_gamma0.012244895100593_ruleMatchingIndex_id009.npy,-7.102040767669678,0.012244895100593,0.10014852680197125,0.0935133513351335
net_eta0.081632688641548_gamma0.012244895100593_ruleMatchingIndex_id008.npy,0.081632688641548,0.012244895100593,0.13357865797823415,0.10631863186318632
net_eta-5.306122303009033_gamma0.730612277984619_ruleMatchingIndex_id004.npy,-5.306122303009033,0.730612277984619,0.019543666353138665,0.07968796879687967
net_eta0.306122481822967_gamma0.169387757778167_ruleMatchingIndex_id006.npy,0.306122481822967,0.169387757778167,0.21740344683065174,0.28336033603360333
net_eta0.755102038383483_gamma0.842857122421264_ruleMatchingIndex_id009.npy,0.755102038383483,0.842857122421264,0.49284370075753225,0.3213321332133213
net_eta-7.551020622253418_gamma0.708163261413574_ruleMatchingIndex_id001.npy,-7.551020622253418,0.708163261413574,0.03241237755379626,0.05096909690969096
net_eta1.653061270713806_gamma0.708163261413574_ruleMatchingIndex_id003.npy,1.653061270713806,0.708163261413574,0.02157143296126563,0.06583858385838583
net_eta0.081632688641548_gamma0.977551043033599_ruleMatchingIndex_id002.npy,0.081632688641548,0.977551043033599,0.05261571183471311,0.025286528652865282
net_eta-5.755102157592773_gamma0.820408165454864_ruleMatchingIndex_id008.npy,-5.755102157592773,0.820408165454864,0.011824170744796088,0.004044404440444044
net_eta1.653061270713806_gamma0.236734688282012_ruleMatchingIndex_id000.npy,1.653061270713806,0.236734688282012,0.06523835186062832,0.09777377737773776
net_eta-6.428571224212646_gamma0.281632661819458_ruleMatchingIndex_id004.npy,-6.428571224212646,0.281632661819458,0.033083434842165964,0.06322232223222322
net_eta-5.306122303009033_gamma0.32653060555458_ruleMatchingIndex_id001.npy,-5.306122303009033,0.32653060555458,0.030667536436483928,-0.006384638463846384
net_eta1.204081654548645_gamma0.932653069496154_ruleMatchingIndex_id001.npy,1.204081654548645,0.932653069496154,0.053410915863909066,0.1774377437743774
net_eta0.755102038383483_gamma0.281632661819458_ruleMatchingIndex_id008.npy,0.755102038383483,0.281632661819458,0.27287640364036425,0.191023102310231
net_eta-6.428571224212646_gamma0.506122469902038_ruleMatchingIndex_id006.npy,-6.428571224212646,0.506122469902038,0.04437781028550374,0.05305730573057305
net_eta0.530612289905548_gamma0.259183675050735_ruleMatchingIndex_id002.npy,0.530612289905548,0.259183675050735,0.34490210558608125,0.3583318331833183
net_eta-2.163265228271485_gamma0.640816330909729_ruleMatchingIndex_id004.npy,-2.163265228271485,0.640816330909729,0.0760885255566375,0.4718766032922628
net_eta-5.979591846466064_gamma0.191836729645729_ruleMatchingIndex_id006.npy,-5.979591846466064,0.191836729645729,0.10815376752400016,0.1148034803480348
net_eta-1.714285612106324_gamma0.506122469902038_ruleMatchingIndex_id008.npy,-1.714285612106324,0.506122469902038,0.4962375531230031,0.324657439717752
net_eta-7.326530456542969_gamma0.685714304447174_ruleMatchingIndex_id001.npy,-7.326530456542969,0.685714304447174,0.011938360720883924,-0.02173417341734173
net_eta-0.59183669090271_gamma0.438775509595871_ruleMatchingIndex_id008.npy,-0.59183669090271,0.438775509595871,0.10048417769680235,0.42339033903390333
net_eta-3.061224460601807_gamma0.393877536058425_ruleMatchingIndex_id002.npy,-3.061224460601807,0.393877536058425,0.47954366165161305,0.48366781778740875
net_eta1.428571462631225_gamma0.506122469902038_ruleMatchingIndex_id006.npy,1.428571462631225,0.506122469902038,0.17880235036083247,0.2651313085259714
net_eta-4.408163070678711_gamma0.079591833055019_ruleMatchingIndex_id001.npy,-4.408163070678711,0.079591833055019,0.8558201346762987,0.7875787578757875
net_eta-3.959183692932129_gamma0.708163261413574_ruleMatchingIndex_id002.npy,-3.959183692932129,0.708163261413574,0.3707366686802287,0.5244404440444044
net_eta-3.061224460601807_gamma0.371428549289703_ruleMatchingIndex_id000.npy,-3.061224460601807,0.371428549289703,0.02844287034682417,0.41856585658565854
net_eta-3.510204076766968_gamma-0.010204084217549_ruleMatchingIndex_id000.npy,-3.510204076766968,-0.010204084217549,0.5810476756234422,0.6072967296729672
net_eta-7.551020622253418_gamma0.304081618785858_ruleMatchingIndex_id003.npy,-7.551020622253418,0.304081618785858,0.058732561984387636,0.04154815481548155
net_eta-3.959183692932129_gamma-0.100000001490117_ruleMatchingIndex_id005.npy,-3.959183692932129,-0.100000001490117,0.4336734215050237,0.50001800180018
net_eta-7.102040767669678_gamma0.169387757778167_ruleMatchingIndex_id008.npy,-7.102040767669678,0.169387757778167,0.19402442651026994,0.20998499849984997
net_eta-3.510204076766968_gamma0.551020383834838_ruleMatchingIndex_id002.npy,-3.510204076766968,0.551020383834838,0.19473272224390115,-0.19005100510051004
net_eta-0.36734688282013_gamma0.236734688282012_ruleMatchingIndex_id002.npy,-0.36734688282013,0.236734688282012,0.5901356080658062,0.6153375337533753
net_eta-0.36734688282013_gamma0.102040812373161_ruleMatchingIndex_id006.npy,-0.36734688282013,0.102040812373161,0.0271744296955434,0.018325832583258324
net_eta-7.551020622253418_gamma0.21428570151329_ruleMatchingIndex_id000.npy,-7.551020622253418,0.21428570151329,0.12129672803738302,0.12014401440144012
net_eta-2.612245082855225_gamma1.0_ruleMatchingIndex_id005.npy,-2.612245082855225,1.0,0.46127088113107667,0.16693669366936692
net_eta1.204081654548645_gamma0.932653069496154_ruleMatchingIndex_id000.npy,1.204081654548645,0.932653069496154,0.19142462134399205,0.4744914491449144
net_eta-4.63265323638916_gamma0.842857122421264_ruleMatchingIndex_id000.npy,-4.63265323638916,0.842857122421264,0.14984838013352392,0.09717371737173718
net_eta-3.061224460601807_gamma0.079591833055019_ruleMatchingIndex_id003.npy,-3.061224460601807,0.079591833055019,0.5343235527776095,0.4675787578757875
net_eta-3.061224460601807_gamma-0.032653063535691_ruleMatchingIndex_id007.npy,-3.061224460601807,-0.032653063535691,0.2775553780431217,0.2105250525052505
net_eta-5.530612468719482_gamma0.573469400405883_ruleMatchingIndex_id007.npy,-5.530612468719482,0.573469400405883,0.13480488575811841,0.05093309330933093
net_eta2.551020383834839_gamma0.034693874418735_ruleMatchingIndex_id002.npy,2.551020383834839,0.034693874418735,0.11303353696360466,0.06022202220222022
net_eta-3.734694004058838_gamma0.169387757778167_ruleMatchingIndex_id002.npy,-3.734694004058838,0.169387757778167,0.03561002149237655,0.1223042304230423
net_eta1.428571462631225_gamma0.730612277984619_ruleMatchingIndex_id007.npy,1.428571462631225,0.730612277984619,0.36329100741658316,0.4216334282450067
net_eta-3.510204076766968_gamma0.932653069496154_ruleMatchingIndex_id000.npy,-3.510204076766968,0.932653069496154,0.5887343982147477,0.48895289528952895
net_eta-7.551020622253418_gamma0.461224496364593_ruleMatchingIndex_id002.npy,-7.551020622253418,0.461224496364593,0.017693000044248067,0.03337533753375337
net_eta-6.653061389923096_gamma0.057142853736877_ruleMatchingIndex_id006.npy,-6.653061389923096,0.057142853736877,0.003591614525453691,-0.024446444644464445
net_eta-4.408163070678711_gamma0.797959208488464_ruleMatchingIndex_id006.npy,-4.408163070678711,0.797959208488464,0.5890506106499163,0.4151455145514551
net_eta-4.18367338180542_gamma0.146938771009445_ruleMatchingIndex_id002.npy,-4.18367338180542,0.146938771009445,0.9132891610714374,0.8899249924992498
net_eta-7.102040767669678_gamma0.079591833055019_ruleMatchingIndex_id008.npy,-7.102040767669678,0.079591833055019,0.21666941861769173,0.19693969396939695
net_eta0.306122481822967_gamma0.393877536058425_ruleMatchingIndex_id008.npy,0.306122481822967,0.393877536058425,0.025698904058468523,0.1919111911191119
net_eta-5.081632614135742_gamma0.461224496364593_ruleMatchingIndex_id008.npy,-5.081632614135742,0.461224496364593,0.16889451327954963,0.15835583558355834
net_eta0.530612289905548_gamma0.797959208488464_ruleMatchingIndex_id006.npy,0.530612289905548,0.797959208488464,0.5166115177986137,0.39317131713171316
net_eta-1.714285612106324_gamma0.685714304447174_ruleMatchingIndex_id007.npy,-1.714285612106324,0.685714304447174,0.015176064477036899,0.21218121812181218
net_eta-1.489795923233033_gamma0.102040812373161_ruleMatchingIndex_id006.npy,-1.489795923233033,0.102040812373161,0.34220648244216345,0.42321032103210315
net_eta-0.816326498985291_gamma0.910204052925109_ruleMatchingIndex_id006.npy,-0.816326498985291,0.910204052925109,0.20899626282475336,0.38810681068106806
net_eta-1.938775420188904_gamma0.820408165454864_ruleMatchingIndex_id003.npy,-1.938775420188904,0.820408165454864,0.47699337148251675,0.4785507263856117
net_eta-6.877551078796387_gamma0.079591833055019_ruleMatchingIndex_id004.npy,-6.877551078796387,0.079591833055019,0.010072211438598905,0.02789078907890789
net_eta-4.857142925262451_gamma0.483673483133316_ruleMatchingIndex_id003.npy,-4.857142925262451,0.483673483133316,0.1453527628774654,0.0947134713471347
net_eta1.877551078796386_gamma0.057142853736877_ruleMatchingIndex_id002.npy,1.877551078796386,0.057142853736877,0.0961792926439374,0.07714371437143713
net_eta-3.959183692932129_gamma0.528571426868438_ruleMatchingIndex_id003.npy,-3.959183692932129,0.528571426868438,0.33940436982945965,0.3917791779177917
net_eta-4.63265323638916_gamma0.191836729645729_ruleMatchingIndex_id005.npy,-4.63265323638916,0.191836729645729,0.7190359186519258,0.7260846084608459
net_eta-0.816326498985291_gamma0.573469400405883_ruleMatchingIndex_id001.npy,-0.816326498985291,0.573469400405883,0.5896698439421686,0.5887626425548328
net_eta1.877551078796386_gamma0.551020383834838_ruleMatchingIndex_id005.npy,1.877551078796386,0.551020383834838,0.06317462895083775,0.024134413441344132
