eta,gamma,n_reps,gradient,degree,clustering,betweenness,edge_length,combined
-8.0,-0.100000001490117,3,0.09491462191124582,0.10073468126501099,-0.050877396726125956,0.03510137717340601,0.3781112561509052,0.11159690795488841
-8.0,-0.077551022171975,3,0.07151050671530441,-0.052974700552014586,0.08452637851049676,0.008837092113891451,0.32917767321982105,0.08821539000149982
-8.0,-0.055102042853833,3,0.10508172302139264,-0.05539352051934126,0.03088573182852167,-0.05021785806710147,0.3814208981819656,0.08235539488908744
-8.0,-0.032653063535691,3,0.10491957979970307,0.022371625993364338,-0.03941653648490459,0.05699228325845529,0.3500983513426624,0.0989930607818561
-8.0,-0.010204084217549,3,0.09346836212352043,0.0010710935499245778,0.05423811437251604,-0.02509269464360003,0.3382789935839566,0.09239277379726352
-8.0,0.012244895100593,3,0.16313899446860994,-0.008345026857866006,-0.02041089977089645,0.028983199280150123,0.36481743024766583,0.10563673947353269
-8.0,0.034693874418735,3,0.03650319228690544,0.056417770648618894,-0.0024267203215433872,0.04489244795005679,0.3015240327812913,0.08738214466906581
-8.0,0.057142853736877,3,0.06904686487087697,-0.008121940891328902,-0.0286942571265002,-0.03132112541048943,0.32805301463065456,0.06579251121464261
-8.0,0.079591833055019,3,0.092133172859226,-0.031208758323533318,0.01683006442086732,-0.03667801164366079,0.3445301228594228,0.0771213180344644
-8.0,0.102040812373161,3,0.10709747275790642,-0.016015384583094993,0.0326387878637411,-0.03164061883145343,0.36085313292356475,0.09058667802613277
-8.0,0.124489791691303,3,0.1348999909630688,0.02884186085651952,-0.06258245868779568,0.002208846227826995,0.32692616150965376,0.08605888017385468
-8.0,0.146938771009445,3,0.07120853327670329,0.004556766419885135,-0.03326478109836792,-0.023683209780408165,0.37552616767263447,0.07886869529808936
-8.0,0.169387757778167,3,0.09882742464119802,-0.06829101850241005,-0.016506047406796277,-0.030593253845299883,0.28471033183213096,0.05362948734376456
-8.0,0.191836729645729,3,0.14230004702681576,-0.001835542671891205,0.08653046361403981,0.030584035610141457,0.3680004005475483,0.12511588082533082
-8.0,0.21428570151329,3,0.11299797665167642,0.025223198688276067,-0.044788757598596664,0.013577532766863078,0.36284345203628604,0.09397068050890098
-8.0,0.236734688282012,3,0.02996412605172018,-0.02145378446536669,0.05872449739022289,-0.02752300136389531,0.2752210083521647,0.06298656919296915
-8.0,0.259183675050735,3,0.06549735755477931,-0.06372481741905546,-0.011065349550678253,-0.07504363317757763,0.2791044396471108,0.03895359941091575
-8.0,0.281632661819458,3,0.09625544808391051,-0.07558348067305883,-0.09253448596713976,-0.08957871962188298,0.33675030599689126,0.03506181356374404
-8.0,0.304081618785858,3,0.10652473259329247,-0.09996969873654427,-0.05995721979177965,-0.03277425763601088,0.4127728008950579,0.06531927146480312
-8.0,0.32653060555458,3,0.047805974988540084,0.012963455827878482,-0.026088305214960205,-0.019677111964887143,0.37836295630321715,0.07867339398795767
-8.0,0.348979592323303,3,0.1060690668156346,-0.033212203379355744,0.04547001051045844,-0.04154531769402318,0.3536969203908151,0.08609569532870584
-8.0,0.371428549289703,3,0.03946807961320077,-0.0610023744364205,0.12279097525807876,-0.09273668151280567,0.2670734656541569,0.05511869291524205
-8.0,0.393877536058425,3,0.054416697104976146,0.0008203860290748553,0.009668763746777989,-0.0629147904952682,0.3429549422934781,0.06898919973580778
-8.0,0.416326522827148,3,0.02319802285048503,0.017338912966036388,0.04673862397190307,0.025713589339867827,0.3497214441509575,0.09254211865584996
-8.0,0.438775509595871,3,0.1565044236433166,0.06395092573228549,0.09133317480890486,0.08598971436896406,0.3186545982568423,0.14328656736206263
-8.0,0.461224496364593,3,0.12280618547988593,-0.02277880130576873,0.12425576408937794,-0.02007514213463125,0.32413624667356056,0.10566885056048489
-8.0,0.483673483133316,3,0.13322778283496264,-0.01142361704943734,-0.09541376951496909,-0.050970589409622985,0.29170380239371935,0.053424721850930515
-8.0,0.506122469902038,3,0.12931587502300423,-0.027882998254183236,-0.07671674515527806,-0.07732747687246777,0.3578264750592563,0.0610430259600663
-8.0,0.528571426868438,3,0.10010362803806754,-0.0575396598820869,-0.02923965214116019,-0.0925487560338795,0.3565171040735818,0.055458532810904536
-8.0,0.551020383834838,3,0.06865058502067665,-0.048971367985124324,-0.0788853097404615,0.05112246494202415,0.29638262029278994,0.057659798505980984
-8.0,0.573469400405883,3,0.07469466316054905,-0.010188967172358976,-0.03407321565293612,-0.023385369989249293,0.3645243968289518,0.07431430143499129
-8.0,0.595918357372283,3,0.08299586321886908,-0.17678052641443567,0.0146087662140477,-0.17548134217489422,0.3608341619454656,0.02123538455781049
-8.0,0.618367373943328,3,0.06881096022158979,0.09199403196657545,-0.04431754861263822,0.11048321435588493,0.3336300682412265,0.1121201452345277
-8.0,0.640816330909729,3,0.13831540864976885,0.02417027534260451,0.04423717004058322,0.047194505281593045,0.34051699299268523,0.11888687046144697
-8.0,0.663265287876129,3,0.05394649174616428,0.003217591795906268,0.013120933999470653,-0.04809593404758054,0.3315830501105346,0.07075442672089906
-8.0,0.685714304447174,3,0.07685407580493189,0.04668431340827712,0.07115098837774961,0.0601604937220994,0.37750209728490675,0.12647039371959296
-8.0,0.708163261413574,3,0.11809453856130248,0.05938132871200505,-0.031497571253862856,0.0699654911619259,0.3539084401654505,0.11397044546936422
-8.0,0.730612277984619,3,0.10696527239337361,-0.05059240066164339,0.06975082426672706,0.04645050932469919,0.3651857579875468,0.10755199266214066
-8.0,0.753061234951019,3,0.11658040162421718,-0.07223161133693684,-0.011503329635234627,-0.04361186810460196,0.30365487772184896,0.05857769405385854
-8.0,0.775510191917419,3,0.0743671353530292,0.010451815217174731,0.04699130022929554,-0.011234132774250255,0.37135357814951675,0.0983859392349532
-8.0,0.797959208488464,3,0.1711968431030129,-0.09024868449070068,0.11568206859175989,-0.044373801636755916,0.3449834953639083,0.0994479841862449
-8.0,0.820408165454864,3,0.13615923874236083,0.012204935677902625,0.010907254786834632,0.013376223200168477,0.2735269519718664,0.08923492087582659
-8.0,0.842857122421264,3,0.1552000305880809,-0.032849378217011095,-0.10193217516578358,0.037066802604899717,0.3721752252970895,0.0859321010214551
-8.0,0.865306138992309,3,0.18483688009184196,-0.05517458542173626,0.0961665691248778,-0.05503648324419521,0.32641272757453277,0.09944102162506421
-8.0,0.887755095958709,3,0.1461540559381795,0.013399473482582516,-0.05990587687358347,0.013547969996785805,0.3679932758799598,0.09623777968478484
-8.0,0.910204052925109,3,0.11657644435983135,0.03359923480501829,-0.1577310057277741,-0.05937313921246962,0.3394695390019913,0.05450821464531944
-8.0,0.932653069496154,3,0.06446610941364934,-0.013712962615120694,-0.044399631431038256,-0.011141162457096461,0.34623624000804704,0.0682897185836882
-8.0,0.955102026462554,3,0.02356700069695311,-0.03514233287026249,0.05729173567334272,-0.041707301213580204,0.28369972480731903,0.05754176541875443
-8.0,0.977551043033599,3,0.05834917690363164,0.02108507509116467,-0.0684363833212779,-0.04310741222855993,0.3559673455115917,0.06477156039131003
-8.0,1.0,3,0.0190740437887836,-0.043173164523164886,-0.035868743929978,-0.0009746283293655886,0.30303310169700487,0.048418121740656
-7.775510311126709,-0.100000001490117,3,0.0642666350345382,-0.00014233829469980733,-0.03230797167120606,0.002285386062058576,0.3075654173484678,0.06833342569583174
-7.775510311126709,-0.077551022171975,3,0.07215298790580252,-0.023767219902889113,-0.07502725714227897,0.014181956276357552,0.3312456077468769,0.06375721497677378
-7.775510311126709,-0.055102042853833,3,0.03713416847593387,0.07166360379663592,-0.027201277339949693,0.03177965168981229,0.3561693917018928,0.09390910766486504
-7.775510311126709,-0.032653063535691,3,0.05248469037564483,-0.05842970265247278,-0.020227874886064045,-0.05966242306409481,0.267147219143786,0.03626238178335983
-7.775510311126709,-0.010204084217549,3,0.02077039547432522,-0.012144873105621665,0.03592114961416262,-0.019242381827094094,0.37292155566280266,0.07964516916371495
-7.775510311126709,0.012244895100593,3,0.06769699979439925,-0.08150328937552055,-0.06062632092105188,-0.08465856501996614,0.3631496346447513,0.0408116918245224
-7.775510311126709,0.034693874418735,3,0.062224783906798975,0.061327517440574235,-0.03774293566229206,0.06395799870422327,0.34014796170593725,0.09798306521904834
-7.775510311126709,0.057142853736877,3,0.043348708619838826,-0.0217704131635926,0.039584867499105746,0.002305133447636223,0.33024667136359837,0.0787429935533173
-7.775510311126709,0.079591833055019,3,0.037285928764444067,0.027674425422671133,-0.08952445225990742,-0.03865257868818094,0.3660839654950119,0.06057345774680774
-7.775510311126709,0.102040812373161,3,0.08068800648803363,0.024328733005792483,0.049477764083934984,-0.02071360451412078,0.36002563352290257,0.09876130651730858
-7.775510311126709,0.124489791691303,3,0.08236714393368984,-0.016682550167677588,-0.10484042151358404,-0.009820340126205916,0.3093862932084267,0.052082025066929806
-7.775510311126709,0.146938771009445,3,0.09339708424314952,-0.07907670700264703,0.04412081334118396,-0.06675328344315003,0.314328310604645,0.06120324354863629
-7.775510311126709,0.169387757778167,3,0.1536564193082539,0.05953682245086323,-0.01013067959620484,0.14734129800545995,0.3733860071329864,0.14475797346027172
-7.775510311126709,0.191836729645729,3,0.10184881193044952,-0.03520542667601078,-0.016530076839232726,-0.019887883961293745,0.30144728871741105,0.06633454263426466
-7.775510311126709,0.21428570151329,3,0.08426588923153062,0.031330970093299375,0.0734754484025561,-0.05531178696114488,0.35726594940879325,0.09820529403500688
-7.775510311126709,0.236734688282012,3,0.04332716258611619,0.006511805645379921,-0.0035521550911960056,0.04774585416801886,0.2948199042888493,0.07777051431943365
-7.775510311126709,0.259183675050735,3,0.10534315208508822,0.027736373901089042,-0.04049207905366072,0.03562387348089169,0.3912071985092152,0.10388370378452469
-7.775510311126709,0.281632661819458,3,0.09340275505386063,0.0041541802583941355,0.07919125371390741,-0.03344577774836958,0.31152619809793464,0.09096572187514544
-7.775510311126709,0.304081618785858,3,0.10185302565092348,-0.06898631949210966,0.08896566738252293,-0.05092704203443598,0.34055846892274766,0.08229276008592969
-7.775510311126709,0.32653060555458,3,0.09698666994870557,-0.014569729480436016,0.04425676152777075,-0.017066836570022382,0.3699748585236617,0.09591634478993592
-7.775510311126709,0.348979592323303,3,0.08970673196497171,0.015547579695530991,-0.08261101205469078,-0.019331813914595014,0.4281672044927414,0.08629573803679166
-7.775510311126709,0.371428549289703,3,0.12506531238937213,-0.0005262430300686771,0.06400855484749436,-0.02824264885146982,0.4153344362832323,0.11512788232771207
-7.775510311126709,0.393877536058425,3,0.06399759027579759,-0.03233194327286895,-0.056963990355678895,-0.0928560021919624,0.3329179231143258,0.04295271551392262
-7.775510311126709,0.416326522827148,3,0.072049817938392,-0.003760701417961041,-0.02152976132955191,-0.0256017625146842,0.29249228903946434,0.06272997634313184
-7.775510311126709,0.438775509595871,3,0.044207833347538535,0.009262249541455556,0.017188089977073256,-0.00038523824096361087,0.31510672157050007,0.07707593123912077
-7.775510311126709,0.461224496364593,3,0.07258974057006094,-0.0900611569536373,0.023123020489016224,-0.05178947933239958,0.3439356819711669,0.05955956134884144
-7.775510311126709,0.483673483133316,3,0.09261838997681915,-0.08464688737919342,-0.058243723908888524,-0.07637734526851775,0.3551134193229677,0.04569277054863743
-7.775510311126709,0.506122469902038,3,0.09471271886265793,-0.03861603372467533,0.10371859918095967,-0.09655604296963897,0.3939269644603225,0.09143724116192516
-7.775510311126709,0.528571426868438,3,0.03904721228142843,-0.0218669453135439,0.04225015134235111,-0.05801032321425973,0.348974426938738,0.07007890440694278
-7.775510311126709,0.551020383834838,3,0.03601475153316292,-0.12240042882166276,-0.0016740715494900082,-0.10374187583689147,0.3890041941798585,0.039440513900995434
-7.775510311126709,0.573469400405883,3,0.1282179842627075,-0.06372215089624116,-0.07657862238535797,0.049662794985405385,0.37146101385050706,0.08180820396340417
-7.775510311126709,0.595918357372283,3,0.14370729093763226,0.00994147099732152,-0.01363002385725362,0.030671474375952995,0.35307207384172284,0.1047524572590752
-7.775510311126709,0.618367373943328,3,0.05166432063395321,-0.020895036316649646,-0.122205163839028,0.03127844702905711,0.3385907077822949,0.05568665505792551
-7.775510311126709,0.640816330909729,3,0.13637901225630653,-0.036977882691218336,0.08573595740268385,-0.06436932057435554,0.3611511937927701,0.09638379203723732
-7.775510311126709,0.663265287876129,3,0.05873634064706956,0.046996753008222675,-0.11253758690861966,0.03331415096712067,0.3023224228208379,0.06576641610692623
-7.775510311126709,0.685714304447174,3,0.10127883636104924,0.018677516300194038,-0.09879828424038166,-0.0335883093234872,0.4090172699143859,0.07931740580235207
-7.775510311126709,0.708163261413574,3,0.03160157793058838,-0.0867090184831718,-0.0714757383571371,-0.05887266707046392,0.29358186557510396,0.021625203918983905
-7.775510311126709,0.730612277984619,3,0.08188614892726745,0.012206711875402669,-0.017057526143009958,0.020289633250662437,0.28416285574632716,0.07629756473132995
-7.775510311126709,0.753061234951019,3,0.10949518250777218,-0.1074924408918874,0.043116050638691894,-0.06955599068839548,0.3201281900014878,0.0591381983135338
-7.775510311126709,0.775510191917419,3,0.08447431643616077,0.007000703636030938,0.0009868561002424798,-0.03346268657218347,0.3222297910099496,0.07624579612204005
-7.775510311126709,0.797959208488464,3,0.029507601493887873,-0.07191131301200314,-0.005617226333669077,-0.021085724678537265,0.33730706959630846,0.05364008141319737
-7.775510311126709,0.820408165454864,3,0.07780892941954755,-0.053400392003410284,-0.06534703022353998,-0.010717349054833436,0.336242865706104,0.05691740476877357
-7.775510311126709,0.842857122421264,3,0.14264393592357927,-0.11268748381557232,-0.018026477139699876,-0.0970838635281875,0.3114064943335811,0.04525052115474013
-7.775510311126709,0.865306138992309,3,0.05182528687508844,0.027597383998180874,-0.02286850106842821,-0.027480879672548558,0.31254853968804686,0.06832436596406788
-7.775510311126709,0.887755095958709,3,0.07066982057856346,-0.06801736922140346,-0.05882084033307944,-0.045012285000491335,0.2874144400090765,0.037246753206533145
-7.775510311126709,0.910204052925109,3,0.09770018647839473,0.02605898624282683,-0.008199876550379322,0.029336444614197283,0.3414800550984602,0.09727515917669995
-7.775510311126709,0.932653069496154,3,0.03393116181797469,-0.09063684132791007,0.02604306973179169,-0.10462915838975921,0.3076283484263766,0.034467316051694744
-7.775510311126709,0.955102026462554,3,0.08841027167154353,0.02966220977326353,0.055552747771167615,-0.021315504760079495,0.34445928773922646,0.09935380243902434
-7.775510311126709,0.977551043033599,3,0.05381848290118737,-0.03276959691140049,-0.029287128212222183,-0.005045479770096201,0.35235211643463266,0.06781367888842023
-7.775510311126709,1.0,3,0.09022121330780662,-0.013509851683306373,-0.042037234782386516,-0.06328341092489066,0.26885669452330985,0.04804948208810658
-7.551020622253418,-0.100000001490117,3,0.06980222832506693,-0.043016209634464564,-0.058155826612384685,-0.0812618668716152,0.3160108110483751,0.040675827250995514
-7.551020622253418,-0.077551022171975,3,0.11024809364809168,-0.10870357001342905,-0.07615636455851414,-0.14332423090997407,0.3772856037227952,0.031869906377793925
-7.551020622253418,-0.055102042853833,3,0.053257540664136495,0.020718353567127052,-0.07079525312667213,0.019605070062839448,0.3195012797039328,0.06845739817427274
-7.551020622253418,-0.032653063535691,3,0.15448570132759643,0.12291726758574606,0.04079850695900431,0.07811714694841583,0.3556549350073752,0.1503947115656276
-7.551020622253418,-0.010204084217549,3,0.09077286765080243,-0.059051048874792726,-0.034348695506410815,-0.00965521122078962,0.3883074484679796,0.07520507210335778
-7.551020622253418,0.012244895100593,3,0.11726383424430085,-0.08560868451506405,0.03610103812648543,-0.016070968975787126,0.34993727363826616,0.08032449850364025
-7.551020622253418,0.034693874418735,3,0.09237441676731799,-0.008182495046713104,0.04383315987931078,-0.008631262378556758,0.30665566162279595,0.08520989616883097
-7.551020622253418,0.057142853736877,3,0.08385198381326975,-0.019545637900077757,-0.04653508463869718,-0.011086226164285748,0.3834765369175115,0.07803231440554412
-7.551020622253418,0.079591833055019,3,0.08118242138519254,-0.10980333823179013,0.032108867604572634,-0.08356158158474224,0.20694013861444524,0.02537330155753561
-7.551020622253418,0.102040812373161,3,0.05932630484493615,-0.041085993097499225,-0.008123704804494078,0.059837308759504965,0.3335013469655063,0.08069105253359082
-7.551020622253418,0.124489791691303,3,0.14238598156742777,0.04801182067300014,0.03467362763770685,0.02449093631469342,0.4309843692644478,0.1361093470914552
-7.551020622253418,0.146938771009445,3,0.03731833284057153,0.03184408737189592,-0.026604540405421425,0.026121201339182058,0.3074228368902438,0.07522038360729437
-7.551020622253418,0.169387757778167,3,0.06245119393837975,-0.05163174017079517,-0.028725541158943213,0.002507017646077185,0.37112143159291544,0.0711444723695268
-7.551020622253418,0.191836729645729,3,0.10447430849774525,-0.008575970791454552,0.051756782983500504,-0.011371399411062659,0.4937676627997054,0.1260102768156868
-7.551020622253418,0.21428570151329,3,0.060619273107279346,-0.02422910878870367,0.01083926244655528,-0.006013784220029332,0.341044163569941,0.07645196122300853
-7.551020622253418,0.236734688282012,3,0.07821420826809021,-0.06395254617905054,0.05920841511047,-0.0465750281904325,0.3780176900035453,0.0809825478025245
-7.551020622253418,0.259183675050735,3,0.07162136098870535,-0.08397890026849626,-0.04810334044211576,-0.06432648016101139,0.37625908391379337,0.05029434480617506
-7.551020622253418,0.281632661819458,3,0.08468609698139092,-0.08684742954055374,0.028857316676268632,-0.022421923438099265,0.34348154285224347,0.06955112070625
-7.551020622253418,0.304081618785858,3,0.11295403335333282,-0.08916413333723566,0.020276499409228745,-0.07814219777314778,0.3545428732655453,0.06409341498354468
-7.551020622253418,0.32653060555458,3,0.06355607958426181,-0.15596214673263475,-0.013355368407941147,-0.11911770277183516,0.3552063261476892,0.02606543756390799
-7.551020622253418,0.348979592323303,3,0.057642585582271706,-0.012610944297124838,0.08530494575423325,0.03829515264710328,0.33520916106643045,0.10076818015058278
-7.551020622253418,0.371428549289703,3,0.013807137955492365,-0.06868272231954385,-0.05996912756239325,-0.05964743041325029,0.3251497773227681,0.030131526996614616
-7.551020622253418,0.393877536058425,3,0.10817250461283323,-0.0065205494930546904,0.09533764883540619,-0.01989582929276071,0.3353909085215627,0.10249693663679735
-7.551020622253418,0.416326522827148,3,0.09559632925212881,0.02754703482509539,0.08820496022622537,0.007521331662451942,0.35123071550848933,0.11402007429487818
-7.551020622253418,0.438775509595871,3,0.018421501085909984,-0.04840162080248913,0.10202255402680398,-0.06410699269527233,0.342485612817105,0.07008421088641151
-7.551020622253418,0.461224496364593,3,0.05528662524073417,-0.030398922898498326,-0.1306552198994774,-0.06693764149217256,0.321887824463283,0.029836533082773776
-7.551020622253418,0.483673483133316,3,0.11719434932004413,-0.008350458156943921,-0.01571199665423225,0.03734057299784184,0.3810529803073912,0.10230508956282021
-7.551020622253418,0.506122469902038,3,0.07555050178514978,0.009637899849860604,-0.0016703130653321029,0.027694108794709484,0.34805651927816417,0.09185374332851039
-7.551020622253418,0.528571426868438,3,0.04323949575733604,-0.03694693947660441,0.06878080297628703,-0.040241389807244704,0.32017421474011065,0.07100123683797692
-7.551020622253418,0.551020383834838,3,0.064851249561524,-0.053123466943326064,0.014907496716589155,0.002890864777590301,0.3417794005213695,0.07426110892674938
-7.551020622253418,0.573469400405883,3,0.04530896685421685,-0.043805413407349246,0.01941145536907658,-0.0611772867736435,0.31681000273186655,0.055309544954833444
-7.551020622253418,0.595918357372283,3,0.059974597336625156,0.040361328744896556,-0.060524335225272174,-0.006641860552206609,0.3502778056274763,0.07668950718630384
-7.551020622253418,0.618367373943328,3,0.13151506994161621,-0.1518109856465778,-0.08492312199759627,-0.13309818168058354,0.35493193505083753,0.023322943133539227
-7.551020622253418,0.640816330909729,3,0.13396706514599918,-0.10650201843447932,0.009432408535896275,-0.0934759321200715,0.3616188127616855,0.061008067177806026
-7.551020622253418,0.663265287876129,3,0.1503226510645417,0.009007456412854893,-0.019567291815915534,-0.008987260279334322,0.30832996219349945,0.08782110351512924
-7.551020622253418,0.685714304447174,3,0.06452565467950855,-0.044101166563917986,0.046282570119657286,-0.05975344815895922,0.347674871710624,0.07092569635738252
-7.551020622253418,0.708163261413574,3,0.07514944663865407,0.07562985580742049,0.03022412161970948,0.03221151119061954,0.40905051173588225,0.12445308939845716
-7.551020622253418,0.730612277984619,3,0.0699039136472283,0.002370162548926876,0.05129979099566261,-0.007460486409137879,0.3622433509012137,0.09567134633677872
-7.551020622253418,0.753061234951019,3,0.024026163606253915,-0.04963601072279585,-0.022557139953968065,-0.08902588579394333,0.3765687294460271,0.04787517131631475
-7.551020622253418,0.775510191917419,3,0.0952067110799782,0.014046146810166527,-0.011645457943069313,0.0042029050876450464,0.4039523407490025,0.1011525291567446
-7.551020622253418,0.797959208488464,3,0.0681280596716271,0.009127740892719907,0.01886522746009831,-0.03683884086521145,0.2883018838482185,0.06951681420149047
-7.551020622253418,0.820408165454864,3,0.10632274634154332,-0.009374968168627663,0.003309586561042762,0.02802809018413142,0.36014358739464863,0.09768580846254768
-7.551020622253418,0.842857122421264,3,0.04655626196594951,-0.025326049171145833,-0.037427445035998694,-0.03267148653432531,0.29729341838180195,0.04968493992125632
-7.551020622253418,0.865306138992309,3,0.030503297591781747,-0.007524914087650332,-0.030499958641026236,-0.04861584113851571,0.3460447194225873,0.05798146062943536
-7.551020622253418,0.887755095958709,3,0.04496320697989537,-0.039191961720718024,-0.006962841496297158,-0.021070586788139212,0.2669162230590693,0.04893080800676206
-7.551020622253418,0.910204052925109,3,0.07375063971240124,-0.0628165770096991,-0.14529837604389226,0.011747099924294077,0.34595531245075256,0.04466761980677131
-7.551020622253418,0.932653069496154,3,0.06046512798622596,0.0821375861490004,-0.07012533055986611,0.053973019559821846,0.3567234146723594,0.0966347635615083
-7.551020622253418,0.955102026462554,3,0.07230036023660046,0.03993864485840049,0.12584435289277976,0.09233995521066958,0.36114362345926004,0.13831338733154208
-7.551020622253418,0.977551043033599,3,0.11082427244995614,-0.014583864509986602,0.05704817547215248,-0.034800461478324836,0.33802598632670416,0.09130282165210027
-7.551020622253418,1.0,3,0.06850766655124631,-0.003758797211801159,0.008541533135595294,-0.02178433381723364,0.36138609597155735,0.08257843292587283
-7.326530456542969,-0.100000001490117,3,0.08950547881618916,0.020450404700741498,-0.08458514587271926,0.08189636213323546,0.31139446390857106,0.08373231273720358
-7.326530456542969,-0.077551022171975,3,0.1704364867139074,-0.017938589036110363,0.047138803503872305,0.002537561644248454,0.3488563600823836,0.11020612458166028
-7.326530456542969,-0.055102042853833,3,0.1614591186160705,0.08154202914980717,-0.03891764655601094,0.05591700017171785,0.4429711734248951,0.14059433496129595
-7.326530456542969,-0.032653063535691,3,0.12117592951773286,-0.06227828478438099,-0.16886240051720083,-0.06109123392450224,0.3000519247901409,0.025799187016357944
-7.326530456542969,-0.010204084217549,3,0.07081351988031731,0.14069510156367787,-0.045260439219791414,0.09712390335607189,0.36674128732850036,0.1260226745817552
-7.326530456542969,0.012244895100593,3,0.08657744288716897,0.08898109754333927,-0.0820618120612972,0.03379897384471894,0.3459623778703209,0.09465161601685017
-7.326530456542969,0.034693874418735,3,0.1402282031997825,-0.0750488565035395,0.039146393432558664,-0.06508564945595892,0.31439322612507997,0.07072666335958454
-7.326530456542969,0.057142853736877,3,0.17714353981249928,-0.006410075419061051,-0.005411635292681026,-0.02915260358777449,0.30990821556885595,0.08921548821636774
-7.326530456542969,0.079591833055019,3,0.04820300357862528,-0.003476312411339453,-0.00098728880016478,-0.024612819415582413,0.2917574994838965,0.062176816487087026
-7.326530456542969,0.102040812373161,3,0.08556494371703578,0.003963346716810281,-0.0003211255848455663,-0.03044962545971024,0.35735712495120014,0.08322293286809808
-7.326530456542969,0.124489791691303,3,0.18048380597929933,0.03929779748815168,-0.05085729775201122,-0.020949221585798917,0.37340528766817077,0.10427607435956232
-7.326530456542969,0.146938771009445,3,0.10721245918560997,-0.02331786171051002,-0.039756840176273456,-0.07244192432368626,0.3405648449179249,0.062452135578613024
-7.326530456542969,0.169387757778167,3,0.05017920520833247,0.044211871780145406,0.16257250658920167,0.11977036001516896,0.3927535996769859,0.1538975086539669
-7.326530456542969,0.191836729645729,3,0.0400094364560786,0.04707334161044805,0.04484973775980088,0.024346396211432225,0.35527811746082966,0.10231140589971788
-7.326530456542969,0.21428570151329,3,0.16261426584879665,0.05922902478693535,0.12774688858320762,0.007850516539370196,0.3874280098945082,0.1489737411305636
-7.326530456542969,0.236734688282012,3,0.0789343834413435,-0.09296942290790026,0.11946293868369917,-0.08444849688994403,0.3434931411081725,0.07289450868707417
-7.326530456542969,0.259183675050735,3,0.07253624410140364,-0.11368982173315002,0.1354918468227813,-0.03478207226031304,0.31543503778502274,0.07499824694314891
-7.326530456542969,0.281632661819458,3,0.04501971559241554,0.02896737505086019,-0.07614251764392295,0.006568043096512353,0.3580897878748331,0.07250048079413965
-7.326530456542969,0.304081618785858,3,0.0640025197932975,0.0795842786369517,-0.01820508285279977,0.02579516976051165,0.34028946475969546,0.09829327001953131
-7.326530456542969,0.32653060555458,3,0.033790440222291544,0.0369438423262931,-0.047675656607152304,-0.0189246321965261,0.43407714941082104,0.08764222863114546
-7.326530456542969,0.348979592323303,3,0.083043179509027,0.046357593155036715,0.059198389193858024,-0.016666767682958553,0.3877079292274623,0.11192806468048508
-7.326530456542969,0.371428549289703,3,0.1466389378695863,-0.07372340251211577,0.10332002478201506,-0.06062362852898568,0.28208768996415423,0.07953992431493082
-7.326530456542969,0.393877536058425,3,0.12472468445664268,-0.038679175785391685,0.06380416396266664,-0.07608312974096963,0.4524811339878781,0.10524953537616522
-7.326530456542969,0.416326522827148,3,0.06735430887253648,0.027702597254738674,-0.019497644695450827,0.01441585716202925,0.3463169436365769,0.08725841244608609
-7.326530456542969,0.438775509595871,3,0.05925486089954033,-0.03872405859743041,0.033545308254344174,-0.014358525587037688,0.36645433988706894,0.08123438497129706
-7.326530456542969,0.461224496364593,3,0.05018257887121863,-0.08892236762115284,-0.0640127587849234,-0.10417256968086898,0.3104176126295267,0.020698499082760023
-7.326530456542969,0.483673483133316,3,0.1100150859325681,0.012429312764869319,-0.05026626079471703,-0.08261653981218557,0.3713931020660799,0.07219094003132295
-7.326530456542969,0.506122469902038,3,0.05504712342383115,-0.09783942413172485,-0.0703713792774386,-0.10173301777807893,0.30254049043396,0.017528758534109744
-7.326530456542969,0.528571426868438,3,0.049806677784810655,0.07244967354056714,0.05103203722102188,0.06331887691467343,0.432436141141366,0.13380868132048782
-7.326530456542969,0.551020383834838,3,0.09567336294945837,0.001479569317435334,0.03768970795093996,-0.007292485533206376,0.3353582685016523,0.09258168463725591
-7.326530456542969,0.573469400405883,3,0.04461638948600025,0.030587235255117844,0.040854985055705256,-0.0023780827560134685,0.34153083772828535,0.09104227295381905
-7.326530456542969,0.595918357372283,3,0.1551205206800025,-0.013745680897857321,-0.12266376875634288,-0.0535828876495105,0.3309350042522064,0.05921263752569964
-7.326530456542969,0.618367373943328,3,0.06607995905443682,-0.04796581389252627,0.06928882718707859,-0.04991351754388145,0.36582003202598506,0.08066189736621855
-7.326530456542969,0.640816330909729,3,0.1140034102939585,-0.003266089860299579,-0.04616700132281578,-0.07225200497771261,0.3493033201218972,0.06832432685100553
-7.326530456542969,0.663265287876129,3,0.06481854490898921,0.05798543087865707,0.027254533401810808,-0.009737329635955217,0.3586045098873462,0.09978513788816962
-7.326530456542969,0.685714304447174,3,0.05835524396246527,-0.07516773126923006,-0.05951178493774668,-0.07989765743888547,0.29590368917036286,0.027936351897393186
-7.326530456542969,0.708163261413574,3,0.11199197861083089,-0.08495176879128193,-0.03950587129244925,-0.04572233808177775,0.2603258718903186,0.04042757446712811
-7.326530456542969,0.730612277984619,3,0.1047918355875852,-0.10489588451268873,0.023400574599740525,-0.07875907298854169,0.3102468105444288,0.05095685264610482
-7.326530456542969,0.753061234951019,3,0.08362078339492603,0.08036059525105753,0.04503584506973343,0.07985619074059958,0.295728494606119,0.1169203818124871
-7.326530456542969,0.775510191917419,3,0.15241694259226732,0.005686743886258926,0.06875123326802453,-0.007798829252907674,0.32829603687611447,0.10947042547395151
-7.326530456542969,0.797959208488464,3,0.11282583286638322,-0.053040284938314815,-0.04524843079191504,-0.06658360183270541,0.3795753991299931,0.06550578288668821
-7.326530456542969,0.820408165454864,3,0.14577145129467917,-0.08136718517793394,-0.07388114097427961,-0.09165719952866785,0.3402415809858832,0.04782150131993619
-7.326530456542969,0.842857122421264,3,0.04654923934368994,0.07795207245150261,0.054884129970294245,0.10290895857539302,0.28538416775789965,0.1135357136197559
-7.326530456542969,0.865306138992309,3,0.020290617529342664,-0.045017277195914925,-0.02495758477679241,-0.005233746051941373,0.40162132430430403,0.06934066676179959
-7.326530456542969,0.887755095958709,3,0.06771372135908295,-0.03897630827840822,0.042837848818334086,-0.004068771385272664,0.34519809609918717,0.08254091732258466
-7.326530456542969,0.910204052925109,3,0.12804659394674583,-0.03694133613685999,0.054832749392507096,-0.0077083819721910545,0.3693129970168622,0.1015085244494128
-7.326530456542969,0.932653069496154,3,0.21208460374288485,0.04195343068716308,0.0791771635238776,0.0978301475486008,0.3349838934754806,0.15320584779560137
-7.326530456542969,0.955102026462554,3,0.0698533675890146,-0.0629289413323713,0.011879178998093995,-0.02796685812091254,0.2757765339097546,0.05332265620871587
-7.326530456542969,0.977551043033599,3,0.09948596627501838,-0.027679780769471887,-0.04709967271687288,0.0013146731748877153,0.36482098815243985,0.07816843482320024
-7.326530456542969,1.0,3,0.09468179184526428,-0.07950265938317144,-0.01856570268694358,-0.09430151381139813,0.32535237510056003,0.04553285821286223
-7.102040767669678,-0.100000001490117,3,0.1104354556124089,-0.07248335635055334,-0.05301843535685238,-0.035595760929640764,0.3968369331048058,0.06923496721603364
-7.102040767669678,-0.077551022171975,3,0.062297374612490554,0.011168943417735167,-0.005119881156618807,-0.008464175439466898,0.35797262609410635,0.08357097750564926
-7.102040767669678,-0.055102042853833,3,0.07582227524451977,0.02679532437214027,0.0020532173605238755,-0.004882765709097017,0.3504529770251185,0.09004820565864109
-7.102040767669678,-0.032653063535691,3,0.16438041350743224,0.12011625241060987,-0.012518284007653693,0.08540730594375191,0.41445876482804334,0.15436889053643674
-7.102040767669678,-0.010204084217549,3,0.1002038341909454,0.02515845818467692,-0.044549079120102,0.01846601996382275,0.34001398119204507,0.08785864288227763
-7.102040767669678,0.012244895100593,3,0.13255257640260065,0.048959113977903555,-0.07857096904789225,0.04233875912834612,0.3488121418927476,0.09881832447074115
-7.102040767669678,0.034693874418735,3,0.056373788019876324,0.0036491657897352175,-0.05144792681485825,-0.03064232116058843,0.26088893699287447,0.04776432856540787
-7.102040767669678,0.057142853736877,3,0.12359378738020234,0.030175101077094573,0.05661528581328427,0.04371375323041052,0.36657317800257916,0.12413422110071418
-7.102040767669678,0.079591833055019,3,0.02828752895881832,-0.05521034967302204,-0.002869379750316268,-0.019808470081041547,0.38325076983302836,0.06673001985749336
-7.102040767669678,0.102040812373161,3,0.036831573408336225,-0.03876452740933436,-0.045746009471179745,-0.10015138354389454,0.288434007641742,0.028120732125133913
-7.102040767669678,0.124489791691303,3,0.07343747188047273,-0.009095613278758075,-0.0344328444333009,-0.0771403073703768,0.3487402243893533,0.06030178623747805
-7.102040767669678,0.146938771009445,3,0.10948282090708339,-0.1283896182142284,0.05190155933162018,-0.12271924837962415,0.34087932827663675,0.050230968384297546
-7.102040767669678,0.169387757778167,3,0.0934412611111954,0.02093344157848276,0.01006013728510609,0.02790028962339494,0.39523620177678653,0.10951426627499314
-7.102040767669678,0.191836729645729,3,0.07851653631881363,-0.0023067713557871857,0.05868650815744538,-0.0008652663194653812,0.36774221304461346,0.100354643969124
-7.102040767669678,0.21428570151329,3,0.04094922911795926,-0.09470512239135924,-0.0428368300170072,-0.09923184183250842,0.28155029864733094,0.01714514670488306
-7.102040767669678,0.236734688282012,3,0.03196271195408209,-0.11394581726489539,-0.047567272300787194,-0.1569579837895018,0.3019138647123459,0.0030811006622487257
-7.102040767669678,0.259183675050735,3,0.09671723106983666,0.03148894492205074,-0.022467247597726853,0.061567259159516365,0.33791052468240695,0.10104334244721677
-7.102040767669678,0.281632661819458,3,0.053473823683715234,-0.02730258139616812,0.06329629789940124,-0.03885440819053636,0.303574919202175,0.0708376102397174
-7.102040767669678,0.304081618785858,3,0.11910886112068841,-0.06343938382722407,0.06765117775075087,-0.03609522259230844,0.32676116569042796,0.08279731962846695
-7.102040767669678,0.32653060555458,3,0.04256514041447853,-0.014363627034184803,0.03413793015294212,0.029619393498628077,0.32127048909331196,0.08264586522503517
-7.102040767669678,0.348979592323303,3,0.08058815316106724,-0.024515521984813198,-0.04041680781254074,-0.022520440801909524,0.24913077244891926,0.04845323100214461
-7.102040767669678,0.371428549289703,3,0.07349894618414687,-0.06541568928952618,0.038414673189487804,-0.0008723879177698993,0.2802025746692059,0.06516562336710889
-7.102040767669678,0.393877536058425,3,0.03941096808616504,0.005383434873351402,-0.09132906426317317,-0.013106567506602959,0.27731031409662266,0.04353381705727259
-7.102040767669678,0.416326522827148,3,0.09136814247084801,-0.06422816869330274,0.08972765647057686,-0.04847039201024165,0.3223654112318843,0.07815252989395297
-7.102040767669678,0.438775509595871,3,0.05081655033403732,0.05060311925056693,0.04371814294751079,-0.009605880798171429,0.29578827915373823,0.08626404217753636
-7.102040767669678,0.461224496364593,3,0.13640886801587557,0.012205743029686642,-0.12105044268108228,-0.03670593893251605,0.4139555292338953,0.08096275173317183
-7.102040767669678,0.483673483133316,3,0.08509461836498988,-0.04993698800162799,0.08072518678136271,-0.03136714770525464,0.30760575440815513,0.07842428476952502
-7.102040767669678,0.506122469902038,3,0.06331111096182128,-0.018821763362160484,-0.01684801533584956,-0.04398444765237622,0.35366297016001647,0.0674639709542903
-7.102040767669678,0.528571426868438,3,0.11883084689677291,0.008673059695556892,-0.029455341378557875,0.010313552621914612,0.31464229552424344,0.084600882671986
-7.102040767669678,0.551020383834838,3,0.014412226900006006,0.009446910139648726,0.07896361290411488,0.007800981829629679,0.37787431294308993,0.09769960894329785
-7.102040767669678,0.573469400405883,3,0.0919372162428805,-0.042913536222577646,0.0272821681500519,-0.07375479164626335,0.36035702503302675,0.07258161631142364
-7.102040767669678,0.595918357372283,3,0.08020241452039058,0.006726448881219173,0.10517016266896306,0.010424245682072593,0.31254657082690374,0.10301396851590983
-7.102040767669678,0.618367373943328,3,0.1201518470827831,0.0451583244285472,0.12242458290202958,0.010980918197042453,0.301725165118094,0.12008816754569926
-7.102040767669678,0.640816330909729,3,0.09821853657160236,0.057787409341942826,-0.016582983312518392,-0.0153300612376136,0.3435938117924331,0.09353734263116927
-7.102040767669678,0.663265287876129,3,0.06750434194633152,-0.019069362662207098,0.07677837629136199,-0.036875343508110926,0.37676250417894747,0.0930201032492646
-7.102040767669678,0.685714304447174,3,0.03759049602755953,-0.06008333646533507,-0.020135309013528318,-0.0869524536599317,0.3694669613750616,0.047977271652765205
-7.102040767669678,0.708163261413574,3,0.15145862874924382,-0.07854882456467648,0.11726035590675993,-0.08343459914027035,0.32937005402193426,0.08722112299459824
-7.102040767669678,0.730612277984619,3,0.08813551618267366,-0.007464901236964823,-0.047940784844028785,-0.026963800602124083,0.3416995267762335,0.06949311125515789
-7.102040767669678,0.753061234951019,3,0.06458993515329767,0.02976935540909199,0.202766248458498,0.08970505073268902,0.3546521682667849,0.14829655160407232
-7.102040767669678,0.775510191917419,3,0.034938937233890084,0.03481713603561215,0.0668175224882269,0.061842578772938146,0.36044476754738025,0.1117721884156095
-7.102040767669678,0.797959208488464,3,0.11257647900793992,0.010850780434526676,0.07257116182894645,0.020202782540783417,0.3807314164255044,0.11938652404754017
-7.102040767669678,0.820408165454864,3,0.07685659875273884,0.002536066896181468,-0.06976417237177292,-0.001946098541387456,0.32942436381540674,0.06742135171023333
-7.102040767669678,0.842857122421264,3,0.031083104587086758,-0.1295145918004398,0.03391056950698796,-0.0865250659947918,0.30252576683507504,0.030295956626783627
-7.102040767669678,0.865306138992309,3,0.11625654421477834,-0.004405487602222392,-0.04948451344653695,0.05078747399114634,0.32951792629006244,0.08853438868944555
-7.102040767669678,0.887755095958709,3,0.16675357616039102,-0.0022827609415319535,0.08497041478402567,-0.007840542361956256,0.32002139355136605,0.1123244162384589
-7.102040767669678,0.910204052925109,3,0.11051522126117765,-0.05951903640498815,-0.069362448017678,-0.08127401156614406,0.3469503326487933,0.04946201158423215
-7.102040767669678,0.932653069496154,3,0.09017512472900291,0.014406286866949275,-0.07186555054210127,-0.0051574335733642245,0.3460162319611119,0.07471493188831972
-7.102040767669678,0.955102026462554,3,0.1303764863753076,-0.14161117531498824,0.051342981386147464,-0.06644415887954123,0.3364340252937381,0.062019631772132745
-7.102040767669678,0.977551043033599,3,0.09615989218382616,0.0726872881579509,-0.023518877131062123,0.07694093962871518,0.3073166455922794,0.1059171776863419
-7.102040767669678,1.0,3,0.08664683358062468,-0.10591504260854447,0.03383197219102794,-0.0591220061772978,0.31513847725769084,0.054116046848700236
-6.877551078796387,-0.100000001490117,3,0.028009554628888888,-0.025055000158863056,-0.006097832139337583,-0.07084416605765011,0.30590136322866757,0.04638278390034114
-6.877551078796387,-0.077551022171975,3,0.1970318249314189,-0.0212707713363772,0.009442839391747636,-0.04602968671671931,0.4035191871550324,0.10853867868502047
-6.877551078796387,-0.055102042853833,3,0.10041799019246102,0.014618355812049509,-0.007949133295339977,0.030912286564075436,0.3699252446515929,0.10158494878496778
-6.877551078796387,-0.032653063535691,3,0.03948755450287028,0.024624711623642447,0.12103710933740437,0.008818023965240465,0.3691033410564171,0.11261414809711494
-6.877551078796387,-0.010204084217549,3,0.15203290431281155,-0.021929971693380845,0.0799508268930996,-0.02838522184394955,0.37395838995843506,0.11112538552540316
-6.877551078796387,0.012244895100593,3,0.08731961996362951,-0.04400054800768205,0.006442374712016387,-0.10760465177576523,0.43400366922636185,0.0752320928237121
-6.877551078796387,0.034693874418735,3,0.06499069474601046,0.08659378848010037,-0.02484661245006788,0.013721292623813516,0.351679284957436,0.0984276896714585
-6.877551078796387,0.057142853736877,3,0.05948462738080254,-0.010807506365931406,-0.014702475240334112,0.042632067077279505,0.3650713550916819,0.0883356135886997
-6.877551078796387,0.079591833055019,3,0.0421487504272696,0.040302694855244334,0.02742752098990016,0.019054132545713753,0.34786626679129773,0.09535987312188512
-6.877551078796387,0.102040812373161,3,0.11282362825961699,0.03908849798055006,-0.046425647289743,0.04625174322566994,0.3881600743009012,0.10797965929539903
-6.877551078796387,0.124489791691303,3,0.15283931812211116,-0.04078196146739456,-0.13041528551486392,-0.05030336368937168,0.324180527800084,0.05110384705011299
-6.877551078796387,0.146938771009445,3,0.15463574602943617,-0.09690588095545218,-0.059323591529500695,-0.061142115563593565,0.35166907332453406,0.05778664626108476
-6.877551078796387,0.169387757778167,3,0.1963317884997058,0.03480699723071518,-0.14078705373275704,0.03225166623808861,0.32441565583461923,0.08940381081407436
-6.877551078796387,0.191836729645729,3,0.09114989373602665,-0.09351803297903415,0.007642736329528179,-0.08616406305971284,0.309830421220542,0.04578819104946997
-6.877551078796387,0.21428570151329,3,0.10408008388194794,-0.12871758423934224,-0.0570310059775986,-0.12551241175085645,0.31806508762536795,0.02217683390790372
-6.877551078796387,0.236734688282012,3,0.06498283441632069,0.021410016921824777,-0.00095854658416758,-0.020896214980454724,0.2919091406579449,0.0712894460862936
-6.877551078796387,0.259183675050735,3,0.06613969382508768,0.045787179641744356,0.10759277804133031,0.0158905428818165,0.3820074571619749,0.12348353031039075
-6.877551078796387,0.281632661819458,3,0.09394775313554622,0.05710564702405959,-0.03833783744269862,0.008769129414986617,0.3698884209381632,0.0982746226140114
-6.877551078796387,0.304081618785858,3,0.061146216532412555,-0.091671175746247,0.04064979229983188,-0.07866355245006816,0.30410810995957765,0.04711387811910138
-6.877551078796387,0.32653060555458,3,0.1497327048622086,0.07980224164634882,-0.017381414442692256,0.06152173246632795,0.3894544632911668,0.13262594556467197
-6.877551078796387,0.348979592323303,3,0.040179415061661894,-0.046224568100680506,0.04526012901103529,-0.04087942695546191,0.39161098112050613,0.07798930602741218
-6.877551078796387,0.371428549289703,3,0.0577266019025946,0.03940818834471624,-0.11190762419378686,0.04390305420289481,0.4036571088925744,0.08655746582979865
-6.877551078796387,0.393877536058425,3,0.07042847995282318,-0.037391737256340096,0.09440914988862703,-0.08017233551437207,0.3747232824002738,0.08439936789420237
-6.877551078796387,0.416326522827148,3,0.053767545069629524,-0.11465130114324389,-0.029342881122322927,-0.14177167206497698,0.30719780840184824,0.015039899828186792
-6.877551078796387,0.438775509595871,3,0.06441825670633762,-0.047907563144437115,0.029639787005860257,-0.09895033036420349,0.3595442156745618,0.061348873175623805
-6.877551078796387,0.461224496364593,3,0.0903418445219119,0.10274058830683486,0.11010967171609949,0.08436223409528665,0.35812055918117985,0.14913497956426255
-6.877551078796387,0.483673483133316,3,0.11143491001286195,-0.024201729311322584,0.01094358395682834,-0.015383674227930523,0.3785846157549817,0.09227554123708379
-6.877551078796387,0.506122469902038,3,0.05330167953002155,0.016964080773253273,0.055132060087429074,0.012411882893604877,0.40147805167599665,0.1078575509920611
-6.877551078796387,0.528571426868438,3,0.07952463091895448,-0.013790246109771774,0.01651815598713256,0.006735603324464753,0.28714807522168706,0.07522724386849342
-6.877551078796387,0.551020383834838,3,0.1480364616358304,-0.04978549460864554,-0.07548000243675622,-0.035311450911926716,0.3182870512800548,0.06114931299171135
-6.877551078796387,0.573469400405883,3,0.06521367736688662,-0.11799374101859013,-0.05894291633251537,-0.13818581748100364,0.3526808495140315,0.020554410409761796
-6.877551078796387,0.595918357372283,3,0.044116680367264995,0.03165376345722367,0.007837759869223075,-0.018882902917107668,0.3329933265911655,0.0795437254735539
-6.877551078796387,0.618367373943328,3,0.09826723291916961,-0.05280500320086997,-0.16018400364158755,-0.09165986604616379,0.39347104122276244,0.03741788025066215
-6.877551078796387,0.640816330909729,3,0.030787184143355836,-0.0024256136885733117,0.0629781536272717,0.021672723828782558,0.32269103904480123,0.08714069739112759
-6.877551078796387,0.663265287876129,3,0.0763579261938785,-0.07425073264135375,0.02147810977787366,-0.02541098301186405,0.3715486650084496,0.07394459706539679
-6.877551078796387,0.685714304447174,3,0.06392069086505403,0.013356398435182082,-0.03595591759167632,-0.002669527591923284,0.3228578720561781,0.07230190323456293
-6.877551078796387,0.708163261413574,3,0.05727553447130627,0.09413444661127231,-0.14718087903101337,0.06804863927929934,0.35248357546303727,0.08495226335878037
-6.877551078796387,0.730612277984619,3,0.05971641184847872,-0.030182192676028247,-0.06908830949952226,-0.07610137179073274,0.30553492135846666,0.03797589184813242
-6.877551078796387,0.753061234951019,3,0.09049518280163105,-0.14810380839592177,-0.12678988137100491,-0.09589500055409732,0.32104113598766204,0.008149525693653814
-6.877551078796387,0.775510191917419,3,0.06378790768982999,-0.0343662359400852,0.11320804507830744,-0.08430667085242476,0.3001562582985116,0.07169586085482782
-6.877551078796387,0.797959208488464,3,0.0698980487180381,-0.049149744710937915,-0.0017556450240547212,-0.04707511374498974,0.33349519348844875,0.0610825477453009
-6.877551078796387,0.820408165454864,3,0.12687422524536915,-0.012422423449849283,0.0597632909703589,-0.01092817717786309,0.29736955264206877,0.09213129364601688
-6.877551078796387,0.842857122421264,3,0.09100003171438602,-0.11087525363796454,-0.048225038878597803,-0.06692299250043807,0.31660944974999033,0.03631723928947519
-6.877551078796387,0.865306138992309,3,0.023776820561158162,-0.0353066303115499,0.011192902687852594,-0.026723474430557687,0.28415206640873397,0.051418336983127436
-6.877551078796387,0.887755095958709,3,0.08812677424895231,0.03988828547230352,0.10042694041164228,0.02889545688563534,0.39250672634723793,0.12996883667315426
-6.877551078796387,0.910204052925109,3,0.08494354941035119,-0.08547756000367475,-0.025592315830399004,-0.05457929882127031,0.32419402836789685,0.0486976806245808
-6.877551078796387,0.932653069496154,3,0.16177866193923954,-0.011380986985685564,-0.04410123878785919,0.012039101967332733,0.3473675383359737,0.09314061529380024
-6.877551078796387,0.955102026462554,3,0.11234849586697411,-0.05962272249236219,0.026693059147928116,-0.05896021649313717,0.3713970736092205,0.07837113792772467
-6.877551078796387,0.977551043033599,3,0.07092271029519466,-0.0806124994266374,-0.04737588254054961,-0.06428211152456587,0.3162712325681205,0.03898468987431246
-6.877551078796387,1.0,3,0.05606483083111281,-0.08072729532059547,-0.009792758280104933,-0.04429617240842288,0.33530830026258407,0.05131138101691472
-6.653061389923096,-0.100000001490117,3,0.07028670755843196,0.035139781193464,-0.05753772023816773,0.005298946074310025,0.359621040928429,0.08256175110329345
-6.653061389923096,-0.077551022171975,3,0.09004924390142476,-0.04232584672127051,0.05245091327623192,0.0022734628469168274,0.23732555247128082,0.06795466515491676
-6.653061389923096,-0.055102042853833,3,0.036246599645390266,0.014141315573960487,0.0699919121768778,0.06747406053854439,0.29517324958241775,0.09660542750343813
-6.653061389923096,-0.032653063535691,3,0.21904229068945838,-0.09818209562507973,0.014244823994851946,-0.09107684279991118,0.3761945090387176,0.08404453705960739
-6.653061389923096,-0.010204084217549,3,0.09750285587075606,-0.07072492451072042,-0.0529323622259247,-0.06848519600481698,0.3086726954353121,0.042806613712921215
-6.653061389923096,0.012244895100593,3,0.14391654919774713,-0.016560778191689992,0.026957066904940725,-0.040812200432500605,0.41595819730990674,0.1058917669576808
-6.653061389923096,0.034693874418735,3,0.0984763100313506,-0.004716172989020273,-0.025486105223586478,-0.04444674152207128,0.31121524577320137,0.06700850721397479
-6.653061389923096,0.057142853736877,3,0.0704510330076926,-0.04753304389835936,0.040765392781176676,-0.05923379538506595,0.3665021574675417,0.07419034879459714
-6.653061389923096,0.079591833055019,3,0.09381048035683331,-0.056215671501599264,0.01843269649869391,-0.031237389472585666,0.36906521690895744,0.07877106655805995
-6.653061389923096,0.102040812373161,3,0.04999298513943862,0.01651974741552185,0.05229848030921597,-0.0058953099900750745,0.35707005646920065,0.0939971918686604
-6.653061389923096,0.124489791691303,3,0.07840008903239526,0.055287491395894166,0.07850910944269503,0.09142205546249056,0.43831353775018683,0.1483864566167324
-6.653061389923096,0.146938771009445,3,0.050263349022219274,-0.10915480304730078,0.10823006354389368,-0.06329975746961027,0.35820704360151917,0.06884917913014421
-6.653061389923096,0.169387757778167,3,0.10975529278459155,-0.022917701393109655,-0.018421891589748145,0.04460041014495943,0.31734561336780376,0.0860723446628994
-6.653061389923096,0.191836729645729,3,0.15031330719394828,-0.11267230696760211,0.09356784708427503,-0.07182845761475445,0.37022890981014206,0.08592185990120176
-6.653061389923096,0.21428570151329,3,0.05474308867722877,-0.10041808356211003,0.08545001124855028,-0.07627114398433756,0.2996915154930433,0.052639077574474946
-6.653061389923096,0.236734688282012,3,0.08414036591338524,0.008633303225082127,-0.04674880337417764,-0.02675165258844434,0.30559533864141636,0.06497371036345236
-6.653061389923096,0.259183675050735,3,0.03747780049948312,-0.041521906723851844,0.08862281965305265,-0.061750279934397245,0.31316912629039,0.06719951195693534
-6.653061389923096,0.281632661819458,3,0.10570053487484739,-0.0351437916851039,0.059796751470036234,-0.03746858092160529,0.3663414393041344,0.09184527060846176
-6.653061389923096,0.304081618785858,3,0.10776093412804029,-0.039499012168992785,-0.03322859543589964,-0.05498112385621595,0.3233291752043885,0.06067627557426408
-6.653061389923096,0.32653060555458,3,0.03922722763820258,-0.015843394214350843,-0.010669725227439197,-0.038663818095406643,0.34537871041808516,0.06388580010381821
-6.653061389923096,0.348979592323303,3,0.1434606895785802,-0.007038442456776657,0.1167107092750806,0.030735587986308276,0.33985052398700577,0.12474381367403964
-6.653061389923096,0.371428549289703,3,0.1243753981690207,-0.06636311982333376,-0.0036239812258395516,-0.0237596468019078,0.3485669011657461,0.07583911029673715
-6.653061389923096,0.393877536058425,3,0.07368781262055536,-0.054378609463520695,0.07190952377774557,-0.07671817132678758,0.3154218509939262,0.06598448132038377
-6.653061389923096,0.416326522827148,3,0.10863571950496283,-0.030028429620070466,0.09305060753264309,-0.005294069907511685,0.3990864312057792,0.1130900517431606
-6.653061389923096,0.438775509595871,3,0.04436737445030461,-0.09129776177109207,-0.010144673356655568,-0.05348402334605487,0.2939906661017604,0.036686316415652495
-6.653061389923096,0.461224496364593,3,0.1427801752302559,-0.08540388628385494,0.0724147262106916,-0.12318782916785431,0.3177346617468948,0.06486756954722661
-6.653061389923096,0.483673483133316,3,0.10253611279632717,-0.02305734233938579,-0.06676370687299797,0.001474906544548032,0.336565203031246,0.07015103463194748
-6.653061389923096,0.506122469902038,3,0.06072888749480693,-0.027130288576683703,0.011970801974419897,-0.018020498833002503,0.3739120088451518,0.08029218218093849
-6.653061389923096,0.528571426868438,3,0.12231539653726886,0.01037086028181503,0.03623266506078079,0.05172753974157351,0.40815473265622976,0.12576023885553358
-6.653061389923096,0.551020383834838,3,0.037504754210678504,-0.02685427026039061,0.01048821457541437,-0.032195217631953314,0.34516342869623085,0.06682138191799596
-6.653061389923096,0.573469400405883,3,0.11293053743286248,-0.012376001480691836,-0.07819020160349366,0.018501492190893105,0.4011726459975131,0.08840769450741665
-6.653061389923096,0.595918357372283,3,0.0928027721560903,-0.019928217230985732,-0.013115584969781937,-0.018574454233927982,0.2771843609435487,0.06367377533298867
-6.653061389923096,0.618367373943328,3,0.0570797585414262,-0.06772128772530238,0.017292755995328077,-0.024320548205551,0.3164260765659679,0.059751351034373755
-6.653061389923096,0.640816330909729,3,0.014546190947669296,-0.046887026666597754,-0.031397590794204976,-0.026139501273627033,0.27717492842282715,0.03745940012721334
-6.653061389923096,0.663265287876129,3,0.035980504280744716,-0.09687217092292721,-0.07078735853827126,-0.08665136013145243,0.3643721890569184,0.02920836074900245
-6.653061389923096,0.685714304447174,3,0.05905748441043864,-0.17896562840533506,-0.019176082845756264,-0.14375188988087179,0.29384742848329276,0.002202262352353668
-6.653061389923096,0.708163261413574,3,0.12980967920525777,-0.08226573946604365,0.0340456231500084,-0.07805641577664683,0.3781461465641786,0.07633585873535086
-6.653061389923096,0.730612277984619,3,0.07843050157668174,-0.03693218722238899,-0.04842423527469238,-0.05455390162136916,0.2752356699957635,0.04275116949079894
-6.653061389923096,0.753061234951019,3,0.16896354422065318,0.007156787559732383,-0.0671015367559398,0.037120180824920704,0.3085014118678501,0.09092807754344331
-6.653061389923096,0.775510191917419,3,0.1407092026927692,0.00495631004612584,0.03234946088280258,0.046817576734658806,0.3800631632581044,0.12097914272289216
-6.653061389923096,0.797959208488464,3,0.017892144849224065,-0.054942792307499454,0.04674801926160746,-0.09071322133724054,0.2674938044583201,0.037295590984882325
-6.653061389923096,0.820408165454864,3,0.12713324895818925,-0.07035803514515958,0.16678335919773635,-0.025773275587169037,0.2731596002977657,0.09418897954427255
-6.653061389923096,0.842857122421264,3,0.04911089856344261,-0.06585917870335041,0.023813466478894263,-0.09557805003574045,0.3593640794093112,0.05417024314251144
-6.653061389923096,0.865306138992309,3,0.07130144899742276,-0.13527045685673292,-0.0555000355974154,-0.12440774118454902,0.2723289453607105,0.0056904321438871865
-6.653061389923096,0.887755095958709,3,0.07446520055128983,-0.04360824695425911,-0.1081050156573703,-0.0331396631465258,0.3590717249886952,0.04973679995636597
-6.653061389923096,0.910204052925109,3,0.0633219670638518,-0.004383285528860757,-0.007466328757568748,0.0342581678704871,0.3698830652637561,0.09112271718233309
-6.653061389923096,0.932653069496154,3,0.06599955756945386,-0.0554577287377487,-0.09142022944927515,-0.00038861842490186166,0.3319563455802393,0.050137865307553486
-6.653061389923096,0.955102026462554,3,0.007250331357282574,0.015444517356309912,0.039252798461064914,0.035350399743471456,0.3517643033947046,0.0898124700625667
-6.653061389923096,0.977551043033599,3,0.07875332788106156,-0.08561736574454082,0.0720150605277712,-0.04884816364476171,0.3390224478635793,0.07106506137662191
-6.653061389923096,1.0,3,0.03581157001653708,-0.04417808673953951,0.007236490464647402,-0.02449634951251534,0.37056248994469526,0.06898722283476498
-6.428571224212646,-0.100000001490117,3,0.051072344487135136,-0.03672838139067713,0.05306092783968058,-0.0014059198261339723,0.36955364384977,0.08711052299195493
-6.428571224212646,-0.077551022171975,3,0.1040727804280022,0.03901804318699307,-0.0025928757853657253,0.02676613840759968,0.3797924774227411,0.10941131273199405
-6.428571224212646,-0.055102042853833,3,0.13231398691786214,0.017448166465382664,0.07976752375712727,-0.013854774797623655,0.27698969158115855,0.0985329187847814
-6.428571224212646,-0.032653063535691,3,0.03894347338441909,0.002486146423899868,-0.09199359473010271,0.029015017975785568,0.34137009202972984,0.06396422701674634
-6.428571224212646,-0.010204084217549,3,0.09410323788594381,0.03393798742736057,-0.0026651562668312347,0.03636750466753883,0.36612372349721173,0.10557345944224475
-6.428571224212646,0.012244895100593,3,0.11071505915303566,-0.015079141155726864,0.05754171915899083,-0.07189592530939137,0.3808075572819762,0.09241785382577689
-6.428571224212646,0.034693874418735,3,0.05850780335232273,-0.09968399020123254,0.005330459631912755,-0.07597329425365233,0.35166026486884744,0.04796824867963961
-6.428571224212646,0.057142853736877,3,0.21667473717903896,-0.04969558712287473,0.02710121283997065,-0.0778882729555286,0.3553224947651333,0.09430291694114792
-6.428571224212646,0.079591833055019,3,0.13285512986581519,0.06817368958463843,0.07697987202459976,0.03438414770086489,0.3460312106280427,0.13168480996079218
-6.428571224212646,0.102040812373161,3,0.05304348775235215,-0.010965248193195776,-0.0031074771409970773,-0.05148130952881611,0.3427979596303056,0.06605748250392976
-6.428571224212646,0.124489791691303,3,0.04138492715165266,-0.014032394857741493,0.08102155740368855,-0.013119626215470156,0.35113968698450043,0.089278830093326
-6.428571224212646,0.146938771009445,3,0.16615268632012475,-0.09277158832776179,-0.04555701576472205,-0.07233249582411701,0.3287542731233318,0.05684917190537113
-6.428571224212646,0.169387757778167,3,0.08334164755236333,0.01527155308001625,0.051650060727295465,-0.05469937671208805,0.33764710905496026,0.08664219874050945
-6.428571224212646,0.191836729645729,3,0.12379745794165793,-0.0633977436414965,-0.0401875966505968,-0.05609176553216181,0.37078655525009324,0.06698138147349922
-6.428571224212646,0.21428570151329,3,0.06197248463544771,0.07142014902776034,-0.02619477049420792,0.03200374101939521,0.3679661999415503,0.10143356082598913
-6.428571224212646,0.236734688282012,3,0.03418730103979964,0.10191152572713376,0.04913893889486797,0.10009580158519273,0.3653509491911254,0.1301369032876239
-6.428571224212646,0.259183675050735,3,0.02567849819477645,0.023080338991937382,0.023608072061985483,0.025686132456137448,0.35087932695355334,0.08978647373167802
-6.428571224212646,0.281632661819458,3,0.12645651761967872,-0.03822561244398932,-0.010175773491075879,-0.022723817504670982,0.3477917564795184,0.08062461413189219
-6.428571224212646,0.304081618785858,3,0.08555979153880328,0.050789402455620976,0.02491772455661695,0.11911921626891891,0.4014888629674746,0.13637499955748694
-6.428571224212646,0.32653060555458,3,0.11833387996528366,-0.005507403146373741,0.005553466947326005,-0.011532215434939272,0.341144472431473,0.08959844015255393
-6.428571224212646,0.348979592323303,3,0.07215259093097326,-0.01648354820601947,0.06258349072615409,0.03599198353830016,0.3345059455591302,0.09775009250970765
-6.428571224212646,0.371428549289703,3,0.17525610480768247,-0.07930909251918507,0.033510614072884436,-0.028559358169099974,0.35556800815389983,0.09129325526923635
-6.428571224212646,0.393877536058425,3,0.09151818245459552,-0.045519330751502,0.01540667882675135,-0.05674357979431003,0.29795393012935234,0.060523176172977436
-6.428571224212646,0.416326522827148,3,0.09404731282455175,-0.0447196479165809,-0.035259204064101185,-0.015027610283901732,0.322965996698327,0.06440136945165899
-6.428571224212646,0.438775509595871,3,0.08024236479752513,-0.00010438455646160962,-0.007195084704519313,0.014617472957621917,0.3268877764110361,0.08288962898104044
-6.428571224212646,0.461224496364593,3,0.16188913617007247,0.021343859480340528,0.06739325933093533,0.05619529927986583,0.3693734080989648,0.1352389924720358
-6.428571224212646,0.483673483133316,3,0.04239331341297667,0.0018748380635688216,-0.015509529025293548,-0.05565696177486112,0.3686823253457381,0.06835679720442578
-6.428571224212646,0.506122469902038,3,0.05410139282239363,0.010532679840553477,0.03001146790869022,0.04700568919293826,0.3883085750982329,0.1059919609725617
-6.428571224212646,0.528571426868438,3,0.09518326272900413,-0.09774591150775225,-0.01073466227259188,-0.13527453181081855,0.3773099409925951,0.04574761962608732
-6.428571224212646,0.551020383834838,3,0.1529000530246701,0.07465282329984045,0.04049851131599862,0.019967640198244974,0.22126676934519676,0.10185715943679019
-6.428571224212646,0.573469400405883,3,0.08075298606510216,-0.03994404749618682,-0.13266129648908634,-0.03389989638064125,0.3477927735977797,0.04440810385939349
-6.428571224212646,0.595918357372283,3,0.09572107316069374,-0.017890383524304252,0.06710962160726386,-0.0950697741612103,0.31347733554884905,0.07266957452625841
-6.428571224212646,0.618367373943328,3,0.13293045547118743,0.0754677663132058,-0.03769187149587331,0.08541673288054359,0.31824144862187426,0.11487290635818756
-6.428571224212646,0.640816330909729,3,0.05456698727627695,0.001468985277685841,-0.04996875246709049,-0.030974238695781448,0.303529606952588,0.055724517668735776
-6.428571224212646,0.663265287876129,3,0.07327337904293947,-0.019026807777833915,0.07007417827871361,-0.01402931132924401,0.3388915407897981,0.08983659580087465
-6.428571224212646,0.685714304447174,3,0.08659713791310586,-0.011302783506697068,0.15239690178759133,-0.04326993348111995,0.30849023761093947,0.09858231206476392
-6.428571224212646,0.708163261413574,3,0.06823938654194923,-0.04033022795063957,9.841842469832107e-05,-0.06231645437682299,0.30763670365426043,0.05466556525868908
-6.428571224212646,0.730612277984619,3,0.11611589018318125,0.04144837438291205,-0.01760306770852803,0.05836028833518395,0.34305818767621304,0.10827593457379245
-6.428571224212646,0.753061234951019,3,0.12280358360578596,0.031184081625823423,0.004529534206797099,0.046581952918151204,0.34861361362379206,0.11074255319606996
-6.428571224212646,0.775510191917419,3,0.10063010248679276,-0.09595745650522634,-0.02014981677770802,-0.020700141300136875,0.34473354822681807,0.061711247226107914
-6.428571224212646,0.797959208488464,3,0.09564265524918447,-0.007299815312719382,0.01505727426402094,-0.00835003025653012,0.3408993212548683,0.08718988103976485
-6.428571224212646,0.820408165454864,3,0.028379616139242364,-0.07595793256939166,0.03252222419725493,0.018096721677651594,0.3096015188904623,0.0625284296670439
-6.428571224212646,0.842857122421264,3,0.021679284445215937,0.06762027799670521,-0.12591124315857458,0.059358760468176654,0.3257718639899379,0.06970378874829222
-6.428571224212646,0.865306138992309,3,0.09818844217382523,-0.002581687792813448,-0.03078991206176665,-0.04371889090165515,0.3212992263552426,0.06847943555456651
-6.428571224212646,0.887755095958709,3,0.054660278581672585,-0.03031867564800704,0.05186787882077365,0.001260433114979885,0.3368939622836626,0.08287277543061633
-6.428571224212646,0.910204052925109,3,0.05050017246917108,0.00032552930785006984,-0.008434517880497408,0.011939631509489923,0.2931973796102552,0.06950563900325377
-6.428571224212646,0.932653069496154,3,0.10407632129184374,0.12770464153552188,0.010589293022139868,0.13372285634514894,0.39040765764317253,0.1533001539675654
-6.428571224212646,0.955102026462554,3,0.05495622983550363,-0.18136078209690668,0.012128083951367082,-0.14174518135168385,0.2625139171115145,0.0012984534899589395
-6.428571224212646,0.977551043033599,3,0.09971026047102359,0.0016515406394054636,0.11607870528347779,0.051100937684038124,0.36515394711279586,0.12673907823814817
-6.428571224212646,1.0,3,0.049535800909875256,0.06705384688448383,-0.044116945915665264,0.030721935426563086,0.29924342442605373,0.08048761234626213
-6.204081535339355,-0.100000001490117,3,0.17029371056782663,-0.05261946367093235,-0.06714561560017696,-0.02138145279694541,0.4180762503235609,0.08944468576466656
-6.204081535339355,-0.077551022171975,3,0.18035325946946815,-0.04342564092471424,-0.06257173564286249,-0.020385025243378013,0.3071271012338736,0.0722195917784774
-6.204081535339355,-0.055102042853833,3,0.10869474857346018,-0.047231169547552944,-0.0062813007970436525,-0.05670397198210838,0.28171515223424504,0.05603869169620005
-6.204081535339355,-0.032653063535691,3,0.11528830689928737,0.006150797856767003,-0.04054909297506327,-0.027486399453949362,0.38083359545694684,0.08684744155679772
-6.204081535339355,-0.010204084217549,3,0.18419881240840305,-0.06667451475206439,-0.010633806956108082,0.019413200098264884,0.3914108720363331,0.10354291256696571
-6.204081535339355,0.012244895100593,3,0.059819287470620985,-0.018770856059661545,-0.04043136050050399,-0.051698573359993116,0.3462824388119441,0.05904018727248128
-6.204081535339355,0.034693874418735,3,0.020504628274198855,-0.05624794278795001,-0.07699910224651689,-0.04125000049226727,0.3453422631703633,0.0382699691835656
-6.204081535339355,0.057142853736877,3,0.15302009109217282,-0.05582180183017077,0.08209485148539952,-0.012634030997073678,0.3107340099611701,0.0954786239422996
-6.204081535339355,0.079591833055019,3,0.06351496948351297,-0.0284484941093837,0.030287547621747058,-0.024861901691628257,0.39232208699353804,0.08656284165955722
-6.204081535339355,0.102040812373161,3,0.06025868714450914,-0.021768362398681435,-0.03122591904848056,-0.05323527028851872,0.35366483909553065,0.061538794900871815
-6.204081535339355,0.124489791691303,3,0.1018695883872391,0.029271349865195227,0.0055172121139705444,0.06175168394266569,0.34026535186340845,0.1077350372344958
-6.204081535339355,0.146938771009445,3,0.129212283170088,0.02863556556508337,0.1108628528179002,0.024358589487212475,0.3946414301589846,0.13754214423985373
-6.204081535339355,0.169387757778167,3,0.10447310006229726,0.07349214513260909,-0.004783916995624922,0.07543554522104395,0.3243605616936891,0.1145954870228029
-6.204081535339355,0.191836729645729,3,0.10079747028127795,-0.0252922980396183,-0.04707857450822966,-0.05180141300315272,0.3277612409195822,0.06087728512997189
-6.204081535339355,0.21428570151329,3,0.1113095274408452,0.09705341816968366,-0.014915934817497445,0.10479223094801754,0.30825559029435695,0.1212989664070812
-6.204081535339355,0.236734688282012,3,0.08563004201112266,-0.07053893103161758,-0.028825881547389253,-0.05062933202681511,0.312216048255961,0.04957038913225235
-6.204081535339355,0.259183675050735,3,0.15150155484748223,0.038421969992643766,-0.1283435654707742,0.0030282582865683444,0.3581002759165601,0.08454169871449604
-6.204081535339355,0.281632661819458,3,0.09450173392214849,-0.14079415208988433,-0.015018379771556933,-0.02228521696328342,0.3928952446005258,0.061859845939589916
-6.204081535339355,0.304081618785858,3,0.08408891655459626,0.0006751918569584311,0.005978338548140588,-0.02378201475479404,0.3748083599517722,0.08835375843133468
-6.204081535339355,0.32653060555458,3,0.15980475061149158,-0.007424173470489588,-0.010271365818310582,-0.018966119965338507,0.29242922175395997,0.08311446262226256
-6.204081535339355,0.348979592323303,3,0.09822966100405768,-0.06922058182045965,-0.028517165861990407,-0.046802357392717174,0.39803236644734136,0.07034438447524635
-6.204081535339355,0.371428549289703,3,0.08847458894018029,0.007423295489685826,0.021245606593367532,-0.021896888299814104,0.2836670533301214,0.07578273121070819
-6.204081535339355,0.393877536058425,3,0.05452319474453251,0.0021910513115277384,-0.019403569606819684,-0.074433420274602,0.4004383658891692,0.07266312441276154
-6.204081535339355,0.416326522827148,3,0.10779988057148049,0.07897287053356096,0.03565145630264957,-0.0005711296326251919,0.3005711291842948,0.10448484139187211
-6.204081535339355,0.438775509595871,3,0.04873409156999706,-0.09079386688880636,0.08283097349032618,-0.09112019801048883,0.3873771337085489,0.0674056267739154
-6.204081535339355,0.461224496364593,3,0.03128726235561397,0.018613916392407767,0.06606356470999554,0.03141275786910614,0.39314274955631995,0.10810405017668867
-6.204081535339355,0.483673483133316,3,0.10258372443963415,0.046268432399602315,0.10541209382221639,0.003684897683268661,0.3281411748256646,0.11721806463407725
-6.204081535339355,0.506122469902038,3,0.040532352790910206,0.017341945528441302,-0.011330453565640925,0.02313377568873125,0.3416362603503576,0.08226277615855988
-6.204081535339355,0.528571426868438,3,0.046007778090262026,0.03630802304612827,0.11287575197927117,0.02840046532577122,0.3369938029593334,0.11211716428015321
-6.204081535339355,0.551020383834838,3,0.026456312923128583,0.021317955182234023,0.024005448438588848,0.0007956470432625059,0.2996659148086307,0.07444825567916893
-6.204081535339355,0.573469400405883,3,0.14634723267088284,0.028758311257134017,0.06806680566707374,0.0695968068702096,0.34268305397762927,0.1310904420885859
-6.204081535339355,0.595918357372283,3,0.08632539020117676,-0.11021098832297767,-0.12212494588201694,-0.0946368736281439,0.3350972673928991,0.018889969952187467
-6.204081535339355,0.618367373943328,3,0.06292846673200038,-0.028798026033594586,0.029914389099846308,-0.06195039054410958,0.2863762035309539,0.05769412855701929
-6.204081535339355,0.640816330909729,3,0.11992271515929231,-0.01864361033897761,-0.10939627937183445,-0.05858557343284867,0.3501117352879943,0.05668179746072517
-6.204081535339355,0.663265287876129,3,0.07217319903165646,-0.07040679547238542,-0.04932179701014986,-0.01653493173575298,0.36593085509777173,0.06036810598222799
-6.204081535339355,0.685714304447174,3,0.07947456475635103,-0.05977229603972717,0.04555608627895563,-0.0906380311460978,0.2948868075283601,0.05390142627556836
-6.204081535339355,0.708163261413574,3,0.05769739487357012,0.023680777229545442,-0.04287461800300022,0.039514815038140895,0.3130058034054658,0.07820483450874441
-6.204081535339355,0.730612277984619,3,0.07964669276163713,-0.023146157318160762,0.052482987831669554,-0.03612641534949939,0.32729865327113083,0.08003115223935547
-6.204081535339355,0.753061234951019,3,0.16480546783009037,-0.07407522750729674,-0.017391707206311984,-0.05146209955252829,0.34472322362780305,0.07331993143835128
-6.204081535339355,0.775510191917419,3,0.17950072836431563,-0.05096675898217829,0.06488906918858665,-0.048470328796962996,0.33116165254694835,0.09522287246414188
-6.204081535339355,0.797959208488464,3,0.15787563254707807,-0.05347474967250305,0.026710620056462932,-0.050985295238896174,0.3496668359522148,0.08595860872887132
-6.204081535339355,0.820408165454864,3,0.06459173230111158,0.047393472424255643,-0.08692833227049877,0.05448141279687118,0.32918831987466984,0.0817453210252819
-6.204081535339355,0.842857122421264,3,0.15160585505454868,-0.010992896749369688,0.04621941649286807,-0.02524494465444462,0.3442324558096687,0.10116397719065424
-6.204081535339355,0.865306138992309,3,0.0757220871406422,0.0390694722758085,0.023503544356322032,0.06573531020748645,0.3561088087336086,0.11202784454277355
-6.204081535339355,0.887755095958709,3,0.06676106043689374,0.05712863940085978,0.03746079516656808,0.01383160885372787,0.37920311567532017,0.11087704390667392
-6.204081535339355,0.910204052925109,3,0.14464643362762367,-0.12010212100645663,0.0362161617941986,-0.08961384484759809,0.27673998774877157,0.04957732346330782
-6.204081535339355,0.932653069496154,3,0.06392132999620782,-0.014048321018524525,0.09609191433165527,0.019218819686129294,0.4159365654105915,0.11622406168121187
-6.204081535339355,0.955102026462554,3,0.12085233832456749,-0.01816659567576528,-0.019605421438804855,-0.07602157156324053,0.32178630355683063,0.0657690106407175
-6.204081535339355,0.977551043033599,3,0.16707504728738956,-0.08987324942485199,-0.021243155366550814,-0.0905969469637291,0.3585230130538182,0.06477694171721517
-6.204081535339355,1.0,3,0.07152325916825919,0.0006648696164822457,-0.04465262680692805,0.040321117928275134,0.3028682858880533,0.07414498115882837
-5.979591846466064,-0.100000001490117,3,0.08849804429395403,-0.046175236234169005,-0.11492822485151065,-0.017051541982984822,0.3128852905586927,0.04464566635679644
-5.979591846466064,-0.077551022171975,3,0.14143659106777964,-0.03905061983602271,-0.008162824833294793,-0.0449409198368291,0.3876433403046409,0.0873851133732548
-5.979591846466064,-0.055102042853833,3,0.03080649013854772,0.01868181035440722,0.06742493857454535,-2.526537372865567e-05,0.37441601324283275,0.09826079738732088
-5.979591846466064,-0.032653063535691,3,0.06087410420915677,-0.02999155515972955,0.03169316562841371,-0.03127819890514564,0.37423823443981014,0.08110715004250109
-5.979591846466064,-0.010204084217549,3,0.1335807465600659,0.053845980085263444,0.08099507107864845,0.051496490703087705,0.2914669691403317,0.12227705151347945
-5.979591846466064,0.012244895100593,3,0.07759043364375086,-0.0495654463550558,0.10159539905838165,-0.08008466197739439,0.2577741132371407,0.06146196752136461
-5.979591846466064,0.034693874418735,3,0.056657892159966326,0.007994759671033774,-0.0860661104667415,0.048250523433696964,0.301544158030284,0.06567624456564791
-5.979591846466064,0.057142853736877,3,0.07257912448943288,-0.010140213349618567,-0.07012556640312713,-0.041274545602159464,0.34163992362842704,0.05853574455259095
-5.979591846466064,0.079591833055019,3,0.12081087747337733,0.009321343340584307,-0.05158739726867481,0.0018373775671324509,0.4065901760989932,0.0973944754422825
-5.979591846466064,0.102040812373161,3,0.019091320427391787,0.07456085662524838,-0.1584185010061974,0.005851096173971888,0.37026710647081557,0.062270375738246043
-5.979591846466064,0.124489791691303,3,0.09101313953496064,0.059472655978840695,-0.05867215147928557,0.09043585469497782,0.43404463118800196,0.1232588259834991
-5.979591846466064,0.146938771009445,3,0.07697654004451969,0.03179322983311716,0.01708316903475592,-0.026631032849967,0.32688591858954014,0.08522156493039318
-5.979591846466064,0.169387757778167,3,0.08525613775322682,-0.006069727002583666,-0.02577759885275684,-0.02065688161003501,0.23030673511410146,0.052611733080390556
-5.979591846466064,0.191836729645729,3,0.10734152634683836,0.07555367939071837,-0.013298042346137582,0.12331224587789578,0.39341852923661413,0.13726558770118583
-5.979591846466064,0.21428570151329,3,0.04136244650301702,-0.027799397845626597,0.08615515538900254,-0.03142440097698367,0.3967783949441057,0.093014439602703
-5.979591846466064,0.236734688282012,3,0.10981968417793396,0.04286067279771997,-0.08963747897093681,0.01809747028692556,0.361247456160173,0.08847756089036314
-5.979591846466064,0.259183675050735,3,0.05157678982590711,0.037017785168628914,0.046719571998627425,0.022335850590487812,0.365166159171682,0.10456323135106664
-5.979591846466064,0.281632661819458,3,0.15373520357885886,0.0347876902619856,0.020598466487986706,0.037152973864109075,0.37645236977944724,0.1245453407944775
-5.979591846466064,0.304081618785858,3,0.06363242805153267,0.048789113897917624,-0.031983561524815435,-0.005389870223901631,0.39137623706497804,0.09328486945314225
-5.979591846466064,0.32653060555458,3,0.01196411780413374,-0.0042986877952315245,-0.047801062393987424,-0.006498127582449419,0.28802888359543943,0.04827902472558096
-5.979591846466064,0.348979592323303,3,0.09584658038173734,-0.04010437861245389,0.09150768084551801,0.007283918007691552,0.31757716152638765,0.09442219242977613
-5.979591846466064,0.371428549289703,3,0.13872809719958484,0.006174021760979115,-0.042499523935978965,0.010619159306788958,0.39011883768940886,0.10062811840415656
-5.979591846466064,0.393877536058425,3,0.1046195222946833,0.08206927508167931,-0.019671404647725443,0.07061754605025532,0.37306307069052796,0.1221396018938841
-5.979591846466064,0.416326522827148,3,0.1646018927641746,-0.03327704139668362,-0.01909717122577372,-0.06778673634061144,0.298962804404087,0.06868074964103857
-5.979591846466064,0.438775509595871,3,0.16478424773563918,0.007612940032765918,0.008540782823599111,-0.014820581498821588,0.36673264292474084,0.10657000640358469
-5.979591846466064,0.461224496364593,3,0.06679461043342574,-0.0197759664931237,0.05969440873657176,0.0010917407832827127,0.3357125106569086,0.08870346082341303
-5.979591846466064,0.483673483133316,3,0.03490875566040852,-0.07806585087379374,0.06401638632695325,-0.0262169021446256,0.3149955734720435,0.06192759248819718
-5.979591846466064,0.506122469902038,3,0.08146226492946664,0.0703798734898257,-0.007985035759533639,0.021431715316400802,0.3100498059707199,0.09506772478937589
-5.979591846466064,0.528571426868438,3,0.039510547932493256,-0.11266378858339304,-0.029939525034056683,-0.12185574932532457,0.3378015212059395,0.02257060123913169
-5.979591846466064,0.551020383834838,3,0.0788627345253448,-0.03390605869115689,0.05662949766618262,-0.03940696881450393,0.36474444429208147,0.08538472979558961
-5.979591846466064,0.573469400405883,3,0.09726233757780961,0.02752898464282161,0.18962025607972502,0.020724000226697955,0.3553583685256522,0.1380987894105413
-5.979591846466064,0.595918357372283,3,0.1086959708516817,0.06819399886199216,-0.06853261046419269,0.039375529774985575,0.37463768862247937,0.10447411552938923
-5.979591846466064,0.618367373943328,3,0.04475789085127188,0.05698547365019833,-0.0038605794794823642,-0.006600958130526312,0.34621744105881175,0.08749985359005466
-5.979591846466064,0.640816330909729,3,0.07079919092968535,0.00012740636380005146,-0.10378301369138103,-0.031301680542979604,0.36940381559545726,0.06104914373091641
-5.979591846466064,0.663265287876129,3,0.05420954129202162,-0.031059097677693808,-0.08211231717634938,-0.0448224997511415,0.33474058399358136,0.04619124213608366
-5.979591846466064,0.685714304447174,3,0.05225435322715477,0.025678644750721777,0.06708801172905669,0.03950326619373474,0.33172829103307877,0.10325051338674936
-5.979591846466064,0.708163261413574,3,0.025179991073787863,-0.04586550882882449,0.1467478366107208,-0.06185973324269849,0.33516522660426223,0.07987356244344959
-5.979591846466064,0.730612277984619,3,0.09390471239987135,0.05023365810016822,0.038165484083451905,0.038299624028532556,0.4166149776987698,0.12744369126215876
-5.979591846466064,0.753061234951019,3,0.09671873537856564,-0.028576224067714862,0.014900143086208415,-0.03347141144685344,0.42049082620274936,0.09401241383059103
-5.979591846466064,0.775510191917419,3,0.07575063452357221,-0.03076327857596317,0.06965482640693262,-0.09396209051759763,0.3115612615866559,0.06644827068471999
-5.979591846466064,0.797959208488464,3,0.02567289308622725,0.034014222051893604,0.0300070284002709,0.006394478744876367,0.3915298190697876,0.09752368827061116
-5.979591846466064,0.820408165454864,3,0.060671342308827376,0.047705351272705976,-0.06813875341091603,0.0974905369887996,0.3555550594437566,0.0986567073206347
-5.979591846466064,0.842857122421264,3,0.06053232915162834,-0.0401178867656243,-0.02427551738704666,-0.06355286545252635,0.3520273801895839,0.05692268794720299
-5.979591846466064,0.865306138992309,3,0.04177680516995474,0.04248568292691065,-0.05251276724382634,0.051563014023956154,0.3387075026401898,0.084404047503437
-5.979591846466064,0.887755095958709,3,0.025818904210595645,0.030136006357177,-0.0028831518353658638,-0.0011740474338577528,0.3502639498084618,0.08043233222140217
-5.979591846466064,0.910204052925109,3,0.14089558917352463,-0.13251702399569562,-0.051226297430975974,-0.1526464220507494,0.2878294568084144,0.018467060500903597
-5.979591846466064,0.932653069496154,3,0.09976462414988752,-0.04456722045593182,0.09564370295355558,0.0024908869409634667,0.27268127588040186,0.08520265389377532
-5.979591846466064,0.955102026462554,3,0.04924437360168702,0.04581632748574312,-0.05966323966516252,0.05547773415056528,0.36406660247154427,0.09098835960887544
-5.979591846466064,0.977551043033599,3,0.08457832482882455,-0.034485342899471104,-0.06103769845839652,-0.06810304028214087,0.30112638418045945,0.0444157254738551
-5.979591846466064,1.0,3,0.05435750065322801,-0.025783875143762514,0.04263680478651757,0.01782734755029136,0.2608044329631887,0.06996844216189263
-5.755102157592773,-0.100000001490117,3,0.038937996009721594,-0.003789106057848962,-0.06679864368007922,-0.05284876797150195,0.24731447068010493,0.03256318979607928
-5.755102157592773,-0.077551022171975,3,0.06148031655688626,-0.024361541914996496,0.09141313032180128,-0.02375145423913877,0.3801448854474349,0.09698506723439744
-5.755102157592773,-0.055102042853833,3,0.0978940551162321,0.07381919377695184,-0.025138063022280804,0.07278159652057845,0.4320353522053741,0.13027842691937114
-5.755102157592773,-0.032653063535691,3,0.055303887565431926,-0.022812147140688115,0.0001147449974303651,0.005514075457693744,0.372433187013735,0.08211074957872058
-5.755102157592773,-0.010204084217549,3,0.09628713020298467,0.019357399718266277,-0.04862937191932338,-0.012194785875101104,0.3756249897641655,0.08608907237819838
-5.755102157592773,0.012244895100593,3,0.1830758154758357,-0.012141669240048883,0.023972085638078136,0.051618796235913394,0.3344600526129376,0.11619701614454318
-5.755102157592773,0.034693874418735,3,0.10984625400287272,-0.009105070211481278,0.016488042119805184,-0.025919907649187817,0.3893620366362916,0.09613427097966007
-5.755102157592773,0.057142853736877,3,0.03465118116055991,-0.1041803924724758,0.0744058629000492,-0.0936586091449022,0.3751838218404668,0.05728037285673958
-5.755102157592773,0.079591833055019,3,0.14196152338088075,-0.049782156993920045,-0.049474903195598254,-0.05963975922471811,0.30303509044274657,0.05721995888187818
-5.755102157592773,0.102040812373161,3,0.11928443047038896,-0.09192753594335284,-0.03253264198769657,-0.12860013144107443,0.27436607338295926,0.028118038896244875
-5.755102157592773,0.124489791691303,3,0.048958365269410255,-0.01393823267411635,0.021355574956392568,-0.019764142374463934,0.27592976833004407,0.06250826670145332
-5.755102157592773,0.146938771009445,3,0.10467245201740527,0.001906165818535116,-0.09450744940215224,0.0050692077882227154,0.31843184870931995,0.06711444498626616
-5.755102157592773,0.169387757778167,3,0.07413928145472984,0.027821038277430016,-0.010906991964604346,-0.06915000935333994,0.36746916100137517,0.07787449588311815
-5.755102157592773,0.191836729645729,3,0.1239326339617192,0.00204090413153152,-0.009732038597123328,-0.009780897571694263,0.44717093012197856,0.11072630640928234
-5.755102157592773,0.21428570151329,3,0.1649882732310759,-0.04109978855621204,-0.049079983695952865,-0.046472426862522176,0.39398356730227396,0.08446392828373255
-5.755102157592773,0.236734688282012,3,0.04406371488901913,-0.05144183777871416,0.03326256988727654,-0.10102832737261247,0.24246762716223366,0.033464749357440544
-5.755102157592773,0.259183675050735,3,0.06649004908567531,-0.043113624223335235,0.041141610636916216,-0.012373920907465369,0.3762368633481052,0.08567619558797922
-5.755102157592773,0.281632661819458,3,0.023772967922170637,0.056069366394886244,0.0386946675418399,-0.0011207191582419257,0.34749090088928264,0.0929814367179875
-5.755102157592773,0.304081618785858,3,0.08472959269177867,-0.013525002272185426,0.02775976823359913,0.023494758996745833,0.2977618989449364,0.08404420331897491
-5.755102157592773,0.32653060555458,3,0.037413102327072754,-0.016003199094679715,0.012731341617617109,0.058195263764439085,0.26424964827114733,0.07131723137711932
-5.755102157592773,0.348979592323303,3,0.12821681636437202,0.01799501189244437,0.1108991516928613,0.03232985081550948,0.3630645477330124,0.13050107569963992
-5.755102157592773,0.371428549289703,3,0.026089567632307048,-0.07642369468869001,0.02998192904223741,-0.07438926643814747,0.37990527096646404,0.0570327613028342
-5.755102157592773,0.393877536058425,3,0.05961304859713035,0.045591506308904566,-0.04113469070760176,0.030864062179127766,0.3171572952313691,0.082418244321786
-5.755102157592773,0.416326522827148,3,0.07593168862809914,-0.11796460639112888,-0.017174100932443665,-0.10204559519117411,0.32310855127575727,0.03237118747782195
-5.755102157592773,0.438775509595871,3,0.046719568812269706,-0.04591216411713017,0.07222129344368358,-0.06539029329013568,0.3512923367345122,0.07178614831663993
-5.755102157592773,0.461224496364593,3,0.037923081279863394,-0.04468026313850131,0.0036911456339339724,-0.10971679126183691,0.3643073749115409,0.050304909485000014
-5.755102157592773,0.483673483133316,3,0.07304192843670258,-0.023120354515033303,0.08239634018654307,-0.044569949402978225,0.3670787697659539,0.0909653468942376
-5.755102157592773,0.506122469902038,3,0.024552269877078422,0.05190324024622622,0.034056650816206166,-0.016743137426541942,0.33111325018688875,0.08497645473997154
-5.755102157592773,0.528571426868438,3,0.08455419184092022,-0.010185378394602556,0.06166165285727341,-0.052031666547919166,0.34503702918058005,0.0858071657872504
-5.755102157592773,0.551020383834838,3,0.05086078586465989,-0.12406684227986671,0.11037553613447042,-0.10285307196454159,0.35807890628845745,0.05847906280863589
-5.755102157592773,0.573469400405883,3,0.14143234155404227,0.04459703831583802,-0.024796346604332654,-0.0035725668560424445,0.36885350185406257,0.10530279365271356
-5.755102157592773,0.595918357372283,3,0.03918927761353105,0.009482996643116354,-0.002473709192959033,0.028820133573054504,0.3280084165813136,0.08060542304361129
-5.755102157592773,0.618367373943328,3,0.01607886730030227,-0.06830185223571636,-0.06347676256308343,-0.11606371004391225,0.3647248948570772,0.026592287462933482
-5.755102157592773,0.640816330909729,3,0.09622566230455674,0.06141997610287989,0.04611273995286606,0.060993580313440376,0.3899229466652219,0.130934981067793
-5.755102157592773,0.663265287876129,3,0.028764676628301983,-0.025265142202102867,0.008895497660456367,-0.05457012178002613,0.3401916805040914,0.05960331816214415
-5.755102157592773,0.685714304447174,3,0.09615942375172219,-0.03821574079816343,0.07280252092579285,0.0019957870858046123,0.344917137644632,0.09553182572195765
-5.755102157592773,0.708163261413574,3,0.09455353958114505,-0.05336445741110871,0.008066523741177339,-0.028011633681179853,0.4007177681084137,0.0843923480676895
-5.755102157592773,0.730612277984619,3,0.03814160393280758,0.020720143372637518,-0.09223894869575851,0.05038220199439541,0.3278170205609838,0.06896440423301316
-5.755102157592773,0.753061234951019,3,0.06284567520172707,-0.05549150347128531,0.034654790401144435,-0.043923266014651234,0.3665463606936245,0.07292641136211189
-5.755102157592773,0.775510191917419,3,0.05990087220204956,-0.09489017903078967,0.01847437861324878,-0.014270255636149547,0.299717413525456,0.053786445934763026
-5.755102157592773,0.797959208488464,3,0.059549171170338,-0.09036125650693494,0.002303866280255308,-0.060925028289286164,0.374267489191092,0.05696684836909284
-5.755102157592773,0.820408165454864,3,0.11617146751034507,-0.034094720385636774,0.018728913434973873,-0.037305164496749234,0.42199130881241187,0.09709836097506896
-5.755102157592773,0.842857122421264,3,0.1784596744839011,0.039295417872711735,-0.0511545051028095,0.021446417588091165,0.3485532784326762,0.10732005665491413
-5.755102157592773,0.865306138992309,3,0.08865235620005456,-0.11637941371770122,-0.009757602016918316,-0.12857323035674642,0.3495107656673082,0.03669057515519936
-5.755102157592773,0.887755095958709,3,0.07555410276551335,-0.172505073622668,0.04697484033928017,-0.13619996378990795,0.3586127957478357,0.034487340288010655
-5.755102157592773,0.910204052925109,3,0.030757341514749518,-0.007380862850636274,-0.04576093705649101,0.06433045441020364,0.3732447694338535,0.08303815309033588
-5.755102157592773,0.932653069496154,3,0.06626457017970101,-0.09754399081134253,-0.07019847276458911,-0.1389037659206305,0.3881233518904155,0.029548338514710882
-5.755102157592773,0.955102026462554,3,0.07580692954087014,-0.025761300871807915,-0.034002921759265545,0.009847103854407265,0.3464387866774901,0.07446571948833881
-5.755102157592773,0.977551043033599,3,0.052134468677192146,0.06605617140331432,0.1694303427656624,0.047263346021245156,0.3937309035671486,0.14572304648691253
-5.755102157592773,1.0,3,0.10401796448357313,0.04801735467013588,0.07133439017709262,0.007479960272522683,0.4051692055413257,0.12720377502893002
-5.530612468719482,-0.100000001490117,3,0.2569808186350571,0.0044770113856746245,0.03673464579506112,-0.05537337976317545,0.3360849625537387,0.11578081172127123
-5.530612468719482,-0.077551022171975,3,0.19683865518226176,0.0259401639568503,-0.05671748281455543,0.011976304229946638,0.30189984142069154,0.09598749639503897
-5.530612468719482,-0.055102042853833,3,0.0553645134397218,-0.011682915349683234,-0.02873641204809603,0.03152270411337033,0.40598964386581,0.09049150680422458
-5.530612468719482,-0.032653063535691,3,0.07254295123588751,-0.04671457728561517,-0.005498132126456896,-0.05799582314775987,0.3544395124400371,0.06335478622321852
-5.530612468719482,-0.010204084217549,3,0.0649110963563646,-0.11183180473030548,-0.04903465211517666,-0.09255643055797041,0.3561265838437186,0.03352295855932613
-5.530612468719482,0.012244895100593,3,0.15708057807959785,-0.04081295939564275,0.05932710905291927,-0.008980152954593063,0.3068125866179217,0.0946854322800406
-5.530612468719482,0.034693874418735,3,0.0732560379540758,0.06296773757463854,-0.0029261022019368165,0.037044582077976035,0.3863294556529904,0.11133434221154878
-5.530612468719482,0.057142853736877,3,0.07522670084815236,-0.000911243942384149,0.06107843922604648,0.012269471007648533,0.34629870553707826,0.09879241453530829
-5.530612468719482,0.079591833055019,3,0.11050516820413536,-0.03398105973448414,-0.002174551573721692,-0.062049980692727685,0.3685356207285144,0.07616703938634325
-5.530612468719482,0.102040812373161,3,0.045347286880155296,0.03337118726827398,-0.056128942405442306,-0.0014243540648124543,0.34831888954100515,0.07389681344383593
-5.530612468719482,0.124489791691303,3,0.13833132333235912,-0.01462392075077907,-0.0020757195643557737,0.01329902871551585,0.2951772932340407,0.08602160099335616
-5.530612468719482,0.146938771009445,3,0.09668556262031687,0.09276942282296281,-0.04628752929380225,0.08713728226403761,0.4236612208243205,0.1307931918475671
-5.530612468719482,0.169387757778167,3,0.058398301316644106,-0.018604346100453372,0.033635720514151764,-0.03703839146346632,0.3270131408812942,0.07268088502963407
-5.530612468719482,0.191836729645729,3,0.17513558951217137,0.020469242612618083,0.03660399172950094,0.0073432939093957955,0.43108931438642434,0.13412828643002211
-5.530612468719482,0.21428570151329,3,0.039540392688607796,0.04409686285105328,-0.006863021550158809,0.033189973499782165,0.3288505257686698,0.08776294665159085
-5.530612468719482,0.236734688282012,3,0.06975493602609416,0.08070009236486285,-0.011701078216625702,0.05266337972721654,0.32094914005607467,0.1024732939915245
-5.530612468719482,0.259183675050735,3,0.0459181783090347,-0.09000248478339667,-0.017958079453421698,-0.09598375588849517,0.3693196038682826,0.042258692410400756
-5.530612468719482,0.281632661819458,3,0.047749757009855405,0.05801588711024099,0.07622518806985092,0.024445275327999148,0.40117144408374167,0.12152151032033762
-5.530612468719482,0.304081618785858,3,0.15310127189762568,-0.002227547589434664,0.0768968317743174,0.004153196419101279,0.3870434033160324,0.12379343116352841
-5.530612468719482,0.32653060555458,3,0.10602623853494213,0.024882241642441877,0.004704876720453717,0.007304109457862464,0.4060792114843828,0.1097993355680166
-5.530612468719482,0.348979592323303,3,0.07255652983364706,0.03376954180902205,0.06543436652721281,0.035013265886468074,0.36662123315972583,0.11467898744321517
-5.530612468719482,0.371428549289703,3,0.09132392969795311,0.07166653995589461,-0.01352996791507772,0.08337749023250551,0.31352440962625444,0.10927248031950598
-5.530612468719482,0.393877536058425,3,0.11711612262974996,0.021443131849597216,0.12226993642253248,0.031986003704870335,0.3502716949804456,0.1286173779174391
-5.530612468719482,0.416326522827148,3,0.17346872220536722,-0.06764227070741101,-0.018722551588314467,-0.11220529615284625,0.3856708130605086,0.07211388336346082
-5.530612468719482,0.438775509595871,3,0.01645608338063345,-0.05283419949144456,-0.1177927097870617,-0.1423110212219059,0.3629360586830619,0.013290842312656637
-5.530612468719482,0.461224496364593,3,0.13273706010714123,0.007308960750587137,0.09679235884519029,-0.02671415864355672,0.30593925958705426,0.10321269612928323
-5.530612468719482,0.483673483133316,3,0.12965361651037854,-0.003390936130373442,-0.06884608858448145,-0.02552725165277422,0.25641778364893797,0.05766142475833748
-5.530612468719482,0.506122469902038,3,0.171156058477836,-0.010824745758028243,-0.1138545089310996,-0.005108312868556212,0.3455453318028437,0.07738276454459912
-5.530612468719482,0.528571426868438,3,0.17610487165737368,-0.042960955118189974,0.02224371862815693,-0.03977893913461666,0.2998869834377546,0.08309913589409572
-5.530612468719482,0.551020383834838,3,0.0927723613170145,-0.03295482615037485,-0.040484907054927424,-0.05791593752877794,0.34839868376094046,0.06196307486877495
-5.530612468719482,0.573469400405883,3,0.22257471149057687,0.023022712336193407,0.07556524125470788,0.02071693675568718,0.36616320318695533,0.14160856100482416
-5.530612468719482,0.595918357372283,3,0.1214201574572052,-0.0548214148279502,-0.042398944124839376,-0.0137408942463289,0.34237640864113744,0.07056706257984482
-5.530612468719482,0.618367373943328,3,0.03518635365041651,0.06622417483231886,-0.0031531452184852676,0.047014347721518246,0.36070338373382044,0.10119502294391776
-5.530612468719482,0.640816330909729,3,0.22184670637495693,0.04373626328623902,0.04384406712572017,0.02838340497036566,0.318830715815599,0.13132823151457615
-5.530612468719482,0.663265287876129,3,0.11564507873978914,-0.008274883259702335,0.04928678400059347,0.007554536762914353,0.40002654199928916,0.11284761164857675
-5.530612468719482,0.685714304447174,3,0.12214277106476155,-0.0009094866588564612,0.02536345046395799,0.011518290614382615,0.3750060326309232,0.10662421162303377
-5.530612468719482,0.708163261413574,3,0.12247471937899956,0.017556927800210575,-0.0009730656622282396,0.0023041784711396126,0.33425019332394806,0.09512259066241391
-5.530612468719482,0.730612277984619,3,0.030388746019592832,-0.051975773643571144,0.06781108436175631,-0.03390820412566103,0.32853669581987616,0.06817050968639862
-5.530612468719482,0.753061234951019,3,0.08769277090810558,0.0332814629486237,0.08441754404952224,0.08815999253419611,0.3454721439701949,0.1278047828821285
-5.530612468719482,0.775510191917419,3,0.046943410498416105,-0.02784362913291974,0.0299858926599342,-0.0360583182717834,0.3686401521238592,0.07633350157550127
-5.530612468719482,0.797959208488464,3,0.12245028569069492,0.00681410959040446,-0.10066231714904302,-0.03815018850291827,0.3148500678064045,0.061060391487108526
-5.530612468719482,0.820408165454864,3,0.21222266017985678,0.035475463781150886,0.03711701754095544,0.017115403364920345,0.36543992067996306,0.13347409310936928
-5.530612468719482,0.842857122421264,3,0.05752697587006215,0.029619897910503973,0.036014323825590076,0.03781454192040004,0.29826858721148186,0.09184886534760762
-5.530612468719482,0.865306138992309,3,0.07690625448926379,-0.02422758806886083,0.07788029238510705,0.025331395238613396,0.43368248734859094,0.11791456827854288
-5.530612468719482,0.887755095958709,3,0.10815706889599863,-0.02207170372144922,0.1217437602508492,0.008861310638419937,0.3803458368925086,0.11940725459126544
-5.530612468719482,0.910204052925109,3,0.02724115242383657,0.014513430486507379,0.1257034637673725,0.04753233580083358,0.3572348014905207,0.11444503679381415
-5.530612468719482,0.932653069496154,3,0.08699382481819844,0.03389496338545143,0.007611017323228046,0.0765600510081086,0.288133872063517,0.0986387457197007
-5.530612468719482,0.955102026462554,3,0.08490058142217476,-0.07467734022559842,-0.04359595768149693,-0.02554657277499463,0.2934787050542002,0.04691188315885699
-5.530612468719482,0.977551043033599,3,0.08500718660698671,0.02486367539993421,0.016623197273488297,0.06979245554057546,0.30071014341806473,0.09939933164780988
-5.530612468719482,1.0,3,0.0671697460325373,-0.008000173352385564,-0.12400127549768443,0.043597981613363194,0.4083597285549055,0.0774252014701472
-5.306122303009033,-0.100000001490117,3,0.38455031941222045,0.0027491926015278854,0.10279924415339257,-0.06739618495132244,0.34577412392685863,0.15369533902853544
-5.306122303009033,-0.077551022171975,3,0.10977620385752691,-0.05765958581689898,-0.007811920032338993,-0.13316203198505008,0.3521130725490711,0.052651147714461985
-5.306122303009033,-0.055102042853833,3,0.23391891277767343,0.03395012895841133,0.030165154819211254,-0.015874114468136937,0.36100584262029006,0.12863318494148984
-5.306122303009033,-0.032653063535691,3,0.20777142201148702,0.12074714375493222,0.11541989993773534,0.09121855985567466,0.3116707626275494,0.16936555763747574
-5.306122303009033,-0.010204084217549,3,0.20138762325877937,-0.10049180449801542,0.06161699237515064,-0.1286082264562746,0.3435033331640415,0.07548158356873631
-5.306122303009033,0.012244895100593,3,0.2818761285722021,-0.03808289435463658,0.03309522321201519,-0.06899065007880746,0.36656164617859033,0.11489189070587273
-5.306122303009033,0.034693874418735,3,0.09704543456493912,-0.09289781118364908,0.012604890855535705,-0.09200519987041904,0.3805834765205571,0.06106615817739276
-5.306122303009033,0.057142853736877,3,0.06480121624767154,0.039920151972180344,0.016278397611505655,0.02008775992226061,0.3523510385509117,0.09868771286090597
-5.306122303009033,0.079591833055019,3,0.09336883092454847,-0.01932509874382997,-0.020599304755578734,-0.05205851422084479,0.20926055419877929,0.04212929348061485
-5.306122303009033,0.102040812373161,3,0.07041674747336339,-0.10496384116532642,0.08524252534319249,-0.07103505582552057,0.39617104755221977,0.07516628467558573
-5.306122303009033,0.124489791691303,3,0.11505837597126806,-0.10591614248276392,0.11221447890777504,-0.06807051488185682,0.3781978404955903,0.08629680760200253
-5.306122303009033,0.146938771009445,3,0.11150389857253425,0.06537005515112923,0.043373416669486714,0.003777930776467491,0.3068156406359351,0.10616818836111055
-5.306122303009033,0.169387757778167,3,0.24042518383986042,0.043020129198982654,-0.01625146629161076,0.06108558899130526,0.322499258588503,0.13015573886540813
-5.306122303009033,0.191836729645729,3,0.12177658529896002,-0.03781515463883094,0.08292468029467646,-0.028566236841153957,0.3532841931422582,0.09832081345118196
-5.306122303009033,0.21428570151329,3,0.12099888619760003,-0.11575956647647355,-0.02399328095669352,-0.09393330472817141,0.3988580116207858,0.05723414913140947
-5.306122303009033,0.236734688282012,3,0.14448138099989088,0.018138344844322484,-0.03520934460688011,-0.013035970721292305,0.3698682564192915,0.09684853338706649
-5.306122303009033,0.259183675050735,3,0.07417075180577881,0.018480840774144566,0.12132814975488315,0.08021858454191194,0.3484403954207178,0.12852774445948728
-5.306122303009033,0.281632661819458,3,0.038678273549141336,0.024992646923424695,0.01936716940431595,-0.02542220768787634,0.34623087882555575,0.08076935220291229
-5.306122303009033,0.304081618785858,3,0.07345373655570887,-0.038885488959942774,0.050975374252356674,-0.012121340333218591,0.3020869520562997,0.07510184671424078
-5.306122303009033,0.32653060555458,3,0.09141878077713657,-0.08243901629714824,0.008604759739728665,-0.08034293626535001,0.38281723312835364,0.06401176421654413
-5.306122303009033,0.348979592323303,3,0.13252082566278658,-0.06779949856082142,-0.0041037857897599644,-0.10730072238279181,0.3679935167379928,0.06426206713348123
-5.306122303009033,0.371428549289703,3,0.12928091042849219,-0.012663164369434127,0.04327927063101183,-0.0669563696578867,0.33173321883943313,0.08493477317432327
-5.306122303009033,0.393877536058425,3,0.08324769247901181,-0.030958931174187226,0.08709286965057107,0.032980080429066694,0.33783713036295104,0.10203976834948267
-5.306122303009033,0.416326522827148,3,0.04510464009924448,-0.01010610460783117,-0.0026051385923789535,-0.049971328588754416,0.30926955287541746,0.058338324237139486
-5.306122303009033,0.438775509595871,3,0.26389597809503723,-0.10463101277439595,0.06278895211483143,-0.07552971674997247,0.3774682561449769,0.10479849136609543
-5.306122303009033,0.461224496364593,3,0.13226256724546315,0.06481053843142513,0.18473455071287959,0.09230307840387468,0.39227972038446907,0.17327809103562233
-5.306122303009033,0.483673483133316,3,0.09263235567071777,-0.025202558298377576,0.035716435642946055,0.013177561974689231,0.35197615320882275,0.09365998963975965
-5.306122303009033,0.506122469902038,3,0.07337522227676456,0.04102212467859367,0.0673366682600658,-0.013471556539533266,0.32694945725110464,0.09904238318539908
-5.306122303009033,0.528571426868438,3,0.2474696080302652,0.09857754220755073,0.13133244912751374,0.0956048729217136,0.38788189364957054,0.19217327318732275
-5.306122303009033,0.551020383834838,3,0.06649132375475715,0.046426763910301615,0.04447218961246402,-0.033899819892123546,0.3045913766217148,0.08561636680142282
-5.306122303009033,0.573469400405883,3,0.13245510913846478,-0.0019068139579228687,0.05774149284584598,0.021637821122436684,0.3916689450862509,0.12031931084701508
-5.306122303009033,0.595918357372283,3,0.14362384370917403,-0.09062265998732923,0.016507266954584588,-0.12714897553033958,0.33450282262041514,0.05537245955330099
-5.306122303009033,0.618367373943328,3,0.11728888845702386,-0.0869789951093639,0.09387105238101351,-0.08088987786231668,0.31482526456776433,0.07162326648682422
-5.306122303009033,0.640816330909729,3,0.06204455142412565,-0.00552324397353567,0.03883622535554868,0.001092307842042256,0.2660547385432554,0.07250091583828726
-5.306122303009033,0.663265287876129,3,0.13319977300046534,0.0016586567804486214,0.02486898802076874,0.02986144212442283,0.3031541598631636,0.09854860395785382
-5.306122303009033,0.685714304447174,3,0.08234873248318898,-0.0034995296426248664,0.04864567992542549,-0.028016928885778156,0.3293597335272363,0.08576753748148955
-5.306122303009033,0.708163261413574,3,0.08583637653429725,0.023798048545186242,0.07819619754292893,0.04668286442401201,0.34162399198758436,0.11522749580680176
-5.306122303009033,0.730612277984619,3,0.10130449809416735,0.032019848683992186,0.019284980355744646,-0.0013641452352157676,0.2622506208572895,0.08269916055119557
-5.306122303009033,0.753061234951019,3,0.09496957105259597,-0.10762320558956358,-0.017924278960498193,-0.04988025131847527,0.3650075223157477,0.056909871499961316
-5.306122303009033,0.775510191917419,3,0.12427727682084777,-0.173171632419268,-0.048686950966874865,-0.06027644923669129,0.2928323292447042,0.026994914688543564
-5.306122303009033,0.797959208488464,3,0.18441508527365716,0.01739951916299738,-0.027829457608702795,0.037849967657155835,0.3039452631259432,0.10315607552221015
-5.306122303009033,0.820408165454864,3,0.11907420625821741,-0.07556970152904403,-0.04383039377519048,-0.10309144646241396,0.2958956871845801,0.038495670335229805
-5.306122303009033,0.842857122421264,3,0.08292671495436027,-0.09826439356230003,-0.02365850957026018,-0.045897335909681126,0.3694079236846675,0.056902879919357295
-5.306122303009033,0.865306138992309,3,0.06693941359888768,0.0542375280676004,0.012246402571719247,0.04190557356541672,0.35943514077316174,0.10695281171535716
-5.306122303009033,0.887755095958709,3,0.09909465562249224,-0.006823866542457213,-0.011466877163817288,0.002938260050309805,0.40069662802892664,0.09688775999909084
-5.306122303009033,0.910204052925109,3,0.023422385297218042,-0.07525676514165229,0.06758249228891988,-0.08068786637970182,0.2398643233303315,0.03498491387902306
-5.306122303009033,0.932653069496154,3,0.06741481628859729,0.1074161639398532,-0.029211484952976513,0.0985054281844646,0.3197033930960678,0.11276566331120128
-5.306122303009033,0.955102026462554,3,0.04110792642777891,0.08997228895027896,0.03895327722561702,0.033359765917847777,0.3530881284434238,0.1112962773929893
-5.306122303009033,0.977551043033599,3,0.1374594611502227,-0.0290436535150921,0.1127054738902118,-0.01755724930994489,0.4123307162795707,0.12317894969899364
-5.306122303009033,1.0,3,0.12117992285431811,-0.049564914654586345,-0.026269168313047504,-0.026885258658851153,0.36555863958615364,0.07680384416279736
-5.081632614135742,-0.100000001490117,3,0.5490160989609937,-0.026623327076416303,0.011002029584824108,0.0391285388547532,0.33138204290937967,0.18078107664670687
-5.081632614135742,-0.077551022171975,3,0.7595529482812745,0.08459791923482822,0.11031045794609569,0.01077814938533545,0.4234940638683946,0.2777467077431857
-5.081632614135742,-0.055102042853833,3,0.30935001999403816,0.014851583025978008,0.08139534870434655,0.035082250584231825,0.2244775309094522,0.13303134664360933
-5.081632614135742,-0.032653063535691,3,0.3639277276581378,-0.039768153147202064,0.08737224114853054,-0.03883352937177439,0.32129361229652037,0.13879837971684245
-5.081632614135742,-0.010204084217549,3,0.36925070899040796,-0.03331104106730754,0.0776986122766572,-0.013738519903372085,0.3635919364560614,0.1526983393504894
-5.081632614135742,0.012244895100593,3,0.30274160464766064,-0.021952812669950913,-0.018265439067290834,-0.0699013446173848,0.30448581126728963,0.09942156391206475
-5.081632614135742,0.034693874418735,3,0.24809181252055879,-0.02766940389623758,0.1396219031168685,-0.10267968089634215,0.3857916961708378,0.12863126540313707
-5.081632614135742,0.057142853736877,3,0.23100638575031454,-0.00975444871807754,0.015872831301057377,-0.08966081643474222,0.38874277475007735,0.10724134532972589
-5.081632614135742,0.079591833055019,3,0.18270842471034018,0.056321343325143325,-0.00983789665021067,0.05901136427684078,0.34630009419798213,0.12690066597201916
-5.081632614135742,0.102040812373161,3,0.09317391926979597,-0.045855689603876724,0.059004655748048467,-0.05471773126095858,0.3476362548098864,0.0798482817925791
-5.081632614135742,0.124489791691303,3,0.1445856914301696,-0.028461116635407874,0.05314975552589879,-0.014556358666011895,0.24880779439294207,0.08070515320951814
-5.081632614135742,0.146938771009445,3,0.1729433435162323,-0.08487204273908171,0.10308350310018592,-0.07871101298496487,0.24698567076996505,0.07188589233246734
-5.081632614135742,0.169387757778167,3,0.06169147856273859,0.03801786739367472,0.09519801820416407,0.04557236770799123,0.34174079458552553,0.11644410529081883
-5.081632614135742,0.191836729645729,3,0.10207317520964156,0.005020080581578564,0.06251255135086646,0.018692560832418454,0.4059042259168999,0.11884051877828099
-5.081632614135742,0.21428570151329,3,0.14664896668778554,-0.047819706109018666,-0.012226560167708405,-0.0401885752874877,0.4361905867691145,0.09652094237853706
-5.081632614135742,0.236734688282012,3,0.06560532392867437,0.044820134901495695,0.14243606620288649,0.048379159878082924,0.38649019751448765,0.13754617648512543
-5.081632614135742,0.259183675050735,3,0.0703681354391887,0.006433679465900746,0.04448906675209497,0.05836433759792901,0.3415583679838732,0.10424271744779731
-5.081632614135742,0.281632661819458,3,0.11700350901480312,0.008939084060464066,0.11174678966138148,0.033229975007663524,0.3885736016240909,0.13189859187368064
-5.081632614135742,0.304081618785858,3,0.18088112925062602,0.0736361000879433,0.016024693851842173,0.10339754661861789,0.31224758801503977,0.13723741156481384
-5.081632614135742,0.32653060555458,3,0.17128621354656628,-0.013219177245244658,-0.009325333053691856,-0.06705888152924226,0.3322398154419838,0.08278452743207426
-5.081632614135742,0.348979592323303,3,0.19571887289377699,-0.019769882774139644,-0.025926771761907514,-0.03183832897817226,0.2826048852179029,0.08015775491949209
-5.081632614135742,0.371428549289703,3,0.19781010275011188,0.0386039320468863,0.062292890330196915,0.028888267243256573,0.3205819766946642,0.12963543381302317
-5.081632614135742,0.393877536058425,3,0.37626346412775763,0.06828694945059409,0.008256704131495892,0.025923374810786774,0.415088055716944,0.1787637096475157
-5.081632614135742,0.416326522827148,3,0.25796286126170104,-0.04911483124754526,-0.07898486789807502,-0.004279991311448572,0.37337701720192024,0.09979203760131047
-5.081632614135742,0.438775509595871,3,0.041490428073755074,-0.04067637435006074,0.06845543592459084,-0.0712969615944319,0.41564963954590767,0.08272443351995219
-5.081632614135742,0.461224496364593,3,0.14875126146781595,0.021157446643608423,-0.09573256726344016,-0.030154836494059516,0.35905573559309856,0.08061540798940466
-5.081632614135742,0.483673483133316,3,0.10975459814752568,0.03586513647390709,0.0601657625263321,0.03886308987475124,0.36748497919459305,0.12242671324342183
-5.081632614135742,0.506122469902038,3,0.10967949484580031,-0.042269042706550276,-0.0440917805123739,-0.07217500674584373,0.31740071347881055,0.053708875671968595
-5.081632614135742,0.528571426868438,3,0.19720467983596057,-0.03041931951887643,0.08326195595642523,-0.032788864124620606,0.3331554582958755,0.11008278208895286
-5.081632614135742,0.551020383834838,3,0.23933673108537165,-0.03109434881901528,0.07127424497484751,-0.010507811386527682,0.36112616336210124,0.12602699584335547
-5.081632614135742,0.573469400405883,3,0.06157283140767398,-0.08516597699732338,0.017848469561409206,-0.1060869116530927,0.3245834501798084,0.0425503724996951
-5.081632614135742,0.595918357372283,3,0.16242644680603222,0.05893103194857899,0.18913712904492705,0.03317878590830961,0.39458187133650063,0.16765105300886968
-5.081632614135742,0.618367373943328,3,0.08028418452605775,-0.047853510775424046,0.07519070021796397,-0.049215293834400486,0.3604614899189551,0.08377351401063046
-5.081632614135742,0.640816330909729,3,0.22551588015396815,-0.08587043250335695,-0.017095183028606725,-0.05439414678150761,0.3623430527307447,0.0860998341142483
-5.081632614135742,0.663265287876129,3,0.08884924142718736,0.009159351050512425,0.13470305850038053,0.046821416405972684,0.36838300552518927,0.12958321458184846
-5.081632614135742,0.685714304447174,3,0.18531149482896114,0.00969452565665467,0.010296506465148127,0.019138284327601902,0.3711223077274264,0.11911262380115843
-5.081632614135742,0.708163261413574,3,0.14770001070072067,-0.02884390125501679,-0.05373566002969463,-0.03763309033496833,0.3223853625429224,0.06997454432479266
-5.081632614135742,0.730612277984619,3,0.07314616491950082,-0.11408196557433899,0.0007808600829027438,-0.09916174285184988,0.30713218756688226,0.033563100828619394
-5.081632614135742,0.753061234951019,3,0.057988696987619937,-0.023088827978624323,-0.018855025162011308,0.02200227008002259,0.3884912528926669,0.08530767336393476
-5.081632614135742,0.775510191917419,3,0.07869589877277362,-0.035873974801257424,-0.08539902449021265,-0.05191710392894335,0.3368909974743593,0.0484793586053439
-5.081632614135742,0.797959208488464,3,0.13665147772719924,-0.0004285887372906365,0.08860702034344135,0.055475406248027985,0.3522245293330306,0.12650596898288172
-5.081632614135742,0.820408165454864,3,0.15578778854694528,-0.07453343244246324,0.00406585838559127,-0.033465067858665175,0.31923316627341963,0.07421766258096554
-5.081632614135742,0.842857122421264,3,0.11320330252468143,-0.0071347242778937075,0.10295695030784784,0.008434802517485443,0.3677112308701405,0.1170343123884523
-5.081632614135742,0.865306138992309,3,0.16040694928800112,-0.011700800081465809,0.029332996564320483,-0.04005443116669883,0.37070877627614957,0.10173869817606129
-5.081632614135742,0.887755095958709,3,0.07439215748845206,0.0035949431042090383,0.0021636959900522487,-0.015390694523580254,0.338802894496765,0.0807125993111796
-5.081632614135742,0.910204052925109,3,0.12319202965827565,-0.0780220000317035,0.051542871818096136,-0.048016077908736965,0.3414847806293313,0.07803632083305252
-5.081632614135742,0.932653069496154,3,0.10084179482920586,-0.11022533822793244,0.10348800803715309,-0.08584880785298647,0.3041520296298352,0.06248153728305504
-5.081632614135742,0.955102026462554,3,0.2297061156913319,-0.0063835453538946445,0.006120468042424924,0.0030321494451430266,0.43859537824882544,0.13421411321476612
-5.081632614135742,0.977551043033599,3,0.13267002711863954,-0.014604827497943543,-0.08977758682335829,0.0020111806283157944,0.40251748506524027,0.08656325569817876
-5.081632614135742,1.0,3,0.09738191955722608,-0.04470086111304209,0.0018067473390170063,-0.02145094613196415,0.25723112032429585,0.05805359599510653
-4.857142925262451,-0.100000001490117,3,0.7791205413762367,0.03254642676347075,0.02724247009619028,0.015634287363913944,0.2995162298207857,0.23081199108411946
-4.857142925262451,-0.077551022171975,3,0.5499163760853163,0.005630487591748394,-0.04035389869882814,-0.06767850903957078,0.32751021790638707,0.1550049347690106
-4.857142925262451,-0.055102042853833,3,0.6481683370431081,-0.04362217348492431,0.09835469133673776,-0.10751822497671383,0.3547634951811915,0.19002922501987984
-4.857142925262451,-0.032653063535691,3,0.5768835942168072,-0.06787704342845204,0.051657186543217416,-0.1077030353844129,0.32497242273857424,0.15558662493714678
-4.857142925262451,-0.010204084217549,3,0.3816496125612459,-0.04277129542051574,0.03360927420370991,-0.058771489492355306,0.3336042061489925,0.12946406160021545
-4.857142925262451,0.012244895100593,3,0.42103686844840466,-0.04975122999953773,0.027792135037011282,-0.071329612729218,0.31115958398643023,0.1277815489486181
-4.857142925262451,0.034693874418735,3,0.40173990624008266,-0.09246635797955116,-0.03198892638556576,-0.13261224853532402,0.29142464751079716,0.08721940417008778
-4.857142925262451,0.057142853736877,3,0.3908028466929268,-0.07606949490245478,-0.04569017905543991,-0.10060892238674783,0.30491458884836614,0.09466976783933008
-4.857142925262451,0.079591833055019,3,0.29128638126539397,-0.04263253476017856,0.10559912151385069,-0.09569537984329224,0.31192807507733916,0.1140971326506226
-4.857142925262451,0.102040812373161,3,0.2285936931246547,-0.04758488931711424,0.08410025273738664,-0.03262981756906128,0.3004482899347124,0.10658550578211565
-4.857142925262451,0.124489791691303,3,0.33337715033890297,-0.028537476489932462,-0.021299583490138056,-0.034131370509471744,0.3625128750858333,0.12238431898703879
-4.857142925262451,0.146938771009445,3,0.20175373384080886,-0.05378268181696283,-0.02601473005219745,-0.1377584945617089,0.33518066529786233,0.0638756985415604
-4.857142925262451,0.169387757778167,3,0.41966441637507845,-0.03544802681328873,0.0001508012241920563,-0.05319576378413211,0.31818335142081206,0.12987095568453233
-4.857142925262451,0.191836729645729,3,0.3391427427081461,-0.050681517578344555,-0.00013842003272785072,-0.06525110009451866,0.31658013591769846,0.1079303681840507
-4.857142925262451,0.21428570151329,3,0.30576527074574855,-0.06642049280440275,0.1492252695720453,-0.08658757744745704,0.3533041836012998,0.13105733073344678
-4.857142925262451,0.236734688282012,3,0.2164502861351875,-0.06961242637785443,0.008445272964193179,-0.06728767989424636,0.38642081323079536,0.09488325321161503
-4.857142925262451,0.259183675050735,3,0.2766116126106641,-0.04565109387117605,0.033509796111942575,-0.0430684975371639,0.27865885376951866,0.10001213421675707
-4.857142925262451,0.281632661819458,3,0.23467397052942615,0.052684705704461855,-0.05418314080649291,0.019899508952446892,0.3959581899204518,0.12980664686005877
-4.857142925262451,0.304081618785858,3,0.23194586404902107,-0.06637750228457906,0.037935490620497295,-0.062417369553453485,0.32499020646233107,0.09321533785876338
-4.857142925262451,0.32653060555458,3,0.25415204072601466,0.07393089756577104,0.030139059705625016,0.10692324598231284,0.35468903002236846,0.16396685480041842
-4.857142925262451,0.348979592323303,3,0.20982274404456772,-0.01618948808282449,0.1033966090340575,-0.012295212281756554,0.37934454850600313,0.13281584024400944
-4.857142925262451,0.371428549289703,3,0.30255850239298865,0.021552998416846995,0.11377347965303146,-0.012332971196280155,0.3889323767866846,0.16289687721065432
-4.857142925262451,0.393877536058425,3,0.2594976382971063,0.004059929396198698,0.079926299403046,-0.004053664417562321,0.4020657307085302,0.14829918667746378
-4.857142925262451,0.416326522827148,3,0.18941512134696592,-0.030184847112528543,0.11000345962911366,-0.01938451767477206,0.3824928336119992,0.12646840996015563
-4.857142925262451,0.438775509595871,3,0.36322383377954554,0.0605829433791814,0.073330676360828,0.011267489926793708,0.3291287621877565,0.16750674112682104
-4.857142925262451,0.461224496364593,3,0.24255395769695498,-0.06786404726307377,0.0006535088444429756,-0.06001125762356984,0.2855153215648758,0.08016949664392603
-4.857142925262451,0.483673483133316,3,0.2484677605959926,0.009896043330335863,0.03332435770772677,-0.062117754205717655,0.313715400550078,0.10865716159568313
-4.857142925262451,0.506122469902038,3,0.06032892602856169,0.037860218453530076,0.06218789129886887,0.04931449499919296,0.38660293007572033,0.11925889217117477
-4.857142925262451,0.528571426868438,3,0.19114093447647185,-0.011080127529557235,-0.054750884530671666,-0.0058362188756822505,0.33793287983870135,0.09148131667585241
-4.857142925262451,0.551020383834838,3,0.16201828725138298,-0.004414113263834436,-0.023873557545315626,-0.029850388441798253,0.37987461510632614,0.09675096862135216
-4.857142925262451,0.573469400405883,3,0.12260209244471432,0.030103837133641512,0.05798917374487069,0.05772759100844981,0.3109924331431631,0.11588302549496787
-4.857142925262451,0.595918357372283,3,0.26630821735008753,-0.07502937437529258,0.017702346086934523,-0.07029177222983908,0.37007809292940247,0.10175350195225859
-4.857142925262451,0.618367373943328,3,0.16260065445955377,-0.11391009937521869,0.03570789565830462,-0.09040703672816246,0.36000684882047285,0.07079965256699002
-4.857142925262451,0.640816330909729,3,0.131224411684255,0.11971157836405712,-0.04752916072468704,0.1128497693297345,0.3521350089168285,0.13367832151403763
-4.857142925262451,0.663265287876129,3,0.2598758628912979,-0.05171869388321328,0.0766037505043711,-0.02343480450507648,0.36263384487458067,0.12479199197639197
-4.857142925262451,0.685714304447174,3,0.13427261141149135,-0.022220338554770458,0.09346669184122292,0.020890339046087596,0.2951161640879571,0.1043050935663977
-4.857142925262451,0.708163261413574,3,0.2944396215900189,0.10857071232841141,0.0646920556281416,0.08620344357160258,0.3593550693976879,0.1826521805031725
-4.857142925262451,0.730612277984619,3,0.444621878623062,-0.049843466100028884,0.0021323834916953735,-0.0748659123958382,0.3793351098094028,0.14027599868565863
-4.857142925262451,0.753061234951019,3,0.18095142402029293,0.08034963352116702,0.049564525491588685,0.003234045362466076,0.4169494440791122,0.14620981449492537
-4.857142925262451,0.775510191917419,3,0.22260113758777558,-0.06314015341841352,0.06256857248645992,-0.06176249697624344,0.3090061494567396,0.09385464182726362
-4.857142925262451,0.797959208488464,3,0.24203202576531826,-0.001827112968152041,0.026305519484580348,-0.00976390958713802,0.3735928456956727,0.12606787367805622
-4.857142925262451,0.820408165454864,3,0.12846126038672412,0.030175731787836696,0.05436947664171989,-0.024693755731308626,0.3066791923830764,0.0989983810936097
-4.857142925262451,0.842857122421264,3,0.09933647930043794,0.03571493914198728,0.03231101115864461,0.061633658193751446,0.3530586330497467,0.1164109441689136
-4.857142925262451,0.865306138992309,3,0.24858730234457538,0.011187690883330588,0.0658088444097341,-0.045278576080173376,0.262737253975855,0.10860850310666434
-4.857142925262451,0.887755095958709,3,0.10321655867788482,-0.08495255801242306,-0.02619930729390232,-0.07712436580950467,0.35504033684718866,0.05399613288184868
-4.857142925262451,0.910204052925109,3,0.037177696132232756,-0.05237805496009412,-0.030737340337942672,-0.06066295103838346,0.33078467384592086,0.044836804728346676
-4.857142925262451,0.932653069496154,3,0.10790540039588303,-0.010798644480178731,0.15812320169154367,-0.06573535182310587,0.32764305150231987,0.1034275314572924
-4.857142925262451,0.955102026462554,3,0.06874604036443784,-0.006861079536558433,0.060744160153636095,-0.0390439800438279,0.43754922127015905,0.10422687244156932
-4.857142925262451,0.977551043033599,3,0.028106604842562652,-0.013816877555367755,-0.049119464230844255,-0.0454101885660018,0.30823395886815014,0.0455988066716998
-4.857142925262451,1.0,3,0.18070377944524876,0.015208016176726529,0.12569009844983053,0.012086017342244215,0.2850327968364533,0.12374414165010066
-4.63265323638916,-0.100000001490117,3,0.5720381207684848,-0.01591545181466876,0.17637212316821937,-0.055408207257718146,0.24955732307932219,0.1853287815887279
-4.63265323638916,-0.077551022171975,3,0.8472977331646766,-0.05182596240945488,0.01218530207079753,-0.06406713585203597,0.32574388209622807,0.21386676381404227
-4.63265323638916,-0.055102042853833,3,0.7832744321824722,-0.08085953309882123,-0.016421608783225412,-0.11908694000608523,0.25810425927474406,0.16500212191381686
-4.63265323638916,-0.032653063535691,3,0.3866872353192569,-0.03574050453874306,0.09673551350261546,-0.06039205492891015,0.26171365098029625,0.12980076806690308
-4.63265323638916,-0.010204084217549,3,0.416278132877617,0.007070621785733672,0.0082455648742851,-0.02142103638668814,0.2582994195699578,0.1336945405441811
-4.63265323638916,0.012244895100593,3,0.5991023606169806,-0.04222754888422919,0.12245095116930889,-0.032977164078825144,0.26721785810589743,0.18271329138582654
-4.63265323638916,0.034693874418735,3,0.6693654459247158,0.007444920304914148,0.032328651856966296,-0.06902606648839778,0.26691230953569517,0.18140505222677872
-4.63265323638916,0.057142853736877,3,0.27409621902180686,-0.0031180416137226844,0.04424597616915379,-0.060537877010669906,0.37725540425409215,0.12638833616413203
-4.63265323638916,0.079591833055019,3,0.3903406658980842,-0.04306226522600568,0.026018477752402337,0.007518817774298365,0.3104067885615775,0.13824449695207136
-4.63265323638916,0.102040812373161,3,0.25904679412180437,0.004874107391638516,-0.004838919512049733,-0.046752764284689,0.38126492306168336,0.11871882815567751
-4.63265323638916,0.124489791691303,3,0.3920453312402985,0.0242625201162382,-0.02375011454452866,-0.03480130210659399,0.29975975920417297,0.13150323878191741
-4.63265323638916,0.146938771009445,3,0.36523821785076116,-0.06735679872186112,0.11769107732862678,-0.08437339405926192,0.29487832887206655,0.12521548625406628
-4.63265323638916,0.169387757778167,3,0.38007788493414035,-0.02645534423664453,-0.011653114196421765,-0.023490152423176123,0.3233669457530659,0.12836924396619276
-4.63265323638916,0.191836729645729,3,0.5258852520864642,-0.03325471011124886,0.04598676300122479,-0.012484222203574091,0.3905859552583521,0.18334380760624364
-4.63265323638916,0.21428570151329,3,0.5325632844717162,-0.056390517446710954,0.15067166932521572,-0.012074578630331059,0.3369142454587882,0.1903368206357356
-4.63265323638916,0.236734688282012,3,0.19659315833963065,-0.06011156991226254,0.06856443888185715,-0.10649232085020272,0.2992953557042561,0.07956981243265573
-4.63265323638916,0.259183675050735,3,0.5080632356662752,-0.02027595244920109,0.11995911089081968,-0.020169976108522808,0.35630681373283224,0.18877664634644065
-4.63265323638916,0.281632661819458,3,0.2853605311135233,0.02332800902960371,0.01601560503406109,0.04559905598594354,0.3083242923932638,0.1357254987112791
-4.63265323638916,0.304081618785858,3,0.25103661139599254,-0.07048363341830419,-0.01422229293294052,-0.08961632407015692,0.36001783723835507,0.08734643964258919
-4.63265323638916,0.32653060555458,3,0.2252427128840253,-0.03460291673533218,-0.0007454429230985457,-0.021275150100650234,0.34706283017542167,0.1031364066600732
-4.63265323638916,0.348979592323303,3,0.16046884075475729,-0.07042863375194003,-0.021024025570594084,-0.02207420053427041,0.31112949702400033,0.07161429558439061
-4.63265323638916,0.371428549289703,3,0.16187600507720942,-0.0834316422986336,-0.005722109378459417,-0.09889686291724681,0.3297289371923636,0.06071086553504664
-4.63265323638916,0.393877536058425,3,0.2587746912047799,-0.05024176175953569,0.03894725621820467,-0.03351526633906322,0.36808145460032077,0.1164092747849413
-4.63265323638916,0.416326522827148,3,0.37000481573023336,-0.07637633170393109,0.0491763210288201,-0.11257182064030243,0.34015665768512937,0.11407792841998984
-4.63265323638916,0.438775509595871,3,0.150243407526134,-0.10911125548455865,0.034440343101840375,-0.07452221382069993,0.3825239697703407,0.0767148502186113
-4.63265323638916,0.461224496364593,3,0.15394581883579317,-0.042486329582423744,0.04199595157073375,-0.12296863113405258,0.2545904170916076,0.05701544535633164
-4.63265323638916,0.483673483133316,3,0.19718964710258954,-0.06119458914615356,-0.00332329855901319,-0.0963808820352779,0.2751681255333254,0.06229180057909406
-4.63265323638916,0.506122469902038,3,0.10266605572565572,-0.12478531729072602,0.10235426887113651,-0.11154196598024113,0.3066099631209663,0.05506060088935827
-4.63265323638916,0.528571426868438,3,0.31726491740779683,0.12399358731289689,0.0836258195422198,0.1154117166344188,0.3510959451995855,0.19827839721938356
-4.63265323638916,0.551020383834838,3,0.23233684868364948,-0.05518367319829854,0.010271178063633661,-0.06422555248295005,0.36837768518280245,0.09831529724976741
-4.63265323638916,0.573469400405883,3,0.16665854747107592,0.02557275357822796,0.07380893846550175,-0.053024756787560134,0.3933392936097258,0.12127095526739426
-4.63265323638916,0.595918357372283,3,0.37535994035590275,-0.08643495776161174,-0.058666610910816604,-0.0956927483543884,0.299827543543907,0.0868786333745986
-4.63265323638916,0.618367373943328,3,0.4516847253514828,0.03644112355353508,0.09563222758845508,0.07816815618350796,0.3200503590018595,0.19639531833576807
-4.63265323638916,0.640816330909729,3,0.31723716231179305,-0.0061262945739071276,0.026243786547161543,-0.022350960655420023,0.3299401464323512,0.12898876801239573
-4.63265323638916,0.663265287876129,3,0.22200795313205704,-0.014223282474938476,0.09920888655666073,-0.047024038390722826,0.3899990322460349,0.12999371021381828
-4.63265323638916,0.685714304447174,3,0.044586066702823834,-0.0791103056207161,0.014085223434200822,-0.07167772192655376,0.21325505850707727,0.024227664219366413
-4.63265323638916,0.708163261413574,3,0.31056214966636014,-0.04983221193959194,-0.001451826939946212,-0.08427541247427861,0.3275231110113388,0.10050516186477645
-4.63265323638916,0.730612277984619,3,0.3867189110992164,-0.030439295988137712,-0.009293601852112929,-0.03451522264150794,0.34202229465575895,0.13089861705464337
-4.63265323638916,0.753061234951019,3,0.1142188552867298,-0.034553878544523305,0.05911112945727374,-0.0300557094320465,0.2968960344136444,0.08112328623621563
-4.63265323638916,0.775510191917419,3,0.2591976105678162,-0.000948264598502437,0.11337993552015746,-0.07571996295926424,0.4247508892972256,0.1441320415654865
-4.63265323638916,0.797959208488464,3,0.13002362439561377,-0.024513768943446253,0.1080395207449531,-0.04131601399833184,0.4018212716375003,0.11481092676725782
-4.63265323638916,0.820408165454864,3,0.14152908206206727,-0.08926600819790004,0.0380337496500918,-0.07904952308208153,0.3909456231721162,0.08043858472085873
-4.63265323638916,0.842857122421264,3,0.23825587337752419,-0.08980446927148202,0.06697519223846445,-0.03364601264877309,0.3191858411452178,0.10019328496819027
-4.63265323638916,0.865306138992309,3,0.1967332632595953,0.017349074633228656,-0.06903468026820427,0.03239714627065702,0.3819833133317834,0.11188562344541202
-4.63265323638916,0.887755095958709,3,0.14988722295076076,-0.12359185326218154,-0.011060856890769901,-0.14268597185843424,0.31952674757769334,0.038415057703413684
-4.63265323638916,0.910204052925109,3,0.27624652444954295,-0.036929399767656315,0.015783363776814677,-0.03406296500319978,0.37171852345078493,0.1185512093812573
-4.63265323638916,0.932653069496154,3,0.3084180158885944,-0.07879478087943932,-0.04269207550536044,-0.06008168821514811,0.39931179095717734,0.10523225244916476
-4.63265323638916,0.955102026462554,3,0.1999476372606376,-0.05419276079874965,0.032546878697025196,-0.075388938074519,0.3723450335811786,0.09505157013311455
-4.63265323638916,0.977551043033599,3,0.208467622304371,0.03853429323682342,0.02321362436159977,0.06247151946096388,0.37812901280074557,0.14216321443290073
-4.63265323638916,1.0,3,0.16588831789932482,-0.020322079763826634,0.05803115736209304,0.006485582937105688,0.3821543089557263,0.11844745747808463
-4.408163070678711,-0.100000001490117,3,0.6151972981813787,-0.06595799962459291,0.04647489264458741,-0.07477560238425339,0.24952550506963841,0.15409281877735165
-4.408163070678711,-0.077551022171975,3,0.6512835464743426,-0.08393652404257908,-0.07869705094874578,-0.16682112834047844,0.3251006446167913,0.1293858975518661
-4.408163070678711,-0.055102042853833,3,0.7300443059625864,-0.031116033988073222,-0.0437786486938856,-0.014847528823603212,0.21563936379040274,0.1711882916494854
-4.408163070678711,-0.032653063535691,3,0.6556964300429189,-0.05006517820774422,0.06281177642451502,-0.0880060990145442,0.2722976871088349,0.17054692327079607
-4.408163070678711,-0.010204084217549,3,0.46629958423302725,0.021190873869110827,0.011585355518299442,-0.044111875393606205,0.29943525067185994,0.15087983777973824
-4.408163070678711,0.012244895100593,3,0.6832222475580999,0.013176433760725142,0.1022667193972745,-0.0020007507440971037,0.2825934359471917,0.21585161718383886
-4.408163070678711,0.034693874418735,3,0.3777913608312838,-0.050592764476319295,-0.06870650774446456,-0.0987676644782468,0.30087303738580357,0.09211949230361134
-4.408163070678711,0.057142853736877,3,0.4323007530368081,0.050678293544559376,0.06371146202542675,0.01771994249597359,0.2659305004416988,0.16606819030889333
-4.408163070678711,0.079591833055019,3,0.7429751859158241,-0.08048574876130231,0.019570596347990004,-0.14393793461837703,0.3101858951339813,0.16966159880362322
-4.408163070678711,0.102040812373161,3,0.4393907327699309,-0.03035262165176328,0.036805358365280726,-0.06420152828248936,0.3359116623282816,0.1435107207058481
-4.408163070678711,0.124489791691303,3,0.5092720386976549,-0.029195775092938765,-0.05701196460515453,-0.04893790173166437,0.23427252334897034,0.12167978412337352
-4.408163070678711,0.146938771009445,3,0.4268563237172453,0.0219642251893631,0.07023112942366944,0.03138450928268325,0.2770654565412883,0.16550032883084986
-4.408163070678711,0.169387757778167,3,0.2972576314418902,-0.01682161488650824,0.06989731184694782,-0.058669591811991134,0.3436472869720461,0.12706220471247692
-4.408163070678711,0.191836729645729,3,0.22087889200818156,-0.06430768821250735,0.0019044894177428738,-0.12181429139573045,0.2640937361939855,0.06015102760233443
-4.408163070678711,0.21428570151329,3,0.7079971032390692,-0.050868644522431304,0.08605154329209631,-0.027235279597307552,0.323033498160691,0.20779564411442353
-4.408163070678711,0.236734688282012,3,0.5102032062116537,-0.02005227828036089,0.01509588169496985,-0.07808635542510334,0.33308306124777753,0.15204870308978738
-4.408163070678711,0.259183675050735,3,0.18025517141425673,0.07036086674795063,0.006465583401442759,0.0166017216802797,0.3393603548365296,0.1226087396160919
-4.408163070678711,0.281632661819458,3,0.26965060224000853,-0.0408255024004392,0.015918270830335392,-0.10649911102857312,0.34690873269635447,0.09703059846753721
-4.408163070678711,0.304081618785858,3,0.2498274308275835,-0.021477793124237837,0.04472409803971401,0.007974968039108521,0.2688158907687299,0.10997291891017962
-4.408163070678711,0.32653060555458,3,0.43508350089229136,-0.03746383789153191,0.019441873440456475,-0.04463692577430445,0.3284587254130817,0.1401766672159986
-4.408163070678711,0.348979592323303,3,0.5420573038536939,-0.03549214510727333,0.09645148354866878,0.003036238355228598,0.28208276861435044,0.17762712985293366
-4.408163070678711,0.371428549289703,3,0.47048875778919985,0.034076171264486275,0.05835245479793901,-0.006531413477709885,0.35338364986624304,0.18195392404803165
-4.408163070678711,0.393877536058425,3,0.42810242632493173,-0.07414035092805714,0.05103534657582645,-0.11010195426012614,0.30890377253264967,0.12075984804904491
-4.408163070678711,0.416326522827148,3,0.5116696843477525,-0.05468799714155461,0.07786815478290086,-0.08547565851232147,0.3606550540670388,0.1620058475087632
-4.408163070678711,0.438775509595871,3,0.4874383322097775,-0.04735013569367746,-0.014277162093092972,-0.09121089919279567,0.3326596438704785,0.13345195582013797
-4.408163070678711,0.461224496364593,3,0.31578241679370195,0.02056536423694287,0.010778009876154055,0.01026964746252859,0.3475232233784596,0.1409837323495574
-4.408163070678711,0.483673483133316,3,0.24167220984200635,-0.06839988306037366,-0.026009051469783263,-0.09185004540509874,0.2808930578404333,0.06726125754943679
-4.408163070678711,0.506122469902038,3,0.4878834314569831,-0.007147361185919937,0.059019446242530804,0.043251141573082526,0.37786700535723244,0.19217473268878177
-4.408163070678711,0.528571426868438,3,0.24224266801151603,-0.02728965032200124,0.02871772221456533,-0.013973181237772463,0.30273208283688086,0.1064859283006377
-4.408163070678711,0.551020383834838,3,0.35972582131713454,-0.05961126309924747,0.07445025330847084,-0.09250737315768741,0.3311741820606781,0.12264632408586973
-4.408163070678711,0.573469400405883,3,0.3503997136280492,-0.09715440680921339,-0.02898975207675127,-0.11247457148985522,0.27919083090376423,0.07819436283119871
-4.408163070678711,0.595918357372283,3,0.22057873661709348,-0.03981376642153331,-0.047454403743461195,-0.09082685744401288,0.34943213074796514,0.07838316795121025
-4.408163070678711,0.618367373943328,3,0.5844477122872964,-0.12155264441110673,0.034038264035122646,-0.1079488286073485,0.28364440027860516,0.1345257807165138
-4.408163070678711,0.640816330909729,3,0.2648483926039491,-0.04271803754351686,-0.008430821570778466,-0.03384587971842379,0.3042825754213275,0.0968272458385115
-4.408163070678711,0.663265287876129,3,0.40525994978663676,-0.059709157888151,-0.014809632817266195,-0.08550349864710605,0.33856397978225977,0.11676032804327466
-4.408163070678711,0.685714304447174,3,0.16231109548093062,-0.05648048737293749,0.0703177474223131,-0.07698476239534863,0.3582885032481519,0.09149041927662191
-4.408163070678711,0.708163261413574,3,0.4499329649833659,-0.025142417011246792,0.09925234662634697,-0.06787673081287875,0.3609922820387011,0.16343168916485767
-4.408163070678711,0.730612277984619,3,0.26845387641519813,0.04458949919038536,0.0322588208118112,0.03801584392769347,0.3001539573472286,0.13669439953846335
-4.408163070678711,0.753061234951019,3,0.13952272590516326,-0.11061316296877101,0.0904664671505213,-0.11764030414672248,0.3921677609673197,0.07878069738150215
-4.408163070678711,0.775510191917419,3,0.2776830466628115,-0.07217081124588386,0.00167169687187756,-0.10838421659920551,0.3435626612547633,0.08847247538887261
-4.408163070678711,0.797959208488464,3,0.333242791787594,0.02156130096125843,0.08053891181243701,-0.03050227752734355,0.42849564698396553,0.1666672748035823
-4.408163070678711,0.820408165454864,3,0.16014525690160578,-0.08280179125873958,0.08427672386748652,-0.14538602686500535,0.37178435577247204,0.07760370368356388
-4.408163070678711,0.842857122421264,3,0.2265325409355241,-0.08309324748536899,0.03438895645619031,-0.08605262617313018,0.3821160785333542,0.09477834045331389
-4.408163070678711,0.865306138992309,3,0.34437511675930077,-0.014839418615318808,0.028769871794738295,-0.06730586413166385,0.28633401339929315,0.11546674384126991
-4.408163070678711,0.887755095958709,3,0.29657461519456807,-0.10217611775124401,0.012957284521625555,-0.0841166837480644,0.2619040928811621,0.07702863821960947
-4.408163070678711,0.910204052925109,3,0.1907322647056602,-0.011153785444089398,0.026498647113667107,-0.04411858795922102,0.31876945534751167,0.09614559875270572
-4.408163070678711,0.932653069496154,3,0.3888812202635686,-0.0339507918411889,0.12458402019045471,0.030368262039728134,0.2466045113112123,0.15129744439275497
-4.408163070678711,0.955102026462554,3,0.1380042826682434,0.10918994495612017,0.11453580075021493,0.10844197243077734,0.46236589753586815,0.1865075796682448
-4.408163070678711,0.977551043033599,3,0.23332621849763546,-0.04704176424376313,0.06770811111226821,-0.038274724545084814,0.30796873117966506,0.10473731440014415
-4.408163070678711,1.0,3,0.3751306477774096,-0.11424206859468683,0.07857091934135685,-0.13103001024755054,0.2914400307620421,0.09997390380771425
-4.18367338180542,-0.100000001490117,3,0.682514771503873,-0.00321968165077125,-0.07234608486512094,-0.05498225056241946,0.20366878275777492,0.15112710743666724
-4.18367338180542,-0.077551022171975,3,0.505815550405707,-0.0609699895976582,0.040408579694206255,-0.10391619893928827,0.27416578866539526,0.1311007460456724
-4.18367338180542,-0.055102042853833,3,0.6642139909279646,-0.047419964553010334,-0.0686433136628379,-0.09453214592474363,0.193218835394991,0.12936748043647275
-4.18367338180542,-0.032653063535691,3,0.2847133496725737,-0.11479135535756935,-0.04465386537072732,-0.13358288097049187,0.20604419403039267,0.039545888400835574
-4.18367338180542,-0.010204084217549,3,0.8766394784960218,-0.053910285334035364,-0.03579983389167534,-0.1082038399949764,0.2603013553948382,0.18780537493403457
-4.18367338180542,0.012244895100593,3,0.7207986668189474,-0.0232143790062051,-0.011209452477239777,-0.0630914500611849,0.23567904582638363,0.17179248622014026
-4.18367338180542,0.034693874418735,3,0.6824849979243854,-0.0785782798547086,-0.1074353605093607,-0.15899279782087206,0.2081618208245369,0.10912807611279621
-4.18367338180542,0.057142853736877,3,0.5086325564675418,0.00011493211627343809,0.06098910147519981,0.07206274659489106,0.21906474839731707,0.17217281701024462
-4.18367338180542,0.079591833055019,3,0.7774633014512746,-0.030430993939909747,-0.0783920965827395,-0.08123743086035008,0.21738546004449985,0.16095764802255502
-4.18367338180542,0.102040812373161,3,0.2812736510469214,-0.08366336064154312,-0.09268839703995509,-0.08640137839641944,0.23678282059215502,0.05106066711223176
-4.18367338180542,0.124489791691303,3,0.305987766493558,-0.11237919146781487,0.0604394945684642,-0.08073298457995658,0.23139832752277315,0.08094268250740477
-4.18367338180542,0.146938771009445,3,0.6853516308772982,-0.12883130508205012,-0.06378865525956924,-0.14026243846598838,0.30524650865074454,0.13154314814408702
-4.18367338180542,0.169387757778167,3,0.6905615285895146,-0.10817425403776154,-0.0903462446813539,-0.14369155013977,0.2748833127255852,0.12464655849124288
-4.18367338180542,0.191836729645729,3,0.5959300731794125,-0.004177739094203689,0.04023048483315835,-0.01301231648002807,0.316026259211411,0.18699935232995002
-4.18367338180542,0.21428570151329,3,0.3911021948138527,-0.081885728124668,-0.08922803707970615,-0.06867120781740063,0.28006575026400177,0.08627659441121593
-4.18367338180542,0.236734688282012,3,0.18823342719024763,-0.0319707890519554,0.04065910442744707,-0.0665723813586427,0.33634015090664854,0.09333790242274903
-4.18367338180542,0.259183675050735,3,0.4731194828290703,-0.04921333747447221,-0.07862916886092279,-0.1337396331249707,0.29907810728089207,0.10212309012991934
-4.18367338180542,0.281632661819458,3,0.38159064041154395,-0.12371449837760155,-0.09359214552304214,-0.11538683415025368,0.2559671822585453,0.06097286892383837
-4.18367338180542,0.304081618785858,3,0.5677452195592511,-0.01552211582782728,0.043957386253364726,-0.015530748845242304,0.2826557307524712,0.1726610943784035
-4.18367338180542,0.32653060555458,3,0.25111986680253623,-0.13930341640130897,-0.053130993296551514,-0.17113401149201315,0.33130010142274374,0.043770309407081265
-4.18367338180542,0.348979592323303,3,0.2986620571823409,-0.04449369296184769,0.0549439491339778,-0.016145502576833542,0.34296089499774657,0.1271855411550768
-4.18367338180542,0.371428549289703,3,0.47082527224579646,-0.09171404409931076,-0.03195196837272305,-0.0707359968983441,0.2577718420678683,0.10683902098865736
-4.18367338180542,0.393877536058425,3,0.4064531432103003,-0.14959972245821615,0.040839846465889174,-0.11101132782098405,0.3554892637297356,0.10843424062534499
-4.18367338180542,0.416326522827148,3,0.6122058020966753,-0.17442054012176,-0.004584161336015244,-0.20538858296925147,0.20097601470836057,0.08575770647560184
-4.18367338180542,0.438775509595871,3,0.42039703731473127,-0.1080907153515203,-0.0211676031271333,-0.1351974095260966,0.27019092309053566,0.08522644648010334
-4.18367338180542,0.461224496364593,3,0.4601833692903094,-0.053742648008521576,0.010477332933861196,-0.017728080690600726,0.2359424483885052,0.1270264843827107
-4.18367338180542,0.483673483133316,3,0.5328740400703403,-0.030350946801038753,0.0026923789154320124,-0.05014144939465518,0.29182226968466085,0.14937925849494788
-4.18367338180542,0.506122469902038,3,0.46836226073343434,-0.08190333496506351,0.02863442296717773,-0.06354588056983307,0.36426821245796964,0.14316313612473702
-4.18367338180542,0.528571426868438,3,0.3558839309443824,-0.04303744280023144,0.06933378309578579,-0.06740619511328623,0.3408613164451472,0.13112707851435956
-4.18367338180542,0.551020383834838,3,0.2728549352078626,-0.04657074016679134,-0.009258996362213714,-0.05086692953742069,0.2799286260174649,0.08921737903178034
-4.18367338180542,0.573469400405883,3,0.3577119250999617,-0.04774240562195512,0.006461747830352647,-0.03994352604465797,0.27269417012145714,0.10983638227703167
-4.18367338180542,0.595918357372283,3,0.3355062890881841,-0.059050273795979914,0.013447332334991069,-0.10759621629505763,0.3156925386370946,0.09959993399384645
-4.18367338180542,0.618367373943328,3,0.6169687542214829,-0.047313765214998554,0.08977213377124516,-0.09446253903752976,0.373737352343719,0.18774038721678377
-4.18367338180542,0.640816330909729,3,0.522070686565971,-0.07663263572083732,0.0643954581814037,-0.0587331584845942,0.3381966187686145,0.1578593938621115
-4.18367338180542,0.663265287876129,3,0.5299954642265444,-0.0763995319533768,-0.046124133485509165,-0.0463272746764137,0.3393907715954991,0.14010705914134877
-4.18367338180542,0.685714304447174,3,0.4347420601852265,0.014097394116285971,0.08960066526599901,-0.01377361155912079,0.35913451751054914,0.17676020510378795
-4.18367338180542,0.708163261413574,3,0.22391803879159966,-0.047894625357165314,0.06674605853936162,-0.07381094599224482,0.3081009074594234,0.09541188668819492
-4.18367338180542,0.730612277984619,3,0.34737140441895015,-0.018254314408013533,0.09546445153270762,-0.04367583835123277,0.3794801965962056,0.1520771799577234
-4.18367338180542,0.753061234951019,3,0.08493774164592534,-0.06451703847117694,-0.08003911241780166,0.008811439230846457,0.2815738019896344,0.04615336639548552
-4.18367338180542,0.775510191917419,3,0.27257522010816454,-0.03628723752001574,0.03344518571530047,-0.043660699925286185,0.36377071972251507,0.11796863762013562
-4.18367338180542,0.797959208488464,3,0.1956697624492474,-0.05655519140297712,0.0017592372933035356,-0.09853726522572538,0.2387196361234585,0.056211235847461384
-4.18367338180542,0.820408165454864,3,0.32996481789055193,-0.027968031582951452,-0.06101470057768427,0.005638089298139137,0.32320026115234973,0.11396408723608102
-4.18367338180542,0.842857122421264,3,0.366079233452242,-0.002165361831538981,-0.005076440218964434,-0.0691438841641641,0.35105728906607153,0.1281501672607292
-4.18367338180542,0.865306138992309,3,0.2978094597516128,-0.029551481724018416,0.04570008223863295,-0.03361462363409115,0.34689659863603023,0.1254480070536333
-4.18367338180542,0.887755095958709,3,0.2849627736921397,-0.1463016356970889,0.04795319671509848,-0.16706756864384442,0.2618051571321792,0.056270384639696816
-4.18367338180542,0.910204052925109,3,0.1889598698089984,-0.051780181918545554,0.014735034608229091,-0.05195728475360676,0.3307660890998128,0.0861447053689776
-4.18367338180542,0.932653069496154,3,0.22542277017211398,-0.0921900173401377,0.0028827420148232106,-0.09678718866802533,0.3470215713168172,0.07726997549911827
-4.18367338180542,0.955102026462554,3,0.26157226465185324,-4.440435916233665e-05,0.04141892428942814,-0.059201519022534475,0.34890971017091393,0.1185309951460997
-4.18367338180542,0.977551043033599,3,0.29975470070243543,0.020353655323381185,-0.01528163660969322,-0.017201955113056566,0.296683945768571,0.11686174201432756
-4.18367338180542,1.0,3,0.14886418893869452,-0.004692650862759167,-0.006806191777058527,-0.03090093905137807,0.29628960329796405,0.08055080210909257
-3.959183692932129,-0.100000001490117,3,0.724774422220816,-0.03390100672828067,-0.06021086575080561,-0.09460644285578353,0.23908544286277633,0.1550283099497445
-3.959183692932129,-0.077551022171975,3,0.5369185527792776,-0.11739351206875076,-0.03186126188140047,-0.13462630133203066,0.15029012728444455,0.08066552095630805
-3.959183692932129,-0.055102042853833,3,0.6357243801169674,-0.03181343452069361,0.0077773037255904716,-0.060469179257348994,0.20917136377926052,0.15207808676875517
-3.959183692932129,-0.032653063535691,3,0.4896548108727477,-0.05249987275131201,0.05746379821693696,-0.08717685337384457,0.2758622280347573,0.1366608221998571
-3.959183692932129,-0.010204084217549,3,0.8763739823187285,-0.06085981613091879,-0.03529306682186003,-0.0950437006565462,0.2523885219375934,0.18751318412939938
-3.959183692932129,0.012244895100593,3,0.6835563916679739,-0.012681373442462082,-0.04555056646751599,0.015527039309652657,0.2974322021158638,0.18765673863670243
-3.959183692932129,0.034693874418735,3,0.298972532091439,-0.05099599592242299,-0.022682198965152223,-0.09429806043834583,0.07448117155195776,0.04109548966349515
-3.959183692932129,0.057142853736877,3,0.6022679899384153,-0.1264748202457365,-0.04559973819586419,-0.10539864406534351,0.15102983770032435,0.0951649250263591
-3.959183692932129,0.079591833055019,3,0.3572952073618811,-0.04713334750579942,0.03519608263050221,-0.03712668442178487,0.22303662311641448,0.1062535762362427
-3.959183692932129,0.102040812373161,3,0.49275249824494827,-0.07098123706194383,0.008065197919607045,-0.12755347376068757,0.2949304352049383,0.11944268410937245
-3.959183692932129,0.124489791691303,3,0.5486162582404536,-0.015412173623447836,0.0400430396919648,-0.007774761735106106,0.2580964839789779,0.16471376931056847
-3.959183692932129,0.146938771009445,3,0.5472455735749732,-0.030809398939591313,0.012535773417837723,-0.06107844290559134,0.2534709089928534,0.1442728828280963
-3.959183692932129,0.169387757778167,3,0.6422280673852623,-0.08462633252902206,0.01596540645136439,-0.08384866584515023,0.2505758541202107,0.148058865916533
-3.959183692932129,0.191836729645729,3,0.3323375141500949,-0.07161830797597758,-0.049028583290650414,-0.06470952603400165,0.2856582352148483,0.08652786641286271
-3.959183692932129,0.21428570151329,3,0.5054634204359645,-0.04943818925599636,-0.016817183518403892,0.05508508270567597,0.1960060688948914,0.1380598398524263
-3.959183692932129,0.236734688282012,3,0.37573054322612354,-0.10858941849094061,-0.06507507466825545,-0.15278754654711937,0.28125414903745,0.06610653051145161
-3.959183692932129,0.259183675050735,3,0.37877023504221924,0.014188660372822673,0.16097843925100339,-0.015290200752008513,0.3167869593362968,0.17108681865006675
-3.959183692932129,0.281632661819458,3,0.5512843626307123,-0.09376057013102242,-0.17099228152210744,-0.13630952389778817,0.12780640130908547,0.05560567767777595
-3.959183692932129,0.304081618785858,3,0.4359469671824037,-0.07635508367922833,-0.04966001932164329,-0.11736946398022845,0.18455582001623413,0.07542364404350757
-3.959183692932129,0.32653060555458,3,0.5433534881289156,-0.13508386685542673,0.006133835106091237,-0.11040136484843292,0.21559746784706338,0.10391991187564212
-3.959183692932129,0.348979592323303,3,0.3930635957571162,-0.13144596485440196,-0.018932566830962696,-0.14061733572167015,0.22301839515975988,0.06501722470196825
-3.959183692932129,0.371428549289703,3,0.42134054242666474,-0.07810329903518433,-0.07945900911137355,-0.03886583912067611,0.240791694069223,0.09314081784573076
-3.959183692932129,0.393877536058425,3,0.5857811887143392,-0.10243691771245249,-0.08441865634805555,-0.1581495830488604,0.17185519260134274,0.08252624484126268
-3.959183692932129,0.416326522827148,3,0.20428508387799119,-0.13504074507065936,-0.10920804811804634,-0.17230368738279336,0.22683447103087548,0.002913414867473524
-3.959183692932129,0.438775509595871,3,0.4638868829093132,-0.144895036712312,-0.08660150618197114,-0.17802348051483638,0.23811746444930956,0.05849686478990064
-3.959183692932129,0.461224496364593,3,0.43060103866511756,-0.08885059722341689,0.00019563450421755205,-0.1113852938942073,0.15970212140253162,0.0780525806908485
-3.959183692932129,0.483673483133316,3,0.5061266956323618,-0.07890310226515324,0.017147264961930902,-0.036712846054833645,0.22940322903938418,0.127412248262738
-3.959183692932129,0.506122469902038,3,0.373076722632477,-0.06981827201735745,0.015868545469496877,-0.02872897660838317,0.2344197130499194,0.10496354650523051
-3.959183692932129,0.528571426868438,3,0.6083337227237907,-0.10249768038552387,-0.08052796231279918,-0.1659497101950557,0.21040617720428545,0.09395290940693948
-3.959183692932129,0.551020383834838,3,0.4014802964228212,-0.12637302938830208,0.009315651423795755,-0.153955752491325,0.29721856673522823,0.08553714654044361
-3.959183692932129,0.573469400405883,3,0.5898041179588488,-0.10679398869862496,-0.02952385255676498,-0.12852204717872573,0.27708334450260186,0.120409514805467
-3.959183692932129,0.595918357372283,3,0.5149590436259318,-0.09130811924536071,-0.03020832096882931,-0.09976509881518236,0.24332460932193545,0.10740042278369896
-3.959183692932129,0.618367373943328,3,0.2003273322837514,-0.1286439368871656,-0.025742549314266058,-0.08671228357935058,0.20504013144111108,0.03285373878881605
-3.959183692932129,0.640816330909729,3,0.5101853139456057,-0.07887219075431957,-0.03422365928857311,-0.025772093231936816,0.3147006136852047,0.13720359687119618
-3.959183692932129,0.663265287876129,3,0.5651690101680431,-0.06610449115977286,0.038551286586430915,-0.11075243457649527,0.2918861389375988,0.14374990199116094
-3.959183692932129,0.685714304447174,3,0.37143216638305804,-0.10495193573693228,-0.053812460759032905,-0.11267099109959482,0.24261826660108277,0.06852300907771616
-3.959183692932129,0.708163261413574,3,0.49439944263265634,-0.08196056474464421,0.007380658075035722,-0.12970923637888374,0.3227422010810774,0.1225705001330483
-3.959183692932129,0.730612277984619,3,0.23753429867719922,-0.03422916020053324,0.0784109868683233,-0.08452038297652627,0.31142861032411334,0.10172487053851528
-3.959183692932129,0.753061234951019,3,0.18417952097266288,-0.08151805542100436,-0.11584894914079806,-0.1798429633647045,0.2793916345491378,0.017272237519058747
-3.959183692932129,0.775510191917419,3,0.14933017111482008,-0.0335641578456961,-0.04321750962228065,-0.05251439644908205,0.33389897518755723,0.0707866164770637
-3.959183692932129,0.797959208488464,3,0.7485758623001396,-0.06356200117721954,0.06492312622807805,-0.032689461036020113,0.29327717269632775,0.20210493980226113
-3.959183692932129,0.820408165454864,3,0.5541827390551055,-0.04896975630001899,-0.062000536364511034,-0.019518438071984338,0.2903961518643127,0.14281803203658078
-3.959183692932129,0.842857122421264,3,0.34808941807893307,-0.01874778936737138,-0.009233903720724084,-0.10425155130035152,0.3048122862526901,0.10413369198863523
-3.959183692932129,0.865306138992309,3,0.3436129889574746,-0.05144544894920806,0.03592067708309002,-0.12165838000868674,0.2427023659705655,0.08982644061064707
-3.959183692932129,0.887755095958709,3,0.4077748524702465,-0.13570452009462933,-0.03092115347806877,-0.13766442938197404,0.25899052206069584,0.07249505431525405
-3.959183692932129,0.910204052925109,3,0.20203456764153527,-0.03663070099614533,-0.04342084963695562,-0.13073921770444022,0.28131583260792337,0.05451192638238349
-3.959183692932129,0.932653069496154,3,0.4185972693472059,-0.07733066419663105,0.038328324950396224,-0.10362755506892546,0.24189034237184567,0.10357154348077827
-3.959183692932129,0.955102026462554,3,0.17129827068574352,-0.012113506695158404,-0.023927536406724428,-0.03362175873911081,0.29040471386711136,0.07840803654237224
-3.959183692932129,0.977551043033599,3,0.34314042942091677,-0.045976322153295925,0.010182031587576032,-0.057157582523318005,0.2612857264287444,0.10229485655212467
-3.959183692932129,1.0,3,0.5412030521963045,-0.06380392956689347,-0.039660305657861945,-0.1227853648453296,0.36416332498532666,0.13582335542230922
-3.734694004058838,-0.100000001490117,3,0.7401997263263769,0.006335472789706295,0.0688555505476486,-0.027901165923016964,0.22815883144412932,0.20312968303696882
-3.734694004058838,-0.077551022171975,3,0.6731554524970876,0.007575066654905103,-0.05643674277767199,-0.04098528007424562,0.27840763569101806,0.17234322639821867
-3.734694004058838,-0.055102042853833,3,0.7121215893525669,-0.01195447860396502,-0.05343143315659704,-0.04621839243876499,0.23309098403557407,0.16672165383776277
-3.734694004058838,-0.032653063535691,3,0.769880295647499,0.009190663941188915,0.006899891781737999,-0.05534475280025156,0.20324946927547716,0.18677511356913032
-3.734694004058838,-0.010204084217549,3,0.7190485999812606,-0.049809566858357995,-0.08961772844629388,-0.04003454443263794,0.2522780425702564,0.1583729605628454
-3.734694004058838,0.012244895100593,3,0.6314428107363009,-0.0008043393559039602,0.017675002126908642,-0.01391053294182758,0.21343087504472935,0.1695667631220415
-3.734694004058838,0.034693874418735,3,0.38790205464886857,-0.020873359612989403,-0.0725439758918874,-0.1118755893252384,0.16426030169654457,0.06937388630305959
-3.734694004058838,0.057142853736877,3,0.5931155768932986,0.009050578537679184,-0.0951961576958524,-0.13964915493101826,0.251334148048039,0.12373099817042923
-3.734694004058838,0.079591833055019,3,0.40876048543338,-0.03829583168927114,-0.10925060869304666,-0.09922890697971405,0.18467505200600334,0.0693320380154703
-3.734694004058838,0.102040812373161,3,0.3716205581809812,-0.11515998784859331,-0.15028720039098198,-0.1636779149672216,0.1520668777998409,0.018912466554805045
-3.734694004058838,0.124489791691303,3,0.5839251716215726,-0.06838895297047652,0.009579671972828644,-0.12208138370118553,0.1383160431421785,0.10827011001298352
-3.734694004058838,0.146938771009445,3,0.5982246425520167,-0.06035566715064187,-0.023300119322962404,-0.12479148836193171,0.23808228364999365,0.12557193027329488
-3.734694004058838,0.169387757778167,3,0.330223461752806,-0.08858143948461478,-0.0016939374611218486,-0.10169180630927917,0.06662119419621479,0.040975494538801
-3.734694004058838,0.191836729645729,3,0.745228001367721,-0.04089518007889883,0.011757610583146913,-0.09480260256488714,0.1661483726336466,0.1574872403881457
-3.734694004058838,0.21428570151329,3,0.4087869900894893,-0.017869742234138477,-0.013795872440793869,-0.028898079763877964,0.2843914331703021,0.12652294576419623
-3.734694004058838,0.236734688282012,3,0.3377658016114369,-0.07726237545249881,-0.09215430738375814,-0.07604659591474715,0.1338581916011042,0.045232142892307405
-3.734694004058838,0.259183675050735,3,0.12393931332774376,-0.07030824577386018,-0.02112597236635537,-0.005390113706365542,0.27008653271589117,0.059440302839410764
-3.734694004058838,0.281632661819458,3,0.5516825461487004,-0.10669152989651294,-0.10213461988638535,-0.11148190859584718,0.16282129037858148,0.0788391556297073
-3.734694004058838,0.304081618785858,3,0.23778454848351352,-0.10129194530808126,0.04152923633410948,-0.010966718819893287,0.22283361247178782,0.07797774663228726
-3.734694004058838,0.32653060555458,3,0.2174957140302903,-0.09929896704981024,-0.03855572924695077,-0.13551345653849053,0.19583131585116056,0.027991775409239868
-3.734694004058838,0.348979592323303,3,0.574806838941459,-0.15004241914858027,-0.0016003834465149146,-0.11891420430203921,0.26615716034722897,0.11408139847831071
-3.734694004058838,0.371428549289703,3,0.7096059880336778,-0.02998391550482361,0.007110237955479067,-0.022275287884509998,0.19411692278604512,0.17171478907717366
-3.734694004058838,0.393877536058425,3,0.5636983251596893,-0.075501819140136,-0.09476427813994226,-0.10080024340446138,0.18615818711573762,0.09575803431817746
-3.734694004058838,0.416326522827148,3,0.547676955818907,-0.04415426911182984,-0.00913856894177908,-0.04556653291854965,0.1721921508128944,0.12420194713192856
-3.734694004058838,0.438775509595871,3,0.20815900130192336,-0.10600599149670482,-0.08239665507894763,-0.12014713954953342,0.2175919371629006,0.023440230467927616
-3.734694004058838,0.461224496364593,3,0.5011368397572707,-0.08542854594088806,-0.05955332469947846,-0.016467997370086623,0.21463945527775397,0.11086528540491432
-3.734694004058838,0.483673483133316,3,0.30182657412234287,-0.0890970162978331,-0.019928601250029584,-0.07244323450527243,0.16150877642919192,0.05637329969967993
-3.734694004058838,0.506122469902038,3,0.3601592926262162,-0.0834617437202334,0.007953489015029175,-0.12897361411172167,0.2541063218726962,0.0819567491363973
-3.734694004058838,0.528571426868438,3,0.20316634003664968,-0.10146926247058109,-0.022041779845886237,0.019177637342001036,0.17822306803312696,0.05541120061906207
-3.734694004058838,0.551020383834838,3,0.3371784275199207,-0.10727944361422397,-0.007693573780558123,-0.07218374168436924,0.23248962964172804,0.07650225961649948
-3.734694004058838,0.573469400405883,3,0.5204581157279123,-0.13462969648763426,-0.11486404415910645,-0.12944389074644022,0.17737665568583863,0.06377942800411401
-3.734694004058838,0.595918357372283,3,0.6470600626907469,-0.16628854098197793,-0.11211082060510687,-0.17183784666814653,0.15865395273146035,0.07109536143339519
-3.734694004058838,0.618367373943328,3,0.044083430410045,-0.11087063742885271,-0.0034594377795158456,-0.09232966210907943,0.20267868132491604,0.00802047488350261
-3.734694004058838,0.640816330909729,3,0.10515712230429917,-0.0975286512107546,-0.13690519473428292,-0.09570089458786186,0.21798806513969918,-0.0013979106177802014
-3.734694004058838,0.663265287876129,3,0.7181439891279912,-0.1464989675421095,-0.008215696031111988,-0.12119920826461221,0.24444065166471332,0.1373341537909742
-3.734694004058838,0.685714304447174,3,0.24146006704930248,-0.01737634582683836,-0.03240066506428478,-0.0722555154434064,0.13242567961896076,0.05037064406674674
-3.734694004058838,0.708163261413574,3,0.3202164428311403,-0.05772741750888901,-0.07983780130274931,-0.036374717867363224,0.2870451157390278,0.08666432437823332
-3.734694004058838,0.730612277984619,3,0.2726515703392286,-0.11969219544913771,-0.058751488547261234,-0.10085323729665983,0.22135919691804876,0.04294276919284371
-3.734694004058838,0.753061234951019,3,0.3458942484594972,-0.0667819313377593,-0.10843325563458804,-0.1424558947483683,0.10424251571340021,0.026493136490436348
-3.734694004058838,0.775510191917419,3,0.1255202378453996,-0.08664156812630175,0.025250620687581993,-0.08182198582784828,0.16452240701248674,0.02936594231826366
-3.734694004058838,0.797959208488464,3,0.13188605009272916,-0.13004556359817507,-0.06041272229346548,-0.0484416346323692,0.21697939339448868,0.02199310459264162
-3.734694004058838,0.820408165454864,3,0.3105095162453052,-0.06401651450229248,-0.04466653359299797,-0.08050325844994592,0.3040394604129795,0.08507253402260967
-3.734694004058838,0.842857122421264,3,0.37364476643558436,-0.09317541463627238,-0.05162476288234972,-0.08857664773475056,0.26441785140633955,0.08093715851771024
-3.734694004058838,0.865306138992309,3,0.22282593581368207,-0.07113304759093918,-0.023501266738610017,-0.04887887133297098,0.2810314483574569,0.07206883970172376
-3.734694004058838,0.887755095958709,3,0.40792035956865,-0.12038826975817103,-0.03803782968450433,-0.07621571981841563,0.2580888404882011,0.08627347615915201
-3.734694004058838,0.910204052925109,3,0.19357281459780298,-0.07427072212150439,0.018267525112910018,-0.11850115065685261,0.23003673406122982,0.04982104019871716
-3.734694004058838,0.932653069496154,3,0.3629403622608594,-0.038517856474051614,0.06277423654525073,-0.07298922879615292,0.2396666218330563,0.11077482707379238
-3.734694004058838,0.955102026462554,3,0.3917065529682477,-0.04095288343600899,0.05834936904066853,-0.025028235323481685,0.24597497937926524,0.12600995652573815
-3.734694004058838,0.977551043033599,3,0.49523694353684355,-0.12669786376101688,-0.046142150559143696,-0.15977268163421318,0.27330240275109097,0.08718533006671214
-3.734694004058838,1.0,3,0.382506753941193,-0.10362474187919807,-0.05932570868428899,-0.09747372932477223,0.25208715231294293,0.07483394527317533
-3.510204076766968,-0.100000001490117,3,0.461007949593186,-0.024034212379883176,-0.09489015124038998,-0.11835881413875064,0.15685139327246647,0.07611523302132572
-3.510204076766968,-0.077551022171975,3,0.5735164985663328,-0.0926980504973065,-0.0022167049094131606,-0.14696486516291832,0.19714906892235332,0.10575718938380962
-3.510204076766968,-0.055102042853833,3,0.6421826247333428,-0.03861557807580677,-0.05724968347029675,-0.12963447428250485,0.13920778316604987,0.11117813441415685
-3.510204076766968,-0.032653063535691,3,0.6866937593023149,0.014820496101897071,-0.0348839089788809,0.014449197795204871,0.19292593426480184,0.17480109569706756
-3.510204076766968,-0.010204084217549,3,0.5050888902476,-0.045969849708418026,-0.048195341200979576,-0.0855938065440424,0.20741267618271167,0.10654851379537433
-3.510204076766968,0.012244895100593,3,0.5037683574312093,-0.03679276576549289,-0.08715364009668607,-0.10408353422564844,0.18769135464552567,0.09268595439778152
-3.510204076766968,0.034693874418735,3,0.7176977873311179,-0.021918881175839757,-0.07414069781717826,0.024370914565118983,0.164984886618843,0.16219880190441238
-3.510204076766968,0.057142853736877,3,0.3581389272876014,-0.034296892770815254,0.05775341319236461,-0.1643670870393113,0.17442656538135937,0.07833098521023976
-3.510204076766968,0.079591833055019,3,0.6165600847839331,-0.034993237110713456,-0.08389523499251023,-0.12030704361971907,0.2077929440491972,0.11703150262203751
-3.510204076766968,0.102040812373161,3,0.4409094425401645,-0.08155982690715469,-0.0690473424389613,-0.11708924912196528,0.0890621846097801,0.05245504173637268
-3.510204076766968,0.124489791691303,3,0.7342797684115308,-0.09139748668825314,-0.14417988236386617,-0.0995976587486882,0.062200647186586244,0.09226107755946192
-3.510204076766968,0.146938771009445,3,0.5950808944786332,-0.03040874228458652,-0.04584128420322469,0.012369301508998188,0.16338577388636466,0.13891718867723696
-3.510204076766968,0.169387757778167,3,0.3791668334643426,-0.14953045017328684,-0.14410630273986255,-0.15627142508055422,0.02750250228035307,-0.008647768449801588
-3.510204076766968,0.191836729645729,3,0.3188259882434817,-0.043310991078115625,0.0006110689347710215,-0.006253448556308989,0.26681263363737384,0.10733705023624038
-3.510204076766968,0.21428570151329,3,0.5624604856607084,-0.08242520183919144,-0.10953299548386408,-0.12682749844705837,0.1171450557296374,0.07216396912404638
-3.510204076766968,0.236734688282012,3,0.32940993056196916,-0.05625307981747685,-0.05726716157032718,-0.05468357923530781,0.1262397610597357,0.05748917419971859
-3.510204076766968,0.259183675050735,3,0.3458466082205692,-0.01775597200232764,0.017626370781002015,0.09475928661161807,0.1772047032785082,0.12353619937787397
-3.510204076766968,0.281632661819458,3,0.4642318889979568,-0.09940624124355173,-0.014232389702235731,-0.05838761349084015,0.16306866978752468,0.09105486286977078
-3.510204076766968,0.304081618785858,3,0.2681173545365206,-0.08711617439074815,-0.0748331515231175,0.03156101958026523,0.1254954683341119,0.05264490330740641
-3.510204076766968,0.32653060555458,3,0.47562622657446524,-0.1691639877847888,-0.14327688030766605,-0.14427042658479003,0.09233178927001269,0.022249344233446607
-3.510204076766968,0.348979592323303,3,0.44822318611602113,-0.1080462396035819,-0.10829524121969765,-0.0705608602794862,0.14623967144863936,0.06151210329237895
-3.510204076766968,0.371428549289703,3,0.21819670755502393,-0.1355477050058955,-0.05728703651200414,-0.08173273816415276,0.22026081984430154,0.03277800954345462
-3.510204076766968,0.393877536058425,3,0.2792011563254419,-0.08243580157295849,-0.13953747142043368,-0.07458207271164428,0.17091387550857742,0.03071193722579657
-3.510204076766968,0.416326522827148,3,0.27777496558686154,-0.13265272971827594,-0.061668437868395376,-0.06767165261705674,0.1649967946962258,0.03615578801587186
-3.510204076766968,0.438775509595871,3,0.25811251712868255,-0.07336091819896567,-0.02982654429662253,-0.06238697860921305,0.17891263581836125,0.054290142368448514
-3.510204076766968,0.461224496364593,3,0.29970967230278167,-0.07715540344681406,-0.12207389014159296,-0.07946028364196793,0.12143668261091589,0.028491355536664525
-3.510204076766968,0.483673483133316,3,0.3905390553106913,-0.12602708812762564,-0.10085381727865844,-0.10944449480160166,0.1681454098220584,0.04447181298497278
-3.510204076766968,0.506122469902038,3,0.41362509384606577,-0.10946326662692885,-0.011809923480160684,-0.00914497851973737,0.1522365676099536,0.0870886985658385
-3.510204076766968,0.528571426868438,3,0.4585554597860088,-0.10230753483780014,-0.06605030089572264,-0.09325447482465955,0.20078920496054894,0.0795464708376751
-3.510204076766968,0.551020383834838,3,0.4590052620124645,-0.06243401957100225,0.015884414976691227,-0.02959786139625634,0.17434332998404697,0.11144022520118882
-3.510204076766968,0.573469400405883,3,0.31140749987045807,-0.008853228848344831,-0.08853398059104566,0.02288162202600663,0.20646237609029025,0.08867285770947289
-3.510204076766968,0.595918357372283,3,0.45088882542127645,-0.11036323036069133,-0.02881679026418098,-0.08615757458825968,0.135918621381787,0.07229397031798629
-3.510204076766968,0.618367373943328,3,0.4223549118864154,-0.06346784218893399,-0.029503433291817493,-0.004199665864885164,0.2519633751912657,0.11542946914640888
-3.510204076766968,0.640816330909729,3,0.3094629434094142,-0.1340794679475227,-0.07110121836126643,-0.1582695509112079,0.16011648161889905,0.021225837561663248
-3.510204076766968,0.663265287876129,3,0.5592008966193691,-0.09265760149787115,0.01790869193327745,-0.0033412671284479487,0.1957391161049424,0.13536996720625397
-3.510204076766968,0.685714304447174,3,0.07236774489156302,-0.08023118925108316,-0.09014001369896114,-0.11346503172248938,0.21284086607101696,0.0002744752580092602
-3.510204076766968,0.708163261413574,3,0.39961320112400855,-0.17657847705284754,-0.1623254817601302,-0.13231764503304808,0.19999613986272466,0.02567754742814148
-3.510204076766968,0.730612277984619,3,0.13903903025326078,-0.10925578337036164,-0.07675507480742595,-0.15670152712443144,0.22080465550668085,0.0034262600915445198
-3.510204076766968,0.753061234951019,3,0.25757979159401695,-0.02947677715337362,-0.02096877294704724,-0.0035508922917520704,0.19402268033958794,0.0795212059082864
-3.510204076766968,0.775510191917419,3,0.26743779959697045,-0.11266376580773395,-0.015101971445428153,-0.07618335251444448,0.11707370271064628,0.036112482508002024
-3.510204076766968,0.797959208488464,3,0.27437991553845387,-0.11157617825489506,-0.12774308037425416,-0.031070297285091853,0.21716796988830733,0.04423166590250402
-3.510204076766968,0.820408165454864,3,0.6960693544885309,-0.08350139216243847,-0.03924548701987903,-0.028854643061777246,0.21980844620486484,0.1528552556898602
-3.510204076766968,0.842857122421264,3,0.13980031342919733,-0.06331986781024397,-0.1804374358791622,-0.1485275462713378,0.20803588272285353,-0.008889730761738619
-3.510204076766968,0.865306138992309,3,0.3197941477503865,-0.12803998925769064,-0.0835006709592574,-0.062127571140775335,0.1924850471444137,0.047722192707415366
-3.510204076766968,0.887755095958709,3,0.37265321402521817,-0.07922820108432359,-0.07780800591576269,-0.02405685508221626,0.14810464162700565,0.06793295871398426
-3.510204076766968,0.910204052925109,3,0.23582119961798387,-0.14989583188387604,-0.04257250453396668,-0.14740145576386413,0.25592526050387415,0.030375333588030233
-3.510204076766968,0.932653069496154,3,0.3063299478078662,-0.046593028919053946,-0.10052376436006877,-0.04174167740553245,0.15474585230019253,0.05444346588468072
-3.510204076766968,0.955102026462554,3,0.46197479443873685,-0.1384805015859946,-0.06142227058866637,-0.16841806972668116,0.06944856965639269,0.03262050443875748
-3.510204076766968,0.977551043033599,3,0.1888349135576334,-0.13267347363085016,-0.10103348405711736,-0.08463941484121067,0.23875218624070793,0.02184814545383263
-3.510204076766968,1.0,3,0.4401029961041569,-0.03744133267281227,-0.005589554225647703,-0.023995921744932678,0.24445211409315062,0.12350566031078296
-3.285714387893677,-0.100000001490117,3,0.5965931454077192,-0.03678666008546195,-0.038332562156900195,-0.08931060836578746,0.20111843186752995,0.1266563493334199
-3.285714387893677,-0.077551022171975,3,0.44516045231838586,-0.0005366921168538374,-0.05930807162825676,-0.05892567416827468,0.23635560460711255,0.11254912380242263
-3.285714387893677,-0.055102042853833,3,0.4004815159925074,-0.014862102902611987,0.04616227377235965,-0.10984374880000992,0.22809497128829156,0.11000658187010734
-3.285714387893677,-0.032653063535691,3,0.8483867379972369,-0.05162277836156495,-0.10724223691731631,-0.07711313544345459,0.13919728080972812,0.15032117361692585
-3.285714387893677,-0.010204084217549,3,0.5801613873445778,-0.057727266281513145,-0.06768219778878619,-0.09165036860823962,0.17569448623856831,0.10775920818092141
-3.285714387893677,0.012244895100593,3,0.3273103035608009,-0.0015143359557549172,0.0173245991412084,-0.0927327627245703,0.27520297480413247,0.1051181557651633
-3.285714387893677,0.034693874418735,3,0.5437766597327629,-0.011757837081710083,-0.08839171841445274,-0.1438173707624452,0.16235236156540453,0.09243241900791188
-3.285714387893677,0.057142853736877,3,0.7892948496489091,0.05655829014356683,-0.12468336835194214,0.0589006433099638,0.13269568744412127,0.18255322043892377
-3.285714387893677,0.079591833055019,3,0.5703102169298896,-0.07228684524789424,-0.09531246447139334,-0.05509153254635479,0.08137866330417654,0.08579960759368474
-3.285714387893677,0.102040812373161,3,0.6234987234329953,-0.09789686567463925,-0.08703195234720736,-0.18584710450453987,0.043652281892865574,0.05927501655989488
-3.285714387893677,0.124489791691303,3,0.42505742859253354,-0.05809735630723325,-0.12619920428232367,0.06680686217800497,0.1767579663093336,0.09686513929806304
-3.285714387893677,0.146938771009445,3,0.4318677793500116,-0.04169888161707095,-0.05687633767026084,-0.13272856869375815,0.05970693475276747,0.052054185224337815
-3.285714387893677,0.169387757778167,3,0.6212902815258678,-0.03533975757108792,-0.0767326792682714,-0.058262264470857784,0.1595144179280061,0.12209399962873138
-3.285714387893677,0.191836729645729,3,0.48513615497151585,-0.132662958871545,-0.03909208252322008,-0.1224926837041006,0.1357896490881424,0.06533561579215852
-3.285714387893677,0.21428570151329,3,0.37698169524702174,-0.029008752800427435,-0.05469076608168866,-0.06823933545574669,0.17691710650001688,0.08039198948183517
-3.285714387893677,0.236734688282012,3,0.232182483722152,-0.1193326648722971,-0.0840037458671774,-0.12256422546756462,0.1555354789884468,0.012363465300711935
-3.285714387893677,0.259183675050735,3,0.3596113808752562,-0.05966969335320965,-0.017340404191624255,0.04695512294685916,0.12759709973753533,0.09143070120296334
-3.285714387893677,0.281632661819458,3,0.2473760689037182,-0.09808634293952068,-0.05518862036888358,-0.060064479264701265,0.08293616136518601,0.023394557539159734
-3.285714387893677,0.304081618785858,3,0.4630608622893037,-0.11868286349348794,-0.05214037026164179,-0.053000768534592145,0.19083721141370247,0.08601481428265685
-3.285714387893677,0.32653060555458,3,0.35429724432081594,-0.1631899773584992,-0.10434132362523607,-0.06895143701030153,0.10357298361761604,0.024277497988879036
-3.285714387893677,0.348979592323303,3,0.523077725416066,-0.12490073146035569,-0.15900249268705466,-0.07695169862950764,0.04945575394970472,0.042335711317770544
-3.285714387893677,0.371428549289703,3,0.47826133446772107,-0.08516898607153602,-0.0676164826212247,0.01632205514316548,0.3028150318241955,0.12892259054846428
-3.285714387893677,0.393877536058425,3,0.5238631209076976,-0.09274807885893327,-0.05816099613470716,-0.024814180640132872,0.15426918976034054,0.10048181100685297
-3.285714387893677,0.416326522827148,3,0.5727797487062625,-0.16345202973856687,-0.09823347302474777,-0.03927604117344136,0.07880293809378337,0.07012422857265796
-3.285714387893677,0.438775509595871,3,0.32068828918757786,-0.1518540754526136,-0.12717345202295324,-0.08924539280263184,0.06333806198244556,0.0031506861783649476
-3.285714387893677,0.461224496364593,3,0.26992253587746995,-0.13641923135049044,-0.0498140882630079,-0.07519196319239796,0.11948886521559425,0.025597223657433575
-3.285714387893677,0.483673483133316,3,0.3867649351841454,-0.1376316845708002,-0.1465577913713838,-0.05797957023457819,0.1700162673993949,0.04292243128135562
-3.285714387893677,0.506122469902038,3,0.14370881423334547,-0.14556796410481995,-0.04296248407534276,-0.09395386056929396,0.12241928503624648,-0.0032712418959729454
-3.285714387893677,0.528571426868438,3,0.45755919085379354,-0.12632639618151462,-0.13261644151896237,-0.029139449884092505,0.21417618967903365,0.07673061858965155
-3.285714387893677,0.551020383834838,3,0.3340799246086323,-0.04983224626465538,-0.04802918377716373,0.004587225532621318,0.1892144133937986,0.08600402669864662
-3.285714387893677,0.573469400405883,3,0.3790803352658318,-0.15493720950121698,-0.1738683570696191,-0.10256338984411108,0.231582524754806,0.03585878072113813
-3.285714387893677,0.595918357372283,3,0.3009440760823559,-0.11722780690556517,-0.16015225187551754,-0.03664214684103288,0.17983980517381762,0.033352335126811586
-3.285714387893677,0.618367373943328,3,0.5327955357403992,-0.09256349623207016,-0.10953113140323967,-0.12583346759529399,0.059251394390295774,0.05282376698001823
-3.285714387893677,0.640816330909729,3,0.3191772584029579,-0.06265156875576838,-0.02555261867289864,-0.01935839818400553,0.13510608533267557,0.06934415162459218
-3.285714387893677,0.663265287876129,3,0.299037483849583,-0.09516125605847903,-0.07881960004650128,-0.08450040217836323,0.06569510673898278,0.02125026646104445
-3.285714387893677,0.685714304447174,3,0.3378494181113438,-0.09589487733953596,-0.04168201884211897,-0.06386095658892624,0.16435220497747968,0.060152754063648464
-3.285714387893677,0.708163261413574,3,0.26714513612580176,-0.123874089004346,-0.1380536690251974,-0.0708445364934782,0.08732487652014949,0.004339543624585935
-3.285714387893677,0.730612277984619,3,0.19261342029770243,-0.18259402575203842,-0.07590693103469089,-0.10116861679374424,0.1682262926851548,0.00023402788047673372
-3.285714387893677,0.753061234951019,3,0.3344290469395419,-0.0919275977025694,-0.03854591327214591,-0.04393786122886157,0.12902448184345572,0.057808431315884146
-3.285714387893677,0.775510191917419,3,0.5531735271550917,-0.11704848388395417,-0.08630988286534269,-0.05622213719606933,0.14728193245764307,0.08817499113347371
-3.285714387893677,0.797959208488464,3,0.4453228091480856,-0.11045730550111972,-0.07977050482232466,-0.09992460043686167,0.05532434976131517,0.04209894962981894
-3.285714387893677,0.820408165454864,3,0.16598163100526245,-0.12026967967833779,-0.1002091392399962,0.025641714128750426,0.1188991953237402,0.018008744307883816
-3.285714387893677,0.842857122421264,3,0.45440881653328685,-0.08689314521323137,-0.0708219470186882,-0.03831345591346678,0.09313153463865254,0.0703023606053106
-3.285714387893677,0.865306138992309,3,0.257860117958735,-0.15612491145096052,-0.12331493952695795,-0.030578005758498773,0.1512414586803076,0.01981674398052507
-3.285714387893677,0.887755095958709,3,0.23057928542557063,-0.11138572337783753,-0.13082617103903219,-0.049556787760181555,0.19128841492478854,0.02601980363466158
-3.285714387893677,0.910204052925109,3,0.2429476292112607,-0.08922532094133877,-0.02336205807560307,-0.08917342419508491,0.15811063772066244,0.039859492743979284
-3.285714387893677,0.932653069496154,3,0.2388720742817391,-0.14241693599020913,-0.1661276298712261,-0.10873622836021275,0.1395131858259796,-0.0077791068227858525
-3.285714387893677,0.955102026462554,3,0.323270372697747,-0.12504566798192876,-0.15478952071362487,-0.1366979003831111,0.2134271800429636,0.02403289273240917
-3.285714387893677,0.977551043033599,3,0.31067310084670113,-0.14142373167950448,-0.05671959650429508,-0.10353665300309596,0.17651675410894266,0.037101974753749656
-3.285714387893677,1.0,3,0.03603973517173143,-0.12724133815938163,-0.036116489834648983,-0.09325311809279568,0.20902581684226487,-0.0023090788145660015
-3.061224460601807,-0.100000001490117,3,0.18841629062469392,-0.039739122064449565,0.01361846944840704,-0.0671269088238569,0.24029553223485509,0.06709285228392992
-3.061224460601807,-0.077551022171975,3,0.5511425682128933,-0.08380771416485738,-0.0755801493684874,-0.1631905270161002,0.17822421827422974,0.08135767918753561
-3.061224460601807,-0.055102042853833,3,0.5752237921727339,-0.04376089456761595,-0.055912573375404805,-0.16141116615319545,0.2504597207917893,0.11291977577366138
-3.061224460601807,-0.032653063535691,3,0.3210737511253205,-0.08364361212908296,-0.08146388549469237,-0.11570045250577403,0.1617421950488551,0.040401599208925255
-3.061224460601807,-0.010204084217549,3,0.6925092513018759,0.01794960684126627,-0.04269768028630246,-0.04038722616945564,0.22608012970039745,0.17069081627755628
-3.061224460601807,0.012244895100593,3,0.532697689236576,-0.04792873597424289,-0.041946266386388736,-0.14498283802771764,0.14321820205906619,0.0882116101814586
-3.061224460601807,0.034693874418735,3,0.49401304446137423,0.05245524082867046,-0.02848732891578143,0.0036446374998510924,0.18174867160543615,0.1406748530959101
-3.061224460601807,0.057142853736877,3,0.5592619133536828,0.03927837271650739,-0.07515278483948276,-0.06891213637498081,0.12639229097238353,0.11617353116562201
-3.061224460601807,0.079591833055019,3,0.5545325200135783,-0.009299124016010804,-0.04857060742386208,-0.09978055125301018,0.07765900646876228,0.0949082487578915
-3.061224460601807,0.102040812373161,3,0.2703400795659144,-0.05283225475618386,-0.11757383390018643,-0.06800731586904064,0.057790887118046856,0.017943512431710062
-3.061224460601807,0.124489791691303,3,0.4434893054080153,-0.11225249630233451,-0.06260274752159917,-0.12636393929604403,0.16209144936913952,0.06087231433143542
-3.061224460601807,0.146938771009445,3,0.3524774049689839,-0.08698033952189917,-0.10790303681816238,-0.15004872853073392,0.12808614237143143,0.027126288493923973
-3.061224460601807,0.169387757778167,3,0.2268172864821253,-0.10693582434016909,-0.10231900221645618,-0.12284913968322032,0.12702915310884258,0.004348494670224456
-3.061224460601807,0.191836729645729,3,0.33571628847496565,-0.08058484855388524,-0.0833754597827316,-0.028738937848378786,0.11802855639464482,0.05220911973692297
-3.061224460601807,0.21428570151329,3,0.5251149376225892,-0.07036436468816383,-0.06573059522243123,-0.01879967039948609,0.1438782581603093,0.10281971309456348
-3.061224460601807,0.236734688282012,3,0.3758293357748202,-0.11689241142598954,-0.06991462187085985,-0.02462733043332126,0.05277992639845433,0.04343497968862077
-3.061224460601807,0.259183675050735,3,0.16072858092897327,-0.08218058513037685,-0.024904286640254774,-0.03314301139496254,0.24198427772783937,0.052496995098243696
-3.061224460601807,0.281632661819458,3,0.2759488937551782,-0.041910237673961216,-0.09134085854420677,-0.026268867305749108,0.1535629554176289,0.05399837712977801
-3.061224460601807,0.304081618785858,3,0.3930382422250736,-0.1252014626172355,-0.11463187026461318,-0.05763260007530304,0.012147441685343827,0.021543950190653145
-3.061224460601807,0.32653060555458,3,0.23889920431043934,-0.0905879397970095,-0.07468004216308172,0.030732457563384035,0.12906521701385634,0.0466857793855177
-3.061224460601807,0.348979592323303,3,0.3886264877937445,-0.1590209488994592,-0.1469908159662068,-0.08557735114137756,0.1022501333058165,0.019857501018503483
-3.061224460601807,0.371428549289703,3,0.1945808144457735,-0.09443343099590966,-0.036898034820540576,-0.02687967193051342,0.17224613454482549,0.04172316224872706
-3.061224460601807,0.393877536058425,3,0.3213302052928229,-0.16693862350654273,-0.052410668477270106,-0.010431563444456457,0.11216502068476662,0.04074287410986405
-3.061224460601807,0.416326522827148,3,0.4246049759434232,-0.1422139345547706,-0.11905645715330619,-0.06458342954656018,0.09656339513092917,0.039062909963943085
-3.061224460601807,0.438775509595871,3,0.17690251709353677,-0.15586931311142413,-0.14735930888607865,-0.0942095224871204,0.04995234925271453,-0.034116655627674373
-3.061224460601807,0.461224496364593,3,0.35341482107580496,-0.11112684915604247,-0.06243914545791061,-0.07105834271347337,0.1462767843609765,0.051013453621871
-3.061224460601807,0.483673483133316,3,0.24819172708334333,-0.09633926279615727,-0.10299636903905053,0.04108993568800984,0.0325404158502698,0.024497289357283035
-3.061224460601807,0.506122469902038,3,0.28907448829917787,-0.17169329787698215,-0.16935340182148909,-0.1217311887029028,0.012190981757216049,-0.03230248366899602
-3.061224460601807,0.528571426868438,3,0.47552457059095526,-0.07528533238286755,-0.04331502139325787,0.10512032467291227,0.1083307635199343,0.11407506100153528
-3.061224460601807,0.551020383834838,3,0.18520984031119578,-0.1542564486244725,-0.16430499411341973,-0.08346543778692254,0.08932076157668611,-0.025499255727386573
-3.061224460601807,0.573469400405883,3,0.30117823786994546,-0.14786273642019973,-0.0995390435537332,-0.1208951911928889,0.15287023263597618,0.017150299867819963
-3.061224460601807,0.595918357372283,3,0.27741256457389474,-0.15181614752633776,-0.06953994781855799,-0.055242728000467256,0.14015946224242112,0.02819464069419057
-3.061224460601807,0.618367373943328,3,0.31187236569478854,-0.111081280680205,-0.10922824078569816,-0.04420102154872088,0.09866773173257587,0.02920591088254807
-3.061224460601807,0.640816330909729,3,0.4609064026179248,-0.1292003362974299,-0.1371497920518843,-0.05964631169412912,0.030584001625583574,0.03309879284001302
-3.061224460601807,0.663265287876129,3,0.2687406421568051,-0.14543469794072025,-0.08719086886640297,0.008836142863206048,0.08959636682940615,0.026909517008458818
-3.061224460601807,0.685714304447174,3,0.20122392506806183,-0.11103368303581258,-0.1268923425293448,0.0027546801803633955,0.14865344863666075,0.022941205663985713
-3.061224460601807,0.708163261413574,3,0.5659325730533411,-0.14253283441814532,-0.07184833923463921,0.016609933240986315,0.1974971654072468,0.11313169960975793
-3.061224460601807,0.730612277984619,3,0.24303400426656377,-0.11570129226841008,-0.10046403943215036,-0.11130579475818118,0.10144629027641022,0.0034018336168464723
-3.061224460601807,0.753061234951019,3,0.3429852169514482,-0.1141158308702755,-0.1377921477365003,-0.004730722478202508,0.09633438789446042,0.03653618075218605
-3.061224460601807,0.775510191917419,3,0.3500333169228538,-0.1369429819056842,-0.14219407421449143,-0.10070706706111177,0.12350370681338024,0.018738580110989323
-3.061224460601807,0.797959208488464,3,0.33905004996948435,-0.12429688406754293,-0.13431395576499736,-0.07373393582087513,0.046513527416519845,0.010643760346517758
-3.061224460601807,0.820408165454864,3,0.33427871806372417,-0.11953363833862674,-0.11606044408616112,-0.09512506890176681,0.1439397023169622,0.029499853810826343
-3.061224460601807,0.842857122421264,3,0.43378682920056805,-0.12612569539515175,-0.10976203594811736,-0.06432108541754628,0.24225866179345734,0.075167334846642
-3.061224460601807,0.865306138992309,3,0.2705522899047775,-0.08517257154220718,-0.09073442165824784,-0.08319950973624973,0.17306515624022112,0.03690218864165876
-3.061224460601807,0.887755095958709,3,0.3295134705673802,-0.08798447545302235,-0.00254803870634231,-0.0717889322441946,0.1548250193065973,0.06440340869408365
-3.061224460601807,0.910204052925109,3,0.2608215461257499,-0.09603203636947744,-0.15295980960343558,0.02454343258046629,0.07188897101204428,0.021652420749069496
-3.061224460601807,0.932653069496154,3,0.3058478864084732,-0.10872285533065684,-0.05625918097847989,-0.045564706845805825,0.22158649114483372,0.06337752687967288
-3.061224460601807,0.955102026462554,3,0.23520639606523194,-0.12174681512606163,-0.08610228680648763,-0.06614229182995225,0.07577272521831212,0.007397545504208511
-3.061224460601807,0.977551043033599,3,0.2540639251879739,-0.13805097923012033,-0.12325255493444721,-0.03577167427876427,0.058102809380374924,0.003018305225003398
-3.061224460601807,1.0,3,0.22983758539459878,-0.12330686850939732,-0.11813032989646181,-0.032436317506811314,0.0901312620811992,0.009219066312625509
-2.836734771728516,-0.100000001490117,3,0.4079510164719069,-0.00664926701978736,-0.10029014831006722,-0.07136515342594763,0.16552158529949532,0.07903360660312
-2.836734771728516,-0.077551022171975,3,0.3243636450848461,-0.10968450470622364,0.022713156488769603,-0.1223140026471906,0.15457971268207957,0.053931601380456204
-2.836734771728516,-0.055102042853833,3,0.5156024897642455,-0.0276712663277834,-0.02530667492650726,-0.07714761702450186,0.18066791028570847,0.11322896835423228
-2.836734771728516,-0.032653063535691,3,0.5150867126846504,-0.0352165592478177,0.06694852763253126,-0.07141057597815419,0.258576924332003,0.14679700588464256
-2.836734771728516,-0.010204084217549,3,0.7137268683883344,-0.029833082262583594,-0.011681488671865317,-0.08433068669859523,0.29884355347381136,0.17734503284582032
-2.836734771728516,0.012244895100593,3,0.39371765536754255,-0.006411542020390473,0.02944992336022254,-0.0340645736154811,0.3089119621011438,0.13832068503860748
-2.836734771728516,0.034693874418735,3,0.7295517499137937,-0.03408541853288371,-0.03344774583404477,-0.03740362513036719,0.22947393727719842,0.17081777953873928
-2.836734771728516,0.057142853736877,3,0.46146721837999244,0.02702653818069199,-0.07358442493590814,-0.03413572520576901,0.18466173963118848,0.11308706921003915
-2.836734771728516,0.079591833055019,3,0.6698383056717846,-0.0032996742330732944,-0.038222343230447306,0.004449167578221873,0.1321584503352135,0.1529847812243399
-2.836734771728516,0.102040812373161,3,0.6601220183044291,-0.07817219400861562,-0.1570183124802493,-0.1619759646660228,0.050553065524401204,0.06270172253478849
-2.836734771728516,0.124489791691303,3,0.44590111320070164,-0.10985867829428841,-0.1133016688712453,-0.09776099361531242,0.03889625205351038,0.03277520489467317
-2.836734771728516,0.146938771009445,3,0.44000886129758837,-0.06250310528044406,-0.023952796986972016,-0.04050704512856614,0.14880314606556302,0.09236981199343383
-2.836734771728516,0.169387757778167,3,0.5316244023409443,-0.0837277343897338,-0.16862703039021962,-0.15061019896961944,0.036158733209798295,0.032963634360233945
-2.836734771728516,0.191836729645729,3,0.16796149661889948,-0.01658446149527746,-0.0747553816676484,-0.08261577557241953,0.13309782643631293,0.0254207408639734
-2.836734771728516,0.21428570151329,3,0.43533981151125034,-0.0516045691518646,-0.06385712098894183,-0.04482136730206915,0.12162484973067152,0.07933632075980926
-2.836734771728516,0.236734688282012,3,0.4089973409091694,-0.11985469515884499,-0.09728123644130891,-0.04919412010807298,0.004512258300369602,0.029435909500262418
-2.836734771728516,0.259183675050735,3,0.3069752162731383,-0.09714291383967617,-0.12154105564481404,-0.07756479342519851,0.22916066365367102,0.04797742340342412
-2.836734771728516,0.281632661819458,3,0.45897692778353,-0.10337982672034635,-0.11780188377422063,-0.07548001466754996,0.143451890820982,0.06115341868847901
-2.836734771728516,0.304081618785858,3,0.5531070894974505,-0.10061490235365543,-0.051636699262709855,-0.03156851071489409,0.15138228679649476,0.10413385279253717
-2.836734771728516,0.32653060555458,3,0.3130498825457881,-0.11929698099302649,-0.13881229333775072,-0.09780473034731163,0.16309693536465278,0.024046562646470405
-2.836734771728516,0.348979592323303,3,0.41217534402135336,-0.12516768906178025,-0.06798875719083702,-0.010283494040674385,0.06067676138379908,0.05388243302237217
-2.836734771728516,0.371428549289703,3,0.3246130602368648,-0.09570519515485536,-0.044950339041301995,0.03794300775572204,0.08747086816043041,0.06187428039137198
-2.836734771728516,0.393877536058425,3,0.561410486747927,-0.13581163879906238,-0.09821702605243687,-0.03300460080927712,0.10986288305507548,0.08084802082844522
-2.836734771728516,0.416326522827148,3,0.4209100660936191,-0.106326397598828,-0.10373956297515768,-0.09400395588807693,0.2158209213985148,0.06653221420601425
-2.836734771728516,0.438775509595871,3,0.1827819331510809,-0.12392173547811969,-0.0689254858932052,0.09195784197519026,0.1005485234652022,0.03648821544402969
-2.836734771728516,0.461224496364593,3,0.23669990469932298,-0.09367954587334544,-0.12013385743675063,0.012713699061945749,0.10641001149331251,0.02840204238889703
-2.836734771728516,0.483673483133316,3,0.2337605134067586,-0.17318612679369272,-0.15976491690338454,-0.09145908819810901,0.028182776342459154,-0.032493368429193696
-2.836734771728516,0.506122469902038,3,0.24128908900161938,-0.14870143880925465,-0.05509015010627142,0.0018505887024107433,0.15426415074716918,0.038722447907134645
-2.836734771728516,0.528571426868438,3,0.3803900987609445,-0.12500694550069963,-0.15750050509787974,0.04348083186729457,0.16904442993828442,0.06208158199358882
-2.836734771728516,0.551020383834838,3,0.3749876337621038,-0.136908413583702,-0.07603159895370931,-0.0682377204054329,0.10270212774152143,0.03930240571215621
-2.836734771728516,0.573469400405883,3,0.1745820498821564,-0.11894232539659044,-0.11970025569402616,0.05534015257609292,0.1207969433570981,0.022415312944946163
-2.836734771728516,0.595918357372283,3,0.381746901798381,-0.08893799698056831,-0.07592060539766114,0.0596379721732902,0.19457454658570994,0.09422016363583033
-2.836734771728516,0.618367373943328,3,0.21248671262950944,-0.15852560167139182,-0.12112642051012616,-0.0056322574874823434,0.16798723935857993,0.019037934463817806
-2.836734771728516,0.640816330909729,3,0.4582735735622491,-0.0997687733504578,-0.07631227261633776,-0.02775885106613088,0.10608237146132872,0.07210320959813028
-2.836734771728516,0.663265287876129,3,0.17995614312141006,-0.12420825895965144,-0.13474225978606993,-0.002302338266677103,0.1256613627310269,0.008872929768007697
-2.836734771728516,0.685714304447174,3,0.42467001937674076,-0.10951576578013551,-0.17110568655849645,-0.07210978371248915,0.15120741432453352,0.04462923953003064
-2.836734771728516,0.708163261413574,3,0.30356410748022417,-0.11505082894734324,-0.0517968553029803,-0.08582498063715427,0.10052423025353761,0.030283134569256787
-2.836734771728516,0.730612277984619,3,0.546790426069451,-0.13952992184641885,-0.07911592077536848,-0.02348064990494891,0.1462461651174599,0.09018201973203492
-2.836734771728516,0.753061234951019,3,0.40857276023466776,-0.1401452625540712,-0.04901404273812789,-0.03867178764483802,0.15049059958942143,0.06624645337741042
-2.836734771728516,0.775510191917419,3,0.49477425497597105,-0.10629613814407239,-0.09851883085850054,-0.052865668162775714,0.08026556335636925,0.06347183623339833
-2.836734771728516,0.797959208488464,3,0.2461401402147122,-0.17812142946513607,-0.16408019762339665,-0.06379151700759826,0.09687047173546509,-0.012596506429190735
-2.836734771728516,0.820408165454864,3,0.16560917359069602,-0.13933595125485584,-0.16495762369369313,-0.1028283100621215,0.05209233494600065,-0.037884075294794754
-2.836734771728516,0.842857122421264,3,0.24716050838734996,-0.12062564219801704,-0.12973030952753076,-0.04833059834054509,0.14680517549820438,0.019055826763892288
-2.836734771728516,0.865306138992309,3,0.45264913962660275,-0.11726813352043126,-0.025944645809289037,-0.00594121978124199,0.19291686890649237,0.09928240188442657
-2.836734771728516,0.887755095958709,3,0.4647230438863525,-0.13789424925195393,-0.11788804722360935,-0.015354464223486538,0.15383189565005748,0.06948363576747203
-2.836734771728516,0.910204052925109,3,0.17058540998179636,-0.11924854351694902,-0.07384351019256508,0.049907762077230966,0.13723189493509325,0.032926602656921294
-2.836734771728516,0.932653069496154,3,0.29213977208041536,-0.15047789476432114,-0.23915403659635545,-0.14298636924433095,0.1489743964368677,-0.018300826417544897
-2.836734771728516,0.955102026462554,3,0.314525198656356,-0.09203784001123065,-0.12588779668790837,-0.05354754268134815,0.04077669851463529,0.01676574355810082
-2.836734771728516,0.977551043033599,3,0.39581764159095845,-0.1445576378632927,-0.14246747141750585,-0.047672506835385785,0.0961237781171247,0.03144876071837977
-2.836734771728516,1.0,3,0.14674484093162413,-0.13798264699326615,-0.130493786845234,-0.052213505602608484,0.2384652679342828,0.01290403388495966
-2.612245082855225,-0.100000001490117,3,0.6591575224509066,-0.025558106239810124,0.013937797339971594,-0.010304280968287727,0.17010567213247682,0.16146772094305145
-2.612245082855225,-0.077551022171975,3,0.3736094132241426,0.05028499397944173,0.029523997983735784,-0.029896388429475892,0.17283855967640072,0.119272115286849
-2.612245082855225,-0.055102042853833,3,0.44788957006362784,0.01327580437820626,0.012100872765024731,-0.08455018928912732,0.14046463719536098,0.1058361390226185
-2.612245082855225,-0.032653063535691,3,0.5430920943946379,-0.034113233470751174,0.08442438935374773,-0.02791704746602429,0.29904247229972497,0.17290573502226705
-2.612245082855225,-0.010204084217549,3,0.5692660555958594,-0.13534184791799472,-0.057552062813489464,-0.13849673130857118,0.16423882452733865,0.08042284761662853
-2.612245082855225,0.012244895100593,3,0.6850450116089104,-0.010526292346897836,-0.15590061664127722,-0.019255810099707605,0.23904149309405157,0.14768075712301587
-2.612245082855225,0.034693874418735,3,0.5629861884257821,-0.10343695843098633,-0.04322724588939405,-0.14196738413543092,0.2525177539747833,0.10537447078895083
-2.612245082855225,0.057142853736877,3,0.5975001099442966,-0.10894634922846481,-0.09536751190176267,-0.06981261603955287,0.2823343176667574,0.12114159008825473
-2.612245082855225,0.079591833055019,3,0.6750405030692154,-0.03455007449781479,0.030695627708202583,-0.11100008075127644,0.2114964484454626,0.15433648479475787
-2.612245082855225,0.102040812373161,3,0.4864214446364845,-0.0496770344329767,-0.004295816966211933,-0.05465416950731785,0.12366732682145194,0.10029235011028599
-2.612245082855225,0.124489791691303,3,0.7072514552648942,-0.042578492720578516,0.03372350574877501,0.007731696748603333,0.24345651257067966,0.18991693552247474
-2.612245082855225,0.146938771009445,3,0.6501145977775288,-0.030974101824506845,-0.012611109868289415,-0.10877826922483412,0.13789017951361712,0.12712825927470311
-2.612245082855225,0.169387757778167,3,0.2484176102769484,-0.029160675463921957,-0.07341066695361313,0.037844139864841336,0.14700283981642784,0.0661386495081365
-2.612245082855225,0.191836729645729,3,0.08385810293190864,-0.03457813050122524,-0.04715452117977178,-0.03481906622566395,0.18325035429967781,0.030111347864985094
-2.612245082855225,0.21428570151329,3,0.4571314111649187,-0.08708884205984553,-0.0499134331882971,-0.06757328311445267,0.1961710325724636,0.0897453770749574
-2.612245082855225,0.236734688282012,3,0.2169708682798864,-0.05531189436970129,-0.06864739846130995,-0.07815109018925608,0.12526436920252887,0.028024970892429592
-2.612245082855225,0.259183675050735,3,0.24966736580073198,-0.12550600371836626,-0.16159512694732003,-0.06829489871045229,0.17661454455029926,0.014177176194978533
-2.612245082855225,0.281632661819458,3,0.46401259357047997,-0.09861771536868373,-0.026741105656091214,-0.05359686254776375,0.15128221401518904,0.08726782480262606
-2.612245082855225,0.304081618785858,3,0.2703791400342046,-0.09537078960085997,-0.045404474279423325,0.03565652018710497,0.17088157977295548,0.06722839522279636
-2.612245082855225,0.32653060555458,3,0.3123187456314042,-0.12937821062628072,-0.0267739920975063,-0.007847253184298473,0.12077238923249599,0.05381833579116294
-2.612245082855225,0.348979592323303,3,0.38569174972241543,-0.12613764576324293,-0.06806918763614421,0.0010944424851941036,0.12986078393678677,0.06448802854900183
-2.612245082855225,0.371428549289703,3,0.3617799681338751,-0.09278982525459882,-0.06441380293939801,-0.04099634157714851,0.07569981077141706,0.04785596182682935
-2.612245082855225,0.393877536058425,3,0.4280104940274491,-0.12724513228751094,-0.07811598201324368,-0.0709003953735096,0.05820565649378006,0.041990928169392996
-2.612245082855225,0.416326522827148,3,0.43651177189154855,-0.1838436627343526,-0.13031133004852155,-0.03391554320332563,0.13617813470396278,0.044923874121862314
-2.612245082855225,0.438775509595871,3,0.36624323352066307,-0.13676184221608442,-0.08972096719503424,-0.046563011368188474,0.03975454473171393,0.026590391494613973
-2.612245082855225,0.461224496364593,3,0.1929695432342952,-0.09588829997927123,-0.04133391543807367,0.08951790852261741,0.06925718291518017,0.04290448385094957
-2.612245082855225,0.483673483133316,3,0.33763595770820354,-0.14928762414854801,-0.0955613753261136,0.026995543957332238,0.22897776805865025,0.06975205404990488
-2.612245082855225,0.506122469902038,3,0.21352682643362053,-0.09871047791774591,-0.10182970271963311,0.014119455986005967,0.16156716572958615,0.037734653502366725
-2.612245082855225,0.528571426868438,3,0.5039157906501482,-0.048558256957258905,-0.06264960427201689,0.08023367499313197,0.22006925354690388,0.13860217159218166
-2.612245082855225,0.551020383834838,3,0.2810335905324279,-0.1929042721633879,-0.12418019650741623,-0.10637138776825479,0.0812811785636806,-0.012228217468590088
-2.612245082855225,0.573469400405883,3,0.3043264552312069,-0.1408684233293274,0.002975369102816377,0.023089003306074857,0.08874495410773664,0.05565347168370147
-2.612245082855225,0.595918357372283,3,0.43162492945581116,-0.09564826708986483,-0.09437685381626217,0.013797885604332885,0.13666693832358967,0.07841292649552134
-2.612245082855225,0.618367373943328,3,0.2935849131322141,-0.10873270846230165,-0.07016085031681456,-0.009576835556876584,0.07445531627030212,0.03591396701330468
-2.612245082855225,0.640816330909729,3,0.4998653259705335,-0.13492472710748374,-0.10841730013506955,-0.006509808282341799,0.1603445023652322,0.08207159856217412
-2.612245082855225,0.663265287876129,3,0.3105432359864709,-0.13606556607008793,-0.10859472750655408,-0.010825474117467981,0.019120105784139373,0.014835514815300052
-2.612245082855225,0.685714304447174,3,0.28571231795561264,-0.07401572162435946,0.00811615133646909,0.007254844558817562,0.20903632116897022,0.08722078267910201
-2.612245082855225,0.708163261413574,3,0.19657802075367412,-0.07343594948532182,-0.12867222517164587,-0.03910646485602879,0.13076923886375771,0.01722652402088707
-2.612245082855225,0.730612277984619,3,0.3232675705225228,-0.10829575658839925,-0.011537781139016217,0.027714204580198243,0.1859609986028262,0.08342184719562636
-2.612245082855225,0.753061234951019,3,0.3204667138588449,-0.09689532149403328,-0.07096918478061871,-0.021477070452447136,0.11783899109814712,0.049792825645978575
-2.612245082855225,0.775510191917419,3,0.36808277231867675,-0.12181533306955405,-0.14833528803124976,-0.030173912336918813,0.06043865267582363,0.025639378311355553
-2.612245082855225,0.797959208488464,3,0.15957553683779124,-0.1323058247792108,-0.12161238785980066,0.01282413384884376,0.13392955566595952,0.010482202742716612
-2.612245082855225,0.820408165454864,3,0.3402833917932972,-0.11549176277601518,-0.11823044610959836,-0.007300714895085339,0.10944129597713649,0.04174035279794695
-2.612245082855225,0.842857122421264,3,0.2952295205586417,-0.10952519494126246,-0.04840746877447131,0.03787276635663198,0.0972203748004928,0.054477999600006544
-2.612245082855225,0.865306138992309,3,0.41778314448514536,-0.14984821220798403,-0.09993539245192133,-0.008111499416008297,0.06874242651374805,0.045726093384595955
-2.612245082855225,0.887755095958709,3,0.3519432674912297,-0.10985173971509331,-0.030264989151271095,0.09073086147740096,0.13817987463680323,0.08814745494781391
-2.612245082855225,0.910204052925109,3,0.2497962457276944,-0.13208530593831266,-0.1221671132588274,-0.001036868675550806,0.0679037361468788,0.012482138800376467
-2.612245082855225,0.932653069496154,3,0.25088444995618747,-0.10538944223027441,-0.1047128898915054,-0.04786476057737087,0.15927508795359,0.030438489042125354
-2.612245082855225,0.955102026462554,3,0.2869348676719466,-0.15551697563785122,-0.11984658086061777,-0.10069835294576562,0.07810440758969955,-0.0022045268365176924
-2.612245082855225,0.977551043033599,3,0.37338741515205137,-0.09475369943130872,-0.12645249203295253,-0.05235489509980479,0.09541044167136141,0.03904735405186934
-2.612245082855225,1.0,3,0.5018132351090498,-0.0878490082390538,-0.11680980526427283,-0.08127508683132569,0.11335244351920637,0.0658463556587208
-2.387754917144776,-0.100000001490117,3,0.32414372753448767,0.0040961752517982425,0.018995645026952127,-0.06515623108260993,0.2712114093471321,0.11065814521555203
-2.387754917144776,-0.077551022171975,3,0.5534283089412235,0.017152604902664,-0.08785559686383466,-0.021717599297718247,0.135413554088302,0.11928425435412733
-2.387754917144776,-0.055102042853833,3,0.45671360415123674,-0.01181593705789141,-0.09011338439655214,-0.10308904014029345,0.13678125820637935,0.07769530015257582
-2.387754917144776,-0.032653063535691,3,0.5031872294880501,-0.020607749153806195,0.06404058906081468,-0.028464857343490847,0.19100354211387996,0.14183175083308955
-2.387754917144776,-0.010204084217549,3,0.5011772929568875,-0.09610846440953054,-0.042828539188893705,-0.10743838284301577,0.21417044860407597,0.0937944710239047
-2.387754917144776,0.012244895100593,3,0.49772348090639307,0.0021639260343133473,-0.05635186841901735,-0.06308753092050813,0.16355064565099284,0.10879973065043476
-2.387754917144776,0.034693874418735,3,0.3831353161651699,-0.034614259905823876,-0.14556238983508574,-0.049953659836848685,0.21185699010997194,0.0729723993394767
-2.387754917144776,0.057142853736877,3,0.4495321852263345,-0.014290719333419724,-0.08316804084704275,-0.010165986812241132,0.1782884541325657,0.10403917847323932
-2.387754917144776,0.079591833055019,3,0.5135050521240426,0.003907229905255462,-0.11204418664191952,0.001793792030688764,0.19222406120855298,0.11987718972532406
-2.387754917144776,0.102040812373161,3,0.746447156047784,-0.10817555631408671,-0.11280415429667388,-0.14051777507134036,0.08964290559431976,0.09491851519200056
-2.387754917144776,0.124489791691303,3,0.5043351017668919,-0.07145588250116545,-0.050844807980684414,-0.12485561458211462,0.15330691483189401,0.08209714230696427
-2.387754917144776,0.146938771009445,3,0.4585736369549876,-0.07037364435391309,-0.07221347067856455,-0.08524487347030045,0.1430551135512621,0.07475935240069433
-2.387754917144776,0.169387757778167,3,0.38446211898551946,-0.11562823857210346,-0.10912010266136814,-0.12100440052944184,0.07725069057475793,0.023192013559472792
-2.387754917144776,0.191836729645729,3,0.4634676869427454,-0.06636990669111135,-0.007197001802243798,-0.13475398748627054,0.1891019602145828,0.08884975023554051
-2.387754917144776,0.21428570151329,3,0.4188541138090085,-0.13140444151286193,-0.1474347057791764,-0.16607524461633202,0.10911581685759945,0.01661110775164753
-2.387754917144776,0.236734688282012,3,0.3851692437344814,-0.027076833254093994,0.02881509343383054,-0.11350999433480545,0.03201331030481228,0.06108216397684496
-2.387754917144776,0.259183675050735,3,0.15937378469552424,-0.04421072180372599,-0.15127388008198792,-0.06334475392325868,0.05745248808355152,-0.008400616605979364
-2.387754917144776,0.281632661819458,3,0.37471254721318964,-0.12238554570044562,-0.045482366842976074,-0.08927420753500115,0.08653271060044909,0.04082062754704317
-2.387754917144776,0.304081618785858,3,0.347449689323102,-0.18159974162818418,-0.12284789706990058,-0.09745689719278255,0.0950310013252237,0.008115230951491675
-2.387754917144776,0.32653060555458,3,0.09947788388554069,-0.15402968395420927,0.025439043608451995,-0.010810959754609524,0.09423647579089377,0.010862551915213532
-2.387754917144776,0.348979592323303,3,0.42740647551309435,-0.04196983129494644,-0.12813893520174002,0.1079670908436911,0.13422614217750958,0.09989818840752171
-2.387754917144776,0.371428549289703,3,0.4842271132472918,-0.0692831705861445,-0.09013136277073024,-0.031058366969621828,0.0845573655546996,0.07566231569509897
-2.387754917144776,0.393877536058425,3,0.25782349474756966,-0.09031859009112075,-0.05879028682667083,0.02335940928550803,0.15739802920868629,0.05789441126479448
-2.387754917144776,0.416326522827148,3,0.43021448570866866,-0.16143416373465236,-0.15733743459419902,-0.07301680966263065,0.07302873691227675,0.022290962925892676
-2.387754917144776,0.438775509595871,3,0.3660216340952638,-0.11386930699217203,-0.09460130025127451,-0.0708937384379265,0.1843862431070085,0.05420870630417986
-2.387754917144776,0.461224496364593,3,0.2823499214140081,-0.14631242424508797,-0.08582348261703147,-0.024805203832145146,0.16080406996181312,0.03724257613631133
-2.387754917144776,0.483673483133316,3,0.3610315036031555,-0.11614324611318061,-0.1394083292110344,-0.036424254313504704,0.10881042408351711,0.035573219609790575
-2.387754917144776,0.506122469902038,3,0.38264679727079653,-0.12501279146341726,-0.11697200090013642,-0.005711845277276316,0.17968056109742805,0.06292614414547892
-2.387754917144776,0.528571426868438,3,0.27824481476199586,-0.12041897705376729,-0.17328622658104875,0.026095707937320013,0.09177904811660198,0.020482873436220357
-2.387754917144776,0.551020383834838,3,0.4183288469703188,-0.10860184332517575,-0.1161970764471411,-0.06896596479958762,0.14148226034924796,0.05320924454953245
-2.387754917144776,0.573469400405883,3,0.4327438598119058,-0.17280519965791297,-0.06500971843688096,0.029714911403165272,0.0824465938249775,0.061418089389050926
-2.387754917144776,0.595918357372283,3,0.3895770263719593,-0.12691523557722664,-0.20182521239159426,0.0203067747345869,0.047031840955533144,0.02563503881865168
-2.387754917144776,0.618367373943328,3,0.16899247853397714,-0.15222955036045238,-0.10315988917916187,-0.0035924581950304395,0.11235734184193828,0.004473584528254146
-2.387754917144776,0.640816330909729,3,0.22229208280781884,-0.09837750502781577,-0.035863823727173255,0.12513497470061077,0.1827352552537075,0.07918419680142963
-2.387754917144776,0.663265287876129,3,0.13855476627766797,-0.06162750309177032,-0.06563657016895097,0.004437973014827023,0.07995153025373439,0.01913603925710162
-2.387754917144776,0.685714304447174,3,0.4418123559391541,-0.14932229383945816,-0.061494278803213724,0.03566903502813856,0.17986229859304514,0.08930542338353317
-2.387754917144776,0.708163261413574,3,0.298944601325662,-0.11562100557243543,-0.16150457752407188,-0.03809190970084605,0.13045755153589275,0.02283693201284027
-2.387754917144776,0.730612277984619,3,0.28107600151015094,-0.15531984866821635,-0.0910274234883684,0.001049341021724474,0.08462291873970289,0.024080197822998712
-2.387754917144776,0.753061234951019,3,0.1594850921620037,-0.14142362053045632,-0.04150824177781124,0.024373668496752987,0.13443607287290202,0.027072594244678234
-2.387754917144776,0.775510191917419,3,0.3871733312033398,-0.08136516444747914,-0.08958684559576606,0.033100381221601166,0.18416926484060592,0.08669819344446032
-2.387754917144776,0.797959208488464,3,0.24123321090579078,-0.14436503879496174,-0.05453646563982303,0.019500374808392642,0.12757474700625082,0.03788136565712989
-2.387754917144776,0.820408165454864,3,0.4082391826529665,-0.08357391365158535,0.009378237327165685,0.1357247521770085,0.14660575092470476,0.12327480188605203
-2.387754917144776,0.842857122421264,3,0.3074303597049915,-0.1252717001574776,-0.11610402430362299,-0.02332653491488137,0.1552534900647791,0.03959631807875773
-2.387754917144776,0.865306138992309,3,0.4016786494075723,-0.09708397729637662,-0.1113961722535779,0.024801415822263112,0.21522272942918144,0.08664452902181247
-2.387754917144776,0.887755095958709,3,0.3678337776087228,-0.10126098056221493,-0.14494053080229996,0.03023930399785012,0.1831953765033536,0.06701338934908233
-2.387754917144776,0.910204052925109,3,0.36063108779542113,-0.07765926503110963,-0.1564964578037781,0.030067982298822068,0.0975882098755529,0.05082631142698167
-2.387754917144776,0.932653069496154,3,0.24393949461135778,-0.09572327963358046,-0.1273771337627905,-0.03726671402028301,0.10461613265810565,0.017637699970561894
-2.387754917144776,0.955102026462554,3,0.3492163431447977,-0.09668432550097694,-0.08681362359420824,0.0694828619741072,0.1631998572144396,0.07968022264763186
-2.387754917144776,0.977551043033599,3,0.371177245471245,-0.1563529505438009,-0.15089599291141012,0.08335492280570937,0.1318413260185046,0.05582491016804958
-2.387754917144776,1.0,3,0.29625009973956445,-0.15222749489542664,-0.17297868675781025,0.06755611701900477,0.10516257930856887,0.02875252288278024
-2.163265228271485,-0.100000001490117,3,0.33911924029720214,-0.0964311574833445,0.05422203455559516,-0.15290018205025294,0.23550642552643686,0.07590327216912733
-2.163265228271485,-0.077551022171975,3,0.31473772082312335,0.06615671928446491,-0.041059414493583204,-0.02648135846654488,0.22431024615782238,0.10753278266105652
-2.163265228271485,-0.055102042853833,3,0.5332576633871691,-1.2911732689342934e-05,-0.010410859396716737,-0.08932627662898661,0.1714676145139241,0.1209950460285401
-2.163265228271485,-0.032653063535691,3,0.35918994198514453,-0.0040300574485058055,0.006733742582520061,-0.06010377046816853,0.3404745122121741,0.12845287377263287
-2.163265228271485,-0.010204084217549,3,0.7604011250574837,0.010374705433776917,0.033836994768243915,-0.046568628686687326,0.3244320646569649,0.2164952522459564
-2.163265228271485,0.012244895100593,3,0.6562896534386914,-0.06383488831228941,-0.07442418774307868,-0.07894042135310196,0.2194124917523256,0.13170052955650938
-2.163265228271485,0.034693874418735,3,0.4856483832181575,-0.050027400506037906,-0.12314907559608251,-0.10754984465412369,0.29448715950570553,0.09988184439352378
-2.163265228271485,0.057142853736877,3,0.4602458649896393,-0.07877135749506912,-0.00375732097004107,-0.07802653746943918,0.24798609682137043,0.10953534917529209
-2.163265228271485,0.079591833055019,3,0.5487268299888438,-0.07649596416506083,-0.0033318644510224363,-0.08348252460135482,0.18921319538345316,0.1149259344309718
-2.163265228271485,0.102040812373161,3,0.37854989811734524,-0.043304541537229034,-0.051475173129593634,-0.13729164824557913,0.15563992353739697,0.06042369174846809
-2.163265228271485,0.124489791691303,3,0.4642069567825317,-0.07724129698703985,-0.10203334833706433,-0.10373808152988263,0.26679247712309445,0.08959734141032787
-2.163265228271485,0.146938771009445,3,0.5634990808302578,-0.0489300143889726,-0.04915895520714015,-0.15047017810443405,0.1124752817664954,0.08548304297924128
-2.163265228271485,0.169387757778167,3,0.6274788780555668,-0.07917071566276933,-0.06506204904036103,-0.035318173180253494,0.09370901171054186,0.10832739037654496
-2.163265228271485,0.191836729645729,3,0.20363832640463675,-0.06182144225386118,-0.042533960230682365,-0.09341708892574323,0.08350745348128803,0.0178746576951276
-2.163265228271485,0.21428570151329,3,0.40600460705662783,-0.2047553193541022,-0.10352210998955973,-0.07885670231930784,0.09555649371237536,0.022885393821206683
-2.163265228271485,0.236734688282012,3,0.3643398649958471,-0.14482205731625672,-0.14395862642215299,-0.13810983066480234,0.12448722852377543,0.012387315823282095
-2.163265228271485,0.259183675050735,3,0.38934892244085795,-0.07114869297885373,-0.0773795517020573,-0.08675496953424451,0.12351725428555003,0.055516592502250495
-2.163265228271485,0.281632661819458,3,0.23317440846357065,-0.17284527988997392,-0.09941428907712625,-0.05615100875105684,0.118173792759501,0.004587524700982929
-2.163265228271485,0.304081618785858,3,0.5626036142723215,-0.07096252779918925,-0.09009186689811112,0.030977385318122552,0.04383885736235577,0.0952730924510999
-2.163265228271485,0.32653060555458,3,0.5057281378298217,-0.15580020481198126,-0.060781040856800354,0.02795521285859558,0.11154737891861088,0.08572989678764932
-2.163265228271485,0.348979592323303,3,0.20783782335557507,-0.09489598656731352,-0.12449773241764628,0.008619321386801318,0.15450781005623462,0.030314247162730245
-2.163265228271485,0.371428549289703,3,0.19735949124500693,-0.06147015763032617,-0.0789062585278999,0.0369028908172202,0.150065861529278,0.048790365486655815
-2.163265228271485,0.393877536058425,3,0.32102729358333115,-0.13762893577131477,-0.054422900187043245,0.054099523130983755,0.06447584620535628,0.04951016539226264
-2.163265228271485,0.416326522827148,3,0.40100562947781065,-0.1439154058275218,-0.00665504855177116,-0.028385175360149936,0.13464842661792842,0.07133968527125924
-2.163265228271485,0.438775509595871,3,0.4329548312387197,-0.09178132228825953,-0.09345831288472295,0.00601196762547327,0.1898533621620123,0.08871610517064457
-2.163265228271485,0.461224496364593,3,0.2833794273645957,-0.12706485157733555,-0.12486316077031749,-0.010218002498608244,0.178820074576719,0.040010697419010685
-2.163265228271485,0.483673483133316,3,0.43454091050807486,-0.1481672976799264,-0.14096563517729616,-0.007488883522880759,0.18754692267315595,0.06509320336022549
-2.163265228271485,0.506122469902038,3,0.4858208208732842,-0.16092261401946825,-0.11351627156396255,0.026240048701615757,0.044252006511579844,0.056374798100609816
-2.163265228271485,0.528571426868438,3,0.18862097044753637,-0.10748367717287553,-0.07230741542440966,0.015016607600242461,0.14418440491454257,0.03360617807300724
-2.163265228271485,0.551020383834838,3,0.26257977400370897,-0.12422345959816007,-0.06777491770297338,-0.02948090080885611,0.02461893711739402,0.013143886602222687
-2.163265228271485,0.573469400405883,3,0.4647438528669415,-0.15095096879901582,-0.1194945243060261,0.05619364009454369,0.03580301980104985,0.05725900393149862
-2.163265228271485,0.595918357372283,3,0.29004574232873975,-0.06922123485343791,-0.09558851272735784,0.09148285632190396,0.19760498714365224,0.08286476764270004
-2.163265228271485,0.618367373943328,3,0.339053732521951,-0.09843678795276645,-0.012960686282594289,-0.037775256170448586,0.12843936941378442,0.06366407430598522
-2.163265228271485,0.640816330909729,3,0.3040205484703306,-0.08535831850196822,-0.05740230535877172,0.06079157103510204,0.1285079590992977,0.07011189094879808
-2.163265228271485,0.663265287876129,3,0.34936551672098454,-0.12859262211189343,-0.16041430127860173,-0.04260052713029141,0.14570576687966957,0.032692766615973506
-2.163265228271485,0.685714304447174,3,0.4569635744659098,-0.06766654527385507,-0.07275333937570154,0.0505094306808218,0.14489890920706405,0.1023904059408478
-2.163265228271485,0.708163261413574,3,0.4200549507297318,-0.12345220519416426,-0.04638501148130697,-0.007753568259165057,0.29594467332558955,0.107681767824137
-2.163265228271485,0.730612277984619,3,0.3147228116717374,-0.1279675430783123,-0.12068359658489634,0.026884849072977394,0.11589775550560676,0.04177085531742258
-2.163265228271485,0.753061234951019,3,0.2774887457084298,-0.1641762200880549,-0.13474135556997272,-0.10209713645843048,0.07124001505589904,-0.010457190270425853
-2.163265228271485,0.775510191917419,3,0.3536589085102288,-0.10332467338218643,-0.19672311444600865,0.00014193299487834377,0.04537611328178689,0.019825833391739787
-2.163265228271485,0.797959208488464,3,0.30685964856941694,-0.0896260237608323,-0.11241143342303206,-0.06439396012207772,0.1640792303300446,0.040901492318703894
-2.163265228271485,0.820408165454864,3,0.44665701086610005,-0.16983592767627578,-0.08871440563940143,0.028100496685352847,0.2152595400071616,0.08629334284858745
-2.163265228271485,0.842857122421264,3,0.3061939602897285,-0.12021471091076323,-0.19300986004634155,-0.020778186555667433,0.1281119059613219,0.02006062174765564
-2.163265228271485,0.865306138992309,3,0.33473229932431775,-0.11961914970750176,-0.04279881544632464,0.013405529483618636,0.13009067825860182,0.06316210838254237
-2.163265228271485,0.887755095958709,3,0.44163093869946585,-0.16548297711865384,-0.16242014064172403,-0.007181808694049811,0.1737190341775744,0.05605300928452252
-2.163265228271485,0.910204052925109,3,0.10424349082410116,-0.08029105067232639,-0.07425944549590054,0.03454957428316709,0.18657292321356989,0.034163098430522246
-2.163265228271485,0.932653069496154,3,0.33473886810912007,-0.07232099299394916,-0.14264750724003458,-0.03265383639011061,0.16800575783263497,0.05102445786353214
-2.163265228271485,0.955102026462554,3,0.08514058778934532,-0.11909969439182755,-0.1587007967775995,0.02142355451502778,0.12724339924724934,-0.008798589923560918
-2.163265228271485,0.977551043033599,3,0.20054129260247266,-0.2105232175101154,-0.15897369365321798,-0.09005429621453,0.1402056151851171,-0.02376085991805472
-2.163265228271485,1.0,3,0.2888535898356726,-0.07932278906749046,-0.12722973161946793,-0.03262704032297239,0.1328837801918051,0.03651156180350938
-1.938775420188904,-0.100000001490117,3,0.32333833988179334,0.00559531557419245,0.01664903975485343,-0.031685739431396694,0.2595016628514755,0.11467972372618362
-1.938775420188904,-0.077551022171975,3,0.45755642643644284,0.035207981447374505,-0.06558421016019648,-0.06726759961762908,0.28035389531051985,0.12805329868330234
-1.938775420188904,-0.055102042853833,3,0.6956943604377545,-0.0400584002637202,-0.04313375620934279,-0.04735720573803145,0.2597951401788148,0.16498802768109494
-1.938775420188904,-0.032653063535691,3,0.5119762247014941,-0.16668273114789123,-0.03916316077798432,-0.13425902228526856,0.2887763055134616,0.09212952320076231
-1.938775420188904,-0.010204084217549,3,0.6280317830991435,-0.04734042022195003,-0.10199833742084823,-0.0882609565149386,0.21549074524541334,0.12118456283736401
-1.938775420188904,0.012244895100593,3,0.5468203304946987,0.008363646691294588,-0.059364694523527654,-0.05126913057626823,0.2802970448724211,0.14496943939172371
-1.938775420188904,0.034693874418735,3,0.7649369678695281,-0.03385449995930662,-0.05003539721182484,-0.05666229674590493,0.24963340347738164,0.17480363548597466
-1.938775420188904,0.057142853736877,3,0.4123814741923975,-0.08163375505959065,-0.07930145169746015,-0.06557795599019979,0.2905476002435872,0.09528318233774682
-1.938775420188904,0.079591833055019,3,0.6106923931554348,-0.0649826349107864,-0.07696656744513687,-0.09823048219708912,0.19256574108546262,0.11261568993757701
-1.938775420188904,0.102040812373161,3,0.8102831544313824,-0.04717978675739032,-0.08131334388786698,-0.09838766952941098,0.13968933535366568,0.14461833792207596
-1.938775420188904,0.124489791691303,3,0.7609145350275548,-0.05653967729878922,-0.0944578002613176,-0.07879889734644988,0.14490018857181253,0.13520366973856215
-1.938775420188904,0.146938771009445,3,0.2931493000620406,0.00902447073103041,-0.00740989010733091,-0.0880449718280844,0.07171014384238243,0.05568581054000763
-1.938775420188904,0.169387757778167,3,0.25510108811823234,-0.03604789406667593,-0.062343304460247086,-0.05373198746114093,0.17185830351948925,0.054967241129931524
-1.938775420188904,0.191836729645729,3,0.5709679165126413,-0.11432471364379952,-0.0972188783812341,-0.14377962863054386,0.09526333253340562,0.06218160567809389
-1.938775420188904,0.21428570151329,3,0.5169176704029053,-0.09536403447459017,-0.08026330421430655,-0.049239977064883554,0.040591945779810804,0.06652846008578715
-1.938775420188904,0.236734688282012,3,0.48289641608598194,-0.052942056075739596,-0.08531956369331502,0.0014153553896595107,0.1562836280609113,0.10046675595349963
-1.938775420188904,0.259183675050735,3,0.3286242244162718,-0.04564711372573991,-0.023205829260999806,0.0033575659789117245,0.1341787184666651,0.07946151317502179
-1.938775420188904,0.281632661819458,3,0.46818060356653923,-0.20807085474467668,-0.09573817465287175,-0.14241552137713956,0.04337493598552647,0.01306619775547554
-1.938775420188904,0.304081618785858,3,0.2642197476186861,-0.17397253042539348,-0.10830078485885948,-0.08675641650254064,0.101836313206147,-0.000594734192392099
-1.938775420188904,0.32653060555458,3,0.505889775062441,-0.063794061572828,-0.050550837407293193,0.019584614623246864,0.1717997643948649,0.11658585102008631
-1.938775420188904,0.348979592323303,3,0.4355884599791387,-0.12139183048390774,-0.026508543379261784,-0.005524699225924172,0.06333262014009505,0.06909920140602802
-1.938775420188904,0.371428549289703,3,0.25821623211638706,-0.10126395530442163,0.002880779446715507,0.027861915538703225,0.20221224949969843,0.07798144425941653
-1.938775420188904,0.393877536058425,3,0.32498005611873443,-0.12874394306678227,-0.11256117412094852,-0.03447441986609102,0.17462374082007007,0.04476485197699654
-1.938775420188904,0.416326522827148,3,0.40595296558098726,-0.12355663221341107,-0.07582496303148138,0.037962304823128505,0.14378747459937297,0.07766422995171926
-1.938775420188904,0.438775509595871,3,0.36044271757559887,-0.10096311422351158,-0.049546916207912406,0.05063264103187634,0.09346527891909995,0.07080612141903024
-1.938775420188904,0.461224496364593,3,0.1634864896163604,-0.13251023828818517,-0.08105605769110215,-0.06299822667130643,0.16388565232440433,0.010161523858034194
-1.938775420188904,0.483673483133316,3,0.33871810774569994,-0.12510191351767813,-0.1041237235804825,0.03338494127036922,0.11630814610182133,0.051837111603945975
-1.938775420188904,0.506122469902038,3,0.39924113309515546,-0.1322451762354183,-0.09938780567130286,0.0015977903177782256,0.014390203151305625,0.036719228931503645
-1.938775420188904,0.528571426868438,3,0.4451222744900923,-0.11608213500157594,-0.035349730431957875,0.037645736601133246,0.18432986513550143,0.10313320215863864
-1.938775420188904,0.551020383834838,3,0.3429174622984972,-0.04301386234717028,-0.038966081931485805,-0.03820318782679918,0.11910022156254964,0.0683669103511183
-1.938775420188904,0.573469400405883,3,0.35775919097318803,-0.13614788368738792,-0.11563838237340666,0.053184298598574785,0.1494304448006239,0.06171753366231843
-1.938775420188904,0.595918357372283,3,0.404549053944853,-0.10927959660756292,-0.03471143775783987,0.008274278257908196,0.13587062063749267,0.08094058369497023
-1.938775420188904,0.618367373943328,3,0.46485222176624647,-0.11428094405715605,-0.10603545377206326,-0.009319428197268975,0.13842151889917698,0.07472758292778703
-1.938775420188904,0.640816330909729,3,0.5357512124492078,-0.1598782737788819,-0.11982165767436866,0.05996578182002436,0.2046542441187078,0.10413426138693789
-1.938775420188904,0.663265287876129,3,0.3232215395458273,-0.12578116453755864,-0.0755729808228024,0.018627018497418015,0.06088587598853673,0.0402760577342842
-1.938775420188904,0.685714304447174,3,0.450392518965979,-0.10248144632660171,-0.12926699741858963,-0.00372536216647093,0.10951255412552297,0.06488625343596793
-1.938775420188904,0.708163261413574,3,0.48695785565943045,-0.07852056601366511,-0.12737564428220668,-0.012639369816790673,0.19377083056539993,0.09243862122243358
-1.938775420188904,0.730612277984619,3,0.48858568909387073,-0.10932882685117225,-0.17420809123571626,0.02708090802213046,0.0715830691444143,0.0607425496347054
-1.938775420188904,0.753061234951019,3,0.37727041572585346,-0.10730712550412398,-0.09215248333219304,-0.03426906085164574,0.19448428194942213,0.06760520559746257
-1.938775420188904,0.775510191917419,3,0.42471466805541364,-0.10897692772326834,-0.05469949069511907,0.01892369336013956,0.15209768318218736,0.08641192523587063
-1.938775420188904,0.797959208488464,3,0.2170693707200857,-0.08424091700528415,-0.0997359420765308,-0.04684690681763528,0.12057856763981732,0.021364834492090562
-1.938775420188904,0.820408165454864,3,0.25951369100644894,-0.16217596768356246,-0.21780050794820158,-0.07378437256652932,0.16567710047802692,-0.005714011342763503
-1.938775420188904,0.842857122421264,3,0.35376969998584934,-0.10481946091866123,-0.06258911429157177,0.038204905399360646,0.14879217292994393,0.07467164062098418
-1.938775420188904,0.865306138992309,3,0.23917164914301678,-0.1268916931041021,-0.0937864903383137,0.04186493324039495,0.17246908437344796,0.04656549666288878
-1.938775420188904,0.887755095958709,3,0.2882854789072486,-0.1417629431937932,-0.03683240318974324,-0.007770865810714647,0.11490597790848554,0.043365048924296615
-1.938775420188904,0.910204052925109,3,0.3394183735870073,-0.09318843325794605,-0.1374644290410996,-0.004388143766593684,0.08631358100041951,0.03813818970435749
-1.938775420188904,0.932653069496154,3,0.13674121705854636,-0.04009098108213285,-0.0644212654569629,-0.052730477125941366,0.09510308853100106,0.014920316384902061
-1.938775420188904,0.955102026462554,3,0.34138497570598,-0.13718084160673874,-0.03583404152583017,0.018531873504786328,0.12829016784578193,0.06303842678479586
-1.938775420188904,0.977551043033599,3,0.3465547956253036,-0.07229058664484057,-0.17163009297219944,-0.03713339199944755,0.15890697946889984,0.04488154069554318
-1.938775420188904,1.0,3,0.37766971446930137,-0.1150221713384077,-0.12367019972955451,-0.023759794185055024,0.1841009064100314,0.05986369112526311
-1.714285612106324,-0.100000001490117,3,0.10394782864382524,0.04875176691895275,0.035540643189113715,0.05076134803013178,0.3061415821974984,0.10902863379590437
-1.714285612106324,-0.077551022171975,3,0.4007000904989544,-0.012097308349759755,0.13965111656527388,-0.05765795916636587,0.31964078941423185,0.15804734579246688
-1.714285612106324,-0.055102042853833,3,0.30619477901668374,0.09629547109473702,-0.09865608696781632,0.05706380038417936,0.22849857688422284,0.11787930808240132
-1.714285612106324,-0.032653063535691,3,0.5132448108135494,0.05232373533088743,-0.028466968202913934,-0.023888605599737656,0.3293210461865858,0.16850680370567422
-1.714285612106324,-0.010204084217549,3,0.6340411964019869,0.015099644651904776,0.07637739347871762,-0.04365357469577408,0.2617143975895427,0.18871581148527555
-1.714285612106324,0.012244895100593,3,0.38571710338613435,0.03243178554638195,0.06861317866801953,-0.004617885224211388,0.4047186023827127,0.17737255695180743
-1.714285612106324,0.034693874418735,3,0.4221733037051872,-0.07656496595333374,-0.0275264841287125,-0.047546084042229576,0.2668296448013239,0.10747308287644705
-1.714285612106324,0.057142853736877,3,0.3326075047501711,-0.010751132715935677,-0.11020005865129572,-0.03209275062118274,0.15177008587828067,0.06626672972800751
-1.714285612106324,0.079591833055019,3,0.6645595293212961,-0.1402061470422541,-0.0949559117933384,-0.10494009807055021,0.18471774268488392,0.10183502302000746
-1.714285612106324,0.102040812373161,3,0.5109076616638974,-0.05977848693284064,-0.07086306953227185,-0.13272405132301113,0.20573949679099715,0.0906563101333542
-1.714285612106324,0.124489791691303,3,0.6431421373426457,-0.05769133774843041,0.06000950370536203,-0.013311359890675181,0.254788169025232,0.17738742248682682
-1.714285612106324,0.146938771009445,3,0.8473663189550581,-0.06195256238866509,-0.04121002482951627,-0.07790530875973976,0.26789422470827334,0.18683852953708208
-1.714285612106324,0.169387757778167,3,0.5519131020750828,-0.05190700578659013,-0.08661092283723226,-0.05395734113418896,0.1711562011566247,0.10611880669473923
-1.714285612106324,0.191836729645729,3,0.48534993048556935,-0.06644808895731028,-0.1045886618780149,-0.0823764537750973,0.06561363709642253,0.05951007259431388
-1.714285612106324,0.21428570151329,3,0.46531650277375447,-0.04770530626710225,-0.026615048373318184,-0.033744251871680946,0.0856584451976699,0.0885820682918646
-1.714285612106324,0.236734688282012,3,0.3755021016467441,-0.04518568820236984,-0.06368632564360073,-0.054476435073694145,0.12556047750233346,0.06754282604588256
-1.714285612106324,0.259183675050735,3,0.3257686105573229,-0.029677800219453657,0.0011025491099005043,-0.019817779956078665,0.09526939811099117,0.07452899552053646
-1.714285612106324,0.281632661819458,3,0.44852059864198246,-0.08695694679588088,-0.07718803986468947,-0.024709853460031517,0.10505640012736804,0.07294443172974972
-1.714285612106324,0.304081618785858,3,0.506057878509746,-0.11954756846534337,-0.06672442189692783,0.0336562173710071,0.02722203171231147,0.07613282744615868
-1.714285612106324,0.32653060555458,3,0.5996165185578334,-0.08091248583839,-0.10957701610398214,-0.08990069475192201,0.15264009450602253,0.09437328327391237
-1.714285612106324,0.348979592323303,3,0.32315823650476755,-0.09250361809318393,-0.005694677965251499,0.08355102273962885,0.1031484037994669,0.08233187339708557
-1.714285612106324,0.371428549289703,3,0.29557641591427464,-0.20412161157618844,-0.1960347565573474,-0.10938248365129476,0.23468885855818208,0.004145284537525223
-1.714285612106324,0.393877536058425,3,0.20597966896176526,0.011045863861706815,0.013394064991189836,0.13700946015557994,0.2850049690813962,0.1304868054103276
-1.714285612106324,0.416326522827148,3,0.3236911601624551,-0.11509155765341361,-0.12577183834201675,0.03823851349255241,0.05079753007558121,0.03437276154703167
-1.714285612106324,0.438775509595871,3,0.47626371177611215,-0.1100233296398585,-0.039832527935853144,0.036385373928828214,0.11038460412996977,0.09463556645183971
-1.714285612106324,0.461224496364593,3,0.49236535176981117,-0.1130224943185515,-0.027726018711572386,0.02384317459650831,0.138233128282628,0.10273862832376472
-1.714285612106324,0.483673483133316,3,0.14542334450627906,-0.0719787398040117,-0.06526700190558644,0.011940943213563338,0.09243817987145993,0.022511345176340836
-1.714285612106324,0.506122469902038,3,0.4198557757421046,-0.15961242351587437,-0.036624296178307515,-0.017346854273909727,0.2091782915344873,0.08309009866170006
-1.714285612106324,0.528571426868438,3,0.4005381992175943,-0.15670270943820977,-0.07388830194496769,0.048017677122644965,0.24457171428893698,0.09250731584919976
-1.714285612106324,0.551020383834838,3,0.3781198273699806,-0.16897873360131901,-0.1627889903613313,0.024504393426951664,0.17103077438971714,0.04837745424479982
-1.714285612106324,0.573469400405883,3,0.3551988753335142,-0.12501530683913822,-0.053672256679528824,-0.017087564775399484,0.17305189277611066,0.06649512796311166
-1.714285612106324,0.595918357372283,3,0.5098300223032579,-0.09582948602611852,-0.12943756996203049,-0.015477888707852341,0.05405958750788343,0.064628933023028
-1.714285612106324,0.618367373943328,3,0.43412013844490743,-0.08375612190273944,-0.10435635385134516,-0.007521171095001865,0.21115591035204548,0.08992848038957328
-1.714285612106324,0.640816330909729,3,0.38611809113551665,-0.1046386561825579,-0.006354171641001272,0.025346859568123062,0.20478954987658268,0.10105233455133264
-1.714285612106324,0.663265287876129,3,0.2961086765774461,-0.18572105835725364,-0.13499483538147514,-0.07154489832180265,0.05972515183448563,-0.007285392729719937
-1.714285612106324,0.685714304447174,3,0.44919185433240943,-0.1898190353321183,-0.14129245785448596,0.04138349981716496,0.16926419763633907,0.06574561171986185
-1.714285612106324,0.708163261413574,3,0.07621528306089805,-0.1066587002751861,-0.060434018250239696,0.0050008243224610146,0.19645488642016615,0.02211565505561988
-1.714285612106324,0.730612277984619,3,0.19891001737008837,-0.10085861548724441,-0.13178973216003637,0.013002546393489337,0.2093482802556045,0.03772249927438029
-1.714285612106324,0.753061234951019,3,0.3047969595884467,-0.1751292214958682,-0.11664101989617419,-0.12557570090064799,0.15485351752425555,0.008460906964002377
-1.714285612106324,0.775510191917419,3,0.31374763299189207,-0.14989678381928437,-0.04122874444656929,0.03799827724908445,0.1634928409318955,0.06482264458140367
-1.714285612106324,0.797959208488464,3,0.3006703149706735,-0.15963566269349644,-0.08712116957496485,-0.04229240070432364,0.14919184104477545,0.0321625846085328
-1.714285612106324,0.820408165454864,3,0.27563267198985425,-0.09581649780838264,-0.1274673707254859,-0.04442405115303542,0.1500748506232592,0.0315999205852419
-1.714285612106324,0.842857122421264,3,0.22212183389764195,-0.07900456004233486,-0.0591828595681263,-0.00035568399624958763,0.21140504763493176,0.05899675558517259
-1.714285612106324,0.865306138992309,3,0.32246431311342866,-0.13219688509237446,-0.13408478587592865,-0.023317366199926595,0.19660951622158915,0.04589495843335763
-1.714285612106324,0.887755095958709,3,0.41544678334451696,-0.09649908686486726,-0.12228555096429694,0.007551798705885754,0.14183055296163566,0.06920889943657485
-1.714285612106324,0.910204052925109,3,0.46009420939998247,-0.09469436161580848,-0.15192207100630054,0.04613228589728855,0.11193084560719259,0.07430818165647092
-1.714285612106324,0.932653069496154,3,0.502309191836979,-0.13674344616855405,-0.08050908014071503,0.0023209293325324384,0.12373875316586969,0.0822232696052224
-1.714285612106324,0.955102026462554,3,0.1390786874309988,-0.08741628508301669,-0.1250337207032346,-0.029249290431722433,0.12295548925693073,0.004066976093991162
-1.714285612106324,0.977551043033599,3,0.45469097050032464,-0.11712228379198818,-0.09119412775017477,0.03697037537146644,0.09160159165112051,0.07498930519614974
-1.714285612106324,1.0,3,0.34632969944821257,-0.0789780347167218,-0.019622367534231525,0.04944851429506997,0.09579057185935774,0.07859367667033738
-1.489795923233033,-0.100000001490117,3,0.03291694034924569,0.02924541362574014,-0.01954691617491068,-0.054113394300966317,0.3689404425790428,0.07148849721563033
-1.489795923233033,-0.077551022171975,3,0.2770982028669324,-0.15728907339425677,0.018581379417496737,-0.10598693981182439,0.29233146903776486,0.06494700762322256
-1.489795923233033,-0.055102042853833,3,0.3619819558608765,-0.1099708379735298,0.06137268471493878,-0.09365831292619863,0.30793087253336227,0.10553127244188983
-1.489795923233033,-0.032653063535691,3,0.38708712319140526,-0.02766235131884127,-0.07972494528899253,-0.05598404305410323,0.26953317916119535,0.0986497925381327
-1.489795923233033,-0.010204084217549,3,0.49807240137282244,0.03629956083747627,0.024648037329146163,-0.015924068936965474,0.2460033341185449,0.15781985294420484
-1.489795923233033,0.012244895100593,3,0.5660011216822189,-0.0009376123431505632,-0.11698011608535756,0.016962620441774046,0.3701790880037546,0.16704502033984786
-1.489795923233033,0.034693874418735,3,0.4411475256654574,0.06868347256941726,-0.04555332062828804,0.024217140323473923,0.24022603239288498,0.14574417006458912
-1.489795923233033,0.057142853736877,3,0.3699650590055959,0.026853349591569108,0.022627599289269745,-0.059475478579987584,0.16312714839197281,0.10461953553968399
-1.489795923233033,0.079591833055019,3,0.33200715617265375,-0.11869004338321609,-0.07229557511235633,-0.12263840423396315,0.13117217514200005,0.029911061717023645
-1.489795923233033,0.102040812373161,3,0.18613726820189283,0.06366377742847783,-0.038747102870630955,-0.0017774493926147907,0.17982118915269552,0.07781953650396409
-1.489795923233033,0.124489791691303,3,0.21473025817254066,-0.10843388756665491,-0.06270551505953266,-0.14878006553641074,0.1435395674295269,0.007670071487893848
-1.489795923233033,0.146938771009445,3,0.21022849353737572,-0.06897201163935095,-0.03627597923665526,-0.01958050076755449,0.17113262899607148,0.0513065261779773
-1.489795923233033,0.169387757778167,3,0.5990620587591681,-0.006779902043397651,-0.003562816624913541,0.042282342796726345,0.23306442012959705,0.17281322060343607
-1.489795923233033,0.191836729645729,3,0.4386938911038129,-0.05598278792417962,0.020896766363031158,-0.08983953308298885,0.15208655130352156,0.09317097755263944
-1.489795923233033,0.21428570151329,3,0.25907893249886316,-0.002643974399780815,-0.056368414241734284,-0.020971965294236335,0.024664212581863038,0.040751758228994954
-1.489795923233033,0.236734688282012,3,0.44067035608904925,-0.11650537752401506,-0.020157066745357038,-0.02129477322039126,0.12583180887619527,0.08170898949509622
-1.489795923233033,0.259183675050735,3,0.29857140712268976,-0.03726609223861979,-0.027681973698959483,-0.05864110827500213,0.014008652898776586,0.03779817716177698
-1.489795923233033,0.281632661819458,3,0.4840558148835578,-0.05605370904100482,-0.006142349413824175,-0.030973348443370807,0.14062811981684656,0.1063029055604409
-1.489795923233033,0.304081618785858,3,0.2881371517876452,-0.04548162825323171,-0.14909664211495466,-0.06641844895207051,0.0058418447467159336,0.006596455442820852
-1.489795923233033,0.32653060555458,3,0.3970145652942328,-0.05969807175742686,-0.11089453334354148,-0.045529548920982155,0.189937447808559,0.07416597181616827
-1.489795923233033,0.348979592323303,3,0.2804456654648404,-0.09735386587286303,-0.05458621289879286,-0.07524072499775879,0.09821834767528688,0.030296641874142514
-1.489795923233033,0.371428549289703,3,0.23006201899822512,-0.13178047648827937,-0.05741573264568314,-0.08166388152963251,0.01738200778062571,-0.0046832127769488386
-1.489795923233033,0.393877536058425,3,0.2607598693117921,-0.12005037571131723,-0.07908824446817242,-0.006314467120766477,0.13861485357761297,0.038784327117829795
-1.489795923233033,0.416326522827148,3,0.40010620810537595,-0.0758392978768015,-0.0015530119349844117,-0.01194013780338784,0.06550488036774883,0.07525572817159021
-1.489795923233033,0.438775509595871,3,0.37755128562299434,-0.09305740324213078,-0.08530160526742316,-0.02676992355931067,0.1735667254179957,0.06919781579442508
-1.489795923233033,0.461224496364593,3,0.4527603993434965,-0.07567002803282936,-0.04475993230396754,0.0028702709350667543,0.09327632771495109,0.0856954075313435
-1.489795923233033,0.483673483133316,3,0.477651235242875,-0.10519089487228066,-0.09034377919002641,0.01383012165595264,0.16260643521381993,0.0917106236100681
-1.489795923233033,0.506122469902038,3,0.14838614827406055,-0.052985126853671294,-0.0650172296693818,-0.03000892221198336,0.2030692470179303,0.040688823311390884
-1.489795923233033,0.528571426868438,3,0.4958457435750801,-0.13384577624490201,-0.10764283490428438,-0.07160337966773912,0.12827325786053087,0.06220540212373708
-1.489795923233033,0.551020383834838,3,0.3274316923759806,-0.06438930714901558,-0.03757623457831158,-0.013544512416095065,0.1074966708146363,0.06388366180943893
-1.489795923233033,0.573469400405883,3,0.24925861235731464,-0.2058919124428683,-0.1732670231339084,-0.011558775616816475,0.005265237631099827,-0.02723877224103575
-1.489795923233033,0.595918357372283,3,0.37874558764325855,-0.08156324065960213,-0.0038701361849641236,-0.02185343268835706,0.1888399257416841,0.09205974077040387
-1.489795923233033,0.618367373943328,3,0.4784479859151695,-0.12221445955249184,-0.03334651673326898,0.011270551803891008,0.17447984950643355,0.10172748218794665
-1.489795923233033,0.640816330909729,3,0.3512850770835425,-0.08062186380937315,-0.128237067132717,-0.009310085074238245,0.045749408822485176,0.03577309397793986
-1.489795923233033,0.663265287876129,3,0.3525160286923275,-0.1531009271312682,-0.11846497323363338,-0.03450573862702593,0.08892582699089036,0.027074043338258073
-1.489795923233033,0.685714304447174,3,0.2520629035653039,-0.1635694688515312,-0.0795147042521731,-0.02510168933852812,0.16549006553093204,0.02987342133080071
-1.489795923233033,0.708163261413574,3,0.3216420347826427,-0.09767700598135598,-0.047821836589162975,-0.020676699268633504,0.060039876763258636,0.04310127394134978
-1.489795923233033,0.730612277984619,3,0.12446594015970797,-0.14796274705288814,-0.06308528241741228,-0.02424490354233888,0.1947489824967671,0.01678439792876715
-1.489795923233033,0.753061234951019,3,0.18029490236724235,-0.12756555395167765,-0.06786612684013693,0.03795595026969192,0.13903092599126163,0.03237001956727627
-1.489795923233033,0.775510191917419,3,0.3093088792722798,-0.06092046321287328,-0.10401855670344728,0.018102875995844824,0.16593824743205762,0.06568219655677233
-1.489795923233033,0.797959208488464,3,0.2733975326820947,-0.12948895444452127,-0.11424058478381588,-0.007822109868949207,0.17096482105644786,0.03856214092825124
-1.489795923233033,0.820408165454864,3,0.17184692063366983,-0.09648703229341776,-0.05140766842627728,-0.0019181736243228653,0.16944035655522818,0.03829488056897602
-1.489795923233033,0.842857122421264,3,0.42075659626568024,-0.08945009900447654,-0.05794891096438821,-0.032558796558383694,0.19026265559398134,0.08621228906648262
-1.489795923233033,0.865306138992309,3,0.5157257700809592,-0.128669174613486,-0.08484777464125394,-0.010633003704270347,0.18555187567987663,0.0954255385603651
-1.489795923233033,0.887755095958709,3,0.18360279911080743,-0.07109876741183631,0.053745345920746236,0.04385059264350736,0.20071879835567455,0.08216375372377985
-1.489795923233033,0.910204052925109,3,0.38733366378506034,-0.16400641804974173,-0.13543827072348386,-0.07381876400879901,0.12409804681641705,0.02763365156389056
-1.489795923233033,0.932653069496154,3,0.11468015240609097,-0.036026431122845114,-0.055523606118750436,-0.08100452153158721,0.13064193251393805,0.01455350522936925
-1.489795923233033,0.955102026462554,3,0.4107395946997819,-0.08224113288623026,-0.034794006760887695,0.027568331997419645,0.1327260232396286,0.09079976205794245
-1.489795923233033,0.977551043033599,3,0.2895130715984055,-0.16623214297443212,-0.09900470336466782,-0.02126609077165219,0.1411601343654633,0.02883405377062333
-1.489795923233033,1.0,3,0.37951900022779467,-0.09948645987747334,-0.08248953140368363,-0.03761344305598204,0.21439142883333365,0.07486419894479786
-1.265306115150452,-0.100000001490117,3,0.19882152426562757,-0.02057460309533393,0.09105958772198725,-0.07610128738886536,0.3066102644974449,0.09996309720017209
-1.265306115150452,-0.077551022171975,3,0.07392106287087763,0.0006332234972629136,0.007815045208899784,0.0352816850859104,0.31355561242464214,0.08624132581751857
-1.265306115150452,-0.055102042853833,3,0.11510229657067834,-0.06481829478734681,0.022024064704023016,-0.09878673154762357,0.2931223765129628,0.05332874229053876
-1.265306115150452,-0.032653063535691,3,0.20015345869053638,-0.09643630972186447,-0.02617167640853223,-0.12649454025449744,0.2864359762740452,0.047497381715937495
-1.265306115150452,-0.010204084217549,3,0.4973976792978898,0.017222722161174597,0.04406959458852108,-0.00554837299815034,0.20363092181760178,0.15135450897340738
-1.265306115150452,0.012244895100593,3,0.18304591616920426,0.03184436866186517,0.12195065040583682,0.012655530533980148,0.2260116737333514,0.11510162790084758
-1.265306115150452,0.034693874418735,3,0.33868434539398223,-0.012738308755855016,0.018302262103443764,-0.1307165199930152,0.3397436888918997,0.11065509352809108
-1.265306115150452,0.057142853736877,3,0.22845086338811982,-0.03677624638081516,0.0033054863456468083,-0.08004534002516332,0.26284333356694906,0.07555561937894743
-1.265306115150452,0.079591833055019,3,0.22308559252230453,-0.11195250323617191,-0.11391009317086843,-0.1330118653026997,0.2526608956182739,0.02337440528616767
-1.265306115150452,0.102040812373161,3,0.5006213809836065,0.01777377768342384,-0.11400583273431768,-0.03045477476206959,0.2521049132229769,0.125207892878724
-1.265306115150452,0.124489791691303,3,0.4980382618306674,-0.03546831148889592,0.018502735026528664,-0.048516120561289226,0.28751531416034015,0.1440143757934702
-1.265306115150452,0.146938771009445,3,0.5780563341001801,-0.13544878896276852,-0.030999481714197502,-0.14442793139138874,0.20848474850101092,0.09513297610656726
-1.265306115150452,0.169387757778167,3,0.42116673423835743,-0.11820066980003201,0.008403165177005395,-0.07956731235526261,0.1457836706154661,0.07551711757510686
-1.265306115150452,0.191836729645729,3,0.4440449087272829,-0.08892606036835426,-0.023113530603985032,-0.07855255809513774,0.10440831116153193,0.07157221416426757
-1.265306115150452,0.21428570151329,3,0.61105226404408,-0.11846289808563087,0.0071480790490000695,-0.09238933224400282,0.18484552227264106,0.1184387270072175
-1.265306115150452,0.236734688282012,3,0.4417618058501285,-0.13377241472923487,-0.11708706280604746,-0.11337249849241465,0.08666972252108285,0.03283991046870287
-1.265306115150452,0.259183675050735,3,0.23398185410362848,-0.1013933253197924,-0.0926650909836408,-0.0883854520282555,0.14634572522510572,0.0195767421994091
-1.265306115150452,0.281632661819458,3,0.4356669905967741,-0.0960202230188993,-0.11195937155150015,-0.13123823266124116,0.1587322311290086,0.051036278898828426
-1.265306115150452,0.304081618785858,3,0.3894531187550645,-0.11446295121959009,-0.008534216718506253,0.0003852124991594134,0.18206648047375049,0.0897815287579756
-1.265306115150452,0.32653060555458,3,0.17211072013508455,-0.12722636925052888,-0.12539647225200976,-0.027565394549169304,0.06692735803196094,-0.00823003157693249
-1.265306115150452,0.348979592323303,3,0.531696142346565,-0.15350458296210534,-0.12274808613883155,0.017821630164370692,0.1360380345464658,0.08186062759129294
-1.265306115150452,0.371428549289703,3,0.19921454393159013,-0.0932210171865163,-0.05403202603563153,0.04132066332759434,0.11621006047419165,0.04189844490224566
-1.265306115150452,0.393877536058425,3,0.3049510931788141,-0.15564267516860986,-0.13642399175331885,-0.04892511485430889,0.007343506855973019,-0.0057394363482900996
-1.265306115150452,0.416326522827148,3,0.10888612080901743,-0.11667200610000839,-0.12263082998140744,-0.033832415123623824,0.1074762935978032,-0.011354567359643807
-1.265306115150452,0.438775509595871,3,0.2851839542546452,-0.10728709595752921,-0.04341545479366201,-0.02100972710141948,0.1384668239862592,0.050387700077658734
-1.265306115150452,0.461224496364593,3,0.5371753047955775,-0.1842165725153888,-0.037643335861158145,-0.0315256365402993,0.11908030744114066,0.08057401346397439
-1.265306115150452,0.483673483133316,3,0.4117165031334045,-0.11104393509685821,-0.05779071102498642,0.01023121345606294,0.1929518264067598,0.08921297937487653
-1.265306115150452,0.506122469902038,3,0.4936611563447641,-0.10676516522200884,-0.13456760398145873,0.038169024921306194,0.18996457435767056,0.09609239728405465
-1.265306115150452,0.528571426868438,3,0.26622653673508717,-0.09218761480811997,-0.021540078802442898,0.037505571232500236,0.14300417476325808,0.06660171782405652
-1.265306115150452,0.551020383834838,3,0.3835899424206742,-0.15459937731617235,-0.07144567570250639,-0.028301765279538798,0.15450775177945283,0.056750175180381904
-1.265306115150452,0.573469400405883,3,0.200432799210875,-0.17520316171609748,-0.05319876488886458,0.0003559242027073711,0.15203756236611485,0.02488487183494703
-1.265306115150452,0.595918357372283,3,0.4867936482706845,-0.078502124876797,0.04990579792744904,0.12029131573653846,0.17910079132809223,0.15151788567719343
-1.265306115150452,0.618367373943328,3,0.2425874657066299,-0.16198844631721537,-0.12204792985124663,0.00034439175051368304,0.030994473874542152,-0.0020220089673552537
-1.265306115150452,0.640816330909729,3,0.2858212506673234,-0.08845388052689218,-0.07978494178667477,-0.005132751042034132,0.16175872825798907,0.054841681113942276
-1.265306115150452,0.663265287876129,3,0.4483123159490788,-0.08462230528316132,-0.04637865890326976,0.06738658462597376,0.18508329271214594,0.11395624582015347
-1.265306115150452,0.685714304447174,3,0.4168723153865946,-0.1339387722667852,-0.10807147332001839,-0.016057919443439747,0.1265522503947477,0.0570712801502198
-1.265306115150452,0.708163261413574,3,0.4059522328231944,-0.1672544993493239,-0.08574689918262768,0.043322717096861314,0.26664505504889263,0.09258372128739936
-1.265306115150452,0.730612277984619,3,0.3130713222658402,-0.07999620599584967,-0.06029210344724525,-0.0657723568556766,0.22374415375782553,0.06615096194497885
-1.265306115150452,0.753061234951019,3,0.2714778226390819,-0.08936305294536563,-0.1711457726573907,-0.06511401900211065,0.18380502810836774,0.025932001228516532
-1.265306115150452,0.775510191917419,3,0.5155216495396591,-0.12303054421567994,-0.09121589482502651,0.08043003918139985,0.09925819677175146,0.09619268929042078
-1.265306115150452,0.797959208488464,3,0.39292579059593996,-0.16399416689339982,-0.0293560096170106,-0.023629248248902838,0.17774049667686975,0.07073737250269929
-1.265306115150452,0.820408165454864,3,0.10958897692248466,-0.05813869827538622,-0.01843997007793151,0.021394448572830373,0.2619020775751639,0.06326136694343225
-1.265306115150452,0.842857122421264,3,0.28641816065538417,-0.06430227817418432,-0.11716108222966021,0.031060705311848152,0.05429604789710973,0.038062310692099505
-1.265306115150452,0.865306138992309,3,0.10929763200001595,-0.07962477650903148,-0.02344760481197608,-0.011912496790034796,0.13100848315905145,0.02506424740960501
-1.265306115150452,0.887755095958709,3,0.19984905904775715,-0.09006371350764865,-0.10057877231770934,0.021411544577214624,0.1541984106174894,0.03696330568342064
-1.265306115150452,0.910204052925109,3,0.17418704454393322,-0.08302261908105256,-0.08698037905125196,-0.009307772261092192,0.12192157615601562,0.023359570061310425
-1.265306115150452,0.932653069496154,3,0.3736364840335386,-0.03132288352847911,-0.054751165746046604,0.04716581441836685,0.15985302939927146,0.09891625571533025
-1.265306115150452,0.955102026462554,3,0.46319991052411247,-0.048538699657295716,-0.11826867023110295,0.0515325255737179,0.18064633884543066,0.10571428101097247
-1.265306115150452,0.977551043033599,3,0.3961756482510115,-0.04409699137655851,0.042664712183375114,0.0697811559821294,0.09735505200577745,0.11237591540914697
-1.265306115150452,1.0,3,0.40515930856869303,-0.19864722008436755,-0.029561662451137154,0.012726362245788608,0.1086662313958801,0.059668603934971406
-1.040816307067872,-0.100000001490117,3,0.1009447476145276,-0.0886516409113756,0.038039536403831335,-0.026398477280259486,0.31615212583871366,0.0680172583330875
-1.040816307067872,-0.077551022171975,3,0.05871923656701936,0.05234627630830477,-0.02175350518995996,0.010530436673195207,0.36484817198347647,0.09293812326840717
-1.040816307067872,-0.055102042853833,3,0.122743968653495,-0.033339961558587164,0.041538657407319386,-0.10720656316310151,0.32052788079103506,0.06885279642603215
-1.040816307067872,-0.032653063535691,3,0.18160312957828126,0.013209922439662227,0.0021500568486867064,0.025103865596866868,0.25445522344229926,0.09530443958115926
-1.040816307067872,-0.010204084217549,3,0.28578748785201014,-0.032707791600824127,0.002327061892597617,0.0014266101274895946,0.26819543869495566,0.10500576139324576
-1.040816307067872,0.012244895100593,3,0.23791480035450754,-0.08007039679241262,-0.033334396976485166,-0.134084254235774,0.25702677589333905,0.04949050564863496
-1.040816307067872,0.034693874418735,3,0.27471347923425726,-0.05202368301269811,-0.09090998631171428,-0.09082102809658826,0.27347275952525035,0.06288630826770139
-1.040816307067872,0.057142853736877,3,0.42823901029193023,-0.005152912870888336,0.13209188497761906,-0.09061949009102448,0.32281277590544555,0.1574742536426164
-1.040816307067872,0.079591833055019,3,0.2428569663997234,-0.05836783612196908,-0.13779532186276824,-0.09712851747841511,0.31213414539394807,0.052339887266103814
-1.040816307067872,0.102040812373161,3,0.6350481888419881,-0.08036505432362441,0.11572916385437493,-0.08476602830448061,0.3544995948736997,0.18802917298839153
-1.040816307067872,0.124489791691303,3,0.32129791908880406,0.017328791146872097,0.0723221935996406,-0.007185167629718064,0.2707030582497542,0.13489335889107057
-1.040816307067872,0.146938771009445,3,0.29942180085871567,-0.038208292039890894,0.036376811965785086,0.010377759049669621,0.19457363574069506,0.1005083431149949
-1.040816307067872,0.169387757778167,3,0.7046584294381382,-0.008650246471259638,0.12278598342980795,-0.022846833918697365,0.2606318120688322,0.21131582890936426
-1.040816307067872,0.191836729645729,3,0.30163161991232196,-0.09296467059016249,0.01861653056391736,-0.08018050420026472,0.07870175049147397,0.04516094523545722
-1.040816307067872,0.21428570151329,3,0.3701693586594394,-0.009588936814807386,-0.018334889696054412,-0.017973444447554835,0.14318494569854376,0.09349140667991332
-1.040816307067872,0.236734688282012,3,0.44655794554432465,-0.13905497684542692,-0.0627443399028745,-0.09127126002090717,0.18587460237511644,0.0678723942300465
-1.040816307067872,0.259183675050735,3,0.33662852936884424,-0.04233805460368987,0.06020092476550918,-0.05645695281658919,0.1408418733156416,0.0877752640059432
-1.040816307067872,0.281632661819458,3,0.4066448565770897,-0.026864057428785715,-0.10935378342794809,-0.011535216686954425,0.17248643835117095,0.08627564747691448
-1.040816307067872,0.304081618785858,3,0.6284246562425404,-0.06888604332978317,0.017173282435904616,0.02886307531202867,0.11866377114589399,0.14484774836131692
-1.040816307067872,0.32653060555458,3,0.1356334515825222,-0.07432562275144312,0.10848101817273477,0.006568001895821754,0.11102434074217997,0.057476237928363115
-1.040816307067872,0.348979592323303,3,0.40077868128338895,-0.06293259535347799,-0.04954797038568085,-0.12113294221418884,0.0765854703770764,0.048750128741423523
-1.040816307067872,0.371428549289703,3,0.38281456605190384,-0.035882738493599305,0.01711917400098262,0.006313995907650989,0.13597800489784442,0.10126860047295652
-1.040816307067872,0.393877536058425,3,0.41551592798230974,-0.12439197341279797,-0.0037695018854494535,0.03706791185638552,0.07678205270773199,0.08024088344963597
-1.040816307067872,0.416326522827148,3,0.33429506778022255,-0.10733353879889422,-0.04219371295529606,0.023319390618892637,0.09527330441295455,0.06067210221157589
-1.040816307067872,0.438775509595871,3,0.36995977852372103,-0.04930680306920946,-0.01359268162065752,0.05145977322589466,0.21329040059247903,0.11436209353044555
-1.040816307067872,0.461224496364593,3,0.18617206717825538,-0.15314769776937912,-0.049629075920905034,-0.01114693466983054,0.10990365762205323,0.016430403288038783
-1.040816307067872,0.483673483133316,3,0.45464899276171544,-0.12019601531832669,-0.053812940508745556,-0.015138911795041914,0.09476834040314808,0.07205389310854987
-1.040816307067872,0.506122469902038,3,0.3725364821781923,-0.0961885835665466,-0.011643043356773667,0.006678398173640594,0.21857646824257104,0.09799194433421674
-1.040816307067872,0.528571426868438,3,0.3525008846472874,-0.02132686971955519,-0.0754817660333169,-0.01095264898426144,0.16574149880108976,0.08209621974224873
-1.040816307067872,0.551020383834838,3,0.4449802598876551,-0.13128707139749338,-0.059816353625038295,0.001958868541865569,0.07522739711251795,0.06621262010390139
-1.040816307067872,0.573469400405883,3,0.29655356019679263,-0.11143633479398198,-0.0823253834177668,-0.025911946670972522,0.18124457256369156,0.051624893575552576
-1.040816307067872,0.595918357372283,3,0.2178838168263154,-0.08097364490722547,-0.048195911232073806,-0.03562923576591332,0.11310386304162522,0.033237777592545606
-1.040816307067872,0.618367373943328,3,0.368044666605011,-0.06017852599923202,-0.01147373425269331,-0.05354056048029318,0.10590997200815654,0.0697523635761898
-1.040816307067872,0.640816330909729,3,0.40628699620933917,-0.1056502044793071,-0.06555733283782314,-0.04702726330088649,0.18274492509675166,0.07415942413761481
-1.040816307067872,0.663265287876129,3,0.2450292202314813,-0.14953360167554322,-0.13993339936370025,-0.05036184745575447,0.11232458940090433,0.0035049922274775352
-1.040816307067872,0.685714304447174,3,0.3937755169295771,-0.11546821069712154,0.08553381627384976,-0.022311436976049943,0.15612549740633166,0.0995310365873174
-1.040816307067872,0.708163261413574,3,0.34838090283741935,-0.11465841027235786,-0.022216262812975136,0.033759707450241046,0.1909605323361041,0.08724529390768629
-1.040816307067872,0.730612277984619,3,0.18749117955452502,-0.19190640160953287,-0.054615041702362865,-0.02693092438709538,0.09853288153288685,0.0025143386776841498
-1.040816307067872,0.753061234951019,3,0.4711858930326391,-0.08712159463840585,-0.05004417576618195,0.041339074107414574,0.1679131862274196,0.10865447659257707
-1.040816307067872,0.775510191917419,3,0.4407008878457568,-0.07840520780092562,0.037025434560474094,-0.014157226841425214,0.1437457853270819,0.10578193461819238
-1.040816307067872,0.797959208488464,3,0.16910070218631001,-0.04625313192659261,-0.026379750424779396,-0.021964361356698128,0.21973626185362313,0.0588479440663726
-1.040816307067872,0.820408165454864,3,0.40705467625503283,-0.06206845339213807,-0.0898849920103455,0.014941322500782082,0.24102864683228453,0.10221424003712318
-1.040816307067872,0.842857122421264,3,0.22238778411755447,-0.12339154273001329,0.03163270458753258,-0.016306255444546957,0.2933902532104355,0.08154258874819245
-1.040816307067872,0.865306138992309,3,0.23251933498222888,-0.09648392615118138,-0.05053522447535647,-0.05083692051187194,0.22378985977002017,0.05169062472276784
-1.040816307067872,0.887755095958709,3,0.4047328042443708,-0.1049832833779306,-0.09308979096279768,-0.07784183364757975,0.14562412707521297,0.05488840466625515
-1.040816307067872,0.910204052925109,3,0.3906862194019209,-0.08596645893961781,-0.1284672295478864,-0.04000503487355906,0.19121044984131644,0.06549158917643481
-1.040816307067872,0.932653069496154,3,0.19607710899882927,-0.1691633088112986,-0.08077080635548044,0.024430394328451593,0.19062747189823873,0.032240172011748114
-1.040816307067872,0.955102026462554,3,0.4059490615310084,-0.08927788938802923,-0.1590143949936775,-0.06411465853157265,0.19533683825452194,0.05777579137445019
-1.040816307067872,0.977551043033599,3,0.44810468975146717,-0.06733532073040886,-0.05652890027853147,-0.009140218840310034,0.214430800748218,0.10590621013008697
-1.040816307067872,1.0,3,0.14876090053842606,-0.19834303662117236,-0.10984015106537097,-0.019786601203910546,0.13862616048350299,-0.00811654557370497
-0.816326498985291,-0.100000001490117,3,0.05327772902224869,-0.0426703061539337,-0.022962345831338368,-0.044346169890898984,0.30006969629705144,0.04867372068862581
-0.816326498985291,-0.077551022171975,3,0.07598028333827657,-0.034406833567903417,-0.011948658381020107,-0.07294424162431325,0.31183655104468333,0.053703420161944626
-0.816326498985291,-0.055102042853833,3,0.06694102009977664,0.03510237423151377,0.044476963483598926,0.005672430598039847,0.31555688505332513,0.09354993469325086
-0.816326498985291,-0.032653063535691,3,0.08972701083645566,0.019433860286349896,-0.07566289648467812,-0.04482353056051958,0.39903872062219836,0.07754263293996125
-0.816326498985291,-0.010204084217549,3,0.09839886641819352,-0.005235521534679997,0.051260936266885375,-0.006605429853657595,0.27501633138866316,0.08256703653708089
-0.816326498985291,0.012244895100593,3,0.3439252250546327,0.05355679266077187,-0.05901711153242025,-0.024018908837736164,0.2729171079408752,0.11747262105722467
-0.816326498985291,0.034693874418735,3,0.10520877521587724,-0.01640231965122595,-0.0005661754394554602,-0.055692985900844504,0.3307005071660562,0.0726495602780815
-0.816326498985291,0.057142853736877,3,0.49648212904684635,-0.1055342303212244,-0.03950804740335929,-0.1458191452645893,0.29375823930742134,0.09987578907301894
-0.816326498985291,0.079591833055019,3,0.1578015703599299,0.01350823821139934,0.0324371980317798,-0.04560868205815399,0.26589599153755045,0.0848068632165011
-0.816326498985291,0.102040812373161,3,0.3915665991712332,-0.020527547103324634,0.004297370263118068,-0.020784294048310857,0.30640538686293867,0.13219150302913088
-0.816326498985291,0.124489791691303,3,0.5730584765608029,-0.11029934247057359,-0.053880367606786383,-0.11782509420761507,0.28564184916866847,0.11533910428889926
-0.816326498985291,0.146938771009445,3,0.22731126970428872,-0.06634923938533156,-0.10265133829743474,-0.10283616647246545,0.24508235066801956,0.040111375243415306
-0.816326498985291,0.169387757778167,3,0.5731674070840214,-0.0624778777232383,-0.09973745155089923,0.011483695929354833,0.17659674746268653,0.11980650424038504
-0.816326498985291,0.191836729645729,3,0.3869019038784491,-0.0882214398127515,-0.018785903404519824,-0.10150308296708709,0.11492566939571408,0.058663429417960954
-0.816326498985291,0.21428570151329,3,0.5425813009854213,-0.17828098965623174,-0.1640243623647353,-0.16470381245798277,0.10891096903914509,0.028896621109123322
-0.816326498985291,0.236734688282012,3,0.5998633509285941,-0.00046122508664187917,0.03089916681762762,-0.04656713027129211,0.1812677808219669,0.15300038864205093
-0.816326498985291,0.259183675050735,3,0.14885365801362588,-0.06948866159678883,-0.04816105273240384,-0.0333361294718009,-0.027801205275910398,-0.005986678212655619
-0.816326498985291,0.281632661819458,3,0.2426397813910599,0.016096663102446094,-0.000619118181977509,-0.07391262315531823,0.1746002477738842,0.07176099018601889
-0.816326498985291,0.304081618785858,3,0.31296773634089914,-0.11521909696294864,0.0031883339125012102,-0.056803812603993455,0.22756123587624097,0.07433887931253984
-0.816326498985291,0.32653060555458,3,0.22398195325370898,-0.12833648161915578,0.004986934667053036,-0.08195602687601423,0.051533165038363325,0.014041908892791066
-0.816326498985291,0.348979592323303,3,0.3612540092182343,-0.0049692337040923825,0.05841713094419717,-0.08344319567549985,0.1849016344194795,0.10323206904046374
-0.816326498985291,0.371428549289703,3,0.40129943329784173,-0.18616295428458707,-0.15085309883365738,-0.07259826367209597,0.14269672846535306,0.026876368994570875
-0.816326498985291,0.393877536058425,3,0.3641007147204762,-0.11431265999384782,-0.02167663218095157,-0.013163315013487026,0.29714326297231003,0.10241827410089996
-0.816326498985291,0.416326522827148,3,0.3287432441970265,-0.20194212136625364,0.0015200133169105585,-0.09688618015379029,0.04403424500800813,0.015093840200380255
-0.816326498985291,0.438775509595871,3,0.1974459704099082,-0.049822574960430986,0.034182070729793505,-0.008269746424585894,0.09923941615659254,0.05455502718225547
-0.816326498985291,0.461224496364593,3,0.36866152812086544,-0.1261265873952792,0.08296798605475007,0.0901567763753542,0.18533631044956378,0.12019920272105086
-0.816326498985291,0.483673483133316,3,0.3101546862098009,-0.06819012506823699,0.013042031778354474,-0.050576782780999474,0.22494391553979795,0.08587474513574338
-0.816326498985291,0.506122469902038,3,0.46418533834798303,-0.16327027341439818,-0.08028969398313647,0.06058769579515951,0.19735897914429476,0.09571440917798053
-0.816326498985291,0.528571426868438,3,0.28618042115860104,-0.124892379047426,0.0026419819151400925,-0.0056372833561851065,0.2013068028236776,0.07191990869876153
-0.816326498985291,0.551020383834838,3,0.2761880874862614,-0.07006401928798363,0.03837846849520877,-0.07167769609757596,0.08169616186046237,0.05090420049127459
-0.816326498985291,0.573469400405883,3,0.38358561234074884,-0.17562762371942334,0.010200076311690917,0.02437070410836804,0.052306235325722594,0.05896700087342142
-0.816326498985291,0.595918357372283,3,0.20125471882472357,-0.07148269973008418,0.014209796187871299,-0.024273312745514503,0.04352458329652043,0.03264661716670332
-0.816326498985291,0.618367373943328,3,0.18487051435761845,-0.12213984573415759,0.02548467881983395,0.027995941076267086,0.13594993638648695,0.050432244981209774
-0.816326498985291,0.640816330909729,3,0.36951905635703963,-0.07316784863526622,-0.11158224977942194,0.06204711755398421,0.18861383086504127,0.08708598127227539
-0.816326498985291,0.663265287876129,3,0.34672876091474647,-0.09238411909757656,-0.07457395317707471,-0.011738815895831476,0.15840894389571206,0.06528816332799517
-0.816326498985291,0.685714304447174,3,0.2940694547981885,-0.110561817976348,0.009774910731391558,0.03949999674086191,0.21054046863867648,0.08866460258655409
-0.816326498985291,0.708163261413574,3,0.43419504772628237,-0.10939872066524403,-0.07904607360764271,-0.026391079625622815,0.07414150769308882,0.058700136304172326
-0.816326498985291,0.730612277984619,3,0.2616873196657556,-0.06127909061935355,-0.06948038895253711,-0.04641927629199689,0.1640997131768597,0.04972165539574555
-0.816326498985291,0.753061234951019,3,0.3881704128131016,-0.12600137208867487,-0.011264864992637943,-0.02536932304992991,0.1260161888317086,0.07031020830271348
-0.816326498985291,0.775510191917419,3,0.31628883373373945,-0.06597326643072768,-0.0637631667887557,0.05203066939035441,0.15612250547224735,0.07894111507537156
-0.816326498985291,0.797959208488464,3,0.3156374213490796,-0.004807924266081708,-0.014840941712692422,-0.06840747745110444,0.22214746296090157,0.08994570817602052
-0.816326498985291,0.820408165454864,3,0.1642664708946603,-0.023114333667726538,0.007254630393284445,0.056111898397709685,0.2001596424076486,0.0809356616851153
-0.816326498985291,0.842857122421264,3,0.3166487708146253,-0.20806574817870627,-0.01960436932669758,-0.0006437186083802608,0.16843952200811652,0.05135489134179154
-0.816326498985291,0.865306138992309,3,0.3812654516961323,-0.04863553828450758,-0.1077199916770772,0.043283546327114945,0.16083360103888408,0.08580541382010931
-0.816326498985291,0.887755095958709,3,0.4696341311279018,-0.07868082662292193,-0.004326322590101741,-0.04845192744180621,0.2515965320910912,0.11795431731283261
-0.816326498985291,0.910204052925109,3,0.32353394903627986,-0.06038051335627692,-0.05245320724309436,-0.0047679121247086315,-0.0015828255157804862,0.04086989815928389
-0.816326498985291,0.932653069496154,3,0.5794858421039871,0.0021157430468493332,-0.031684320619370765,0.037882529179837594,0.2060334220625212,0.1587666431547649
-0.816326498985291,0.955102026462554,3,0.32467855021283865,-0.08575461877154429,-0.049609662358556295,0.005886151242085552,0.16954298552501204,0.07294868116996714
-0.816326498985291,0.977551043033599,3,0.3775738925105896,-0.1297214688729316,-0.06457929972978656,-0.011390655444809106,0.09176634082075001,0.052729761856762467
-0.816326498985291,1.0,3,0.4527556338197492,-0.08968858553961323,-0.003243615955183217,0.005894015290865397,0.1410761649592179,0.10135872251500722
-0.59183669090271,-0.100000001490117,3,0.04153176342605514,-0.0002410771352509486,-0.029374323509491058,-0.08872303807977115,0.22733276351504994,0.03010521764331838
-0.59183669090271,-0.077551022171975,3,0.04514393098099454,0.05762892613548946,-0.008222853444135647,0.04496080235571855,0.3551034900068904,0.09892285920699147
-0.59183669090271,-0.055102042853833,3,0.027380587065159112,-0.027483334474931873,0.05988312864361111,-0.04865788642660444,0.2998285049587451,0.0621901999531958
-0.59183669090271,-0.032653063535691,3,0.08862296880481346,0.025442762234435617,0.00795054633384504,0.0013287840437422084,0.4109900782096447,0.1068670279252962
-0.59183669090271,-0.010204084217549,3,0.261537485947434,0.027671771388381904,0.03631156449965623,0.015013521921967365,0.27346487997581076,0.12279984474665004
-0.59183669090271,0.012244895100593,3,0.24999128782415478,-0.03868012649753997,0.09153274076772074,-0.03728980367403825,0.33894983456654826,0.12090078659736911
-0.59183669090271,0.034693874418735,3,0.26330587271324485,-0.09023350679617377,-0.03427394384475905,-0.013792062710032074,0.3124934340365898,0.08749995867977396
-0.59183669090271,0.057142853736877,3,0.2685780441834651,-0.03260520003955616,-0.0008315429561364015,-0.08428598248620772,0.2805765379076482,0.08628637132184261
-0.59183669090271,0.079591833055019,3,0.355047864708075,-0.020349612902557906,0.005044188324117858,-0.02497342459166239,0.38198645240658785,0.13935109358891207
-0.59183669090271,0.102040812373161,3,0.4209860230349367,-0.0956984067201907,-0.023584934816679688,-0.10085250247355655,0.1473536923848111,0.06964077428186419
-0.59183669090271,0.124489791691303,3,0.4140227174409778,-0.027822562717053592,-0.17020775226681809,-0.08441753483211552,0.1362417168142693,0.053563316887851986
-0.59183669090271,0.146938771009445,3,0.34575959564966835,-0.02790834040688503,-0.0011406776060979285,-0.008648091922065478,0.26040188246837115,0.11369287363659822
-0.59183669090271,0.169387757778167,3,0.3506448407789661,0.02180785343901151,0.02611062182440387,-0.008984615278746999,0.2551768735796481,0.12895111486865654
-0.59183669090271,0.191836729645729,3,0.4082997945305486,-0.12586733239415668,-0.010764797675660154,-0.13136278298423895,0.1739340519228638,0.06284778667987133
-0.59183669090271,0.21428570151329,3,0.3803337801525681,0.03749059969737648,0.05959684024873597,0.039281028220600235,0.18750139502654065,0.14084072866916428
-0.59183669090271,0.236734688282012,3,0.45630515525988224,0.04414929072050786,0.12193536778980028,0.06249059438089378,0.1798458433045017,0.17294525029111718
-0.59183669090271,0.259183675050735,3,0.49093816469208534,-0.12096855179037487,0.06082163799199771,-0.049595952344389516,0.2191797602025197,0.12007501175036768
-0.59183669090271,0.281632661819458,3,0.4589932051934316,-0.14726865270768075,-0.07540638790565807,-0.12100392766622055,0.15636640765572732,0.05433612891391991
-0.59183669090271,0.304081618785858,3,0.26993099549554084,-0.07649332342773613,-0.07275802304810908,-0.04518842645238347,0.09519667894893558,0.03413758030324955
-0.59183669090271,0.32653060555458,3,0.4552474185429116,-0.1303944835537433,-0.07730758210873671,-0.09825353045048613,0.09038109873441658,0.04793458423287241
-0.59183669090271,0.348979592323303,3,0.41863071881115094,-0.05626628549902584,0.04838465246791059,0.014728518147139274,0.21492480646170467,0.12808048207777592
-0.59183669090271,0.371428549289703,3,0.4833189561637404,-0.03277432868244632,-0.02694154221853487,0.03531499779831088,0.15115436537581275,0.12201448968737656
-0.59183669090271,0.393877536058425,3,0.24402767747590412,-0.08655576678405358,0.03927978141905836,-0.028189225352119568,0.19698783089177,0.07311005953011188
-0.59183669090271,0.416326522827148,3,0.3294911308151229,-0.1234504694729371,-0.03044544602006814,-0.0365620818229144,0.1380628102182468,0.055419188743490014
-0.59183669090271,0.438775509595871,3,0.39890058472340434,-0.0740082775430705,-0.025208020482861165,-0.03457676009602332,0.13762785091551633,0.08054707550339314
-0.59183669090271,0.461224496364593,3,0.36202264939096446,-0.17149636434882934,-0.09057688943555786,0.037645423477640584,0.10770707988175028,0.04906037979319362
-0.59183669090271,0.483673483133316,3,0.2102914946400296,-0.03337751837207669,0.03876765170560547,-0.010455481792900415,0.19531549359824016,0.08010832795577963
-0.59183669090271,0.506122469902038,3,0.4567673304662961,-0.0965105804658322,-0.06303272878341241,0.014210571785587066,0.18603387392874826,0.09949369338627735
-0.59183669090271,0.528571426868438,3,0.1981975770342904,-0.18665164433125558,-0.06823151415593968,-0.036505819534956144,0.02959467697848382,-0.01271934480187544
-0.59183669090271,0.551020383834838,3,0.19303371587107365,-0.1791275251536608,-0.010113838964342913,-0.002760199334447729,0.1905808052485309,0.03832259153343063
-0.59183669090271,0.573469400405883,3,0.2980568486058032,-0.13047483011549751,0.07844074380158085,0.014226532309649827,0.16187874870967164,0.08442560866224161
-0.59183669090271,0.595918357372283,3,0.32706790402787955,-0.13530319068099034,-0.056735398934717435,0.04209434881491298,0.16748280281900887,0.06892129320921872
-0.59183669090271,0.618367373943328,3,0.1258588054161082,-0.07053033322450004,-0.10576189605196311,-0.025533740502867563,0.13867466319113522,0.01254149976558254
-0.59183669090271,0.640816330909729,3,0.3159928997308706,-0.08309406211091042,-0.048685626589386875,0.02071021510003983,0.17518737190696218,0.07602215960751506
-0.59183669090271,0.663265287876129,3,0.2120652553544837,-0.07601970261887357,-0.018605913022948697,-0.055991992200686645,0.17037226004692085,0.04636398151177913
-0.59183669090271,0.685714304447174,3,0.0964096141749295,-0.1403749564803537,-0.07717376383997787,-0.028432469341408872,0.07827575181060739,-0.01425916473524071
-0.59183669090271,0.708163261413574,3,0.2276046630224174,-0.1303273133955159,-0.008102344799431135,-0.043811614778232165,0.11699865797944692,0.03247240960573703
-0.59183669090271,0.730612277984619,3,0.5019752879385336,-0.09049077892330144,-0.040278269887422356,0.014484589731588643,0.14558052680299047,0.1062542711324778
-0.59183669090271,0.753061234951019,3,0.057409153267158085,-0.022004620519112974,0.05924939397979815,-0.0545047386211149,0.1526430722097318,0.03855845206329203
-0.59183669090271,0.775510191917419,3,0.18639498313934225,-0.07561164166985779,0.039600617701472614,-0.0032239591685692868,0.19798219384245766,0.0690284387689691
-0.59183669090271,0.797959208488464,3,0.3152012234228202,-0.14077901193886116,-0.020057655626409782,-0.004921487094751556,0.19713753814729662,0.06931612138201886
-0.59183669090271,0.820408165454864,3,0.5388856683053898,-0.08537959675083502,0.02478017841617749,-0.009289708934080158,0.23153843217718628,0.14010699464276768
-0.59183669090271,0.842857122421264,3,0.22058645006737762,-0.008738638343000538,-0.051693919360249065,-0.07810312349473393,0.2013986580458913,0.05668988538305708
-0.59183669090271,0.865306138992309,3,0.4728736716450757,-0.1412889631583207,-0.022641129002674926,-0.06547129708532094,0.2113826345913442,0.09097098339802068
-0.59183669090271,0.887755095958709,3,0.27687615652165265,-0.1002712356695149,0.013200475439562034,-0.07824681425534231,0.14606430098661438,0.05152457660459438
-0.59183669090271,0.910204052925109,3,0.3392858932600376,-0.10432530062897176,-0.07044835643567786,-0.042950316514088115,0.20860286884334048,0.06603295770492806
-0.59183669090271,0.932653069496154,3,0.43918978559749355,-0.08739902482268398,-0.042928623723847516,-0.04751965697427917,0.24591565023449802,0.10145162606223619
-0.59183669090271,0.955102026462554,3,0.35023507554321426,-0.07909968877860107,-0.050623206550691885,0.054388867921310736,0.17144714212479983,0.08926963805200637
-0.59183669090271,0.977551043033599,3,0.2771664701434908,-0.09937018518870473,-0.015461480719224707,-0.020426531891095237,0.21360504514823955,0.07110266349854114
-0.59183669090271,1.0,3,0.2562150666334396,-0.053850827089280316,-0.06480422154512631,-0.10158616498959239,0.04451008451196755,0.016096787504281635
-0.36734688282013,-0.100000001490117,3,0.05888330446469273,-0.020379485492359687,-0.02444486303632497,0.006505653377183315,0.3874836386312657,0.08160964958889141
-0.36734688282013,-0.077551022171975,3,0.07687844735313769,-0.026755111867670493,-0.0023439323980149335,0.050359378617702365,0.34080015156211463,0.08778778665345385
-0.36734688282013,-0.055102042853833,3,0.12305382530484404,-0.015879311945047377,0.0020791904010343345,-0.02034915359996468,0.3419031362608844,0.08616153728435014
-0.36734688282013,-0.032653063535691,3,0.03744608343954505,-0.11040274470269394,0.07831448997257483,-0.12659780926661438,0.2931875651524462,0.03438951691905155
-0.36734688282013,-0.010204084217549,3,0.036578446069797835,-0.026177209677690865,-0.0290522581474575,-0.059031627529833285,0.31179237913196883,0.046821945969357
-0.36734688282013,0.012244895100593,3,0.07415004376650546,-0.09111425306645554,0.0783535040870161,-0.0803636355239335,0.38334229113771645,0.07287359008016979
-0.36734688282013,0.034693874418735,3,0.21359325302686302,0.05333206379557672,-0.0030442883769145244,-0.028018924231224363,0.23710753842538387,0.09459392852793695
-0.36734688282013,0.057142853736877,3,0.08730855793390634,0.01671879517993018,0.21718753891056464,0.04735652392016515,0.36965948433752976,0.14764618005641922
-0.36734688282013,0.079591833055019,3,0.26491794460949664,-0.051470881871999614,-0.05529782461860989,-0.08175558918494807,0.3153391999863345,0.07834656978405471
-0.36734688282013,0.102040812373161,3,0.1989193753147358,-0.07441033304275783,0.03255268800947686,-0.08571551065746648,0.38001134845728246,0.09027151361625416
-0.36734688282013,0.124489791691303,3,0.4718588221082725,-0.0768578519320204,-0.0334342490247254,-0.035799886282799835,0.2095526539985042,0.1070638977734462
-0.36734688282013,0.146938771009445,3,0.1104149671176029,0.02921176654094833,-0.023846966219569887,0.028157792851187958,0.26991996823703734,0.08277150570544134
-0.36734688282013,0.169387757778167,3,0.362381461639794,-0.10961895604098508,-0.0016520865832185747,-0.07256109376428695,0.19031182408571912,0.0737722298674045
-0.36734688282013,0.191836729645729,3,0.41568329187793235,-0.061334871193852725,0.04348582973171572,0.007525871495744453,0.15775081575125,0.11262218753255797
-0.36734688282013,0.21428570151329,3,0.2180658623662063,-0.11145355129671747,0.04562743906300228,-0.12094436222369603,0.1444216467190897,0.03514340692557695
-0.36734688282013,0.236734688282012,3,0.5985096367829924,0.009498924752954494,0.12002038993170529,0.011066249778335632,0.2340347583071031,0.19462599191061816
-0.36734688282013,0.259183675050735,3,0.35900102214681046,-0.08821979435289966,0.0022915452444689003,-0.09905682825963731,0.17055778314141815,0.0689147455840321
-0.36734688282013,0.281632661819458,3,0.23117011419432512,-0.04038789243694009,-0.1247705068828399,-0.0019746424500385273,0.04045929638166467,0.02089927376123425
-0.36734688282013,0.304081618785858,3,0.35229346625997593,-0.05539951047110303,0.06735863840641391,-0.026679798284919728,0.14676674773801945,0.09686790872967731
-0.36734688282013,0.32653060555458,3,0.26177306481762114,-0.1341316616940552,-0.025977415001963627,-0.0660222550055521,0.07824226068486771,0.022776798760183587
-0.36734688282013,0.348979592323303,3,0.36632478323720097,-0.09412317848703693,-0.05317380285192625,-0.03611068814537391,0.11707818090405642,0.05999905893138406
-0.36734688282013,0.371428549289703,3,0.03166028667845208,-0.0738725684649877,-0.06052455067732084,0.020971696988855593,0.10173664905523468,0.0039943027160467635
-0.36734688282013,0.393877536058425,3,0.3657071915142322,-0.07092956557424308,0.07618893698293021,-0.0012370694125012998,0.12994163023441677,0.09993422474896696
-0.36734688282013,0.416326522827148,3,0.2960215646228146,-0.025537284125773625,0.012692293807271831,-0.021191295188864406,0.1552395675617754,0.08344496933544476
-0.36734688282013,0.438775509595871,3,0.2933233834499762,-0.10924229296818204,0.053481123970714896,-0.0702334165926214,0.19503272419001663,0.07247230440998084
-0.36734688282013,0.461224496364593,3,0.23357647519659933,-0.09133831862408802,0.05823965918103485,0.026339770272632946,0.17083669453555414,0.07953085611234664
-0.36734688282013,0.483673483133316,3,0.23526328853205525,-0.16724375887424947,-0.11821046423395924,-0.11073599740480246,0.10319294448561005,-0.011546797499069176
-0.36734688282013,0.506122469902038,3,0.23320043143250413,-0.04665942633979823,0.002179297062601939,0.038937446467995185,0.11528764990980556,0.06858907970662172
-0.36734688282013,0.528571426868438,3,0.2397982995608907,-0.17778805892161964,-0.07437897469606462,-0.10972856698047694,0.2380809232862607,0.02319672444979804
-0.36734688282013,0.551020383834838,3,0.4206788864689696,-0.11044660031631943,0.04777126863934646,-0.017420730947661285,0.17933595710254888,0.10398375618937686
-0.36734688282013,0.573469400405883,3,0.3211321585342884,-0.04386371400970928,-0.015767038249624835,0.07897696744727269,0.15170235274529584,0.09843614529350456
-0.36734688282013,0.595918357372283,3,0.35573376755754865,-0.10669959179195171,0.05649120503783566,0.07115205749158694,0.11426039030651795,0.0981875657203075
-0.36734688282013,0.618367373943328,3,0.14786272536391856,-0.11252148973259178,-0.04388684490420108,-0.012265519070175262,-0.024093243003800818,-0.008980874269370076
-0.36734688282013,0.640816330909729,3,0.1349777602712279,-0.10885884056738983,-0.058099910676695087,0.007598700907423668,0.10014229618135546,0.015152001223184424
-0.36734688282013,0.663265287876129,3,0.18738029746032225,-0.1375131565732562,-0.023416443697133495,-0.0728733991337383,0.055284856223916046,0.0017724308560220614
-0.36734688282013,0.685714304447174,3,0.4489262336840342,0.0042104626813761654,0.08456702928977898,0.056864397502422524,0.27395939563329974,0.17370550375818233
-0.36734688282013,0.708163261413574,3,0.4495561514863686,-0.1452609075845529,-0.028643971383828053,0.036271061908062306,0.12885967753057895,0.08815640239132579
-0.36734688282013,0.730612277984619,3,0.4111397537233002,-0.12962079300618531,-0.07810276076279841,-0.035876143793980034,0.11614167056469742,0.05673634534500678
-0.36734688282013,0.753061234951019,3,0.07957093857096269,-0.08910107804677007,-0.06303995571931181,-0.025709379803280846,0.06963647356697585,-0.005728600286284841
-0.36734688282013,0.775510191917419,3,0.30299366141958756,-0.029657640057938157,-0.05076031941445445,-0.04127959048804618,0.1970967327023513,0.07567856883230002
-0.36734688282013,0.797959208488464,3,0.09506661675516691,-0.06251154928992259,0.051615109316605755,-0.006971990319707601,0.18610776066323842,0.05266118942507618
-0.36734688282013,0.820408165454864,3,0.2908448737330518,-0.018779614566964083,0.024774399901728864,0.03225604954271372,0.22323198082394416,0.11046553788689488
-0.36734688282013,0.842857122421264,3,0.26618687925856477,-0.08539071304530936,0.007918976102352588,-0.01083406048931145,0.1864176059515675,0.0728597375555728
-0.36734688282013,0.865306138992309,3,0.32344992192797045,-0.0868098510550489,-0.023025067217939132,-0.0635122167713202,0.1517553060271772,0.060371618582167885
-0.36734688282013,0.887755095958709,3,0.17623189468072287,-0.1143115916846043,-0.03369421108073379,-0.019375959339279183,0.17961514006670942,0.037693054528563
-0.36734688282013,0.910204052925109,3,0.2528212003154703,0.034210788002985,0.044266240099587906,0.023678393630405997,0.2531142127476759,0.12161816695922503
-0.36734688282013,0.932653069496154,3,0.3716601920096216,-0.08665113098446708,-0.04278544812688545,-0.002598827636620643,0.17296054904111582,0.08251706686055285
-0.36734688282013,0.955102026462554,3,0.4023787904799261,-0.1446206361041353,-0.15436856172472263,-0.044194360006255484,0.12288285592289261,0.03641561771354105
-0.36734688282013,0.977551043033599,3,0.3451785274683922,-0.021722499209172522,0.007357734100341962,-0.0655512119064485,0.2099797046946633,0.09504845102955531
-0.36734688282013,1.0,3,0.47112163501648113,-0.0507040203049594,0.015561912542299971,-0.0018946971546608359,0.18588118541026266,0.1239932031018847
-0.142857104539872,-0.100000001490117,3,0.057355550672496425,0.011461475208605373,-0.03331717355072722,0.008423497899624969,0.3293706368781805,0.07465879742163602
-0.142857104539872,-0.077551022171975,3,0.029746897083695083,-0.08650654554853042,-0.03945213806638718,-0.11417694571010774,0.33640560020511084,0.025203373592756116
-0.142857104539872,-0.055102042853833,3,0.06480644826387567,0.07018524676976254,0.07628139457951241,0.07877178542669865,0.34702106115043324,0.1274131872380565
-0.142857104539872,-0.032653063535691,3,0.06364033791877204,-0.02534398126293602,0.13312706794294368,0.009777067008051416,0.2826834633137035,0.09277679098410692
-0.142857104539872,-0.010204084217549,3,0.1021821859366705,-0.04229329756563847,-0.06756640219339839,-0.03494845058053195,0.33302663430495216,0.05808013398041077
-0.142857104539872,0.012244895100593,3,0.036507595836944635,-0.026849318639328212,-0.036582407728825435,-0.04311161222671056,0.24740789701946553,0.03547443085230919
-0.142857104539872,0.034693874418735,3,0.15604573438833028,-0.005001425474760475,-0.016704081505463052,-0.022954058837013337,0.37053683974300683,0.09638460166282005
-0.142857104539872,0.057142853736877,3,0.13742724883454152,-0.03174760822510043,0.043410768225791756,-0.07347559604894886,0.2832531522097601,0.07177359299920882
-0.142857104539872,0.079591833055019,3,0.13490716304661385,0.03637916027089569,0.0014610684217538118,0.024061255348272494,0.34914465414016976,0.10919066024554111
-0.142857104539872,0.102040812373161,3,0.1857596810681206,-0.029011220278036157,0.08113914918977029,-0.014534432048168455,0.3855082826414282,0.1217722921146229
-0.142857104539872,0.124489791691303,3,0.14682584717602634,0.011843163215471858,0.05324930667854159,0.03925768434645662,0.33554846100497704,0.11734489248429467
-0.142857104539872,0.146938771009445,3,0.21255703382485105,0.007536284491677102,-0.04394662988422634,-0.03802211202650991,0.15416040719902754,0.0584569967209639
-0.142857104539872,0.169387757778167,3,0.3526759934835362,-0.07275529804562923,-0.07547122778575945,0.029722934395711238,0.22391556919192226,0.09161759424795621
-0.142857104539872,0.191836729645729,3,0.11641754868059528,-0.1362137424436136,-0.008471137537718323,-0.09269752289780304,0.23132865096943286,0.02207275935417864
-0.142857104539872,0.21428570151329,3,0.1612067509481492,-0.14386440293287767,-0.0672100814306112,-0.12537020200877866,0.13825275223355113,-0.007397036638113435
-0.142857104539872,0.236734688282012,3,0.3143617979556092,-0.11357179861431428,-0.03876174053118887,-0.0763930640911214,0.19831093592866308,0.056789226129529545
-0.142857104539872,0.259183675050735,3,0.33985680695575143,-0.15748063781920757,-0.04376053948828392,-0.07352039439821358,0.07571434336390993,0.02816191572279126
-0.142857104539872,0.281632661819458,3,0.38164767517230497,-0.04818649564879035,-0.06793865081492308,-0.047103720919782065,0.1381240983905618,0.07130858123587426
-0.142857104539872,0.304081618785858,3,0.29122884886939165,-0.06952786899195956,0.010639696276229493,0.03937183829342116,0.033775554764815224,0.06109761384237959
-0.142857104539872,0.32653060555458,3,0.3958902807174003,-0.14524834940169404,-0.021638117542969158,-0.05613372262436154,-0.11338455408755917,0.011897107412163275
-0.142857104539872,0.348979592323303,3,0.32562236535820666,0.014530330167414738,0.05936583424996678,-0.02171601791059302,0.12497029126359656,0.10055456062571835
-0.142857104539872,0.371428549289703,3,0.49143250928262283,-0.025930842015389574,-0.06754110373573603,-0.11257315199834457,0.21791510829111096,0.10066050396485274
-0.142857104539872,0.393877536058425,3,0.3385063764955502,-0.08126239305174708,-0.05120293987487545,-0.07829292944567114,0.08721842096975281,0.042993307018601865
-0.142857104539872,0.416326522827148,3,0.08228670920671986,0.09125863637276292,0.023369839555353336,0.02753068230333768,0.07165580714543054,0.05922033491672087
-0.142857104539872,0.438775509595871,3,0.5065831623962535,-0.08283891388339217,-0.05623136900314781,-0.006843893517086992,0.2013856563076933,0.11241092846006398
-0.142857104539872,0.461224496364593,3,0.32668269627552365,-0.0655044049769337,-0.0619938247012756,-0.03469583213653773,0.1772758729478721,0.06835290148172975
-0.142857104539872,0.483673483133316,3,0.17675543345799605,-0.039206482470121866,0.014012995914171942,0.052619248114045114,0.09548495106489256,0.05993322921619676
-0.142857104539872,0.506122469902038,3,0.4262227155050349,-0.12271694023351894,-0.013115494211335704,-0.047689437946390155,0.23488320514053881,0.09551680965086579
-0.142857104539872,0.528571426868438,3,0.11472126254522265,-0.16583451254374273,-0.0326849572918735,-0.01986128017895798,0.08858253006329615,-0.0030153914812110828
-0.142857104539872,0.551020383834838,3,0.3154307661151357,-0.10872572600433361,-0.00457197230454461,0.036375383574605485,0.1149519267583385,0.07069207562784029
-0.142857104539872,0.573469400405883,3,0.46477053534601503,-0.09436934348427488,-0.05324612626620634,-0.0004501310093568481,0.1401953112830496,0.0913800491738453
-0.142857104539872,0.595918357372283,3,0.313706226247312,-0.21225909589259961,0.042454147366325024,-0.04684909195299941,0.15237883314464637,0.04988620378253687
-0.142857104539872,0.618367373943328,3,0.28251240569964947,-0.1040858527742909,0.00120262812720906,-0.04797088753390383,0.1253002771938587,0.0513917141425045
-0.142857104539872,0.640816330909729,3,0.3478621616127453,-0.09206162775432886,-0.04759976434581328,0.0023230035052424305,0.04792223301881054,0.051689201207331226
-0.142857104539872,0.663265287876129,3,0.3453038306089445,-0.10294394188569973,-0.01998054297012729,-0.013019756628185997,0.2502190013082796,0.09191571808664221
-0.142857104539872,0.685714304447174,3,0.2628984952275672,-0.1379474581359016,0.03439639255019216,-0.04956786320019974,0.11373959422158497,0.0447038321326486
-0.142857104539872,0.708163261413574,3,0.26883339647822485,-0.12599992335419025,0.027525754868725594,-0.027319567049026754,0.24741158329648769,0.07809024884804423
-0.142857104539872,0.730612277984619,3,0.3408621459902013,-0.10634765033627687,0.011925227551980869,-0.08610340886207378,0.1280251895516529,0.05767230077909689
-0.142857104539872,0.753061234951019,3,0.2866957659028749,-0.15954564569861152,-0.10853869978358954,-0.029785182650618507,0.14620405237230147,0.027006058028471357
-0.142857104539872,0.775510191917419,3,0.3302501503015284,-0.021181486142243494,-0.09040496512646871,-0.04885866102479635,0.20546535695362067,0.0750540789923281
-0.142857104539872,0.797959208488464,3,0.39463441401842764,-0.026071414965803386,0.020664256518888893,0.01650110864814768,0.12233622498518552,0.10561291784096927
-0.142857104539872,0.820408165454864,3,0.18986707762353502,-0.01975261204926472,0.005881548827166526,-0.05638821124690124,0.16191887740764263,0.05630533611243564
-0.142857104539872,0.842857122421264,3,0.42739208419058206,-0.04158442162282599,0.108740572606165,0.02866716430691302,0.19986696493661418,0.14461647288348964
-0.142857104539872,0.865306138992309,3,0.2825074425484236,-0.05014357309994943,-0.04813966141249779,-0.003907603255798947,0.13247631959363013,0.06255858487476151
-0.142857104539872,0.887755095958709,3,0.232078511399152,-0.05499350325512634,-0.026648214225666253,-0.05426606737606737,0.2100486977078612,0.06124388485003065
-0.142857104539872,0.910204052925109,3,0.3089819892809954,-0.09896657647787717,0.013535045129379121,0.007220409826077909,0.13888719946272055,0.07393161344425916
-0.142857104539872,0.932653069496154,3,0.4275213894462125,-0.03622535286235893,0.042161006006669825,0.045702706663135334,0.21841925628704537,0.13951580110814082
-0.142857104539872,0.955102026462554,3,0.26598972077549266,-0.0649676750170871,-0.0077339544409858645,0.0717597710006009,0.23900015256402676,0.10080960297640947
-0.142857104539872,0.977551043033599,3,0.10049677641831667,-0.09132580524708972,0.018717808088457483,0.028790811663401195,0.1848769606768966,0.04831131031999645
-0.142857104539872,1.0,3,0.24682338992468286,-0.002225064355017415,-0.0004677106075715587,0.053075012724897806,0.22617370295967043,0.10467586612933241
0.081632688641548,-0.100000001490117,3,0.13884993889591501,-0.04970119469339049,0.005446576539941535,0.01964681854861863,0.3327686504308142,0.08940215794437978
0.081632688641548,-0.077551022171975,3,0.05839062325491834,-0.0211637973814828,-0.1040790450040401,-0.01842744543870128,0.37958571757817205,0.05886121060177324
0.081632688641548,-0.055102042853833,3,0.08688321224473294,-0.019506061590302874,-0.05463715232873247,-0.012890928395081701,0.3510936479344792,0.07018854357301903
0.081632688641548,-0.032653063535691,3,0.0069500053962417265,0.04615931198563073,-0.08438827870356469,0.014233079343444541,0.4216959119818379,0.08093000600071805
0.081632688641548,-0.010204084217549,3,0.06976541793553569,-0.12560614121771593,0.11304280977127053,-0.133121057448114,0.2993569746883305,0.04468760074586135
0.081632688641548,0.012244895100593,3,0.10777214942217474,-0.005998613655813177,-0.09899215333676648,-0.01622088737181794,0.2885598282737854,0.05502406466631251
0.081632688641548,0.034693874418735,3,0.06386570033800278,0.05372264539475488,-0.04741474873881003,-0.04963523465655375,0.37040412736225514,0.0781884979399298
0.081632688641548,0.057142853736877,3,0.06357522913356872,0.011225799053950975,0.054025058962345114,0.015995322272580922,0.2646233411555506,0.08188895011559927
0.081632688641548,0.079591833055019,3,0.15219140990463992,0.053772990742735734,0.06495534264084163,-0.025222076501341655,0.24924719882961655,0.09898897312329843
0.081632688641548,0.102040812373161,3,0.17365543297656238,0.039426942379825386,0.021318399243193464,-0.00041736722497432804,0.26620669118672013,0.1000380197122654
0.081632688641548,0.124489791691303,3,0.1773234457657994,-0.14731864828374044,-0.026475222616887204,-0.09942802454060595,0.2886625976465546,0.03855282959422408
0.081632688641548,0.146938771009445,3,0.2059323698816724,0.025760835738013393,0.017042409491461987,0.02754212900475567,0.30020056194951295,0.11529566121308328
0.081632688641548,0.169387757778167,3,0.21814531255281197,-0.032175177155039335,0.00718426377943147,-0.06472669748017833,0.24139913659495318,0.07396536765839579
0.081632688641548,0.191836729645729,3,0.16393349816859218,0.015398320232638337,-0.06359584743761251,-0.04591592667663908,0.18805473039138984,0.05157495493567375
0.081632688641548,0.21428570151329,3,0.3062607201120362,-0.005154167833221701,-0.036816545498704334,-0.054905085542235964,0.20089863603625688,0.08205671145482621
0.081632688641548,0.236734688282012,3,0.43796437336525246,-0.04306498930893654,-0.02476655139616236,-0.0021972353074932193,0.1885305142631957,0.11129322232317121
0.081632688641548,0.259183675050735,3,0.25306702469201925,-0.028264313666621414,0.018052575053493735,-0.04602865198849102,0.25482901311119993,0.0903311294403201
0.081632688641548,0.281632661819458,3,0.23820168328645855,-0.07891077633156976,0.017117280018052124,-0.031058350335233808,0.06982190142662656,0.04303434761286674
0.081632688641548,0.304081618785858,3,0.1766367667579328,-0.07423222188557906,0.06084627529816592,-0.010090865136796365,0.09825939695257468,0.0502838703972596
0.081632688641548,0.32653060555458,3,0.1759945691685417,-0.11400902259342732,-0.019542770908013842,-0.052261153388022175,0.10925127690584446,0.019886579836984563
0.081632688641548,0.348979592323303,3,0.3672189445784253,-0.04167067264841356,0.06880500536543165,-0.02220300512323953,0.06050616040506804,0.08653128651545439
0.081632688641548,0.371428549289703,3,0.37986400860154007,-0.029017945398727735,0.09613714708632254,-0.04785498766506837,0.23322185885508454,0.1264700162958302
0.081632688641548,0.393877536058425,3,0.32594197131360675,0.05399212983185677,0.07783008245135177,0.014592479593290296,0.1896359208692698,0.13239851681187506
0.081632688641548,0.416326522827148,3,0.31195827746860777,-0.0813650054177252,0.0026372682464134343,0.01873398708033686,0.19806250795334202,0.09000540706619498
0.081632688641548,0.438775509595871,3,0.49090145843220395,-0.048314092440526146,0.06287610294961693,-0.004204928584767106,0.2593691247578837,0.15212553302288226
0.081632688641548,0.461224496364593,3,0.247245176064404,-0.03439767602440514,-0.04078217597066077,0.08659953389954811,0.247330500566569,0.10119907170709104
0.081632688641548,0.483673483133316,3,0.4450163791336765,-0.09762053521270801,0.10386424403699919,0.039156401665752405,0.20918484015715108,0.1399202659561742
0.081632688641548,0.506122469902038,3,0.3957942903445875,-0.03577241646177109,0.028625785462534147,-0.009768109545371126,0.14179509918399438,0.10413492979679477
0.081632688641548,0.528571426868438,3,0.13800292440851078,-0.07525497328888216,-0.058975429913958564,-0.07918491783820944,0.1127800038270501,0.007473521438902145
0.081632688641548,0.551020383834838,3,0.23722608461372754,-0.0709539829913849,0.11662334139830344,0.02228037374454625,0.07118908864360707,0.07527298108175988
0.081632688641548,0.573469400405883,3,0.18988411022201412,-0.06993486857136509,-0.04043225189734073,0.03019439494661016,0.1472843301953594,0.05139914297905557
0.081632688641548,0.595918357372283,3,0.30500285021924284,-0.01615632180111179,0.006958179517261187,-0.08698829717899807,0.1813348456917685,0.07803025128963254
0.081632688641548,0.618367373943328,3,0.29212190985969333,-0.05713472314481122,-0.04410705830950287,-0.04581227715626993,0.12671676573082089,0.05435692339598604
0.081632688641548,0.640816330909729,3,0.2158838545638367,-0.10071747938019511,-0.0978164265855932,-0.08200179759960771,0.07244857115213786,0.0015593444301157111
0.081632688641548,0.663265287876129,3,0.31120304951988537,-0.10270213212706582,-0.012973395513248978,-0.0757643525141838,0.1142462323468959,0.04680188034245654
0.081632688641548,0.685714304447174,3,0.19294567487306638,-0.08079022178507653,0.027777165341269772,-0.06303882628041664,0.19857537950875911,0.05509383433152042
0.081632688641548,0.708163261413574,3,0.3236581149288249,-0.1299161295459674,0.029085568055650338,0.010369880224290756,0.237769612253072,0.09419340918317412
0.081632688641548,0.730612277984619,3,0.2941780989147123,-0.06599789038303237,0.07246585252745345,-0.05238432335824842,0.2024099354819778,0.09013433463657256
0.081632688641548,0.753061234951019,3,0.05262580038435815,-0.001725833454040972,-0.02161048263499382,0.049349632343600035,0.18676448093587994,0.05308071951496067
0.081632688641548,0.775510191917419,3,0.09835931133862909,0.03870097179283382,0.03556967374686872,-0.017468037723585444,0.2093855602028252,0.07290949587151427
0.081632688641548,0.797959208488464,3,0.23260405370449808,0.018747061782640448,0.027961295007582338,-0.03299053896448035,0.2138941588475948,0.09204320607556707
0.081632688641548,0.820408165454864,3,0.23922951763719758,-0.07314096031647117,0.03627602405675524,-0.0035149570611260014,0.19041919620949807,0.07785376410517074
0.081632688641548,0.842857122421264,3,0.3512842015858788,-0.18691692338159957,0.023038659637657517,0.014834419771231289,0.19735337383716356,0.07991874629006632
0.081632688641548,0.865306138992309,3,0.3349869716005862,-0.09023523089135281,0.030352135050904495,-0.02655131790508643,0.229642413177524,0.09563899420651509
0.081632688641548,0.887755095958709,3,0.4229715381392944,-0.01343970073977091,-0.053915479754920635,-0.010285804554835859,0.13955313139973216,0.09697673689789983
0.081632688641548,0.910204052925109,3,0.23351802060909563,-0.12066174540420188,0.045531276373952524,-0.008109351276488841,0.1028617785788734,0.05062799577624616
0.081632688641548,0.932653069496154,3,0.2539903785086039,-0.016623141745508444,-0.060108444351064216,-0.05336789077235787,0.11649947842416519,0.048078076012767715
0.081632688641548,0.955102026462554,3,0.31409716083901396,-0.036077694975998824,0.020645716654655786,0.020462318168255847,0.1545561929153555,0.09473673872025645
0.081632688641548,0.977551043033599,3,0.04789297818007517,-0.03326706626994419,0.13153727895201686,-0.053967786047997644,0.13060537433280917,0.04456015582939187
0.081632688641548,1.0,3,0.377135733403039,-0.029372968465093147,-0.03651918498542057,0.06712865101106347,0.23688867118500237,0.12305218042971824
0.306122481822967,-0.100000001490117,3,0.04547229522451977,0.024668907619204834,-0.07123529691473122,0.0061961904069879475,0.36555349456454184,0.07413111818010462
0.306122481822967,-0.077551022171975,3,0.09367531680606837,0.07662269145605795,0.08718308762315818,0.03753565220595368,0.31207288619949297,0.12141792685814623
0.306122481822967,-0.055102042853833,3,0.057152782507969575,0.004965766485141253,-0.07268047303638049,0.024961725448350524,0.37602404157204256,0.07808476859542468
0.306122481822967,-0.032653063535691,3,0.06401755805547721,-0.05646994453690355,0.06432208476286777,-0.05538080290815812,0.3573601704025291,0.07476981315516248
0.306122481822967,-0.010204084217549,3,0.08062410786720153,0.061473831628541475,0.02037528496818188,0.057628680282686195,0.3597156497761991,0.11596351090456203
0.306122481822967,0.012244895100593,3,0.11167535375377029,-0.007620624691644241,-0.08515588025312977,-0.0126529120867436,0.28936895410843794,0.05912297816613812
0.306122481822967,0.034693874418735,3,0.16555129330258522,-0.030445240874656183,-0.026008254329491314,-0.06426524232980806,0.33167532198995975,0.07530157555171788
0.306122481822967,0.057142853736877,3,0.12561378674099147,-0.0856449630161722,0.09489912406636068,-0.07041462526020625,0.2854139720830953,0.0699734589228138
0.306122481822967,0.079591833055019,3,0.06562089196489224,-0.03461349456467479,-0.051146669338673366,-0.04186833348375694,0.3242960106440856,0.05245768104437455
0.306122481822967,0.102040812373161,3,0.2070624942725816,0.04611839393750781,0.010287340407716193,0.07523120031459471,0.34143920600803845,0.13602772698808777
0.306122481822967,0.124489791691303,3,0.07222073156001714,-0.03747514559535876,-0.04416776270501325,-0.021647627115668228,0.20444404681684736,0.03467484859216485
0.306122481822967,0.146938771009445,3,0.09443324758597182,-0.007261933397913897,0.02685128076264701,-0.003926516015194541,0.2824366378195892,0.07850654335101992
0.306122481822967,0.169387757778167,3,0.14326989125468295,-0.16162419505681797,0.0289036183903585,-0.05828617191125265,0.2959108003811551,0.04963478861162519
0.306122481822967,0.191836729645729,3,0.12201056540130366,-0.03926208141697999,-0.0323400823908096,0.004002621474334898,0.28574230471960665,0.06803066555749113
0.306122481822967,0.21428570151329,3,0.15087601938618544,0.07019611458218071,0.11280400586213275,0.036078867798086924,0.18919485791233492,0.11182997310818417
0.306122481822967,0.236734688282012,3,0.19251447356034088,-0.11456044113679868,-0.10582646687104634,-0.05015175382809528,0.13794282574550829,0.011983727493981772
0.306122481822967,0.259183675050735,3,0.14427653429636858,-0.036526210115019775,-0.06174399171290599,-0.06613407446478302,0.19011817989872412,0.03399808758047678
0.306122481822967,0.281632661819458,3,0.20478289009101205,-0.05031210205754728,-0.025569734544582695,-0.09821868974550398,0.09230263154248021,0.024596999057171665
0.306122481822967,0.304081618785858,3,0.3198355515937603,0.10070454086384677,-0.010478904947007574,0.024161321939570865,0.23539318016054678,0.13392313792214344
0.306122481822967,0.32653060555458,3,0.27344234092704817,-0.15367711293024264,-0.10032527050363016,-0.15432807241347754,0.142303494791544,0.0014830759742483657
0.306122481822967,0.348979592323303,3,0.23219620265491894,-0.05076714486598058,0.1349392307387208,-0.07491668095560827,0.17742590188617394,0.08377550189164498
0.306122481822967,0.371428549289703,3,0.2165188518251111,-0.054167853543773126,0.03970650262037561,-0.06940519208856132,0.15206771719565704,0.05694400520176186
0.306122481822967,0.393877536058425,3,0.06488772455097588,-0.09547776497705274,-0.034998958636711784,0.0127579545052001,0.08825081710338546,0.007083954509159383
0.306122481822967,0.416326522827148,3,0.4538142084246169,-0.018667319254411202,0.012874195339446101,-0.057760567139256085,0.2834173469613512,0.13473557286634938
0.306122481822967,0.438775509595871,3,0.19851298658168645,-0.04759003368572213,0.11671093748496257,-0.03601062787302633,0.16718622802512598,0.0797618981066053
0.306122481822967,0.461224496364593,3,0.39159345578216814,-0.1022923863861717,0.05912624406927212,-0.10694003228770776,0.20486185900157997,0.08926982803582814
0.306122481822967,0.483673483133316,3,0.3590893297102744,-0.037648560565641004,0.0974543850362918,-0.057955806161678676,0.23901996780217968,0.11999186316428523
0.306122481822967,0.506122469902038,3,0.258781044417626,-0.043680013176502545,0.016914025074617492,-0.01835123790136348,0.12321029916367843,0.06737482351561117
0.306122481822967,0.528571426868438,3,0.30283602310202734,-0.12180830330700958,-0.05618649169537207,-0.03220223073390689,0.17704409784645692,0.05393661904243914
0.306122481822967,0.551020383834838,3,0.1791411930759914,-0.07862926928775409,-0.008686777648807662,-0.10395647687720531,0.1062981644326491,0.018833366738974688
0.306122481822967,0.573469400405883,3,0.22647215304099688,-0.08075504256623493,-0.03290815233588922,-0.02999827873511951,0.10588564332025373,0.037739264544801386
0.306122481822967,0.595918357372283,3,0.4108050357790664,-0.21897721006948836,-0.1304576225489585,-0.009255154854433336,0.14616569864250123,0.03965614938973748
0.306122481822967,0.618367373943328,3,0.14327152217104772,-0.13458738394782796,0.07724651728853328,0.017437749865924963,0.1704520355541778,0.05476408818637115
0.306122481822967,0.640816330909729,3,0.23918738925372277,-0.03481437020471116,0.035849793435540185,-0.08294490109746475,0.04764408707470394,0.040984399692358196
0.306122481822967,0.663265287876129,3,0.28730929969725466,-0.05663384894285046,-0.041172617575554404,-0.011651876345544689,0.14533522030741422,0.06463723542814387
0.306122481822967,0.685714304447174,3,0.17697192334365716,-0.10376991714476934,-0.06819989828611916,0.11327677595841644,0.16901199112523713,0.05745817499928445
0.306122481822967,0.708163261413574,3,0.24514003055340447,-0.0655050813984335,0.04080849085621365,-0.04097069237395264,-0.02026573248061392,0.031841403031323615
0.306122481822967,0.730612277984619,3,0.11458058084487915,-0.11461675286428023,-0.10932358301492535,-0.09863597324939043,0.21229535142583522,0.0008599246284236694
0.306122481822967,0.753061234951019,3,0.3367362151010229,-0.06535949742622182,0.026733509219922666,-0.004572029770832348,0.19714953635015797,0.09813754669480987
0.306122481822967,0.775510191917419,3,0.42874603955233165,-0.12491097823247181,-0.06709831442993357,0.037587706197099995,0.06736522159332155,0.06833793493606956
0.306122481822967,0.797959208488464,3,0.23049533311643758,-0.09536341535407429,-0.07880819955384083,-0.059245444027724935,0.09442225624160246,0.018300106084479996
0.306122481822967,0.820408165454864,3,0.26948858349318966,-0.06704915711351826,0.03328119391625465,0.05327472413507142,0.15762126529577605,0.08932332194535471
0.306122481822967,0.842857122421264,3,0.2171693064938459,-0.11772559555235627,0.031997950574883395,-0.008204107252880587,0.13596931462446385,0.05184137377759126
0.306122481822967,0.865306138992309,3,0.15569000323223003,0.007819701323394454,-0.04067369946655737,0.04547700632217432,0.17999049300361955,0.0696607008829722
0.306122481822967,0.887755095958709,3,0.4452007610615702,-0.0686268613040696,-0.1846635934427662,-0.034969020731572334,0.17645300481218065,0.06667885807906855
0.306122481822967,0.910204052925109,3,0.1917981560733665,-0.0020741316590844904,0.038395041653641236,-0.019282951481281837,0.10495798367309561,0.0627588196519474
0.306122481822967,0.932653069496154,3,0.147903929574614,-0.019992954411751095,0.08820700023495741,-0.08296457143431957,0.0593300726220927,0.0384966953171187
0.306122481822967,0.955102026462554,3,0.2899209852798587,-0.027538333874863586,0.08601866484249203,0.0009782250586340597,0.10307425309967633,0.09049075888115951
0.306122481822967,0.977551043033599,3,0.12297168481524168,-0.07769315240866896,-0.03581381949150672,0.0247448626841985,0.21185140704029967,0.04921219652791283
0.306122481822967,1.0,3,0.26241438600989814,-0.04180721111480706,0.0797937616028875,-0.06356288347276852,0.24780914374416288,0.09692943935387459
0.530612289905548,-0.100000001490117,3,0.06944357729164155,-0.03852800400309508,-0.07943919867722872,-0.05690430375933433,0.31077548363228197,0.04106951089685308
0.530612289905548,-0.077551022171975,3,0.08685431487335597,0.003917604921170925,0.03765081034249307,0.017116470058303798,0.399114936039387,0.10893082724694217
0.530612289905548,-0.055102042853833,3,0.07764317743369666,-0.0373937463637675,0.07363374184859729,-0.022810416920484262,0.3146044771177353,0.0811354466231555
0.530612289905548,-0.032653063535691,3,0.06114684027237283,-0.04110713444052575,-0.07801146040643973,-0.0438717612090066,0.3943812119886522,0.0585075392410106
0.530612289905548,-0.010204084217549,3,0.07340829584553997,0.053172750362392274,-0.026113777710016828,0.009226444037894145,0.42526173602232215,0.10699108971162634
0.530612289905548,0.012244895100593,3,0.06972243069462987,-0.04601748756374916,-0.02892170223413575,-0.046698682063707614,0.33120244385243586,0.055857400537094634
0.530612289905548,0.034693874418735,3,0.10035158088051267,0.034682088334394005,0.0018342220587155497,0.05643348888689876,0.30592964235705383,0.09984620450351496
0.530612289905548,0.057142853736877,3,0.07962798670963638,0.0284934516249986,-0.14788559412108424,-0.007119978378678497,0.3747882295056824,0.06558081906811093
0.530612289905548,0.079591833055019,3,0.12378271579168583,0.04982255713025227,-0.08326503739682341,0.028733415169459767,0.3610686638160576,0.09602846290212642
0.530612289905548,0.102040812373161,3,0.1603601598512622,-0.023054100057411635,-0.10465391111472087,-0.001091235870889486,0.3635015813856912,0.07901249883878628
0.530612289905548,0.124489791691303,3,0.1406205456302428,-0.035702176128059517,-0.02179518874017961,-0.03234422951937051,0.34315738763072057,0.07878726777467074
0.530612289905548,0.146938771009445,3,0.1381946010484454,-0.1147799098573369,0.08011144665701246,-0.011654090262520534,0.3060311926117862,0.07958064803947731
0.530612289905548,0.169387757778167,3,0.20312421085443297,0.027379689528783845,0.10320302864255411,-0.004228561395088902,0.22166493425741787,0.11022866037761998
0.530612289905548,0.191836729645729,3,0.17235402713581796,-0.049901987769068734,-0.012009779832544079,-0.02939821619444689,0.09940300118313843,0.03608940890457933
0.530612289905548,0.21428570151329,3,0.1286284038121784,-0.03386648936398653,0.05571201824316422,-0.00040234744215754403,0.1309867860120568,0.05621167425225106
0.530612289905548,0.236734688282012,3,0.20215542296671338,-0.0073598573723046845,0.003516858775757331,-0.016620321978534695,0.11948651486423456,0.06023572345117319
0.530612289905548,0.259183675050735,3,0.3583584863701796,-0.0021518283504546342,0.02689738287770238,0.0034318496013639363,0.21219174299135704,0.11974552669802967
0.530612289905548,0.281632661819458,3,0.1819054130115382,-0.1127727594283529,-0.07115654431089528,-0.11708076768402427,0.17557268842686558,0.011293606003026266
0.530612289905548,0.304081618785858,3,0.1477050097880528,0.0019649046239914474,0.04919013466173718,-0.08231525041527286,0.1611217309134097,0.05553330591438366
0.530612289905548,0.32653060555458,3,0.22020029792429288,0.004864466018112255,0.01130158250735662,0.04497792107222523,0.20864004975471095,0.09799686345533958
0.530612289905548,0.348979592323303,3,0.2568958191759593,-0.1387203819539302,-0.07455038464707679,-0.05914921184650984,0.11707441018051819,0.020310050181792126
0.530612289905548,0.371428549289703,3,0.22770646495716484,-0.12550669790162913,0.09202421707514863,-0.018694630616944097,0.11881988418487949,0.05886984753972395
0.530612289905548,0.393877536058425,3,0.17208633251727903,-0.13126713900853995,-0.02229882576065308,-0.06924911896012222,0.0868450434501975,0.007223258447632258
0.530612289905548,0.416326522827148,3,0.3014364092233252,-0.03490655567247645,-0.06459789710359,0.037790087319011685,0.21058962100447268,0.09006233295414863
0.530612289905548,0.438775509595871,3,0.3515021012814726,-0.0930964161229244,0.026159637107226786,-0.06593025456124328,0.04274883005456632,0.0522767795518196
0.530612289905548,0.461224496364593,3,0.18657312755854774,-0.0702010316780211,-0.029494366052296845,-0.004856940353630684,0.09611288095052035,0.03562673408502389
0.530612289905548,0.483673483133316,3,0.5161157063273765,-0.09832848410789162,0.06165663203522381,0.07376850990335657,0.1727857925407271,0.14519963133975847
0.530612289905548,0.506122469902038,3,0.21588740054252512,0.004025505531038004,0.06556335979896641,-0.014803538960509302,0.168529955855698,0.08784053655354365
0.530612289905548,0.528571426868438,3,0.08071262300167592,-0.058627110039821524,0.03987321758673116,0.012596483024047785,0.02282375845927331,0.01947579440638133
0.530612289905548,0.551020383834838,3,0.39643567301246696,-0.06084960227199305,-0.11459597266159656,-0.04794926007396775,0.11123182936210024,0.05685453347340197
0.530612289905548,0.573469400405883,3,0.2773090273773153,-0.12280527775680232,-0.11908362421192085,-0.03371713685146253,-0.002682605144636289,-0.00019592331750134572
0.530612289905548,0.595918357372283,3,0.039339734520394104,-0.058306909315537614,0.01977449508126447,-0.049577079979970656,0.0972549874943953,0.009697045560109122
0.530612289905548,0.618367373943328,3,0.1682215615095791,-0.04526617369150926,-0.09947897300461357,0.020740384198474526,0.17547529490050884,0.04393841878248793
0.530612289905548,0.640816330909729,3,0.1747872758854158,-0.08730927446609904,-0.01934310800231021,-0.023974174688864137,0.06741642667586423,0.02231542908080133
0.530612289905548,0.663265287876129,3,0.34146839095762577,-0.015471116848008995,0.1080300172781582,-0.006593446100495258,0.21377894753978435,0.1282425585654128
0.530612289905548,0.685714304447174,3,0.22451971065228046,-0.11062617510914542,-0.05732841815070885,-0.009634598490108325,0.1794248177663904,0.04527106733374166
0.530612289905548,0.708163261413574,3,0.24211404611309092,-0.04877793254939316,-0.04193093123474285,-0.03441378526820945,0.06748095525599788,0.03689447046334867
0.530612289905548,0.730612277984619,3,0.17468419240468921,-0.0735439315466145,0.10666248975320282,-0.07876946735173432,0.15086859803684013,0.055980376259276675
0.530612289905548,0.753061234951019,3,0.36338275614674664,-0.15879854534436436,-0.028937784671482208,-0.050637278524390615,0.19269791548950518,0.06354141261920293
0.530612289905548,0.775510191917419,3,0.12526490664661039,-0.07389303401515546,0.05663217608351115,-0.07260078372758526,0.11663702124032804,0.030408057245541777
0.530612289905548,0.797959208488464,3,0.07427186294686379,-0.061190798161981884,-0.05124779008583288,-0.012558945722045153,0.04127102645236127,-0.0018909289141269714
0.530612289905548,0.820408165454864,3,0.07541060772134396,-0.10778005449922268,-0.019324894278093842,-0.07284873740287018,-0.0368902434655806,-0.032286664384884665
0.530612289905548,0.842857122421264,3,0.167762238790552,-0.08006201819215492,0.022175989482326002,-0.024131652986536134,0.1090836292815257,0.03896563727514253
0.530612289905548,0.865306138992309,3,0.0819143765730299,0.02728893799102162,0.11203042709778721,-0.035869684663027764,0.10524863548798902,0.05812253849736
0.530612289905548,0.887755095958709,3,0.4856521074390217,-0.0755787061193454,-0.08622325445296682,-0.07284556892845405,0.2242573814631391,0.09505239188027889
0.530612289905548,0.910204052925109,3,0.3362221293269197,0.0055676305056143,0.028876761998610532,0.04878233495213983,0.16632959054453547,0.11715568946556398
0.530612289905548,0.932653069496154,3,0.09093511345269951,-0.08140348683343938,0.046469755874046614,0.08289067496095065,0.16504163152471032,0.06078673779579354
0.530612289905548,0.955102026462554,3,0.2622055116542474,-0.012380326333193603,0.08859963475211986,-0.004603548680742961,0.12959305757983788,0.0926828657944537
0.530612289905548,0.977551043033599,3,0.08240436671116415,-0.15577836711740867,-0.06711648448788227,-0.08329515767227787,0.19804583772442472,-0.005147960968395987
0.530612289905548,1.0,3,0.37621790470967564,-0.03917040563373248,-0.00013728830100617992,0.029148171064892547,0.127889245606121,0.09878952548919011
0.755102038383483,-0.100000001490117,3,0.03937038681045092,0.02829634107012395,-0.0043899800691033775,0.014343530481882008,0.372008556471648,0.0899257669530003
0.755102038383483,-0.077551022171975,3,0.07572689153973915,-0.07778069740578787,-0.07075654418536369,-0.07421154222117089,0.3530740729867922,0.04121043614284178
0.755102038383483,-0.055102042853833,3,0.03433608642898988,-0.004681328690232171,-0.04219797163771997,0.018958059903600926,0.4094670549383495,0.08317638018859763
0.755102038383483,-0.032653063535691,3,0.028424234910449236,-0.009558813124526479,-0.05460864762736043,-0.013159920104924158,0.33771024499406144,0.05776141980953993
0.755102038383483,-0.010204084217549,3,0.057173286928468924,-0.008953569050266433,0.032157543948820776,-0.02732751438491897,0.37016342415923315,0.08464263432026749
0.755102038383483,0.012244895100593,3,0.11710863934816475,-0.09368361528483833,-0.01539676740483,-0.04254763206654433,0.37514559888637694,0.0681252446956658
0.755102038383483,0.034693874418735,3,0.06921050925572993,-0.08591847186424689,0.053893430023204646,-0.042790775301007056,0.38847592854863694,0.07657412413246352
0.755102038383483,0.057142853736877,3,0.08616315511395463,0.06603975639326916,-0.042426892308626986,0.0027057834876280406,0.3723369453746989,0.09696374961218475
0.755102038383483,0.079591833055019,3,0.043882888172947714,-0.14383008362730174,-0.0280544126559627,-0.12484961146894953,0.313309678409965,0.012091691766139745
0.755102038383483,0.102040812373161,3,0.13456152480115877,-0.025635093929212052,0.10957352464991053,0.055166275213658106,0.3082361948816486,0.11638048512343277
0.755102038383483,0.124489791691303,3,0.05692890171813806,-0.048689328858785075,0.005187002092162169,0.02731714109817877,0.2844268109141896,0.0650341053927767
0.755102038383483,0.146938771009445,3,0.08982945608896013,-0.007270484696595118,0.002303666834576235,0.04054227434843408,0.277288962494003,0.08053877501387566
0.755102038383483,0.169387757778167,3,0.15402959603676,-0.05098322938788389,0.13837745691996559,-0.015368749525329573,0.26001204293956176,0.09721342339661479
0.755102038383483,0.191836729645729,3,0.11730813002494961,-0.03699423275308052,-0.13669579670652424,-0.09023362255517474,0.252225763668712,0.02112204833577642
0.755102038383483,0.21428570151329,3,0.12116925126002846,-0.04108395004061086,-0.0006187219179989972,-0.05573628583063234,0.22189136608663085,0.049124331911483424
0.755102038383483,0.236734688282012,3,0.139242587948955,-0.010747797793283116,-0.0590857931166644,-0.08051336410381184,0.21949148219348547,0.041677423025736224
0.755102038383483,0.259183675050735,3,0.18847920949689256,-0.017669065786121586,-0.07222098117611651,-0.037727476372957584,0.18967030097403678,0.05010639742714673
0.755102038383483,0.281632661819458,3,0.13935519124916762,-0.1079252837300342,0.006123831751351315,-0.06317862913008891,0.19681405842773306,0.03423783371362578
0.755102038383483,0.304081618785858,3,0.35168221471745587,0.012075336199048698,0.10172951456270317,-0.021941557316523114,0.23521763578989693,0.13575262879051633
0.755102038383483,0.32653060555458,3,0.19949373626175435,0.046386888635850755,-0.0828056654809315,-0.024946174856909073,0.1330851805845945,0.054242793028871805
0.755102038383483,0.348979592323303,3,0.2002915736810067,0.06776012930472412,-0.03328570516769831,0.017476414318366225,0.14795380345561057,0.08003924311840187
0.755102038383483,0.371428549289703,3,0.4241266119967489,0.017849166961713275,0.10086670960789845,-0.05174723647429765,0.23550365729558279,0.14531978187752917
0.755102038383483,0.393877536058425,3,0.33404336561222997,-0.11099098311901888,0.028149290509626616,-0.0765173446524346,0.14155407155857236,0.06324767998179509
0.755102038383483,0.416326522827148,3,0.26449931697685186,0.014211372365260511,-0.13735029181970884,0.046723017381476356,0.21510238349286723,0.08063715967934941
0.755102038383483,0.438775509595871,3,0.3334357830768499,-0.07882608776473543,0.09969874101554142,0.08569530704888305,0.13519106215364526,0.11503896110603684
0.755102038383483,0.461224496364593,3,0.13676451863423988,-0.09079049809160482,-0.05592880277850663,-0.022406380962375017,0.013379153396292793,-0.0037964019603907565
0.755102038383483,0.483673483133316,3,0.2348896181495481,-0.05821862794040894,-0.008614518437380259,0.010592550908349008,-0.04260235346882248,0.027209333842257082
0.755102038383483,0.506122469902038,3,0.2632099435592828,-0.026563025706131504,0.012286939337564607,-0.002567521479161288,0.15280533388889944,0.0798343339200908
0.755102038383483,0.528571426868438,3,0.11739770015776547,-0.14163595201233928,0.0040747221986787265,-0.11053187062824893,0.14464259554354572,0.0027894390518803437
0.755102038383483,0.551020383834838,3,0.3779373676996995,-0.12237486408536082,0.004660181938569155,-0.01574930908526154,0.14887512270059086,0.07866969983364744
0.755102038383483,0.573469400405883,3,0.20291496624279595,0.08828569512184581,-0.00045812194948507967,-0.008482491795494982,0.11707759574085337,0.079867528672103
0.755102038383483,0.595918357372283,3,0.10850579962338762,0.01784242543397319,-0.0795402529314988,0.029900414973627543,0.11283441168640411,0.03790855975717873
0.755102038383483,0.618367373943328,3,0.061387946706516816,-0.05178690496817171,0.08623096746830028,0.03076608568961602,0.10598486495660604,0.04651659197057349
0.755102038383483,0.640816330909729,3,0.16755063005162754,-0.05322574254736893,0.012666185878668234,-0.06056453989677322,0.021442080593063444,0.01757372281584342
0.755102038383483,0.663265287876129,3,0.2515503036902836,-0.08995536900061259,-0.030177022878708756,0.01753383005496861,0.1451947735379346,0.058829303080773096
0.755102038383483,0.685714304447174,3,0.26876501072592746,-0.07011147611102832,0.05133602515450362,-0.09348908506117339,0.09650811008674968,0.05060171695899581
0.755102038383483,0.708163261413574,3,0.44258392767362326,0.007035116326813209,-0.018177722367822637,0.008684421675288873,0.1971937396493054,0.1274638965914416
0.755102038383483,0.730612277984619,3,0.20075059454653243,-0.11740351316123661,-0.04056132426158745,-0.05290311681115748,0.15296238460945386,0.028569004984400948
0.755102038383483,0.753061234951019,3,0.15841542923868293,0.010593911696596382,0.08175213989826542,-0.0685397300048174,0.15960841930242056,0.06836603402622958
0.755102038383483,0.775510191917419,3,0.24937145367981087,-0.023948647104807545,0.12004269408265571,0.02849303908451305,0.07174843785801653,0.08914139552003772
0.755102038383483,0.797959208488464,3,0.07733425600214289,-0.007582724700304878,-0.05992087050388579,-0.08733997354344114,0.2124620629820575,0.026990550047313717
0.755102038383483,0.820408165454864,3,0.16896976983742187,0.03701881328341808,-0.08487858344468775,-0.028534766349279383,0.2185867492337735,0.062232396512129265
0.755102038383483,0.842857122421264,3,0.169231000072842,-0.07837411825777375,-0.0031044985769633493,-0.03429803655390475,0.0805029348272539,0.026791456302290812
0.755102038383483,0.865306138992309,3,0.07942291397357158,-0.11448498667217259,0.01786925327107731,0.0008780285488078446,0.17399154142077133,0.031535350108411096
0.755102038383483,0.887755095958709,3,0.19486639958486396,-0.025276680529602916,-0.05911329409497695,-0.051913468777783765,0.09993368438514473,0.03169932811352901
0.755102038383483,0.910204052925109,3,0.07999535031479854,-0.05004180797307612,-0.05037475533518914,0.057880290380117994,0.1422537172348747,0.035942558924305194
0.755102038383483,0.932653069496154,3,0.31050173848147233,0.005786241738124004,-0.03279995815298057,-0.033446959003024405,0.12982806143326953,0.07597382489937218
0.755102038383483,0.955102026462554,3,0.21017810980942742,-0.03151494009114448,-0.020337094929228982,-0.021625018238515408,0.15757197182037155,0.05885460567418203
0.755102038383483,0.977551043033599,3,0.3395757772133532,0.014404732077493662,0.05591445889897303,-0.039421879196502384,0.2544812864462595,0.1249908750879154
0.755102038383483,1.0,3,0.23134732900579147,-0.05807075077764651,0.027439546969477147,-0.010899241716173689,0.17610089009029764,0.0731835547143492
0.979591846466064,-0.100000001490117,3,0.05349235686240658,0.0073956705553045775,0.10745803016299106,0.018535868398849832,0.369451335551544,0.11126665230621921
0.979591846466064,-0.077551022171975,3,0.09606554784966566,-0.02862282902952222,0.006467889976347232,0.0007757613717970513,0.3711874053338054,0.08917475510041863
0.979591846466064,-0.055102042853833,3,0.03826937725829884,-0.07182732904369381,0.06555270502423562,-0.07436938384806722,0.3728886333630132,0.06610280055075732
0.979591846466064,-0.032653063535691,3,0.04544209558173587,0.03666075012290402,-0.027248839197568372,-0.03388628179794451,0.3962670087208835,0.0834469466860021
0.979591846466064,-0.010204084217549,3,0.050241666605081135,-0.03471664546705635,-0.11934794651758591,-0.09145486068303772,0.37724849932641397,0.03639414265276302
0.979591846466064,0.012244895100593,3,0.08155475412301925,-0.09895144021772921,-0.01896382617658522,-0.02382107335777413,0.2786633109035791,0.043696345054901956
0.979591846466064,0.034693874418735,3,0.052809986955399256,-0.01202937445124462,-0.06359919703049423,-0.020440436920338204,0.34656683809256744,0.06066156332917792
0.979591846466064,0.057142853736877,3,0.07262576198060192,-0.005964105191808257,0.010893111735033795,-0.01669294346933303,0.40258807792009804,0.09268998059491848
0.979591846466064,0.079591833055019,3,0.07432711990103397,-0.09377188565899501,0.05429641682678544,-0.030070226106677377,0.1914926410378662,0.03925481320000264
0.979591846466064,0.102040812373161,3,0.023944427412061,0.03527904965908144,-0.023291918996975646,0.005070192736904987,0.35690713165580296,0.07958177649337494
0.979591846466064,0.124489791691303,3,0.14364787082855826,0.05425055542597242,-0.04611236208543929,0.03746805409179129,0.309222273964385,0.09969527844505355
0.979591846466064,0.146938771009445,3,0.04449080709145007,0.003600236547310627,0.049156111914290264,0.030921030886346096,0.2119473974884636,0.06802311678557213
0.979591846466064,0.169387757778167,3,0.10262723729717294,0.07155548059890908,0.11482967544646493,0.031462259516110896,0.4066115402628178,0.14541723862429512
0.979591846466064,0.191836729645729,3,0.07475635359433491,-0.07292940662678196,-0.07411050896905501,-0.07230767597880548,0.35470997121623477,0.042023746647185445
0.979591846466064,0.21428570151329,3,0.27135956587627197,-0.05199910508455749,0.07226372089527226,-0.030123582497131634,0.21525306159976712,0.09535073215792444
0.979591846466064,0.236734688282012,3,0.1434461872126578,-0.11876641001159555,0.09708446557683602,-0.04012339957998704,0.1794736149553322,0.05222289163064868
0.979591846466064,0.259183675050735,3,0.2136933310135536,0.015112586078443235,0.010371024594460961,0.07354619716643764,0.27553689581988616,0.11765200693455631
0.979591846466064,0.281632661819458,3,0.18012584098673812,-0.05378029728233711,-0.04523238464908392,0.017940635979580788,0.2121385755648988,0.06223847411995933
0.979591846466064,0.304081618785858,3,0.17480031011309327,-0.0920869390914557,0.027078678670069762,-0.11786580856351626,0.21031415511921472,0.04044807924948116
0.979591846466064,0.32653060555458,3,0.20125662990476445,-0.038937239143101515,0.033201670589816386,-0.04478122327214099,0.04704407564765086,0.03955678274539784
0.979591846466064,0.348979592323303,3,0.3402578131848511,-0.09378328913143785,0.014755564424677311,-0.12525823601917727,0.12470348463470686,0.05213506741872402
0.979591846466064,0.371428549289703,3,0.1558398683823222,-0.07206011680752894,-0.07443833728333682,-0.014454705682637658,0.04888513016890445,0.008754367755544645
0.979591846466064,0.393877536058425,3,0.1649747273268722,-0.051301976836630354,-0.0231402374447264,-0.05492258872704311,0.0814783284028146,0.02341765054425739
0.979591846466064,0.416326522827148,3,0.3239341158312372,-0.017070369364258837,0.11259116908466538,0.013266944372211278,0.23770651622904568,0.13408567523058015
0.979591846466064,0.438775509595871,3,0.13276311372521432,0.05811372031517237,-0.051593208919795706,0.0008114079721952804,0.1978338777978533,0.06758578217812791
0.979591846466064,0.461224496364593,3,0.19308096779205894,0.006071988394421408,0.06058629150782785,-0.02027406086526868,0.04292832309358802,0.056478701984525516
0.979591846466064,0.483673483133316,3,0.08282526339732756,-0.05737534224086508,0.04850003580284651,-0.038533259020413956,0.020145193840477263,0.011112378355874458
0.979591846466064,0.506122469902038,3,0.2713962137289699,-0.07068020292064471,-0.06926304293662926,-0.08669109738564966,0.1109539782218833,0.03114316974158591
0.979591846466064,0.528571426868438,3,0.2446338501936165,-0.0654938057952897,0.05702873179311004,-0.007634252991562697,0.11218121591455095,0.06814314782288503
0.979591846466064,0.551020383834838,3,0.03190716930537397,-0.14412656815951486,-0.005024810596208342,-0.05905428668386111,0.06989794794090391,-0.021280109638661285
0.979591846466064,0.573469400405883,3,0.1289986505796822,0.03120843122168353,-0.14464798496217304,-0.06839622125292293,0.13042620586853024,0.015517816290960005
0.979591846466064,0.595918357372283,3,0.1439041029699513,0.007543438698155852,0.042566700223894784,0.04746116539466999,0.03908599318400122,0.056112280094134624
0.979591846466064,0.618367373943328,3,0.06825556943930086,-0.08779594624527481,-0.02959279862548433,-0.07697780701699487,-0.03606684941182867,-0.032435566372056364
0.979591846466064,0.640816330909729,3,0.2582347213568537,-0.06646678000728766,0.019616513178200196,0.05334358233947089,0.09598917642403838,0.07214344265825509
0.979591846466064,0.663265287876129,3,0.2160527967932161,-0.03433896936982548,-0.0196052139675275,-0.002741447530386571,0.22180771224000007,0.07623497563309532
0.979591846466064,0.685714304447174,3,0.08406397648696458,-0.04144893523605,0.04158115951503599,0.010182820199716185,0.08177344083374667,0.03523049235988269
0.979591846466064,0.708163261413574,3,0.14947642530037913,-0.09610470872354178,0.13601755444310573,-0.05685418253923744,0.172892560985214,0.06108552989318392
0.979591846466064,0.730612277984619,3,0.29840858809908216,-0.07116842822006222,0.08293954893915712,-0.03062470568829324,0.10241502129925895,0.07639400488582855
0.979591846466064,0.753061234951019,3,0.11204605793084033,-0.03232745047355478,0.0590308476705197,-0.05818986874030274,0.0741149622536827,0.030934909728237037
0.979591846466064,0.775510191917419,3,0.4051562073596187,0.029478702997898235,0.07216754645173763,0.03729338269736854,0.17125776781028368,0.14307072146338135
0.979591846466064,0.797959208488464,3,0.18310851037373596,-0.0788640565861949,0.013541693149718497,-0.06572943628137111,0.051047693847616,0.02062088090070089
0.979591846466064,0.820408165454864,3,0.2819071963364792,-0.0689692162780955,-0.060025263880951425,-0.03670285713766497,0.015555364268551355,0.026353044661663737
0.979591846466064,0.842857122421264,3,0.3972657388974232,-0.03565126628979518,0.0890827705811168,-0.06139579436316494,0.2477126646055102,0.127402822686218
0.979591846466064,0.865306138992309,3,0.1889196711914142,0.035958859109675216,0.17497557538904251,-0.01149105602044405,0.2877356341794644,0.13521973676983046
0.979591846466064,0.887755095958709,3,0.11812435527943022,-0.08233227745670936,-0.032810420905378716,-0.018311200980281907,0.019791725202899634,0.0008924362279919731
0.979591846466064,0.910204052925109,3,0.1173038022609303,-0.037857427835263566,0.06933014252524151,0.10993975234208664,0.12949555246976743,0.07764236435255248
0.979591846466064,0.932653069496154,3,0.10308822146591246,0.006140835590064457,0.0573880051350005,0.12509808788899754,-0.04359567815131096,0.049623894385732795
0.979591846466064,0.955102026462554,3,0.2426444355968388,-0.06205953830478095,0.06090083629021072,-0.010592860833629751,0.11825911742497779,0.06983039803472332
0.979591846466064,0.977551043033599,3,0.06713318996305809,-0.0006597953843713797,0.06549626209130482,-0.07722124862773329,0.19895361748942808,0.05074040510633726
0.979591846466064,1.0,3,0.3075878819429359,0.037040549006157324,0.1802394588615549,0.07331105540599789,0.24300881711221578,0.16823755246577238
1.204081654548645,-0.100000001490117,3,0.05047947334539721,0.06114989207027516,-0.030129855322809835,0.05227539567406168,0.3622016458534644,0.09919531032407773
1.204081654548645,-0.077551022171975,3,0.09752296762322114,-0.10448100849243595,0.12763094104004102,-0.0787275785363054,0.33730964997740126,0.07585099432238442
1.204081654548645,-0.055102042853833,3,0.09105882114937498,0.02498799309069828,-0.017074158718611208,0.05969902251412986,0.36560996688478103,0.1048563289840746
1.204081654548645,-0.032653063535691,3,0.09949969925073165,0.03796946647859702,0.0027718684158384763,0.09380201857760966,0.37265303113353204,0.12133921677126178
1.204081654548645,-0.010204084217549,3,0.030142002281920637,-0.024927357526589717,-0.10364373625066743,0.031494084657879874,0.31377227272497304,0.04936745317750328
1.204081654548645,0.012244895100593,3,0.09023983599426988,-0.10888184803989219,-0.01435446269855902,-0.07662242070400885,0.35651404803781767,0.0493790305179255
1.204081654548645,0.034693874418735,3,0.017345036367908746,-0.03893015112165705,-0.03738878241587198,0.021943261620183157,0.33996447560335885,0.060586768010784345
1.204081654548645,0.057142853736877,3,0.06226831506038646,-0.0010428499366229905,-0.053066560086931315,-0.0006693029576030305,0.3504180495416729,0.0715815303241804
1.204081654548645,0.079591833055019,3,0.10733147035941704,0.07260619981725823,-0.04870663955212843,0.08822106282476185,0.3517461156253933,0.11423964181494042
1.204081654548645,0.102040812373161,3,0.10280947098489636,-0.060456097801428244,0.040979554989961094,-0.024654489077336916,0.3770758504073018,0.08715085790067882
1.204081654548645,0.124489791691303,3,0.06103908559601332,-0.003921850842703541,-0.023820332175123082,0.01490418599324217,0.3807238783811118,0.08578499339050813
1.204081654548645,0.146938771009445,3,0.11563811649309536,-0.03475876942132431,-0.021878376245014767,-0.0671733493333796,0.3003917696911796,0.05844387823691126
1.204081654548645,0.169387757778167,3,0.12195531346712013,-0.022701383253272995,0.0015577497896233916,-0.046528772912452526,0.29948235235104126,0.07075305188841186
1.204081654548645,0.191836729645729,3,0.1405635901050771,-0.17652266023801697,-0.06777348949456723,-0.06613350876583031,0.20040969072274037,0.006108724465880594
1.204081654548645,0.21428570151329,3,0.1514869412376671,-0.10897147236440023,-0.04970639119288442,-0.08193290840709887,0.16213355689124223,0.014601945232905162
1.204081654548645,0.236734688282012,3,0.14193482251938658,-0.02680032895864234,-0.045881335239922695,-0.022381356073019814,0.2635349639230998,0.062081353234180306
1.204081654548645,0.259183675050735,3,0.18621403445580265,-0.09622678220013918,0.0525133656558286,-0.055443135332981064,0.07886655212569288,0.03318480694084078
1.204081654548645,0.281632661819458,3,0.1665243366003665,-0.02080818790073438,0.011355057789765685,0.007826261740099613,0.057834640559656696,0.04454642175783083
1.204081654548645,0.304081618785858,3,0.07628014272643854,-0.06576869674230058,-0.005107228172568518,-0.048246091752020846,0.1755405629432136,0.026539737800552438
1.204081654548645,0.32653060555458,3,0.22517816523350445,0.07026309741292033,0.05624822322452296,0.039794592143250006,0.16990825254053873,0.1122784661109473
1.204081654548645,0.348979592323303,3,0.2099513613493441,-0.12392988532025499,0.08358481684455658,-0.01290803336664,0.11404236847001843,0.05414812559540483
1.204081654548645,0.371428549289703,3,0.17545300539822586,0.08242188353060943,0.047446219865007,0.0769981090136466,0.27150023891298664,0.1307638913440951
1.204081654548645,0.393877536058425,3,0.386878961354354,0.03188120065031584,0.12955787295380555,-0.0201027163361446,0.2100513604871234,0.14765333582189083
1.204081654548645,0.416326522827148,3,0.22171200809693548,-0.07128389198094458,-0.010863990841930772,-0.0313633950478748,0.049711702222537145,0.031582486489744495
1.204081654548645,0.438775509595871,3,0.3408317880289831,-0.06120910354727568,-0.026317755704255152,0.0034754160125166516,0.09522490981886654,0.0704010509217671
1.204081654548645,0.461224496364593,3,0.24659287061917065,-0.09945247144957199,-0.1068149748444142,-0.006898583379261819,0.1452290163513932,0.03573117145946317
1.204081654548645,0.483673483133316,3,0.22944925963266907,-0.02471977993703903,0.01497218073793144,0.032204732575378356,0.13301858594850194,0.07698499579148836
1.204081654548645,0.506122469902038,3,0.07056369653804924,-0.05038663311488454,0.21935766968901452,-0.07257654806024391,0.05955777390620467,0.04530319179162799
1.204081654548645,0.528571426868438,3,0.11621090212368242,-0.07875975706089239,-0.10673988785136403,-0.07722331300579054,0.03556730773859528,-0.022188949611153853
1.204081654548645,0.551020383834838,3,0.36644369137792693,0.01656717885115093,-0.0067951554910743355,0.04341017834733198,0.16684371953902197,0.1172939225248715
1.204081654548645,0.573469400405883,3,0.24614855220484,-0.11631297783786772,0.03168482472289171,-0.062733219095384,0.04745355056008954,0.02924814611091391
1.204081654548645,0.595918357372283,3,0.0951006842971523,-0.14254823456105178,0.0011966576337616626,-0.0556770101966591,-0.08611824210646091,-0.03760922898665157
1.204081654548645,0.618367373943328,3,0.18172418168496,-0.091513940410347,0.02420491730796685,-0.07610331851178542,0.03146827576414788,0.013956023166988463
1.204081654548645,0.640816330909729,3,0.263786336737959,0.004590016445304923,0.020051385820424903,0.012616795339954611,0.08011647999383777,0.07623220286749624
1.204081654548645,0.663265287876129,3,0.24290202837537264,-0.11586934425015825,0.01962165597111634,-0.012198617969973374,0.07167516079946089,0.04122617658516366
1.204081654548645,0.685714304447174,3,0.11903563622877018,-0.07161271856462789,-0.02705480426777492,-0.08161185343389527,0.09117078478992645,0.005985408950479712
1.204081654548645,0.708163261413574,3,0.316910860559001,-0.12619648605426745,-0.026069783884550456,0.03156595491545583,0.2408830160995431,0.0874187123270364
1.204081654548645,0.730612277984619,3,0.13360204833582526,-0.16447767488272944,-0.09138314256840897,-0.000284079797696767,-0.08221843025179479,-0.040952255832960936
1.204081654548645,0.753061234951019,3,0.2788958035569323,-0.03860299558596415,-0.007295591584032539,-0.05075676844444247,0.22285396360843743,0.08101888231018611
1.204081654548645,0.775510191917419,3,0.1796849408454104,-0.09824739808242651,-0.08065243750940042,-0.06480204563794285,-0.012370345713256028,-0.015277457219523083
1.204081654548645,0.797959208488464,3,0.15164770774516606,-0.109690239890418,0.0319566324075268,-0.10935226976594087,0.023307161378992265,-0.002426201624934748
1.204081654548645,0.820408165454864,3,0.29654136596823283,-0.04004872632773223,0.01595866274778693,0.03510623826989972,0.14343920698744184,0.09019934952912582
1.204081654548645,0.842857122421264,3,0.28008369952204576,-0.1300299671522728,0.1409792135249203,-0.05516760369732832,0.07633916657128628,0.06244090175373025
1.204081654548645,0.865306138992309,3,0.15048185982951823,-0.07185550105509976,-0.07269928460920468,-0.027606269140914585,-0.07548753181434716,-0.019433345358009592
1.204081654548645,0.887755095958709,3,0.4206690162463116,-0.04265046899560324,-0.07309769886810763,-0.03990315169891467,0.2312309873453394,0.0992497368058051
1.204081654548645,0.910204052925109,3,0.20080353226807035,-0.12101746130906073,-0.05489843842340336,-0.003187352241931188,0.028585567892104646,0.010057169637155944
1.204081654548645,0.932653069496154,3,0.09721821608073104,-0.13220668844249628,-0.026481667608594855,-0.06279453974809841,0.1412378772948309,0.003394639515274478
1.204081654548645,0.955102026462554,3,0.11620096634535022,-0.07308356336371132,-0.024966559154942503,-0.05355349526209497,-0.20802824374107573,-0.04868617903529486
1.204081654548645,0.977551043033599,3,0.2873466713918255,-0.013723338317968875,-0.09414808097058865,0.03703883346785731,0.10209749213482013,0.0637223155411891
1.204081654548645,1.0,3,0.21736515477914534,-0.0638753504444424,0.050535743065813134,-0.038736068826422686,0.1795576386386953,0.06896942344255774
1.428571462631225,-0.100000001490117,3,0.07161441017516633,0.009724303654459726,-0.13560427077147527,0.006552099166019371,0.34519160283356953,0.05949562901154794
1.428571462631225,-0.077551022171975,3,0.0502363636068772,-0.08917245318259437,0.00217537184030026,-0.05156759809911716,0.401577258285113,0.06264978849011578
1.428571462631225,-0.055102042853833,3,0.08271736354598953,0.0008135686644026192,0.02188150606652568,0.05894110766887389,0.4051588127039092,0.11390247172994017
1.428571462631225,-0.032653063535691,3,0.10053901442007618,-0.015474749912696595,-0.050764216933773774,-0.02838537738915073,0.4146896058657339,0.08412085521003779
1.428571462631225,-0.010204084217549,3,0.05382355251086368,0.05184422506896528,-0.07410293005115048,0.019881587922823,0.3880470844420673,0.08789870397871376
1.428571462631225,0.012244895100593,3,0.052133810316246365,0.09119226249531039,0.012258033095437618,0.03261169468854447,0.44391885374524004,0.12642293086815576
1.428571462631225,0.034693874418735,3,0.0706036327350569,0.030132059643652124,0.09704340973239738,0.063790821079703,0.3752862374378106,0.12737123212572402
1.428571462631225,0.057142853736877,3,0.025355043890504553,0.009710176813832239,-0.015812566420011664,-0.007212455566966415,0.37838828843730626,0.078085697430933
1.428571462631225,0.079591833055019,3,0.072866256568419,0.05885932129787596,0.047229989365852064,0.06176767979915054,0.32367334886539806,0.11287931917933913
1.428571462631225,0.102040812373161,3,0.09805264616764638,0.02942072513610708,0.02913625064847145,0.02217310596139789,0.33329636436271587,0.10241581845526775
1.428571462631225,0.124489791691303,3,0.10409787498933047,0.04151217589130694,0.020369044724000977,0.08617019450567154,0.3762097547446852,0.12567180897099903
1.428571462631225,0.146938771009445,3,0.07651935136349565,0.00716089651468083,-0.09199401749535151,-0.011596784926674908,0.3588865550227905,0.06779520009578811
1.428571462631225,0.169387757778167,3,0.05373338208509846,-0.007597316444823002,0.06291122196909064,0.008852627552031547,0.30870011544429693,0.08532000612113891
1.428571462631225,0.191836729645729,3,0.0980471303860454,-0.050342138534564644,-0.011810229245157617,0.015726929082441585,0.15850249980012585,0.04202483829777811
1.428571462631225,0.21428570151329,3,0.11849094245393477,-0.1403110704757195,0.0556394946486038,-0.11351327551372503,0.1720503805074567,0.018471294324110144
1.428571462631225,0.236734688282012,3,0.04515985271494091,-0.09183406698668779,-0.016935164126847032,-0.02974507264728522,0.22872814788133913,0.027074739367092
1.428571462631225,0.259183675050735,3,0.3084848824306871,-0.03814006063700868,0.04806018874432036,-0.06002681517373826,0.15274408257202332,0.08222445558725676
1.428571462631225,0.281632661819458,3,0.19824457523241054,-0.025890993391586205,-0.03799975821610543,-0.03564284199528156,0.18688736034710818,0.05711966839530911
1.428571462631225,0.304081618785858,3,0.17331459425201956,-0.07624198667706067,-0.009399156033257952,-0.047269950284140945,0.03755605242875646,0.015591910737263289
1.428571462631225,0.32653060555458,3,0.11281542961018433,-0.1732827743709547,0.018961928701640905,-0.09706740756930561,0.04738067645607028,-0.018238429434472965
1.428571462631225,0.348979592323303,3,0.23897713373635998,-0.05251602676959024,-0.01454067227902552,-0.07813604825968455,0.10725202853626747,0.040207282992865426
1.428571462631225,0.371428549289703,3,0.1383988708116956,-0.018722284546714412,0.09183993800196284,-0.01270561913437504,0.1781719594663553,0.07539657291978485
1.428571462631225,0.393877536058425,3,0.1893612725081578,-0.07389175744523356,0.019980149693796325,-0.02690447050502146,0.17204530278899233,0.05611809940813828
1.428571462631225,0.416326522827148,3,0.30503280800034327,-0.05763762762064036,-0.13397187218154424,-0.08801694655528736,0.17685300300405024,0.040451872929384305
1.428571462631225,0.438775509595871,3,0.10271504364269761,-0.11684580361386364,0.03558733024834803,-0.01885841229152076,0.04440968251217117,0.009401568099566483
1.428571462631225,0.461224496364593,3,0.2680734908338689,0.004041531935759718,0.04936475195997883,-0.04915986099426175,0.11881012314555828,0.0782260073761808
1.428571462631225,0.483673483133316,3,0.2732473020858615,-0.026971171604743757,-0.004468267347689375,0.008207332166719558,0.014669184396122878,0.052936875939254155
1.428571462631225,0.506122469902038,3,0.0537043558584017,-0.061410285803817244,0.008120829925744416,-0.08281639051075615,-0.0525687638086244,-0.026994050867810336
1.428571462631225,0.528571426868438,3,0.34061456056294953,-0.05019998911053782,-0.00943705239359019,-0.08397346500572567,0.1975220505580333,0.07890522092222582
1.428571462631225,0.551020383834838,3,0.08383263518629401,-0.0742596376640679,0.04064704503713492,-0.06256069054076764,0.054224821933957335,0.008376834790510145
1.428571462631225,0.573469400405883,3,0.30296130160406526,0.021911662063746885,-0.1051536935943868,0.007522100169278477,0.16461011775674814,0.07837029759989039
1.428571462631225,0.595918357372283,3,0.11704766470815187,-0.13377594800510037,-0.05610283333201193,-0.047597208848751155,0.07406694129272408,-0.009272276836997504
1.428571462631225,0.618367373943328,3,0.11631595134327892,-0.1250692272039186,-0.044315491384848645,-0.015779874278827658,0.06452481644462797,-0.0008647650159376047
1.428571462631225,0.640816330909729,3,0.2762919493304261,-0.06898650712821798,0.05880381604789545,-0.0516538716086794,0.11221546462281096,0.06533417025284703
1.428571462631225,0.663265287876129,3,0.10139403557832495,-0.030077762707962082,0.09679353141938622,0.004530678910431009,-0.0664730131120022,0.021233494017635583
1.428571462631225,0.685714304447174,3,0.25622665510374865,0.028707370889927683,0.08368299783726048,-0.0034438467711843577,0.16111247371761853,0.1052571301554742
1.428571462631225,0.708163261413574,3,0.24256993817660585,-0.09888204744117557,-0.056105447681707714,-0.05074241116001663,0.03509901253639035,0.014387808886019255
1.428571462631225,0.730612277984619,3,0.12820416764168474,-0.09539890135180844,-0.012406043156778707,-0.007111729179076205,0.0435153357169197,0.01136056593418822
1.428571462631225,0.753061234951019,3,0.3216396825375733,-0.08926880613195576,0.003323755568804441,-0.024668087650325424,0.07809663434633755,0.057824635734086825
1.428571462631225,0.775510191917419,3,0.24820798720523954,-0.0574828490224334,0.034188898641064634,-0.09184022132425158,0.16756624680159318,0.060128012460242485
1.428571462631225,0.797959208488464,3,0.20887295829973182,-0.0648898964177622,0.0913850255538365,0.05529719064999797,-0.004951134496986702,0.05714282871776348
1.428571462631225,0.820408165454864,3,0.11021236443988891,-0.10831667937349289,-0.015315535958902983,-0.09242017154841137,0.011921151292867145,-0.01878377422961024
1.428571462631225,0.842857122421264,3,0.3000605793151154,-0.04941378762609672,-0.02055499197920311,-0.11693846757984755,0.06941343972874356,0.03651335437174232
1.428571462631225,0.865306138992309,3,0.2502532429275596,-0.058265552074209394,0.10767351992949499,0.03623116219247543,0.07298012799084948,0.08177450019323403
1.428571462631225,0.887755095958709,3,0.06264977958484537,-0.12316878131169277,0.010270311657885667,-0.04096315784415312,-0.10293676416410517,-0.03882972241544401
1.428571462631225,0.910204052925109,3,0.16786861639579365,-0.04113066462771516,-0.004542470032766595,-0.128492499646879,0.00204950641004945,-0.0008495023003035329
1.428571462631225,0.932653069496154,3,0.25262241723753126,-0.2054773333286348,-0.06512191203667445,-0.00862409080786766,0.11593303092925156,0.01786642239872118
1.428571462631225,0.955102026462554,3,0.17106029690802757,0.015553474695295897,-0.017305410733882583,-0.04919911715767705,0.038298016335202294,0.03168145200939322
1.428571462631225,0.977551043033599,3,0.11033514380490428,-0.03788617710506798,0.006726055563445521,0.0019663810241365176,0.0713950836988998,0.030507297397263627
1.428571462631225,1.0,3,0.292528032892023,-0.04953891495926973,0.10733646941964355,-0.0614286518451417,0.15775069120601418,0.08932952534265386
1.653061270713806,-0.100000001490117,3,0.037037014207105624,-0.0026894294796474586,-2.5384142366973356e-05,-0.0007224206723526286,0.38676090322394757,0.08407213662733723
1.653061270713806,-0.077551022171975,3,0.05502694329522732,-0.02013772397236414,-0.00955353929064524,-0.011294466168420725,0.3640478047373685,0.07561780372023313
1.653061270713806,-0.055102042853833,3,0.10173125167240625,0.07989410226922518,-0.017299222824536706,0.09319710912033624,0.37580634151593256,0.1266659163506727
1.653061270713806,-0.032653063535691,3,0.04654121969904698,-0.01588148712211246,-0.043196706291112524,0.01290766030543859,0.33897036446969286,0.0678682102121907
1.653061270713806,-0.010204084217549,3,0.08833414951599079,-0.022079310358610427,-0.09325341863100634,0.011915407355402993,0.3647155848317689,0.0699264825427092
1.653061270713806,0.012244895100593,3,0.1301359440494449,0.009963503762241366,0.03739973099852661,0.038744350135510294,0.4560062339413454,0.1344499525774137
1.653061270713806,0.034693874418735,3,0.08095770563320868,0.06798549285074479,0.028314236797098213,0.09562635910061763,0.3968633847960137,0.1339494358355366
1.653061270713806,0.057142853736877,3,0.040560449255719604,-0.007888416707275895,-0.08213468714635835,0.005864138651586942,0.3989841815007497,0.0710771331108844
1.653061270713806,0.079591833055019,3,0.025400980249280388,-0.05875236138298847,0.09836317043491703,-0.05347660617244935,0.30129038543961617,0.06256511371367515
1.653061270713806,0.102040812373161,3,0.07324001749414906,0.04113036944157825,0.008488866819811624,0.04412659571583111,0.3433096874862566,0.10205910739152532
1.653061270713806,0.124489791691303,3,0.07347653703919117,-0.12420143123004783,-0.1163372687861524,-0.07599298920412594,0.29926992094940325,0.01124295375365365
1.653061270713806,0.146938771009445,3,0.05332153258885449,-0.06547507941361513,-0.03281443727438935,-0.015382572061041053,0.2356924160931769,0.035068371986597166
1.653061270713806,0.169387757778167,3,0.062333507316285314,0.04556494563784854,0.14208234381465368,-0.009692353067444518,0.3275494017449215,0.11356756908925289
1.653061270713806,0.191836729645729,3,0.06745420950379051,-0.10332448835045634,-0.052575991250291366,-0.046668354333530476,0.2464470941362391,0.022266493941150288
1.653061270713806,0.21428570151329,3,0.09644856161403859,-0.012896936399687831,0.019116083548081485,0.0030816216260030325,0.2214972415968038,0.06544931439704782
1.653061270713806,0.236734688282012,3,0.0866728181836491,-0.05161491249807165,-0.03398214792749063,0.019082414007966234,0.12305618437978748,0.028642871229168105
1.653061270713806,0.259183675050735,3,0.15669335413779276,-0.06738728161975067,0.02470348811652139,0.00670547986095683,0.1841524705420813,0.060973502207520326
1.653061270713806,0.281632661819458,3,0.03812643318251203,-0.016136282743407795,-0.05046709133329006,0.028617597012611008,0.16577310764134093,0.03318275275195322
1.653061270713806,0.304081618785858,3,0.2970748169038269,-0.0033671282005651774,0.016758806872791247,-0.11097712054404409,0.3382931211577526,0.1075564992379523
1.653061270713806,0.32653060555458,3,0.14313229765659685,-0.04491778766685648,0.07968161556718795,-0.005741485583093977,0.061031789934797964,0.046637285981726465
1.653061270713806,0.348979592323303,3,0.2352735011362634,0.012707821565799965,-0.05077953019070341,-0.06117640121699658,0.13002496291543453,0.05321007084195959
1.653061270713806,0.371428549289703,3,0.2841601066993995,-0.0383594077471004,-0.0681864545950652,-0.07687141555327619,0.2653683455045069,0.07322223486169292
1.653061270713806,0.393877536058425,3,0.2049234250713986,-0.12313492310881076,-0.04306459832907441,-0.05609843879800434,-0.03098512175771,-0.00967193138444018
1.653061270713806,0.416326522827148,3,0.27649693427338407,0.009691005519912926,-0.009616545821964676,-0.0312325568658421,0.18086831080616286,0.08524142958233061
1.653061270713806,0.438775509595871,3,0.08449188805494084,-0.0648605739710144,0.12365714030196438,0.034467218219521416,0.056855538296046504,0.04692224218029175
1.653061270713806,0.461224496364593,3,0.13496789171808996,-0.1265085442749341,0.03238417865053809,0.11990250540867049,-0.04061479569203231,0.024026247162066427
1.653061270713806,0.483673483133316,3,0.2317979770135985,-0.08058662388217322,0.027488614014084988,0.05026318113049699,0.08341586347905845,0.062475802351013146
1.653061270713806,0.506122469902038,3,0.1431296192675501,-0.048692302413628284,0.04776083936699007,-0.04158818086546938,0.05388269352808655,0.03089853377670581
1.653061270713806,0.528571426868438,3,0.32901635672495017,-0.05723287232630184,-0.08074892067605634,-0.12517239162998672,0.1418201843029192,0.04153647127910489
1.653061270713806,0.551020383834838,3,0.08462076499454252,-0.09211310283683867,0.022565093853219486,-0.04908428561321752,-0.07422729070784433,-0.021647764062027702
1.653061270713806,0.573469400405883,3,0.47929993392797937,0.06440927503688983,-0.012026793061597192,0.077546102886966,0.2231027746691148,0.16646625869187054
1.653061270713806,0.595918357372283,3,0.08857087029500467,-0.06958214391269757,0.007898988294677032,-0.13531019717564444,-0.058534955193838493,-0.033391487538499756
1.653061270713806,0.618367373943328,3,0.3097795218011707,-0.008459067009014923,0.07076377336970208,-0.024801807012011578,0.08795816782128431,0.08704811779422611
1.653061270713806,0.640816330909729,3,0.0731583406072691,-0.09445311023262609,0.04859786642272354,0.0074952608645300995,-0.05581478171551135,-0.004203284810722942
1.653061270713806,0.663265287876129,3,0.1548286985476438,-0.16531515325875343,-0.006466243122106259,-0.03205292073650485,0.059751236871764445,0.002149123660408743
1.653061270713806,0.685714304447174,3,0.10750684191995546,-0.008138333123069436,-0.09697701404704151,-0.05913867047644499,-0.014579608840753364,-0.014265356913470768
1.653061270713806,0.708163261413574,3,0.054693316677393,-0.11577994858984379,-0.0834037257100404,-0.07090462055149498,-0.017896168402366006,-0.04665822931527044
1.653061270713806,0.730612277984619,3,0.0968806988585482,-0.09210307424304631,0.0010358077835205676,-0.06750801835798913,-0.05178095532660379,-0.022695108257114092
1.653061270713806,0.753061234951019,3,0.2809968998174706,-0.04718900622529162,-0.029972926484229254,-0.10245508901111748,0.07872069956226667,0.03602011553181979
1.653061270713806,0.775510191917419,3,0.2777785514757975,-0.0698637545315395,0.0226032930648974,0.01860413877732697,0.1961756363768887,0.08905957303267423
1.653061270713806,0.797959208488464,3,0.12850575414662332,-0.06881012173863876,0.034836575781393285,0.037289280765370574,0.19250076719584017,0.06486445123011772
1.653061270713806,0.820408165454864,3,0.13783072741197647,-0.06566551539494521,-0.08883341619385532,-0.044051296652394344,0.036804165695051835,-0.004783067026833314
1.653061270713806,0.842857122421264,3,0.28753991582291266,-0.13976629540322175,0.02830121398001439,-0.057532347394239826,-0.010659698218635064,0.021576557757366086
1.653061270713806,0.865306138992309,3,0.0489471288970944,-0.07758742753811118,-0.0398478916555692,-0.11241709923282599,-0.04484087993137951,-0.045149233892158296
1.653061270713806,0.887755095958709,3,0.14331003145526955,-0.09793635797041796,0.08899400135786507,-0.03162874534426761,-0.04768003062413351,0.011011779774863112
1.653061270713806,0.910204052925109,3,0.10908738376101045,-0.10520452573530127,0.010568370483107367,0.022708499809,0.06339724719939212,0.02011139510344173
1.653061270713806,0.932653069496154,3,0.2523516503641203,-0.11747392874437113,-0.0030837249542318827,-0.030672739548818096,0.05490853424340816,0.031205958272021467
1.653061270713806,0.955102026462554,3,0.05922069382119341,-0.03208933807790753,-0.03627167954298514,-0.11780033524063978,0.01054464017470049,-0.023279203773127706
1.653061270713806,0.977551043033599,3,0.14215259304234215,-0.10451769803391257,0.046151291494074854,0.011518440663999005,0.038260330790272246,0.02671299159135514
1.653061270713806,1.0,3,0.12032304973375568,-0.0926487939890195,0.07130685554845093,-0.03629525529841987,0.14299735770091468,0.041136642739136385
1.877551078796386,-0.100000001490117,3,0.14912323376744954,-0.1002602490184774,-0.04141019863647644,-0.05034055281211872,0.3943794716226436,0.07029834098460411
1.877551078796386,-0.077551022171975,3,0.04361766106642589,0.1142945627599347,-0.06482170386021802,0.08629470738004309,0.36203555864817977,0.10828415719887308
1.877551078796386,-0.055102042853833,3,0.06835320177831003,-0.023866799304716246,-0.010107340912251789,-0.008830917540842718,0.411084040870721,0.08732643697824405
1.877551078796386,-0.032653063535691,3,0.057099894257235696,-0.03664128716403249,-0.062118570433273214,0.00845277508039998,0.35499872006776884,0.06435830636161977
1.877551078796386,-0.010204084217549,3,0.060487032803528296,-0.052167388466428634,0.06975114381111418,-0.05006605323426485,0.3137222937596286,0.06834540573471552
1.877551078796386,0.012244895100593,3,0.08665818084791543,0.029581939352483377,-0.11269382298065063,0.05196337834465611,0.3092187110739834,0.07294567732767754
1.877551078796386,0.034693874418735,3,0.06864229120659285,0.043297895296047446,-0.03528214396593546,0.008742017994592885,0.35332695033555556,0.08774540217337065
1.877551078796386,0.057142853736877,3,0.1123172511982367,-0.03092862773277182,-0.05699084330810788,0.0038328049442550166,0.3717757662599843,0.08000127027231926
1.877551078796386,0.079591833055019,3,0.15888143307060396,-0.02639995233732023,-0.04015076325283581,-0.044279998421788425,0.42946957514191625,0.09550405884011515
1.877551078796386,0.102040812373161,3,0.03510021143840854,0.11059382945913605,0.10106431381470715,0.08204447705191178,0.3610334100727613,0.13796724836738497
1.877551078796386,0.124489791691303,3,0.1089290399596018,-0.01570249503967187,0.055200222179489965,-0.022867793883806133,0.3458056394353728,0.09427292253019731
1.877551078796386,0.146938771009445,3,0.04299757590670897,0.05123820597480332,0.03984827531971014,0.012535671480267047,0.3405899691888137,0.09744193957406064
1.877551078796386,0.169387757778167,3,0.09505391626806654,-0.013618691160218582,-0.09737185450957343,-0.023518161696184633,0.3808010662740269,0.06826925503522335
1.877551078796386,0.191836729645729,3,0.06739933342064626,-0.03134458492400372,-0.05296807086238126,-0.02690237435628651,0.29994213167908074,0.0512252869914111
1.877551078796386,0.21428570151329,3,0.20160146888165845,0.03735531703085364,0.01847745410326894,0.013004387448019102,0.30024481577425965,0.11413668864761198
1.877551078796386,0.236734688282012,3,0.05812523034098318,-0.0863327906161759,0.05793331472011329,0.03040275236219811,0.1568319271241558,0.0433920867862549
1.877551078796386,0.259183675050735,3,0.05172133698189848,0.07423452016233256,0.14300757182713927,-0.006735729755728041,0.1661325235891373,0.08567204456095592
1.877551078796386,0.281632661819458,3,0.09047458534065429,0.12397838154936697,0.03427003820606855,0.04577972419341567,0.2517479778400755,0.1092501414259162
1.877551078796386,0.304081618785858,3,0.47811330242029415,-0.02348975024499624,0.11775577952499272,-0.000359938141830323,0.2715497867237217,0.16871383605643642
1.877551078796386,0.32653060555458,3,0.17420778852860996,-0.04729762557846893,0.05339415291354013,-0.023260167114198885,0.16442514436298303,0.06429385862249307
1.877551078796386,0.348979592323303,3,0.11493408488808997,0.007133562010784936,-0.11807790615860685,0.007645714614815793,0.1511723274821664,0.03256155656745006
1.877551078796386,0.371428549289703,3,0.061377985331548916,-0.05166368476131925,0.04042680579374794,-0.10229981838859492,0.09791872989066554,0.009152003573209644
1.877551078796386,0.393877536058425,3,0.12734119962412715,-0.17766042018855424,0.12400378475599355,-0.029875735358994144,-0.08169198310246284,-0.007576630853978103
1.877551078796386,0.416326522827148,3,0.1431821330631838,-0.054562457308471264,0.07740855140846939,-0.08404976540112112,0.10594023718393329,0.03758373978919882
1.877551078796386,0.438775509595871,3,0.1908247527412309,-0.012058759273785228,-0.0025611069580824563,0.012442852134911773,0.07379534580793039,0.05248861689044108
1.877551078796386,0.461224496364593,3,0.2340534309124643,-0.06665281948108291,-0.017866668998619734,-0.0870104733821359,0.04791802263347036,0.022088298336819225
1.877551078796386,0.483673483133316,3,0.21128835521195977,-0.013433137591773198,-0.013411658158392431,-0.06285092782400604,0.0032869979069869992,0.02497592590895502
1.877551078796386,0.506122469902038,3,0.1647017295439729,-0.09763457588422075,-0.01979801760126489,-0.0735515741928154,0.07902934910230335,0.010549382193595044
1.877551078796386,0.528571426868438,3,0.10571974223484444,0.10303988072481353,-0.0712086575516568,-0.06712021141267635,0.12905967058836085,0.03989808491673713
1.877551078796386,0.551020383834838,3,0.1578002441032949,-0.08561766623374302,-0.0669039707487523,0.019972124331948324,0.07873178493209425,0.02079650327696843
1.877551078796386,0.573469400405883,3,0.22851960517023337,-0.0708759981441512,0.07180810016764617,-0.005319999022868713,0.13314840119811633,0.07145602187379518
1.877551078796386,0.595918357372283,3,0.3188208488409134,-0.1173717004865415,0.04825541070266962,-0.03485587955993149,0.02935805911981751,0.048841347723385505
1.877551078796386,0.618367373943328,3,0.07969124409293431,-0.11146234964720099,-0.037571172518402675,-0.07130774903931685,0.014072197056066537,-0.025315566011183933
1.877551078796386,0.640816330909729,3,0.12445663666463874,-0.049067610007243696,0.05518452007422318,-0.04521724786592949,0.03659297227694242,0.02438985422852623
1.877551078796386,0.663265287876129,3,0.2488734906674289,-0.03191699861643011,-0.011426990552023878,0.011695285728693326,-0.014715602479231779,0.040501836949687293
1.877551078796386,0.685714304447174,3,0.15681854089304428,0.023194598654067453,0.07638974316903961,-0.0625684479374022,-0.03016025094958565,0.032734836765832706
1.877551078796386,0.708163261413574,3,0.16962137278476028,0.006495762028871637,0.049341583727457984,0.04583701146738095,0.02567947687636221,0.059395041376966606
1.877551078796386,0.730612277984619,3,0.2223768336228177,-0.015465865123127845,0.04522479123822687,0.02119600412395962,0.09275143518101277,0.07321663980857782
1.877551078796386,0.753061234951019,3,0.25156157155297204,-0.17599469526733227,-0.030200981638531025,-0.05903961646095657,-0.03323799412299771,-0.009382343187369106
1.877551078796386,0.775510191917419,3,0.11705606010938635,-0.10414585277839894,-0.10627342507502872,0.0019419773540547507,0.004859535272388342,-0.017312341023519643
1.877551078796386,0.797959208488464,3,0.32097876440596695,-0.07728684423180014,0.038751264409586074,-0.027094900363103525,0.11047227998130067,0.07316411284039001
1.877551078796386,0.820408165454864,3,0.11171650410813654,-0.12245715587730106,-0.07225049946991256,-0.08529143558051537,0.151156867370563,-0.003425143889805893
1.877551078796386,0.842857122421264,3,0.153640099815535,-0.1450214648892418,-0.04622171972293678,-0.029467864761595852,0.0883651731241988,0.00425884471319187
1.877551078796386,0.865306138992309,3,0.09798548748230464,-0.024864029308043264,-0.001715487730736635,-0.06428799641558253,-0.05254695156836167,-0.009085795508083893
1.877551078796386,0.887755095958709,3,0.2176170912739267,-0.12646980093536062,-0.11539528014291055,-0.02246201615151246,0.03628179076298688,-0.0020856430385740076
1.877551078796386,0.910204052925109,3,0.07311720737622589,-0.01208084654018972,-0.04381186899390183,-0.034108902724282346,-0.045192343343206785,-0.01241535084507096
1.877551078796386,0.932653069496154,3,0.26491908684351245,-0.005520643565457876,0.005180234727689646,0.012080110865297056,0.13577929515393747,0.08248761680499575
1.877551078796386,0.955102026462554,3,0.15689561714772618,-0.13050830971077118,-0.002703944485644809,-0.02819727562731029,-0.016787130306189835,-0.004260208596437987
1.877551078796386,0.977551043033599,3,0.23615038787870404,-0.10440191450169739,0.023808605690127882,0.00118023508325323,0.00800491359400122,0.0329484455488778
1.877551078796386,1.0,3,0.27291988523396316,-0.05658798359296715,-0.010855520163547927,0.026286804399593675,0.0550394643502874,0.05736053004546583
2.102040767669677,-0.100000001490117,3,0.03658815531458325,0.04237844450270728,-0.0827036905867257,0.0727466340196833,0.3798111621458136,0.08976414107921235
2.102040767669677,-0.077551022171975,3,0.04879720002846271,0.04672532232599589,0.02832654685918513,0.05244999288776547,0.3704135058869196,0.10934251359766578
2.102040767669677,-0.055102042853833,3,0.07706219604045587,-0.03201263271296067,0.007737819592768022,-0.0056548731501339196,0.3829786783505246,0.08602223762413079
2.102040767669677,-0.032653063535691,3,0.0675885930305556,-0.03782465665787636,-0.10464178852513224,-0.02211474289425355,0.3681784050542654,0.054237162001511775
2.102040767669677,-0.010204084217549,3,0.08981326661478102,-0.04896065139767722,-0.03860899156349695,-0.020899436474739467,0.3762644144883239,0.07152172033343826
2.102040767669677,0.012244895100593,3,0.07838205565880194,-0.04858960985980593,0.03557108266001063,-0.030857619929455196,0.34426029599915453,0.07575324090574119
2.102040767669677,0.034693874418735,3,0.09437773246467203,-0.040246130278807406,-0.023881748498418832,0.008660935906866472,0.3688821108706632,0.08155858009299509
2.102040767669677,0.057142853736877,3,0.06843392275005894,-0.006125674563824568,-0.03746470932867898,-0.007724415090003693,0.36169465352242086,0.07576275545799452
2.102040767669677,0.079591833055019,3,0.1375824663011652,0.09765462682001103,-0.054473668513368954,0.11446605397458876,0.4233994155841266,0.14372577883330453
2.102040767669677,0.102040812373161,3,0.040804432609325224,-0.06060964563481316,0.10407444481561173,0.006930412857041493,0.3254017968999977,0.0833202883094326
2.102040767669677,0.124489791691303,3,0.045235132641154696,0.06920876658415019,0.04518926369673595,0.0845040880913751,0.3517953303604818,0.11918651627477954
2.102040767669677,0.146938771009445,3,0.12698298495932456,0.01726187036330162,0.12433898266127393,0.0923863245810596,0.37749297612661054,0.14769262773831407
2.102040767669677,0.169387757778167,3,0.13784584219568385,0.009891689444545082,-0.07636205588129545,-0.018766817042619437,0.30660660268838097,0.071843052280939
2.102040767669677,0.191836729645729,3,0.14918584038312535,0.023182473426890057,0.04102651437948789,0.014308179215612449,0.3452999702909158,0.11460059553920632
2.102040767669677,0.21428570151329,3,0.11040490054568071,0.019203500661606948,0.06338215528668582,-0.04893024361679569,0.23945025995763158,0.07670211456696188
2.102040767669677,0.236734688282012,3,0.24117495314811696,-0.03070809759789805,0.05814217767983978,-0.04435318541779983,0.2165302995762041,0.08815722947769258
2.102040767669677,0.259183675050735,3,0.12333672203054073,0.024198293053518227,-0.052420743238370794,0.0846116895563191,0.3169597077653458,0.09933713383347062
2.102040767669677,0.281632661819458,3,0.32883803016423824,0.08108519472780389,0.02221039230067534,-0.032845042780758664,0.3249986129760601,0.14485743747760377
2.102040767669677,0.304081618785858,3,0.16046203181001067,-0.03385264832108665,-0.03218353731697451,-0.08786107644228162,0.26120878343886317,0.05355471063370622
2.102040767669677,0.32653060555458,3,0.179347838520044,0.016181408685470324,0.10660689904214309,-0.03419967378845082,0.15970325204066577,0.08552794489997448
2.102040767669677,0.348979592323303,3,0.10638694044886128,0.010664903947965229,-0.08239446930928286,-0.09175751386528004,0.09545090058271355,0.00767015236099543
2.102040767669677,0.371428549289703,3,0.21216014842656072,0.1538838042568036,-0.044327701164718146,-0.05724806369833816,0.2942158122706022,0.11173680001818202
2.102040767669677,0.393877536058425,3,0.22816504535184556,-0.08896062211960525,-0.010596989980839347,-0.07835620208923103,0.04568168602645384,0.019186583437724752
2.102040767669677,0.416326522827148,3,0.30383306108184116,-0.004925056133554567,-0.053602350531234855,-0.06327107775482682,0.19043458820635595,0.07449383297371617
2.102040767669677,0.438775509595871,3,0.4184444101928815,-0.0006273537515543345,-0.003647023030361634,0.025905250253156,0.1232360310858962,0.11266226295000355
2.102040767669677,0.461224496364593,3,0.23059907164189683,-0.050393548324457194,0.003996924487846612,-0.04232279348254877,0.15603221739640794,0.059582374343829084
2.102040767669677,0.483673483133316,3,0.33895613518374484,0.04137932072129419,0.06553087954299623,-0.02429314766285129,0.20124670357903476,0.12456397827284375
2.102040767669677,0.506122469902038,3,0.11211616831220718,-0.027125362296890266,0.0489356643854301,-0.0664231157728915,0.06507196180971592,0.026515063287514285
2.102040767669677,0.528571426868438,3,0.2901507581346981,-0.11266650947511038,0.03691914829805929,-0.05466383669403336,0.09266381772253603,0.05048067559722994
2.102040767669677,0.551020383834838,3,0.07057942254103607,0.020897713645184158,0.029033241376234933,-0.028059496312162757,0.13358400249217103,0.04520697674849269
2.102040767669677,0.573469400405883,3,0.3355185994223627,-0.11102011766002053,0.0803113951312225,-0.07666867658568811,-0.01951921531249633,0.04172439699907604
2.102040767669677,0.595918357372283,3,0.20780436279363457,-0.12024110910043957,0.08421365939653053,-0.041113406238166415,0.03970211254248208,0.03407312387880824
2.102040767669677,0.618367373943328,3,0.24712295683454508,-0.1584767922093205,0.06935494573764849,0.012191347974138636,-0.028601741192410365,0.02831814342892026
2.102040767669677,0.640816330909729,3,0.40464953421481836,-0.12550141398965417,-0.026269104761062312,0.06419741131612965,0.04079864567504749,0.07157501449105581
2.102040767669677,0.663265287876129,3,0.24337772609325217,-0.06009885335994657,0.08154783387417237,-0.08627587579927863,0.11649067325598929,0.05900830081283772
2.102040767669677,0.685714304447174,3,0.13295646104127165,-0.15063738913641156,0.04781007531733128,-0.08901643983071551,-0.0185084324384046,-0.015479145009385747
2.102040767669677,0.708163261413574,3,0.12907008787470683,-0.07621829310065371,0.029702253916951905,0.017129086467739262,-0.03998781992267455,0.011939063047213948
2.102040767669677,0.730612277984619,3,0.08729040938800882,-0.1070170574560163,-0.09741919072232182,-0.08338183824556582,0.09909920332538909,-0.02028569474210121
2.102040767669677,0.753061234951019,3,0.2325494812757873,-0.05787440874434263,-0.0281465981713874,-0.01864469814187342,0.08858305570444076,0.043293366384524926
2.102040767669677,0.775510191917419,3,0.25958688480477893,-0.12397840239501501,-0.06754906960108571,0.021576081679471573,-0.0140390885091126,0.015119281195807435
2.102040767669677,0.797959208488464,3,0.3050893796118078,-0.029568018103514688,-0.12075155979101453,-0.07131194054289025,0.11878129515094571,0.04044783126506681
2.102040767669677,0.820408165454864,3,0.2136794147908032,-0.11999094674100992,-0.1140424650829754,-0.10366059398286658,0.03128103787932584,-0.01854671062734457
2.102040767669677,0.842857122421264,3,0.09310880388164285,-0.03045664099253047,0.03169659227876231,-0.017629356664280147,0.11142978571450522,0.03762983684361996
2.102040767669677,0.865306138992309,3,0.08091052137260461,-0.19846548951268042,-0.13349175898235752,-0.11537210446077235,-0.12465322351638913,-0.09821441101991896
2.102040767669677,0.887755095958709,3,0.18522337581447115,-0.02831020377971021,-0.01110339470110372,0.0037628409168197993,0.026328569320137638,0.03518023751412293
2.102040767669677,0.910204052925109,3,0.07531403003157792,-0.16564100003213353,0.04741773785074968,0.014970373075162214,0.02151081770062418,-0.001285608274803906
2.102040767669677,0.932653069496154,3,0.21251731882247019,-0.03318094031368724,0.06629976933080793,-0.026640414711126378,0.09266242480338298,0.06233163158636949
2.102040767669677,0.955102026462554,3,0.3431319196037464,-0.03529662218919552,0.020024748745079656,0.012886416065140793,0.14498257651963492,0.09714580774888124
2.102040767669677,0.977551043033599,3,0.2933272243062752,-0.1176537987189377,-0.010830283436639734,-0.09674525730333998,0.04173570185117453,0.021966717339706465
2.102040767669677,1.0,3,0.2665310573820477,-0.11200216726354417,0.05937588716608907,-0.026586754359032905,0.052524557541819554,0.04796851609347585
2.326530694961548,-0.100000001490117,3,0.06670483097600825,0.04912535751968555,-0.06701620498744003,0.017371702587483228,0.39882333321964275,0.09300180386307595
2.326530694961548,-0.077551022171975,3,0.02976560080234793,0.010450190177532001,-0.0783336690286067,-0.0021961329587897364,0.3909403819832225,0.0701252741951412
2.326530694961548,-0.055102042853833,3,0.07613231079068193,0.020782014718588263,-9.448620650834294e-05,0.06291290167163249,0.3784773253976352,0.1076420132744059
2.326530694961548,-0.032653063535691,3,0.024495213396419257,-0.10796998027536442,0.030125173367918392,-0.07974283138868517,0.3417300893823561,0.041727532896528835
2.326530694961548,-0.010204084217549,3,0.0694206999514395,0.010557785152299997,-0.09371951910642164,0.026280681439768878,0.3919872819306504,0.08090538587354743
2.326530694961548,0.012244895100593,3,0.18325493478009033,0.005799818286710621,0.04730421105762034,-0.0021552526383654355,0.38448595116116596,0.12373793252944436
2.326530694961548,0.034693874418735,3,0.0791589348548218,0.022986162329796837,0.03715346753019567,-0.042404024696371445,0.389202097690229,0.09721932754173437
2.326530694961548,0.057142853736877,3,0.15468783529644609,0.03671136919179251,-0.014495383304728866,0.025029221334545982,0.3861561097042198,0.1176178304444551
2.326530694961548,0.079591833055019,3,0.05602435622862508,-0.06684193359574321,0.09823135381215466,-0.05717817543505573,0.33548896163489567,0.07314491252897529
2.326530694961548,0.102040812373161,3,0.08721806872777345,0.12135315886322524,-0.011214402595234622,0.11380422742294223,0.34639559168524636,0.13151132882079053
2.326530694961548,0.124489791691303,3,0.09425269065835612,-0.02500471562738556,0.10616274190151882,-0.04286927118079229,0.36878135721611754,0.10026456059356292
2.326530694961548,0.146938771009445,3,0.16933116071150867,-0.023667259193170587,-0.11024694449125787,-0.04481671797526343,0.29832203828178633,0.05778445546672062
2.326530694961548,0.169387757778167,3,0.08464940633142899,-0.0026883084468561566,-0.003855413578771017,0.004394765794152167,0.3202906084379887,0.08055821170758853
2.326530694961548,0.191836729645729,3,0.05394826947309306,-0.01973657993938853,-0.001313802685037076,-0.027508652059746504,0.3058420774648053,0.06224626245074525
2.326530694961548,0.21428570151329,3,0.0823297491835827,0.04187127937231433,0.028431362923751133,0.05485969574542724,0.3149247586570458,0.10448336917642424
2.326530694961548,0.236734688282012,3,0.17738965077207366,0.006724117733574221,-0.007607662818793315,0.018090402580877022,0.33211996885774026,0.10534329542509438
2.326530694961548,0.259183675050735,3,0.17215725531454285,-0.06251333547508166,-0.0755246051220246,-0.014309432805768381,0.26236390402788756,0.056434757187911154
2.326530694961548,0.281632661819458,3,0.1337063254571232,-0.05286057558464823,-0.02248849860000768,0.01697794535175917,0.16207471924371078,0.04748198317358744
2.326530694961548,0.304081618785858,3,0.103941258692886,-0.0921437617513516,-0.011738032091522474,-0.017057366712933137,0.19121885432618255,0.03484419049265226
2.326530694961548,0.32653060555458,3,0.1557399040216139,0.05876385424839816,-0.07481555173625731,-0.04668112226052066,0.14987661896771629,0.04857674064819008
2.326530694961548,0.348979592323303,3,0.21563468191652382,-0.04150070422423074,0.054159404485394635,-0.019288551963685972,0.19236115787507493,0.08027319761781533
2.326530694961548,0.371428549289703,3,0.17993874217421144,0.02261541612641227,0.070346887866445,0.06398222219507449,0.13104291741433868,0.09358523715529636
2.326530694961548,0.393877536058425,3,0.20347396186158354,0.0342018007496913,-0.004619199834551388,-0.09276405745059733,0.23059065482601812,0.07417663203042883
2.326530694961548,0.416326522827148,3,0.16543324182592356,0.01256793231175297,-0.07653335102729338,-0.018071626367273292,0.16984792674144875,0.05064882469691172
2.326530694961548,0.438775509595871,3,0.09842156530276595,-0.08757451078130342,0.011551314110831823,-0.029995124631366388,0.04862183518940504,0.008205015838066602
2.326530694961548,0.461224496364593,3,0.3538371290010928,-0.06821823446401777,0.04694224383627774,-0.024511582963148468,0.10343944348426508,0.08229779977889388
2.326530694961548,0.483673483133316,3,0.1437050357995184,-0.007291153990285991,0.09349912262713213,-0.12456972433633895,0.13813417019877772,0.04869549005976066
2.326530694961548,0.506122469902038,3,0.23568492780950676,0.06378485783216474,0.09589784533864554,-0.041472092798874476,0.15465248183234057,0.10170960400275661
2.326530694961548,0.528571426868438,3,0.09529288615806414,-0.10637296940457919,-0.11909011295165843,-0.03725179526670067,-0.05244051476468897,-0.04397250124591263
2.326530694961548,0.551020383834838,3,0.5581539809063053,-0.08639111875218673,0.10552116404801416,0.032256078891956065,0.1700116231959837,0.15591034565801448
2.326530694961548,0.573469400405883,3,0.3596478393221412,-0.008577675410108046,-0.04682322602909452,0.0057230727573612935,0.1713004211567022,0.09625408635940043
2.326530694961548,0.595918357372283,3,0.24179280236166256,-0.01791126159480588,0.11491728099806713,-0.04048281600653641,0.050035391548004404,0.06967027946127836
2.326530694961548,0.618367373943328,3,0.07710803020141387,-0.16396556002381513,-0.06099167150782619,-0.07677852836062111,-0.048878550333561144,-0.05470125600488194
2.326530694961548,0.640816330909729,3,0.07997286024536727,-0.17053056380153975,-0.13027627455724594,-0.06790459621101537,-0.10308381834784874,-0.07836447853445651
2.326530694961548,0.663265287876129,3,0.1393807515262213,-0.05840645203628044,-0.017407927140042308,-0.0687350047264611,0.0381822688817425,0.006602727301035992
2.326530694961548,0.685714304447174,3,0.36885603675408657,-0.06888719414389359,0.11604662461757724,0.00562965744771043,0.10396904657416724,0.10512283424992959
2.326530694961548,0.708163261413574,3,0.2707227199744308,-0.1081850489779654,0.022309208354224893,0.018929629298011036,0.05841968768551178,0.05243923926684263
2.326530694961548,0.730612277984619,3,0.0976973057088774,-0.08240780209635142,0.020260446769602158,-0.0004699602133479512,0.009531471997034547,0.008922292433162948
2.326530694961548,0.753061234951019,3,0.2043070248913094,-0.14381040560951766,0.06316191968907521,0.0016010376405928377,-0.05330663588708886,0.014390588144874183
2.326530694961548,0.775510191917419,3,0.25905819179466,-0.10307188973361554,0.06928475021368412,0.04923552918849635,0.0835699705542472,0.07161531040349442
2.326530694961548,0.797959208488464,3,0.1693583082257176,-0.15689470332082947,0.10068998426591401,0.011525963355020916,0.0022618099169857526,0.025388272488561757
2.326530694961548,0.820408165454864,3,0.12430263430980443,-0.06251264799688115,-0.017094895558951235,-0.07849129728627154,0.003822605206141439,-0.00599472026523161
2.326530694961548,0.842857122421264,3,0.2878963630650621,-0.05106661757433669,-0.06753160815609201,-0.08759690321660214,0.10804767323247015,0.03794978147010028
2.326530694961548,0.865306138992309,3,0.37126550373941475,-0.05139436961091359,-0.07994329640548686,0.039844592778574404,0.20091148462728792,0.09613678302577532
2.326530694961548,0.887755095958709,3,0.08889726646033842,-0.059741943407608016,-0.07873583994455037,0.01326859849671627,0.0024623178459099865,-0.006769920109838741
2.326530694961548,0.910204052925109,3,0.12824731228368275,-0.052185058254023454,-0.0866981634703267,-0.012003199017490258,-0.027949019858668534,-0.01011762566336524
2.326530694961548,0.932653069496154,3,0.16904047888458454,-0.08916555532808805,0.07059753841242515,-0.030827787997304696,-0.009273133644714568,0.022074308065380476
2.326530694961548,0.955102026462554,3,0.12923184601022455,-0.03134837178590342,0.03938785316427115,-0.035296633571476825,0.041920292800281665,0.028778997323479428
2.326530694961548,0.977551043033599,3,0.16342657787430653,-0.06768860656796423,-0.006958486945490209,-0.0037573174560597508,0.09403599679049562,0.03581163273905759
2.326530694961548,1.0,3,0.26673921880485646,-0.11197417801428178,-0.02898859496647262,-0.015905172800893767,0.026983032147653175,0.027370861034172293
2.551020383834839,-0.100000001490117,3,0.1150258651156744,-0.012932125099049438,-0.042999548918998744,-0.04307836582549516,0.36152399210225505,0.07550796347487723
2.551020383834839,-0.077551022171975,3,0.14645533921981888,0.0626599469451817,-0.11470383686356693,0.031093815942954656,0.386939754259364,0.10248900390075047
2.551020383834839,-0.055102042853833,3,0.052023421336016305,-0.013938529836054142,-0.022964562962639583,-0.028231576793153884,0.3925268556420512,0.07588312147724398
2.551020383834839,-0.032653063535691,3,0.036768071129902345,-0.035706414708592545,0.07510885246600667,0.017626619651820146,0.34021561141641127,0.08680254799110958
2.551020383834839,-0.010204084217549,3,0.07383804283751975,0.012659685948947933,-0.08161399533473893,-0.003121540484464428,0.3711341040197394,0.07457925939740075
2.551020383834839,0.012244895100593,3,0.10936308581751931,-0.02885050457597775,-0.013321947224675307,0.039171820632048306,0.3791154553225729,0.09709558199429749
2.551020383834839,0.034693874418735,3,0.08545456645187317,0.024510021546503044,-0.025536103186490588,0.013142416079526292,0.39417411478711467,0.09834900313570531
2.551020383834839,0.057142853736877,3,0.12997811852947422,0.021981087319795655,0.012528747512460291,0.029431206018750693,0.3715665175090063,0.11309713537789742
2.551020383834839,0.079591833055019,3,0.08735229772612464,-0.014733102184385677,-0.055169667097734625,-0.05296964219899725,0.35682386752708956,0.06426075075441932
2.551020383834839,0.102040812373161,3,0.1324347776185865,0.02865752430442434,0.0411036033857106,-0.005738235657251192,0.40326282647319633,0.11994409922493329
2.551020383834839,0.124489791691303,3,0.023355932541847858,-0.04973742439748572,0.01025565856804822,-0.03264719048556283,0.31796807463951277,0.05383901017327206
2.551020383834839,0.146938771009445,3,0.07962876941480711,-0.004970672284256165,0.05929090319764824,-0.03558379674839248,0.323284063316621,0.08432985337928553
2.551020383834839,0.169387757778167,3,0.10946276234020362,-0.0173016573923098,0.06263717966309296,0.017549835972579978,0.28933818507134385,0.09233726113098212
2.551020383834839,0.191836729645729,3,0.13278451325030247,-0.04961298897861344,0.027897480718838824,-0.02922750688809696,0.3316542590265088,0.08269915142578795
2.551020383834839,0.21428570151329,3,0.06991920876669425,0.03399804025436142,-0.026995688279526208,-0.056442611890492565,0.32671080032982475,0.06943794983617232
2.551020383834839,0.236734688282012,3,0.11872620722666627,-0.003016825422048397,-0.05254911806108591,0.004724883122158213,0.30252166439686906,0.07408136225251186
2.551020383834839,0.259183675050735,3,0.042502773041644515,-0.007417033000819727,-0.028401767243475564,-0.0016279898702137342,0.2607659700215396,0.053164390589735024
2.551020383834839,0.281632661819458,3,0.16338452244088728,-0.054884436405993275,0.1273390308512717,0.13724915704578552,0.14624255850392728,0.1038661664871757
2.551020383834839,0.304081618785858,3,0.1612131306677286,-0.0024083908865107175,-0.02298787524105242,-0.06327627842852518,0.2667136867985818,0.06785085458204443
2.551020383834839,0.32653060555458,3,0.25362037251919983,-0.11819025396045307,0.02810774685152498,-0.05817240430842475,0.11892609221403794,0.044858310663176984
2.551020383834839,0.348979592323303,3,0.05442776484882462,-0.05006858209113896,-0.13350169303664014,-0.060803372372512654,0.1737754913016377,-0.00323407826996589
2.551020383834839,0.371428549289703,3,0.1556094726766718,-0.10155160223435873,0.058812082617783944,-0.07251774583750688,0.020293372347277596,0.012129115913973545
2.551020383834839,0.393877536058425,3,0.29116610685288125,-0.08834019189680477,-0.007534886238597498,-0.05891195088919068,0.09293623525132512,0.04586306261592269
2.551020383834839,0.416326522827148,3,0.24687526766190612,0.031194080270965558,-0.07128089549779353,-0.015786861353490354,0.04643027728755738,0.04748637367382903
2.551020383834839,0.438775509595871,3,0.22072247674044768,-0.10306170714904073,0.12600904372077487,0.05424056840663969,0.06646550824388314,0.07287517799254092
2.551020383834839,0.461224496364593,3,0.213284943207712,-0.11099479310962805,-0.07332048245277625,-0.0034876206491761957,-0.06340824957767793,-0.007585240516309289
2.551020383834839,0.483673483133316,3,0.27096835172681777,0.01387787329714501,0.05890435336265518,-0.1002938904435543,0.15569227948222156,0.07982979348505706
2.551020383834839,0.506122469902038,3,0.10821990546532743,-0.09746012360253131,-0.12822929725045237,-0.0568532456899137,0.06180141795835298,-0.022504268623843394
2.551020383834839,0.528571426868438,3,0.2791442426535885,-0.05384318655144115,-0.007135669266524969,-0.01400597378575942,0.0398390615327909,0.04879969491653077
2.551020383834839,0.551020383834838,3,0.12507256053573618,-0.06238872849793039,0.11419252081389497,-0.07125152052128116,0.030268071307553393,0.027178580727594596
2.551020383834839,0.573469400405883,3,0.1302150036922173,-0.04502901922465031,-0.11565380119542375,-0.10169233050999153,-0.05418882837630314,-0.03726979512283028
2.551020383834839,0.595918357372283,3,0.2075133988308089,-0.09805618252741265,-0.002139805017869751,-0.11469287941375413,0.05460041119400339,0.009444988613155155
2.551020383834839,0.618367373943328,3,0.26199776738392155,0.0024810510446113495,-0.08300059552315804,-0.031749744963065374,0.0506806652013726,0.04008182862873642
2.551020383834839,0.640816330909729,3,0.31540838403992766,-0.07543769148884673,0.015288726978173689,-0.01474771379134534,0.10952473751057268,0.07000728864969638
2.551020383834839,0.663265287876129,3,0.05632723389515246,-0.07853597293573358,-0.08103009772555841,-0.05449507859665936,0.04385071846908977,-0.022776639378741824
2.551020383834839,0.685714304447174,3,0.2073753102175991,-0.09305633028646569,0.03191910086292807,-0.009808439679218336,0.10797853225833877,0.048881634674636375
2.551020383834839,0.708163261413574,3,0.11051659538468528,-0.10984063049381408,0.03998951567148485,-0.07582208757280476,-0.014180980383249631,-0.009867517478739669
2.551020383834839,0.730612277984619,3,0.11614606729009995,-0.14370442890874338,0.012212685324697553,-0.013539791661975461,-0.09362230983528193,-0.024501555558240653
2.551020383834839,0.753061234951019,3,0.07973765118169429,-0.11099628316175643,0.0026778641969080427,-0.08307255355847354,-0.05273027320782973,-0.032876718909891474
2.551020383834839,0.775510191917419,3,0.15040214051014084,-0.14510005823249034,0.010685842551461123,-0.075463092800695,-0.017693655566959354,-0.015433764707708547
2.551020383834839,0.797959208488464,3,0.3049187258891753,-0.07616089315845616,-0.08365975774645373,-0.0937857768735864,0.10131877628710002,0.030526214879555806
2.551020383834839,0.820408165454864,3,0.09555921385046806,-0.152599240943078,0.005344126195072042,-0.069116021130397,-0.0633164535843272,-0.03682567512245242
2.551020383834839,0.842857122421264,3,0.10635664637185031,-0.09072545244055231,0.041347826977969494,-0.08846907100976598,-0.009746186416036686,-0.008247247303307035
2.551020383834839,0.865306138992309,3,0.11058082392649593,-0.10612568672865776,-0.034994934538212306,-0.06656642649731413,-0.13975625815100953,-0.047372496397739564
2.551020383834839,0.887755095958709,3,0.1873447378003471,-0.07240415888386688,0.08229786888026853,0.03528472918632529,0.009398659068315445,0.048384367210277904
2.551020383834839,0.910204052925109,3,0.2173368962534433,-0.0771613680336072,-0.014008232606302864,-0.12973289475425961,0.009688013823329686,0.0012244829365206616
2.551020383834839,0.932653069496154,3,0.11592921694372321,-0.10820392400655315,0.006214879754511506,-0.053530693501281756,-0.04959421314991056,-0.017836946791902154
2.551020383834839,0.955102026462554,3,0.13927723069354872,-0.19946813954888595,0.046009953588119386,0.00033448712694665134,-0.1157139159625122,-0.025912076820556677
2.551020383834839,0.977551043033599,3,0.11871834008045468,-0.19003843323023306,-0.14598009026504036,-0.07718143802888701,-0.06186848099319331,-0.07127002048737982
2.551020383834839,1.0,3,0.11603934374173654,-0.10730161115505145,-0.11793072260260666,-0.07912423619652144,-0.058698414094228456,-0.049403128061334296
2.775510311126709,-0.100000001490117,3,0.04767214963446179,0.05179460669864222,-0.0010457208986573152,0.06490347379528445,0.39883679962924523,0.11243226177179526
2.775510311126709,-0.077551022171975,3,0.05534408975824471,-0.001495565073095409,0.0028475135475580318,-0.003882898157525854,0.3801393604347436,0.08659050010198502
2.775510311126709,-0.055102042853833,3,0.08393922844173289,0.0874790909245523,0.09068351354864711,0.08398458470421595,0.37509325792415266,0.14423593510866017
2.775510311126709,-0.032653063535691,3,0.07803703693104296,-0.04178863234298561,-0.16210202396383191,-0.06822932514463241,0.39835357212584405,0.040854125521087414
2.775510311126709,-0.010204084217549,3,0.060404015638644365,0.006759891494821428,-0.08019673633408836,-0.011826047384827733,0.38676193152667476,0.07238061098824489
2.775510311126709,0.012244895100593,3,0.08219884472180707,0.09469158412256858,-0.02043278522919383,0.09175983162603035,0.36442645003258506,0.12252878505475943
2.775510311126709,0.034693874418735,3,0.07806601390809044,-0.0638153056541324,-0.068080413968523,-0.025023475104764454,0.40699539288741643,0.0656284424136174
2.775510311126709,0.057142853736877,3,0.08463919489757303,0.059916911064105634,0.07918790711469553,0.06959710330314677,0.3415100759190832,0.12697023845972083
2.775510311126709,0.079591833055019,3,0.08607721028059596,0.04628329757521372,-0.01394477679054341,0.03794094625362563,0.3402258681823062,0.09931650910023962
2.775510311126709,0.102040812373161,3,0.07045153950954212,0.04474288284512636,-0.10475200809476067,0.05153845680406697,0.3701464101977267,0.0864254562523403
2.775510311126709,0.124489791691303,3,0.0501314476206133,0.027589448108235104,0.05155654853707004,0.02380220080028747,0.30322395238078964,0.09126071948939911
2.775510311126709,0.146938771009445,3,0.11665281809359788,0.024390567725470647,0.09327225514173955,0.028310809856278988,0.3647881110000341,0.12548291236342424
2.775510311126709,0.169387757778167,3,0.0634698750483249,-0.03020042451333781,0.15217019963625875,-0.023219239423930827,0.2514422389078515,0.0827325299310333
2.775510311126709,0.191836729645729,3,0.1514760090864424,0.031840157660161746,0.025935332200441277,0.062203613438514334,0.3442796095042535,0.12314694437796266
2.775510311126709,0.21428570151329,3,0.04352866340146141,0.03085204141417262,0.09154322437719671,0.07396199359781364,0.2844868829015517,0.10487456113843922
2.775510311126709,0.236734688282012,3,0.14749566475319795,-0.09509586569765578,0.00303662133230879,-0.005527585144018225,0.15754920183837717,0.04149160741644198
2.775510311126709,0.259183675050735,3,0.18626931423123957,0.07171809994782542,-0.0056871976479902315,0.029950099366596063,0.3154030380500519,0.11953067078954453
2.775510311126709,0.281632661819458,3,0.17548988719250055,-0.03797393909785209,0.01768200138779595,-0.007278911123951018,0.20469388431838834,0.07052258453537634
2.775510311126709,0.304081618785858,3,0.16913618637366853,-0.0934388285574496,-0.03697071667714202,-0.03848963109834716,0.1464551127426873,0.029338424556683413
2.775510311126709,0.32653060555458,3,0.10056361285434527,-0.1579854476393918,0.057525236043974304,-0.056175081278779494,0.11004080563994485,0.010793825124018629
2.775510311126709,0.348979592323303,3,0.22843056679163395,0.0305993823401869,0.04940928595296609,-0.03817004967891966,0.2515053045773571,0.10435489799664488
2.775510311126709,0.371428549289703,3,0.23166432072403806,0.03228976991715432,-0.05547982086142267,0.02280588246809497,0.24122781990926775,0.09450159443142649
2.775510311126709,0.393877536058425,3,0.19960585094902314,-0.1029179834240725,-0.011429401608229995,-0.06868772089557369,0.10106490752281316,0.023527130508792023
2.775510311126709,0.416326522827148,3,0.4450975777020101,0.09605695886255812,-0.061909076259776145,0.032859516895500644,0.24234108951666342,0.15088921334339123
2.775510311126709,0.438775509595871,3,0.3120181543026917,0.05153356426622294,-0.09396126506518354,0.018877536280601088,0.1818756324478786,0.09406872444644217
2.775510311126709,0.461224496364593,3,0.44454393950917037,-0.013459222985691938,-0.13030836421863254,-0.1301896362776048,0.16223705902102167,0.06656475500965256
2.775510311126709,0.483673483133316,3,0.4218927503637764,0.0041958704024427085,0.118841817524915,0.02976839859687586,0.1812119383445597,0.15118215504651394
2.775510311126709,0.506122469902038,3,0.22967687248840155,-0.13190155493301844,0.08581695989691017,-0.022599275482923564,0.01789975582466063,0.03577855155880607
2.775510311126709,0.528571426868438,3,0.2608096264815853,-0.03292977773483096,0.007558364016220047,0.05593645653465368,0.05571644251433213,0.06941822236239202
2.775510311126709,0.551020383834838,3,0.14217730793387065,-0.19992018488802096,0.015044290740643196,-0.07467692157453348,-0.007789033234727132,-0.025032908204553544
2.775510311126709,0.573469400405883,3,0.22435036387491658,-0.052040402070577356,0.029363455554443377,-0.0798622417128375,-0.017300726262430222,0.020902089876702973
2.775510311126709,0.595918357372283,3,0.3299395789983716,0.04988188238729683,0.002279635908655313,-0.040369720271361084,0.2574544100790947,0.11983715742041148
2.775510311126709,0.618367373943328,3,0.3790408877214076,-0.05590355929121552,-0.12702465969919377,-0.05678320550689589,0.1096309132366013,0.04979207529214073
2.775510311126709,0.640816330909729,3,0.209440211279912,-0.09235324266478255,0.022561690196686957,-0.11030670796551323,-0.03565728033910084,-0.001263065898559533
2.775510311126709,0.663265287876129,3,0.35704887054085876,-0.06930723990774142,-0.08673405664688054,-0.014997732246809212,0.15230114166012695,0.06766219667991091
2.775510311126709,0.685714304447174,3,0.07186627971317987,-0.21083752379304518,0.020874163424245556,-0.10737349353796673,-0.1215821818613474,-0.06941055121098678
2.775510311126709,0.708163261413574,3,0.10854491580689536,-0.04736324721240329,0.003131105441795392,-0.09124272986781423,0.03421267560501003,0.0014565439546966527
2.775510311126709,0.730612277984619,3,0.18021466452245838,-0.04570065444161895,0.15019582709032742,-0.07120278180921479,0.03666524236740578,0.05003445954587156
2.775510311126709,0.753061234951019,3,0.10065100820385829,-0.09377343947943136,-0.026877195211588285,-0.03663935148197722,0.010420922222791687,-0.009243611149269377
2.775510311126709,0.775510191917419,3,0.09580670393743647,-0.07081582403113151,-0.0778690155468824,-0.043540948134983166,0.05459497856411522,-0.008364821042289076
2.775510311126709,0.797959208488464,3,0.281044243071626,-0.03108024378183322,-0.03541557791040292,-0.040572645356904656,0.162997694843276,0.06739469417315225
2.775510311126709,0.820408165454864,3,0.25730109213839775,-0.10698820063464953,0.07725411452949217,-0.03300774463522869,0.04530617665671508,0.047973087610945354
2.775510311126709,0.842857122421264,3,0.1831969903424986,-0.10503285874040404,-0.049087893201132125,-0.06328180195541912,0.05352556654702112,0.0038640005985128858
2.775510311126709,0.865306138992309,3,0.09238865526036628,-0.08432492291270417,0.013419437716358604,-0.020317848389477745,0.011740037661457781,0.00258107186720015
2.775510311126709,0.887755095958709,3,0.08840069604354471,-0.09832355531714475,-0.014325953668245359,-0.058403696984377966,-0.10934523572981826,-0.03839954913120832
2.775510311126709,0.910204052925109,3,0.09906394325587227,-0.11587977186745979,0.04139356845607361,-0.07569792336204884,0.027265795948300697,-0.00477087751385241
2.775510311126709,0.932653069496154,3,0.3197352235731113,-0.07975003865975024,-0.011050020725243382,-0.05993298442452058,0.028281211291686887,0.0394566782110568
2.775510311126709,0.955102026462554,3,0.0869302411761834,-0.14657529289170398,0.00012238493929530905,-0.07316885226673137,-0.011502254200478493,-0.028838754648687022
2.775510311126709,0.977551043033599,3,0.2613078909732719,-0.09267081262067815,-0.03944422990374297,-0.029361673730716648,-0.02020399585308009,0.015925435773010803
2.775510311126709,1.0,3,0.08476225730378435,-0.12756971323147834,-0.12624603593268421,-0.10740922794212138,0.017064143816087816,-0.05187971519728235
3.0,-0.100000001490117,3,0.10048836154980473,0.07314186850768818,-0.013657773159270989,0.0273137180983327,0.3962528475144627,0.11670780450220346
3.0,-0.077551022171975,3,0.16408488071530014,-0.0539702538194329,-0.05419016896952237,-0.015874810585438468,0.3749807671558145,0.08300608289934418
3.0,-0.055102042853833,3,0.033895138491067095,0.12229356001033546,-0.10910001431887588,0.0939396331059243,0.40472618942662403,0.109150901343015
3.0,-0.032653063535691,3,0.06561954105764572,-0.021813792323770897,-0.04324063848359694,-0.012224567410289511,0.3701434200331531,0.0716967925746283
3.0,-0.010204084217549,3,0.04187946808671411,0.06465985159606157,-0.035198817021731416,0.04874167114848021,0.3881733881373674,0.10165111238937836
3.0,0.012244895100593,3,0.034519139719318644,0.012461133905394437,-0.03437285908367604,-0.010781038150240318,0.37864582069653513,0.07609443941746638
3.0,0.034693874418735,3,0.08325388739823736,0.018590723192319327,-0.06712784748020431,0.05665392368570962,0.35151631121223864,0.08857739960166014
3.0,0.057142853736877,3,0.16219654707037504,0.057620226452065576,0.04733380721535182,0.13847973953147144,0.3334428867858296,0.1478146414110187
3.0,0.079591833055019,3,0.046505683207366255,0.02061629367211322,0.14937118351634646,0.02115020114725553,0.37160014693574855,0.121848701695766
3.0,0.102040812373161,3,0.09887701951383258,-0.04341460291726026,0.03374225210110496,-0.04108307193387689,0.3010746177214944,0.06983924289705896
3.0,0.124489791691303,3,0.040837318936205624,-0.039939560380310386,-0.10245943887001936,-0.0727836254459844,0.2948294954079043,0.024096837929559155
3.0,0.146938771009445,3,0.08571526022730629,-0.04623724412968524,0.010663092655390902,-0.059862206766831155,0.3208087307894898,0.062217526555134114
3.0,0.169387757778167,3,0.06176635960798841,0.04502059532170626,-0.02715362920148165,0.042953113307581114,0.3161047884171283,0.08773824549058448
3.0,0.191836729645729,3,0.04475360013384103,-0.0162602502198297,0.0009755055678973649,-0.010948148041875846,0.29734308951287475,0.06317275939058152
3.0,0.21428570151329,3,0.032988670930925806,-0.005450878529695692,0.06483299446567749,-0.07278922578150476,0.28024376753686187,0.05996506572445294
3.0,0.236734688282012,3,0.11648580723118923,-0.01647875231900205,0.06386705978328021,0.05989996581106655,0.245437653449134,0.0938423467911336
3.0,0.259183675050735,3,0.15792128062309319,-0.037303392541235346,0.015415169465605817,-0.043215826120659294,0.2564035836284185,0.06984416301104457
3.0,0.281632661819458,3,0.08353628250918961,0.08486966661950984,-0.1013849891073179,0.010082661597250386,0.33193102762011234,0.08180692984774886
3.0,0.304081618785858,3,0.09362513279623284,-0.020530830770299612,-0.029750330152148396,0.021459358078558328,0.17580115293181775,0.04812089657683218
3.0,0.32653060555458,3,0.07388889927282526,-0.04354380088250539,0.09900750310149657,-0.06672889644294111,0.18159753624570832,0.04884424825891673
3.0,0.348979592323303,3,0.27486039983763727,0.06918897396901451,-0.049952743382113175,-0.10285386969358667,0.28229306599686516,0.09470716534556342
3.0,0.371428549289703,3,0.07131155244657168,-0.15802317754117548,0.12952403921904218,-0.059023127920730924,0.04470487704680697,0.0056988326501028865
3.0,0.393877536058425,3,0.37687243296949263,0.07861879455656154,0.012670979306235874,-0.1034402335875891,0.18703996594583472,0.11035238783810715
3.0,0.416326522827148,3,0.19295834848074708,-0.061482370080637415,-0.1000832989808072,-0.0540719758853531,0.11950806731533122,0.019365754169856114
3.0,0.438775509595871,3,0.09397187257094765,-0.17237687709457863,-0.09695475038043606,0.005970241057840923,0.01799254548655944,-0.03027939367193334
3.0,0.461224496364593,3,0.24930787064658644,-0.09194840213882642,0.06643457374064972,0.014724154176507792,0.08883456668047762,0.06547055262107902
3.0,0.483673483133316,3,0.34904139218081615,-0.0621037709799686,-0.005822147722170437,-0.018509499215535154,0.19521294402643122,0.09156378365791465
3.0,0.506122469902038,3,0.2626886269931825,-0.0050373261748048,-0.01749008224737701,-0.08468271147128564,0.07650241949832474,0.046396185319607965
3.0,0.528571426868438,3,0.22429110430454213,-0.00999368022353044,-0.14450979555356122,0.018118728396367936,-0.030676322010521378,0.011446006982659403
3.0,0.551020383834838,3,0.24061424722247818,-0.13079450225536238,0.00041145589629334084,0.017532858379891714,-0.02159938901561394,0.021232934045537385
3.0,0.573469400405883,3,0.06987499667148049,-0.10167952783492706,0.01029283192151606,-0.043251348349897134,0.029340386093824545,-0.007084532299600621
3.0,0.595918357372283,3,0.285077155432476,-0.1314172222062967,0.01985525072932131,-0.01319503160708344,0.031987272090056446,0.03846148488769473
3.0,0.618367373943328,3,0.05964134253624698,-0.09628584569194974,0.03558560679063396,-0.04851022299231416,-0.129810005249576,-0.0358758249213918
3.0,0.640816330909729,3,0.33449895931184676,-0.0892864831086192,0.010840581357693122,-0.029703813154156544,0.07327363649822684,0.05992457618099819
3.0,0.663265287876129,3,0.20712533218439336,-0.1709823625523594,-0.0758274898407771,-0.07381758989700464,0.019920940369350063,-0.018716233947279545
3.0,0.685714304447174,3,0.11635011591266065,-0.06315752137662418,-0.07477771411201573,-0.09792298485950708,0.03683900801790669,-0.01653381928351593
3.0,0.708163261413574,3,0.07481050108614445,-0.10446601345121824,0.002676157177348648,0.02867787059926145,-0.07530882183069121,-0.014722061283830978
3.0,0.730612277984619,3,0.1028858052738058,-0.016465817629291894,0.003710648834451484,-0.015609483587159278,0.09723610136115339,0.0343514508505919
3.0,0.753061234951019,3,0.19246035381098056,-0.11233764915631102,-0.032458759231108573,-0.06763936015592774,0.011558967693090505,-0.0016832894078552527
3.0,0.775510191917419,3,0.09532174731441635,-0.15770941135679314,-0.009200251918101398,-0.009489908491289384,0.01015856647144798,-0.014183851596063918
3.0,0.797959208488464,3,0.0918928843150224,-0.11840310727910323,-0.09082130217232803,-0.017996544488347647,-0.14305400994722872,-0.05567641591439705
3.0,0.820408165454864,3,0.04250149055388556,-0.14141082933230079,-0.06968305938657395,-0.05508926720059188,-0.22471159404521335,-0.08967865188215887
3.0,0.842857122421264,3,0.3379974162880297,-0.13722438518779576,0.03803733604442552,0.009659611519438916,0.015053437619315093,0.05270468325668269
3.0,0.865306138992309,3,0.23328723728819267,-0.16564516829889844,-0.03740631818260145,-0.07145585756622976,-0.035845344002097,-0.015413090152326794
3.0,0.887755095958709,3,0.1693212689739806,-0.083904524261038,0.03170285130994087,-0.013615802825086907,0.06930327033655868,0.03456141270687104
3.0,0.910204052925109,3,0.38640391098800375,-0.12285935921322062,-0.0327050603840025,0.019551907514738037,0.1418892980622578,0.0784561393935553
3.0,0.932653069496154,3,0.07154489443288613,-0.10301585508616035,0.02642050265198062,-0.06744094363744492,-0.06284548330054639,-0.027067376987856984
3.0,0.955102026462554,3,0.20816919911882903,-0.14405505464353804,0.04019094476676332,-0.06300940263630997,-0.043451022870364564,-0.0004310672529240445
3.0,0.977551043033599,3,0.10881568075723003,-0.12744138904842697,0.084387666218648,-0.05664661102916821,-0.05746862626696559,-0.009670655873736549
3.0,1.0,3,0.10784873268045697,-0.09043124411117524,-0.04270738097818225,-0.007545849561047132,-0.05140253299385913,-0.016847654992761356
