subject,time_metrics_sec,time_esn_sec,time_total_sec
0,2.500019036233425e-07,4.491633666999405,4.491633917001309
0,2.0800507627427578e-07,4.689088042010553,4.6890882500156295
0,2.0800507627427578e-07,4.631309666991001,4.631309874996077
0,2.500019036233425e-07,4.790421040990623,4.790421290992526
0,2.500019036233425e-07,4.717114667000715,4.717114917002618
0,3.3300602808594704e-07,4.888461292022839,4.888461625028867
0,2.910092007368803e-07,4.76060595799936,4.7606062490085606
0,1.66997779160738e-07,4.92653016600525,4.926530333003029
0,2.0899460650980473e-07,5.0282005420012865,5.028200750995893
0,2.9199873097240925e-07,4.877541166002629,4.87754145800136
0,4.5899651013314724e-07,0.607252208981663,0.6072526679781731
0,2.9199873097240925e-07,5.064662166987546,5.064662458986277
0,2.0800507627427578e-07,4.88408404099755,4.884084249002626
0,2.500019036233425e-07,0.48693512499448843,0.48693537499639206
0,2.9098009690642357e-07,0.5210055420175195,0.5210058329976164
0,2.500019036233425e-07,0.654235708003398,0.6542359580053017
0,2.9199873097240925e-07,0.5278794580081012,0.5278797500068322
0,5.00003807246685e-07,0.5346197920152918,0.534620292019099
0,3.3300602808594704e-07,5.450204208987998,5.450204541994026
0,2.0797597244381905e-07,0.7845150410139468,0.7845152489899192
0,3.7500285543501377e-07,0.5535172499949113,0.5535176249977667
0,2.0800507627427578e-07,0.5714702919940464,0.5714704999991227
0,2.9098009690642357e-07,0.8275386249879375,0.8275389159680344
0,2.0800507627427578e-07,5.7827479999978095,5.782748208002886
0,2.92027834802866e-07,0.7550484169914853,0.7550487090193201
0,3.7500285543501377e-07,0.5633066660084296,0.563307041011285
0,2.0797597244381905e-07,0.5802029170154128,0.5802031249913853
0,2.499727997928858e-07,0.8282182500115596,0.8282184999843594
0,2.9199873097240925e-07,0.6238599169882946,0.6238602089870255
0,2.0797597244381905e-07,0.8331983329844661,0.8331985409604385
0,1.2500095181167126e-07,0.8454183329886291,0.8454184579895809
0,2.0800507627427578e-07,0.6786547090159729,0.6786549170210492
0,2.0899460650980473e-07,0.6696668329823297,0.6696670419769362
0,8.399365469813347e-08,0.5824216249748133,0.582421708968468
0,1.2500095181167126e-07,0.4672698750218842,0.46727000002283603
0,4.1996827349066734e-08,0.5849913750134874,0.5849914170103148
0,1.66997779160738e-07,0.5286557499784976,0.5286559169762768
0,3.329769242554903e-07,1.4256238749949262,1.4256242079718504
0,2.0902371034026146e-07,0.5004335420089774,0.5004337510326877
0,1.6600824892520905e-07,0.462235791987041,0.46223595799528994
0,1.66997779160738e-07,0.41460945800645277,0.41460962500423193
0,3.7500285543501377e-07,1.1374159999832045,1.13741637498606
0,2.9199873097240925e-07,0.7486241669976152,0.7486244589963462
0,8.300412446260452e-08,0.4217832919966895,0.421783375000814
0,8.399365469813347e-08,0.6712397919909563,0.671239875984611
0,1.66997779160738e-07,0.6015350419911556,0.6015352089889348
0,1.2500095181167126e-07,0.4272246250184253,0.4272247500193771
0,1.2500095181167126e-07,0.649222167005064,0.6492222920060158
0,2.0899460650980473e-07,0.9558704170049168,0.9558706259995233
0,8.297502063214779e-08,0.37739358298131265,0.3773936659563333
0,1.66997779160738e-07,0.5558954160078429,0.555895583005622
0,0.0003266249841544777,0.38347100000828505,0.3837976249924395
0,4.1996827349066734e-08,0.6317496249976102,0.6317496669944376
0,1.2500095181167126e-07,0.365660499985097,0.3656606249860488
0,8.300412446260452e-08,0.5875383329985198,0.5875384160026442
0,2.500019036233425e-07,0.5392320829851087,0.5392323329870123
0,2.9098009690642357e-07,0.35210175000247546,0.35210204098257236
0,2.910092007368803e-07,0.4891171659983229,0.4891174570075236
0,2.0800507627427578e-07,0.5849941250053234,0.5849943330103997
0,2.500019036233425e-07,0.4602197909844108,0.4602200409863144
0,1.66997779160738e-07,0.8398509160033427,0.8398510830011219
0,1.2500095181167126e-07,0.8348487499752082,0.83484887497616
0,1.659791450947523e-07,1.2621903340041172,1.2621904999832623
0,1.66997779160738e-07,0.9755142500216607,0.9755144170194399
0,2.500019036233425e-07,0.5456860840204172,0.5456863340223208
0,2.500019036233425e-07,0.8469027919927612,0.8469030419946648
0,2.9199873097240925e-07,0.5817852909967769,0.5817855829955079
0,1.6600824892520905e-07,0.5147765000001527,0.5147766660084017
0,2.500019036233425e-07,0.8022324170160573,0.8022326670179609
0,2.500019036233425e-07,0.5200317080016248,0.5200319580035284
0,8.399365469813347e-08,0.8755699160101358,0.8755700000037905
0,4.169996827840805e-07,0.5293803339882288,0.5293807509879116
0,8.40227585285902e-08,1.2035973750171252,1.2035974590398837
0,1.2497184798121452e-07,0.3744296249933541,0.37442974996520206
0,1.2500095181167126e-07,0.6636939159943722,0.663694040995324
0,1.2500095181167126e-07,0.516164958011359,0.5161650830123108
0,2.0800507627427578e-07,0.47585054201772436,0.47585075002280064
0,2.9199873097240925e-07,0.7806766669964418,0.7806769589951728
0,1.2500095181167126e-07,1.2254989590146579,1.2254990840156097
0,2.0800507627427578e-07,0.5444697909988463,0.5444699990039226
0,1.66997779160738e-07,0.42517970799235627,0.42517987499013543
0,4.1996827349066734e-08,0.44290416699368507,0.4429042089905124
0,8.297502063214779e-08,0.5729945420171134,0.572994624992134
0,1.6600824892520905e-07,0.4672777919913642,0.46727795799961314
0,1.6600824892520905e-07,0.44580937499995343,0.44580954100820236
0,4.1996827349066734e-08,0.49341604197979905,0.4934160839766264
0,1.6600824892520905e-07,0.7912795410084073,0.7912797070166562
0,2.0800507627427578e-07,1.1059002910042182,1.1059004990092944
0,2.92027834802866e-07,0.817010750004556,0.8170110420323908
0,2.500019036233425e-07,0.3265635830175597,0.32656383301946335
0,3.3300602808594704e-07,0.7707906670111697,0.7707910000171978
0,3.7497375160455704e-07,0.5523756670008879,0.5523760419746395
0,8.399365469813347e-08,0.41789858299307525,0.41789866698672995
0,1.6600824892520905e-07,0.4955507919949014,0.4955509580031503
0,8.399365469813347e-08,1.140506791009102,1.1405068750027567
0,1.66997779160738e-07,0.5060957089881413,0.5060958759859204
0,4.1996827349066734e-08,0.5853002080111764,0.5853002500080038
1,2.0800507627427578e-07,0.45996754098450765,0.4599677489895839
0,1.2500095181167126e-07,0.7905470420082565,0.7905471670092084
1,1.659791450947523e-07,0.5448994170001242,0.5448995829792693
1,1.6702688299119473e-07,0.3958960840245709,0.3958962510514539
1,2.0800507627427578e-07,0.5127396669995505,0.5127398750046268
1,1.66997779160738e-07,0.5092292499903124,0.5092294169880915
1,1.2500095181167126e-07,0.4045481250213925,0.4045482500223443
0,1.2500095181167126e-07,1.1472980419930536,1.1472981669940054
1,3.3300602808594704e-07,0.5295702080184128,0.5295705410244409
1,2.500019036233425e-07,0.5343627910187934,0.534363041020697
1,1.6600824892520905e-07,0.4808940420043655,0.4808942080126144
0,8.300412446260452e-08,1.0221238329831976,1.022123915987322
1,8.300412446260452e-08,0.3498724579985719,0.3498725410026964
1,1.2500095181167126e-07,0.3466634160140529,0.34666354101500474
1,1.2500095181167126e-07,0.4149886250088457,0.4149887500097975
1,1.66997779160738e-07,0.47548308299155906,0.4754832499893382
1,2.500019036233425e-07,0.38682029201299883,0.38682054201490246
1,3.33995558321476e-07,0.5102537919883616,0.51025412598392
1,1.2500095181167126e-07,0.4509471250057686,0.4509472500067204
1,1.66997779160738e-07,1.086873166001169,1.0868733329989482
1,2.500019036233425e-07,0.3833599170029629,0.3833601670048665
1,2.0797597244381905e-07,0.3369397079804912,0.33693991595646366
1,1.2500095181167126e-07,0.38226545799989253,0.38226558300084434
1,1.66997779160738e-07,0.7408473750110716,0.7408475420088507
1,2.0800507627427578e-07,0.5713439999963157,0.571344208001392
1,1.66997779160738e-07,0.5212272920180112,0.5212274590157904
1,1.6702688299119473e-07,1.0843939580081496,1.0843941250350326
1,8.300412446260452e-08,0.4773892090015579,0.47738929200568236
1,2.0800507627427578e-07,0.7902791250089649,0.7902793330140412
1,2.500019036233425e-07,0.41182841698173434,0.41182866698363796
1,4.1996827349066734e-08,0.6975703749922104,0.6975704169890378
1,3.329769242554903e-07,0.4440249159815721,0.4440252489584964
1,4.1996827349066734e-08,0.3380804999906104,0.33808054198743775
1,1.6702688299119473e-07,0.7575708330259658,0.7575710000528488
1,8.40227585285902e-08,0.5646458749833982,0.5646459590061568
1,1.2500095181167126e-07,0.4411530419893097,0.4411531669902615
1,3.33995558321476e-07,0.7815140839957166,0.781514417991275
1,1.66997779160738e-07,1.0356863750203047,1.0356865420180839
1,2.0800507627427578e-07,0.36255766698741354,0.3625578749924898
1,1.2500095181167126e-07,0.337431749998359,0.3374318749993108
1,1.66997779160738e-07,0.5521448339859489,0.5521450009837281
1,1.66997779160738e-07,0.36397833298542537,0.36397849998320453
1,1.2500095181167126e-07,0.27898312502657063,0.27898325002752244
1,1.659791450947523e-07,0.37202679199981503,0.3720269579789601
1,1.2500095181167126e-07,0.41291208399343304,0.41291220899438486
1,1.2500095181167126e-07,0.5504584170121234,0.5504585420130752
1,2.0800507627427578e-07,0.43205954201403074,0.432059750019107
1,1.66997779160738e-07,0.495248499995796,0.49524866699357517
1,4.1996827349066734e-08,0.46584879100555554,0.4658488330023829
1,2.500019036233425e-07,0.3712985000165645,0.3712987500184681
1,2.0797597244381905e-07,0.6975598330027424,0.6975600409787148
1,2.0800507627427578e-07,1.1252739160263445,1.1252741240314208
1,8.300412446260452e-08,0.33674333299859427,0.33674341600271873
1,3.3300602808594704e-07,0.26825550000648946,0.26825583301251754
1,1.66997779160738e-07,0.5382244170177728,0.538224584015552
1,1.66997779160738e-07,0.4337862499814946,0.4337864169792738
1,2.0899460650980473e-07,0.3683967079850845,0.368396916979691
1,1.2500095181167126e-07,0.5468547499913257,0.5468548749922775
1,2.9199873097240925e-07,0.528666207974311,0.5286664999730419
1,3.7500285543501377e-07,0.3384502090048045,0.3384505840076599
1,3.329769242554903e-07,0.41876237498945557,0.4187627079663798
1,8.300412446260452e-08,0.5479710829968099,0.5479711660009343
1,2.0899460650980473e-07,0.735817250009859,0.7358174590044655
1,2.0800507627427578e-07,0.45395949998055585,0.4539597079856321
1,2.0800507627427578e-07,0.7645410420082044,0.7645412500132807
1,1.6600824892520905e-07,0.742957334005041,0.74295750001329
1,2.500019036233425e-07,1.0876097079890314,1.087609957990935
1,2.500019036233425e-07,0.7610067499917932,0.7610069999936968
1,8.300412446260452e-08,0.7373311250121333,0.7373312080162577
1,1.2500095181167126e-07,0.5371172089944594,0.5371173339954112
1,1.659791450947523e-07,0.5376516249962151,0.5376517909753602
1,2.500019036233425e-07,0.4108815419895109,0.4108817919914145
1,2.499727997928858e-07,0.5095618750201538,0.5095621249929536
1,1.6600824892520905e-07,0.5337087920051999,0.5337089580134489
1,2.500019036233425e-07,1.0534586659923662,1.0534589159942698
1,2.0800507627427578e-07,0.7698454999772366,0.7698457079823129
1,1.66997779160738e-07,0.3227553339966107,0.3227555009943899
1,1.2500095181167126e-07,0.43941175000509247,0.4394118750060443
1,8.297502063214779e-08,0.6240610419772565,0.6240611249522772
1,1.66997779160738e-07,0.5961211250105407,0.5961212920083199
1,1.6600824892520905e-07,0.7148929589893669,0.7148931249976158
1,2.0797597244381905e-07,1.1193019170023035,1.119302124978276
1,2.0797597244381905e-07,0.36555137499817647,0.3655515829741489
1,2.0800507627427578e-07,0.3910386670031585,0.39103887500823475
1,2.0800507627427578e-07,0.46743504199548624,0.4674352500005625
1,3.7500285543501377e-07,0.5658117909915745,0.56581216599443
1,8.300412446260452e-08,0.3866157500015106,0.38661583300563507
1,1.659791450947523e-07,0.38438574998872355,0.38438591596786864
1,2.500019036233425e-07,0.4492173750186339,0.4492176250205375
1,2.0797597244381905e-07,0.7307476660062093,0.7307478739821818
1,1.66997779160738e-07,1.1279721250175498,1.127972292015329
1,2.0800507627427578e-07,0.7801732079824433,0.7801734159875195
1,1.2497184798121452e-07,0.3557386670145206,0.3557387919863686
1,1.2500095181167126e-07,0.37390516701270826,0.3739052920136601
1,2.0800507627427578e-07,0.7788064579945058,0.778806665999582
1,2.0797597244381905e-07,0.44478487502783537,0.4447850830038078
1,4.5797787606716156e-07,1.103149750008015,1.103150207985891
1,8.300412446260452e-08,0.5687511669821106,0.568751249986235
1,2.0899460650980473e-07,0.49726279100286774,0.49726299999747425
1,1.659791450947523e-07,0.5111069170234259,0.511107083002571
1,2.0899460650980473e-07,0.741114500007825,0.7411147090024315
2,8.300412446260452e-08,0.42907866698806174,0.4290787499921862
2,8.40227585285902e-08,0.44961195799987763,0.44961204202263616
2,2.500019036233425e-07,0.5626027499965858,0.5626029999984894
2,1.2500095181167126e-07,0.5501229999936186,0.5501231249945704
1,1.6600824892520905e-07,1.07147100000293,1.0714711660111789
2,1.6600824892520905e-07,0.4304205839871429,0.4304207499953918
2,8.300412446260452e-08,0.45530483400216326,0.4553049170062877
2,2.0797597244381905e-07,0.4084777079988271,0.40847791597479954
2,1.66997779160738e-07,0.5227130000130273,0.5227131670108065
2,2.0797597244381905e-07,0.5200443749781698,0.5200445829541422
2,1.2500095181167126e-07,0.37197808298515156,0.37197820798610337
2,1.2500095181167126e-07,0.3328310410142876,0.33283116601523943
2,8.300412446260452e-08,0.42470925001543947,0.42470933301956393
1,1.2500095181167126e-07,1.0867402919975575,1.0867404169985093
2,2.500019036233425e-07,0.3375442090036813,0.33754445900558494
2,1.2500095181167126e-07,0.34314945799997076,0.3431495830009226
2,1.6600824892520905e-07,0.30523895798251033,0.30523912399075925
2,2.0899460650980473e-07,0.35939100000541657,0.3593912090000231
2,2.0800507627427578e-07,0.5168795839999802,0.5168797920050565
2,2.0800507627427578e-07,0.3784270000178367,0.37842720802291296
2,1.6600824892520905e-07,0.3602391250024084,0.3602392910106573
2,1.6702688299119473e-07,0.545757957996102,0.545758125022985
2,8.297502063214779e-08,0.7127247090102173,0.712724791985238
2,2.910092007368803e-07,1.19772420800291,1.1977244990121108
2,1.66997779160738e-07,1.0255787920032162,1.0255789590009954
2,2.0797597244381905e-07,0.7327780829800759,0.7327782909560483
2,2.910092007368803e-07,0.5864384169981349,0.5864387080073357
2,2.0902371034026146e-07,0.5309626659727655,0.5309628749964759
2,2.500019036233425e-07,0.726081750006415,0.7260820000083186
2,1.6600824892520905e-07,0.5935521670035087,0.5935523330117576
2,1.66997779160738e-07,0.45309004199225456,0.4530902089900337
2,1.2500095181167126e-07,0.3743310410063714,0.3743311660073232
2,2.0899460650980473e-07,0.35437129202182405,0.35437150101643056
2,1.659791450947523e-07,0.7929456249985378,0.7929457909776829
2,1.66997779160738e-07,0.4847658750077244,0.48476604200550355
2,2.0800507627427578e-07,0.732595916982973,0.7325961249880493
2,2.9199873097240925e-07,0.3268501249840483,0.3268504169827793
2,1.66997779160738e-07,0.3852873329888098,0.38528749998658895
2,8.40227585285902e-08,0.49350579202291556,0.4935058760456741
2,2.500019036233425e-07,1.088957041996764,1.0889572919986676
2,2.0800507627427578e-07,0.350208375020884,0.35020858302596025
2,2.500019036233425e-07,0.40435487500508316,0.4043551250069868
2,2.500019036233425e-07,0.2835003750224132,0.28350062502431683
2,1.66997779160738e-07,0.5135476249852218,0.5135477919830009
2,1.2500095181167126e-07,0.3904337080020923,0.39043383300304413
2,3.7500285543501377e-07,0.4685829170048237,0.4685832920076791
2,1.2500095181167126e-07,0.34931587500614114,0.34931600000709295
2,1.66997779160738e-07,0.3596493749937508,0.35964954199153
2,1.66997779160738e-07,0.2947277920029592,0.29472795900073834
2,1.66997779160738e-07,1.044499833980808,1.0445000009785872
2,1.66997779160738e-07,0.5277917500061449,0.527791917003924
2,1.66997779160738e-07,0.717008417006582,0.7170085840043612
2,2.0797597244381905e-07,0.5036071670183446,0.5036073749943171
2,1.66997779160738e-07,0.3041586249892134,0.3041587919869926
2,2.0797597244381905e-07,0.49261549999937415,0.4926157079753466
2,1.2500095181167126e-07,0.5576414579991251,0.5576415830000769
2,2.500019036233425e-07,0.550787832995411,0.5507880829973146
2,1.2500095181167126e-07,0.3747136669990141,0.3747137919999659
2,1.66997779160738e-07,0.5575471670017578,0.5575473339995369
2,2.0800507627427578e-07,0.4831610420078505,0.48316125001292676
2,1.66997779160738e-07,0.4761249579896685,0.47612512498744763
2,1.6702688299119473e-07,0.5664770410221536,0.5664772080490366
2,1.2500095181167126e-07,1.0999529999971855,1.0999531249981374
2,8.300412446260452e-08,0.8161794169864152,0.8161794999905396
2,1.2500095181167126e-07,0.8193726669996977,0.8193727920006495
2,2.0797597244381905e-07,0.8942712499992922,0.8942714579752646
2,1.659791450947523e-07,0.8606569590047002,0.8606571249838453
2,2.0800507627427578e-07,0.5807505419943482,0.5807507499994244
2,1.66997779160738e-07,0.9030197919928469,0.903019958990626
2,4.1996827349066734e-08,0.4130952499981504,0.41309529199497774
2,1.66997779160738e-07,0.5177951669902541,0.5177953339880332
2,1.66997779160738e-07,0.5463117080216762,0.5463118750194553
2,1.66997779160738e-07,0.7449119999946561,0.7449121669924352
2,1.2500095181167126e-07,0.6211541250231676,0.6211542500241194
2,1.6600824892520905e-07,0.5833926250052173,0.5833927910134662
2,2.500019036233425e-07,0.6168499579944182,0.6168502079963218
2,1.2500095181167126e-07,1.238860667013796,1.2388607920147479
2,1.66997779160738e-07,0.3775921250053216,0.37759229200310074
2,2.9098009690642357e-07,0.47185033300775103,0.47185062398784794
2,1.66997779160738e-07,1.076274375023786,1.0762745420215651
2,1.2500095181167126e-07,0.7750293749850243,0.7750294999859761
2,1.66997779160738e-07,0.31586991701624356,0.3158700840140227
2,2.0902371034026146e-07,0.36778458300977945,0.3677847920334898
2,2.0899460650980473e-07,0.5336842499964405,0.533684458991047
2,8.300412446260452e-08,0.5348490830219816,0.5348491660261061
2,2.0899460650980473e-07,0.4095550419879146,0.4095552509825211
2,1.659791450947523e-07,0.37991820799652487,0.37991837397566997
2,2.9199873097240925e-07,0.3761807089904323,0.3761810009891633
2,2.500019036233425e-07,1.0943539589934517,1.0943542089953553
2,1.66997779160738e-07,0.7351152079936583,0.7351153749914374
2,1.2500095181167126e-07,0.8267631669878028,0.8267632919887546
2,8.399365469813347e-08,0.3595254170068074,0.3595255010004621
2,2.0797597244381905e-07,0.5301006660156418,0.5301008739916142
2,8.300412446260452e-08,0.3513917080126703,0.35139179101679474
2,2.500019036233425e-07,0.456765415990958,0.4567656659928616
2,2.500019036233425e-07,0.8375197089917492,0.8375199589936528
2,2.0899460650980473e-07,0.4034452500054613,0.4034454590000678
2,1.2500095181167126e-07,1.066434374981327,1.0664344999822788
2,1.659791450947523e-07,0.5559325420181267,0.5559327079972718
3,2.500019036233425e-07,0.31019783299416304,0.31019808299606666
3,1.2500095181167126e-07,0.4019372079928871,0.40193733299383894
2,2.9199873097240925e-07,0.7943503750138916,0.7943506670126226
3,1.2500095181167126e-07,0.530578499980038,0.5305786249809898
3,2.500019036233425e-07,0.5220546250056941,0.5220548750075977
3,2.0800507627427578e-07,0.46676433298853226,0.46676454099360853
3,1.66997779160738e-07,0.43451779198949225,0.4345179589872714
2,1.6600824892520905e-07,1.1191781660018023,1.1191783320100512
3,1.6600824892520905e-07,0.4406128329865169,0.4406129989947658
3,2.500019036233425e-07,0.5388943750003818,0.5388946250022855
3,2.500019036233425e-07,0.5802955830004066,0.5802958330023102
3,1.659791450947523e-07,0.38698779098922387,0.38698795696836896
3,8.300412446260452e-08,0.4078827920020558,0.40788287500618026
2,8.40227585285902e-08,1.0714881250169128,1.0714882090396713
3,1.2500095181167126e-07,0.44305633299518377,0.4430564579961356
3,1.659791450947523e-07,0.5390689579944592,0.5390691239736043
3,2.0800507627427578e-07,0.42656841600546613,0.4265686240105424
3,1.6600824892520905e-07,0.5828082080115564,0.5828083740198053
3,1.2500095181167126e-07,0.4410996249935124,0.4410997499944642
3,2.500019036233425e-07,0.31872595800086856,0.3187262080027722
3,1.2500095181167126e-07,0.5060832499875687,0.5060833749885205
3,2.0899460650980473e-07,1.1443960829928983,1.1443962919875048
3,2.9098009690642357e-07,0.38582487497478724,0.38582516595488414
3,1.2500095181167126e-07,0.36977520800428465,0.36977533300523646
3,4.169996827840805e-07,0.7717736669874284,0.7717740839871112
3,2.0797597244381905e-07,0.5457530830171891,0.5457532909931615
3,1.6600824892520905e-07,1.0768783339881338,1.0768784999963827
3,1.6600824892520905e-07,0.6958304999861866,0.6958306659944355
3,2.0800507627427578e-07,0.40655458299443126,0.40655479099950753
3,2.500019036233425e-07,0.3174117500020657,0.3174120000039693
3,2.500019036233425e-07,0.37615620900760405,0.37615645900950767
3,2.0800507627427578e-07,0.5639338750042953,0.5639340830093715
3,1.66997779160738e-07,0.6904345000220928,0.690434667019872
3,2.0899460650980473e-07,0.5903407500009052,0.5903409589955118
3,2.500019036233425e-07,0.45117391701205634,0.45117416701395996
3,1.2500095181167126e-07,0.7305179160030093,0.7305180410039611
3,4.100729711353779e-08,0.3707147919922136,0.3707148329995107
3,2.500019036233425e-07,0.8239473330031615,0.8239475830050651
3,1.6600824892520905e-07,0.39848858298501,0.3984887489932589
3,1.2500095181167126e-07,1.3098701249982696,1.3098702499992214
3,2.500019036233425e-07,0.6162686250172555,0.6162688750191592
3,2.9199873097240925e-07,0.7706966669938993,0.7706969589926302
3,2.0800507627427578e-07,0.6087407909799367,0.608740998985013
3,2.500019036233425e-07,0.6387427919835318,0.6387430419854354
3,2.0800507627427578e-07,0.7480163339932915,0.7480165419983678
3,1.66997779160738e-07,0.6207538339949679,0.620754000992747
3,1.66997779160738e-07,0.6968788749945816,0.6968790419923607
3,1.6600824892520905e-07,1.2012723340012599,1.2012725000095088
3,2.910092007368803e-07,0.5926301669969689,0.5926304580061696
3,2.0800507627427578e-07,0.729995208006585,0.7299954160116613
3,1.66997779160738e-07,0.3661928750225343,0.36619304202031344
3,1.66997779160738e-07,0.9676002080086619,0.967600375006441
3,8.300412446260452e-08,0.3541815000062343,0.35418158301035874
3,1.2500095181167126e-07,0.7087680420081597,0.7087681670091115
3,2.500019036233425e-07,0.3092875830188859,0.30928783302078955
3,1.2500095181167126e-07,0.48438204199192114,0.48438216699287295
3,1.2500095181167126e-07,0.3166007920226548,0.3166009170236066
3,8.300412446260452e-08,0.5537343749892898,0.5537344579934143
3,5.00003807246685e-07,0.5382110829814337,0.538211582985241
3,1.66997779160738e-07,0.5400722089980263,0.5400723759958055
3,2.0899460650980473e-07,0.45170091700856574,0.45170112600317225
3,1.6600824892520905e-07,0.42121050000423566,0.4212106660124846
3,4.1996827349066734e-08,0.4638366249855608,0.4638366669823881
3,4.1996827349066734e-08,0.7625004170113243,0.7625004590081517
3,2.0899460650980473e-07,0.7851828749990091,0.7851830839936156
3,8.300412446260452e-08,1.4054429579991847,1.4054430410033092
3,4.100729711353779e-08,0.9234533339913469,0.923453374998644
3,1.2500095181167126e-07,0.87640658399323,0.8764067089941818
3,2.0800507627427578e-07,0.6137994159944355,0.6137996239995118
3,1.2500095181167126e-07,0.8542376249970403,0.8542377499979921
3,1.66997779160738e-07,0.4164811670198105,0.4164813340175897
3,1.66997779160738e-07,0.49538733399822377,0.4953875009960029
3,3.33995558321476e-07,0.5782389999949373,0.5782393339904957
3,3.3300602808594704e-07,0.6647193329990841,0.6647196660051122
3,8.300412446260452e-08,0.6648897910199594,0.6648898740240838
3,2.9199873097240925e-07,0.5240107080026064,0.5240110000013374
3,1.2500095181167126e-07,0.9501029999810271,0.9501031249819789
3,2.0800507627427578e-07,1.2409083750098944,1.2409085830149706
3,1.66997779160738e-07,0.46116637499653734,0.4611665419943165
3,1.66997779160738e-07,0.4801488340017386,0.48014900099951774
3,8.300412446260452e-08,0.8531420410145074,0.8531421240186319
3,2.500019036233425e-07,1.2321400410146452,1.2321402910165489
3,2.0797597244381905e-07,0.31688558400492184,0.3168857919808943
3,1.2500095181167126e-07,0.5371558339975309,0.5371559589984827
3,1.66997779160738e-07,0.40417404199251905,0.4041742089902982
3,1.66997779160738e-07,0.569377333013108,0.5693775000108872
3,2.0800507627427578e-07,0.3651775830076076,0.3651777910126839
3,1.2500095181167126e-07,0.4049445000127889,0.40494462501374073
3,1.659791450947523e-07,0.5296576250111684,0.5296577909903135
3,2.910092007368803e-07,0.779953666991787,0.7799539580009878
3,1.2500095181167126e-07,0.8546685420151334,0.8546686670160852
3,1.66997779160738e-07,1.1378663329815026,1.1378664999792818
3,2.0899460650980473e-07,0.4064827499969397,0.4064829589915462
3,2.0800507627427578e-07,0.7521320410014596,0.7521322490065359
3,2.910092007368803e-07,0.6060942079930101,0.6060944990022108
3,1.66997779160738e-07,0.4287139579828363,0.42871412498061545
3,3.7500285543501377e-07,0.43534629201167263,0.43534666701452807
3,3.33995558321476e-07,0.4814604159910232,0.4814607499865815
3,1.2500095181167126e-07,1.2907204590155743,1.2907205840165261
3,2.500019036233425e-07,0.7994761660229415,0.7994764160248451
3,1.6600824892520905e-07,0.5153313339978922,0.5153315000061411
4,2.500019036233425e-07,0.5069238749856595,0.5069241249875631
4,1.2500095181167126e-07,0.543255208991468,0.5432553339924198
4,2.0899460650980473e-07,0.5342885419959202,0.5342887509905268
4,1.6600824892520905e-07,0.38668224998400547,0.3866824159922544
4,2.0800507627427578e-07,0.5228463750099763,0.5228465830150526
3,8.399365469813347e-08,1.0813454589806497,1.0813455429743044
4,1.6600824892520905e-07,0.4835437089786865,0.4835438749869354
4,2.0800507627427578e-07,0.3179622500028927,0.31796245800796896
4,2.0800507627427578e-07,0.3996325829939451,0.3996327909990214
4,2.0800507627427578e-07,0.34731995899346657,0.34732016699854285
4,1.2500095181167126e-07,0.6224796670139767,0.6224797920149285
4,1.66997779160738e-07,0.3367560839978978,0.33675625099567696
4,1.66997779160738e-07,0.5771223329938948,0.577122499991674
4,1.2500095181167126e-07,0.4146796249842737,0.4146797499852255
4,2.500019036233425e-07,0.38567641700501554,0.38567666700691916
3,1.2500095181167126e-07,1.106284332985524,1.106284457986476
4,1.2500095181167126e-07,0.39867320901248604,0.39867333401343785
4,1.6600824892520905e-07,0.5748872910044156,0.5748874570126645
4,4.1996827349066734e-08,1.0039565839979332,1.0039566259947605
4,1.2500095181167126e-07,0.3385288749996107,0.3385290000005625
4,8.300412446260452e-08,0.33057062499574386,0.3305707079998683
4,2.0800507627427578e-07,0.6743151250120718,0.6743153330171481
4,1.2500095181167126e-07,0.3882116250169929,0.3882117500179447
4,1.2500095181167126e-07,0.6307188749779016,0.6307189999788534
4,1.2500095181167126e-07,0.5125320419901982,0.51253216699115
4,1.2500095181167126e-07,1.0727649999898858,1.0727651249908376
4,8.399365469813347e-08,0.3781515419832431,0.3781516259768978
4,1.2500095181167126e-07,0.4916254579729866,0.49162558297393844
4,3.7500285543501377e-07,0.8016908330027945,0.80169120800565
4,1.66997779160738e-07,0.36990070799947716,0.3699008749972563
4,1.66997779160738e-07,0.41423037499771453,0.4142305419954937
4,1.66997779160738e-07,0.5620890409918502,0.5620892079896294
4,1.6600824892520905e-07,0.32042224999167956,0.3204224159999285
4,5.830079317092896e-07,0.6936153330025263,0.693615916010458
4,2.0899460650980473e-07,0.7449056250043213,0.7449058339989278
4,2.910092007368803e-07,0.6932358339836355,0.6932361249928363
4,2.500019036233425e-07,0.354152250016341,0.3541525000182446
4,2.0800507627427578e-07,0.3167566249903757,0.316756832995452
4,2.499727997928858e-07,1.0518645420088433,1.051864791981643
4,2.0800507627427578e-07,0.49748162500327453,0.4974818330083508
4,8.300412446260452e-08,0.36194929099292494,0.3619493739970494
4,8.399365469813347e-08,0.3332654160039965,0.3332654999976512
4,1.2500095181167126e-07,0.43145945799187757,0.4314595829928294
4,2.0800507627427578e-07,0.5452189170173369,0.5452191250224132
4,8.300412446260452e-08,0.37179437500890344,0.3717944580130279
4,1.66997779160738e-07,0.4598514579993207,0.45985162499709986
4,1.2500095181167126e-07,0.5399197919759899,0.5399199169769417
4,2.500019036233425e-07,0.519570583011955,0.5195708330138586
4,2.910092007368803e-07,1.1292246249795426,1.1292249159887433
4,1.6600824892520905e-07,0.43337366700870916,0.4333738330169581
4,2.0800507627427578e-07,0.5265832079749089,0.5265834159799851
4,1.6600824892520905e-07,0.37429775000782683,0.37429791601607576
4,2.500019036233425e-07,0.7520977919921279,0.7520980419940315
4,2.0800507627427578e-07,0.35445383400656283,0.3544540420116391
4,1.2500095181167126e-07,0.5482932919985615,0.5482934169995133
4,1.6600824892520905e-07,0.5334975000005215,0.5334976660087705
4,2.500019036233425e-07,0.36529045898350887,0.3652907089854125
4,2.500019036233425e-07,0.594840416975785,0.5948406669776887
4,2.500019036233425e-07,0.4068482500151731,0.40684850001707673
4,1.6600824892520905e-07,0.5298452079878189,0.5298453739960678
4,1.66997779160738e-07,0.47920304199215025,0.4792032089899294
4,1.2500095181167126e-07,0.7849250000144821,0.7849251250154339
4,2.9199873097240925e-07,0.8010262919997331,0.801026583998464
4,2.910092007368803e-07,1.1366357500082813,1.136636041017482
4,2.9199873097240925e-07,0.49625262498739175,0.4962529169861227
4,1.66997779160738e-07,0.851547333993949,0.8515475009917282
4,1.66997779160738e-07,0.761561499995878,0.7615616669936571
4,1.2500095181167126e-07,0.5482068749843165,0.5482069999852683
4,1.2500095181167126e-07,0.8449665840016678,0.8449667090026196
4,2.0899460650980473e-07,0.5090794999850914,0.5090797089796979
4,1.66997779160738e-07,0.4123000410036184,0.41230020800139755
4,2.500019036233425e-07,1.103449875023216,1.1034501250251196
4,2.9098009690642357e-07,0.7364281660120469,0.7364284569921438
4,1.2500095181167126e-07,0.7009289169800468,0.7009290419809986
4,8.399365469813347e-08,0.8735006659990177,0.8735007499926724
4,4.1996827349066734e-08,0.7419015409832355,0.7419015829800628
4,1.66997779160738e-07,0.6063945830101147,0.6063947500078939
4,1.66997779160738e-07,1.1675849579914939,1.167585124989273
4,2.0800507627427578e-07,0.7502645410131663,0.7502647490182426
4,2.500019036233425e-07,0.8155586250068154,0.815558875008719
4,1.2500095181167126e-07,0.6235803750168998,0.6235805000178516
4,1.2500095181167126e-07,0.3548984999943059,0.3548986249952577
4,4.1996827349066734e-08,0.41484404099173844,0.4148440829885658
4,2.910092007368803e-07,0.6697930420050398,0.6697933330142405
4,8.300412446260452e-08,0.40966520801885054,0.409665291022975
4,2.500019036233425e-07,0.7674382920085918,0.7674385420104954
4,2.499727997928858e-07,1.1024942499934696,1.1024944999662694
4,2.0800507627427578e-07,0.45059270900674164,0.4505929170118179
4,1.66997779160738e-07,0.5087787500233389,0.5087789170211181
4,8.300412446260452e-08,0.6775111670140177,0.6775112500181422
4,2.9199873097240925e-07,0.821763790998375,0.821764082997106
4,2.0899460650980473e-07,0.5855499579920433,0.5855501669866499
4,8.300412446260452e-08,0.4008841670001857,0.40088425000431016
4,1.66997779160738e-07,0.7505499580001924,0.7505501249979716
4,2.0800507627427578e-07,1.1344014579954091,1.1344016660004854
4,2.9199873097240925e-07,0.5062276670068968,0.5062279590056278
4,2.500019036233425e-07,0.4654347919858992,0.46543504198780283
4,2.910092007368803e-07,0.4721951659885235,0.47219545699772425
4,1.6702688299119473e-07,0.7436029580130707,0.7436031250399537
5,1.6702688299119473e-07,0.40990237501682714,0.4099025420437101
5,8.300412446260452e-08,0.528248833026737,0.5282489160308614
4,2.910092007368803e-07,0.5822507499833591,0.5822510409925599
4,1.2500095181167126e-07,1.0766386250033975,1.0766387500043493
5,8.399365469813347e-08,0.42759879198274575,0.42759887597640045
5,1.2500095181167126e-07,0.6411371249996591,0.641137250000611
5,2.0800507627427578e-07,0.5196614580054302,0.5196616660105065
5,4.1996827349066734e-08,0.5000623750092927,0.5000624170061201
5,1.6600824892520905e-07,0.5533014169777744,0.5533015829860233
5,1.66997779160738e-07,0.3907596660137642,0.3907598330115434
5,4.1601015254855156e-07,0.46960041698184796,0.4696008329920005
5,1.66997779160738e-07,0.5462752919993363,0.5462754589971155
5,8.300412446260452e-08,0.40578383300453424,0.4057839160086587
5,1.66997779160738e-07,0.4773309589945711,0.4773311259923503
5,8.300412446260452e-08,0.39624724999885075,0.3962473330029752
4,1.66997779160738e-07,1.132684625015827,1.132684792013606
5,2.0800507627427578e-07,0.4120545409969054,0.4120547490019817
5,8.297502063214779e-08,0.4396325420239009,0.43963262499892153
5,4.1996827349066734e-08,0.6100447080098093,0.6100447500066366
5,1.2497184798121452e-07,0.3521977920026984,0.3521979169745464
5,2.500019036233425e-07,1.0751744999724906,1.0751747499743942
5,8.399365469813347e-08,0.42223954101791605,0.42223962501157075
5,6.250047590583563e-07,0.7176583750115242,0.7176590000162832
5,1.66997779160738e-07,0.529917750012828,0.5299179170106072
5,1.6600824892520905e-07,0.39277016700361855,0.3927703330118675
5,1.2500095181167126e-07,0.7000531670055352,0.700053292006487
5,3.329769242554903e-07,1.1402941250125878,1.140294457989512
5,1.2500095181167126e-07,0.633903082984034,0.6339032079849858
5,1.2500095181167126e-07,0.5328158749907743,0.5328159999917261
5,2.0800507627427578e-07,0.5219942920084577,0.521994500013534
5,2.910092007368803e-07,0.34978508300264366,0.3497853740118444
5,2.500019036233425e-07,0.740263290994335,0.7402635409962386
5,8.399365469813347e-08,0.44737104201340117,0.44737112600705586
5,2.0800507627427578e-07,0.6222232090076432,0.6222234170127194
5,8.300412446260452e-08,0.770352166990051,0.7703522499941755
5,1.66997779160738e-07,0.7401925000012852,0.7401926669990644
5,1.66997779160738e-07,0.5660092920006718,0.566009458998451
5,1.2500095181167126e-07,0.32375070799025707,0.3237508329912089
5,8.300412446260452e-08,0.40831429199897684,0.4083143750031013
5,1.66997779160738e-07,1.1055956660129596,1.1055958330107387
5,3.329769242554903e-07,0.3868968749884516,0.38689720796537586
5,1.66997779160738e-07,0.7098674579756334,0.7098676249734126
5,1.66997779160738e-07,0.5391373330203351,0.5391375000181142
5,2.0899460650980473e-07,0.46796737500699237,0.4679675840015989
5,8.399365469813347e-08,0.4391042499919422,0.4391043339855969
5,1.66997779160738e-07,0.4646035840269178,0.464603751024697
5,1.66997779160738e-07,0.3755431250028778,0.37554329200065695
5,2.0800507627427578e-07,0.573601541982498,0.5736017499875743
5,2.0800507627427578e-07,1.08902174999821,1.0890219580032863
5,1.6600824892520905e-07,0.4215717089828104,0.4215718749910593
5,2.500019036233425e-07,0.5947874170087744,0.594787667010678
5,1.2500095181167126e-07,0.5281124580069445,0.5281125830078963
5,1.6600824892520905e-07,0.7745317500084639,0.7745319160167128
5,2.0797597244381905e-07,0.34437154201441444,0.3443717499903869
5,2.500019036233425e-07,0.38869529200019315,0.38869554200209677
5,1.6702688299119473e-07,0.5985648749920074,0.5985650420188904
5,1.2500095181167126e-07,0.4043579160061199,0.40435804100707173
5,1.2500095181167126e-07,0.5857647499942686,0.5857648749952205
5,1.66997779160738e-07,0.5895294579968322,0.5895296249946114
5,1.66997779160738e-07,0.3297040830075275,0.3297042500053067
5,2.500019036233425e-07,0.539830499998061,0.5398307499999646
5,8.300412446260452e-08,0.7411212500010151,0.7411213330051396
5,2.0800507627427578e-07,1.0558401249872986,1.055840332992375
5,1.659791450947523e-07,0.74626829099725,0.7462684569763951
5,1.66997779160738e-07,0.5509032080008183,0.5509033749985974
5,2.0800507627427578e-07,0.8101514579902869,0.8101516659953631
5,1.2500095181167126e-07,0.4957728339941241,0.4957729589950759
5,2.0800507627427578e-07,0.7827890829939861,0.7827892909990624
5,1.66997779160738e-07,0.5732681659865193,0.5732683329842985
5,8.300412446260452e-08,0.5703040420194156,0.5703041250235401
5,1.2500095181167126e-07,0.39754333297605626,0.3975434579770081
5,1.66997779160738e-07,0.5153602920181584,0.5153604590159375
5,2.0899460650980473e-07,0.8059008749842178,0.8059010839788243
5,1.2500095181167126e-07,1.082997916993918,1.0829980419948697
5,1.2500095181167126e-07,0.562157083011698,0.5621572080126498
5,1.66997779160738e-07,0.5764778339944314,0.5764780009922106
5,2.9199873097240925e-07,0.7949709579988848,0.7949712499976158
5,1.6600824892520905e-07,0.556331624975428,0.5563317909836769
5,1.2497184798121452e-07,0.4900136249780189,0.4900137499498669
5,1.6600824892520905e-07,0.6319457920035347,0.6319459580117837
5,1.2500095181167126e-07,1.0427308329963125,1.0427309579972643
5,1.66997779160738e-07,1.4540500419971067,1.454050208994886
5,2.500019036233425e-07,0.7087787500058766,0.7087790000077803
5,1.66997779160738e-07,0.7347051249817014,0.7347052919794805
5,4.1996827349066734e-08,0.7323337919951882,0.7323338339920156
5,1.6600824892520905e-07,0.6090114999969956,0.6090116660052445
5,2.500019036233425e-07,0.8806314999819733,0.8806317499838769
5,2.0899460650980473e-07,0.954858167009661,0.9548583760042675
5,1.66997779160738e-07,0.8006423330225516,0.8006425000203308
5,2.500019036233425e-07,0.49389637500280514,0.49389662500470877
5,1.167005393654108e-06,1.4715772079944145,1.4715783749998081
5,1.2500095181167126e-07,1.1374025419936515,1.1374026669946034
5,2.0902371034026146e-07,0.4820588750008028,0.48205908402451314
5,1.66997779160738e-07,1.2170843749772757,1.217084541975055
5,8.399365469813347e-08,0.6123301250045188,0.6123302089981735
5,2.0899460650980473e-07,0.5737335419980809,0.5737337509926874
5,3.33995558321476e-07,0.5994720829767175,0.5994724169722758
5,2.0800507627427578e-07,0.8567932909936644,0.8567934989987407
6,1.66997779160738e-07,0.5556591250060592,0.5556592920038383
5,1.2500095181167126e-07,1.713982457993552,1.713982582994504
6,2.500019036233425e-07,0.6882095839828253,0.6882098339847289
5,3.33995558321476e-07,1.203955875011161,1.2039562090067193
5,2.910092007368803e-07,1.1085451660037506,1.1085454570129514
6,1.2500095181167126e-07,0.5866802919772454,0.5866804169781972
6,2.500019036233425e-07,0.8021660830127075,0.8021663330146112
5,1.6600824892520905e-07,1.002215915999841,1.0022160820080899
6,8.399365469813347e-08,0.6057577079918701,0.6057577919855248
6,1.2500095181167126e-07,0.6976917090069037,0.6976918340078555
5,8.40227585285902e-08,1.2019894170225598,1.2019895010453183
6,3.3300602808594704e-07,0.6286739580100402,0.6286742910160683
6,1.6600824892520905e-07,0.5175800000142772,0.5175801660225261
6,2.500019036233425e-07,0.7297397920046933,0.7297400420065969
6,8.300412446260452e-08,0.5538892079785,0.5538892909826245
6,1.2500095181167126e-07,0.4367856250028126,0.4367857500037644
6,2.0899460650980473e-07,0.6835392079956364,0.6835394169902429
6,1.6600824892520905e-07,0.4594615829992108,0.45946174900745973
6,2.0800507627427578e-07,0.5149229590024333,0.5149231670075096
6,8.300412446260452e-08,0.6416977499902714,0.6416978329943959
6,8.399365469813347e-08,1.2576368750014808,1.2576369589951355
6,8.300412446260452e-08,0.49471850000554696,0.4947185830096714
6,2.500019036233425e-07,0.6441699160204735,0.6441701660223771
6,1.659791450947523e-07,0.4771900839987211,0.4771902499778662
6,8.300412446260452e-08,0.556514916010201,0.5565149990143254
6,1.2500095181167126e-07,0.8263894999981858,0.8263896249991376
6,4.1996827349066734e-08,0.6858277919818647,0.6858278339786921
6,1.2500095181167126e-07,1.2419873329927213,1.2419874579936732
6,2.500019036233425e-07,0.7121360000164714,0.712136250018375
6,2.0800507627427578e-07,0.8767500840185676,0.8767502920236439
6,4.159810487180948e-07,0.4910749169939663,0.49107533297501504
6,8.399365469813347e-08,0.4636606669810135,0.4636607509746682
6,1.2500095181167126e-07,0.8044462079997174,0.8044463330006693
6,2.0800507627427578e-07,0.526914415997453,0.5269146240025293
6,2.0797597244381905e-07,0.6239899579959456,0.623990165971918
6,2.9098009690642357e-07,0.8699274170212448,0.8699277080013417
6,8.399365469813347e-08,0.7490883749851491,0.7490884589788038
6,8.399365469813347e-08,0.8744802080036607,0.8744802919973154
6,8.399365469813347e-08,0.6255927089951001,0.6255927929887548
6,2.500019036233425e-07,0.4014029169920832,0.4014031669939868
6,1.2500095181167126e-07,0.6279370420088526,0.6279371670098044
6,2.500019036233425e-07,0.47643054198124446,0.4764307919831481
6,1.6600824892520905e-07,1.3815897919994313,1.3815899580076803
6,1.2500095181167126e-07,0.47104525001486763,0.47104537501581945
6,3.33995558321476e-07,0.528613000002224,0.5286133339977823
6,2.500019036233425e-07,0.513768250006251,0.5137685000081547
6,2.0800507627427578e-07,1.0848348749859724,1.0848350829910487
6,1.66997779160738e-07,0.4467557500174735,0.44675591701525263
6,1.6600824892520905e-07,0.5857729169947561,0.585773083003005
6,2.500019036233425e-07,0.5867138339963276,0.5867140839982312
6,1.2500095181167126e-07,0.6747824159974698,0.6747825409984216
6,2.500019036233425e-07,0.6795888339984231,0.6795890840003267
6,8.300412446260452e-08,0.6444517500058282,0.6444518330099527
6,3.7500285543501377e-07,0.5083191669837106,0.508319541986566
6,1.2500095181167126e-07,0.6271992089750711,0.6271993339760229
6,1.66997779160738e-07,0.4093937090074178,0.40939387600519694
6,2.500019036233425e-07,0.3896067919849884,0.389607041986892
6,8.300412446260452e-08,0.5775425419851672,0.5775426249892917
6,1.2500095181167126e-07,0.422927833016729,0.4229279580176808
6,1.66997779160738e-07,0.54195879100007,0.5419589579978492
6,8.300412446260452e-08,0.6193747080105823,0.6193747910147067
6,1.66997779160738e-07,0.6224313330021687,0.6224314999999478
6,1.66997779160738e-07,1.1845680830010679,1.184568249998847
6,2.0899460650980473e-07,0.7543972499843221,0.7543974589789286
6,1.2500095181167126e-07,0.45651479202206247,0.4565149170230143
6,2.0800507627427578e-07,0.9340950829791836,0.9340952909842599
6,2.0800507627427578e-07,0.6059085830056574,0.6059087910107337
6,1.66997779160738e-07,0.978722125000786,0.9787222919985652
6,1.66997779160738e-07,0.7088713750126772,0.7088715420104563
6,1.6600824892520905e-07,0.8160789169778582,0.8160790829861071
6,8.40227585285902e-08,0.585694749985123,0.5856948340078816
6,1.6702688299119473e-07,0.7621683340112213,0.7621685010381043
6,1.66997779160738e-07,1.0726863339950796,1.0726865009928588
6,4.1996827349066734e-08,0.7047149589925539,0.7047150009893812
6,2.0899460650980473e-07,0.7404669999959879,0.7404672089905944
6,1.66997779160738e-07,0.8185147499898449,0.818514916987624
6,1.66997779160738e-07,1.0586617089866195,1.0586618759843986
6,1.2500095181167126e-07,0.8265370419831015,0.8265371669840533
6,1.2500095181167126e-07,0.6503651670063846,0.6503652920073364
6,1.6600824892520905e-07,0.689189916010946,0.689190082019195
6,2.0800507627427578e-07,0.702418958011549,0.7024191660166252
6,1.659791450947523e-07,0.9026313750073314,0.9026315409864765
6,2.9098009690642357e-07,0.6654900420107879,0.6654903329908848
6,2.0899460650980473e-07,0.8253755830228329,0.8253757920174394
6,1.2500095181167126e-07,0.7126670829893555,0.7126672079903074
6,1.2500095181167126e-07,0.5472678750229534,0.5472680000239052
6,8.300412446260452e-08,0.4927915000007488,0.49279158300487325
6,1.2500095181167126e-07,0.8412303749937564,0.8412304999947082
6,2.0800507627427578e-07,1.2074446670012549,1.2074448750063311
6,1.6600824892520905e-07,0.54209475000971,0.5420949160179589
6,8.300412446260452e-08,0.5484095830179285,0.548409666022053
6,2.0797597244381905e-07,0.7689399170049,0.7689401249808725
6,8.399365469813347e-08,0.6481923749961425,0.6481924589897972
6,1.66997779160738e-07,1.2092942500021309,1.20929441699991
6,1.2500095181167126e-07,0.8961504159960896,0.8961505409970414
6,1.2500095181167126e-07,0.6358849579992238,0.6358850830001757
6,2.0800507627427578e-07,0.8660370419966057,0.866037250001682
6,2.9199873097240925e-07,0.4967482909851242,0.49674858298385516
6,2.0800507627427578e-07,0.5643363329872955,0.5643365409923717
6,2.500019036233425e-07,0.47135399997932836,0.471354249981232
6,2.0899460650980473e-07,0.5839136249851435,0.58391383397975
6,1.2500095181167126e-07,0.8391573749831878,0.8391574999841396
7,1.2500095181167126e-07,0.5217719999782275,0.5217721249791794
6,1.66997779160738e-07,1.1321091249992605,1.1321092919970397
6,2.9199873097240925e-07,0.6493518329807557,0.6493521249794867
7,2.0899460650980473e-07,0.6193755000131205,0.619375709007727
7,2.500019036233425e-07,0.7207435000163969,0.7207437500183005
7,1.6600824892520905e-07,0.6555585830064956,0.6555587490147445
7,8.399365469813347e-08,0.5979442080133595,0.5979442920070142
7,2.0902371034026146e-07,0.5648437499767169,0.5648439590004273
7,2.0800507627427578e-07,0.47543541598133743,0.4754356239864137
6,2.0800507627427578e-07,1.0792549169855192,1.0792551249905955
7,2.500019036233425e-07,0.6550398330145981,0.6550400830165017
7,8.399365469813347e-08,0.39443266700254753,0.39443275099620223
7,2.0899460650980473e-07,0.47790958400582895,0.47790979300043546
7,2.500019036233425e-07,0.7515135839930736,0.7515138339949772
7,2.0800507627427578e-07,0.42025237501366064,0.4202525830187369
7,2.9199873097240925e-07,0.5819220000121277,0.5819222920108587
7,2.500019036233425e-07,1.1556119580054656,1.1556122080073692
7,1.2500095181167126e-07,0.47782787500182167,0.4778280000027735
7,8.300412446260452e-08,0.7266884999989998,0.7266885830031242
7,1.659791450947523e-07,0.5297337500087451,0.5297339159878902
7,1.66997779160738e-07,0.6028979580150917,0.6028981250128709
7,1.2500095181167126e-07,0.5294889159849845,0.5294890409859363
7,2.0800507627427578e-07,0.6654712499876041,0.6654714579926804
7,1.2500095181167126e-07,0.46317466700566,0.4631747920066118
7,3.3300602808594704e-07,0.8609054579865187,0.8609057909925468
7,2.500019036233425e-07,1.1525766669947188,1.1525769169966225
7,1.2500095181167126e-07,0.799342333979439,0.7993424589803908
7,2.0800507627427578e-07,0.67193970902008,0.6719399170251563
7,2.0902371034026146e-07,0.7611865830258466,0.761186792049557
7,2.0800507627427578e-07,0.41755866701714694,0.4175588750222232
7,1.2500095181167126e-07,0.38436949998140335,0.38436962498235516
7,2.0800507627427578e-07,0.5248594169970602,0.5248596250021365
7,8.300412446260452e-08,0.7133600839879364,0.7133601669920608
7,1.66997779160738e-07,0.5015452500083484,0.5015454170061275
7,8.399365469813347e-08,0.8485311249969527,0.8485312089906074
7,1.66997779160738e-07,0.8574141669960227,0.8574143339938018
7,2.0800507627427578e-07,1.1120731670234818,1.112073375028558
7,1.2500095181167126e-07,0.5804760830069426,0.5804762080078945
7,1.66997779160738e-07,0.5692863329895772,0.5692864999873564
7,1.2500095181167126e-07,0.46187108298181556,0.4618712079827674
7,2.0800507627427578e-07,0.47878108301665634,0.4787812910217326
7,2.0899460650980473e-07,0.4197630839771591,0.4197632929717656
7,2.499727997928858e-07,0.412453207973158,0.4124534579459578
7,1.66997779160738e-07,0.4389194999821484,0.43891966697992757
7,2.0800507627427578e-07,0.6351210410066415,0.6351212490117177
7,1.66997779160738e-07,0.4899047920189332,0.4899049590167124
7,1.2500095181167126e-07,0.5827485419868026,0.5827486669877544
7,2.499727997928858e-07,0.48464491599588655,0.48464516596868634
7,1.66997779160738e-07,0.7306646250071935,0.7306647920049727
7,1.2500095181167126e-07,1.1667808339989278,1.1667809589998797
7,2.0899460650980473e-07,0.4567060839908663,0.45670629298547283
7,2.500019036233425e-07,0.5629207920283079,0.5629210420302115
7,2.910092007368803e-07,0.6735701659927145,0.6735704570019152
7,3.3300602808594704e-07,0.3962356669944711,0.3962360000004992
7,2.910092007368803e-07,0.4274679580121301,0.42746824902133085
7,2.0800507627427578e-07,0.7051333749841433,0.7051335829892196
7,1.2500095181167126e-07,0.5000415420217905,0.5000416670227423
7,1.2500095181167126e-07,0.7107511250069365,0.7107512500078883
7,2.0899460650980473e-07,1.0552787909982726,1.055278999992879
7,1.6600824892520905e-07,0.7107410829921719,0.7107412490004208
7,1.2500095181167126e-07,0.551362500002142,0.5513626250030939
7,2.0797597244381905e-07,0.540007666015299,0.5400078739912715
7,1.6600824892520905e-07,0.7917812500090804,0.7917814160173293
7,2.0800507627427578e-07,0.5143036250083242,0.5143038330134004
7,8.399365469813347e-08,0.799601916980464,0.7996020009741187
7,1.2500095181167126e-07,0.9086187079956289,0.9086188329965807
7,1.2500095181167126e-07,0.6146306669979822,0.614630791998934
7,2.0800507627427578e-07,0.8951211669773329,0.8951213749824092
7,1.2500095181167126e-07,0.5426925409992691,0.5426926660002209
7,8.399365469813347e-08,0.579508499999065,0.5795085839927197
7,2.9098009690642357e-07,0.6051791250065435,0.6051794159866404
7,1.6600824892520905e-07,0.48669054100173526,0.4866907070099842
7,1.6702688299119473e-07,1.1182219580223318,1.1182221250492148
7,1.2500095181167126e-07,0.9632989170204382,0.96329904202139
7,2.0800507627427578e-07,0.643094665982062,0.6430948739871383
7,2.0800507627427578e-07,0.6429188330075704,0.6429190410126466
7,1.2500095181167126e-07,0.8868858750211075,0.8868860000220593
7,1.2500095181167126e-07,0.514935457991669,0.5149355829926208
7,1.2500095181167126e-07,0.47137800001655705,0.47137812501750886
7,1.2500095181167126e-07,0.8150915000005625,0.8150916250015143
7,1.2500095181167126e-07,0.7044426659995224,0.7044427910004742
7,1.2500095181167126e-07,0.5504540000110865,0.5504541250120383
7,1.6600824892520905e-07,0.42483012497541495,0.42483029098366387
7,2.0800507627427578e-07,1.2613537090073805,1.2613539170124568
7,1.6600824892520905e-07,0.4540686249965802,0.4540687910048291
7,1.2500095181167126e-07,0.6599822079879232,0.659982332988875
7,8.300412446260452e-08,0.7792045420210343,0.7792046250251587
7,1.66997779160738e-07,0.5099837919988204,0.5099839589965995
7,2.500019036233425e-07,0.58003470802214,0.5800349580240436
7,2.500019036233425e-07,0.5529552079970017,0.5529554579989053
7,1.2500095181167126e-07,0.8837144169956446,0.8837145419965964
7,8.399365469813347e-08,0.4068420419935137,0.4068421259871684
7,2.0800507627427578e-07,0.41809941598330624,0.4180996239883825
7,8.300412446260452e-08,0.7821822080004495,0.7821822910045739
7,2.0899460650980473e-07,1.1141463329840917,1.1141465419786982
7,8.399365469813347e-08,1.476314374973299,1.4763144589669537
7,2.9199873097240925e-07,0.6570763329800684,0.6570766249787994
7,1.2500095181167126e-07,0.5368979169870727,0.5368980419880245
7,2.500019036233425e-07,0.7502436669892631,0.7502439169911668
7,1.66997779160738e-07,0.5303997909941245,0.5303999579919036
8,8.300412446260452e-08,0.5343489579972811,0.5343490410014056
8,2.0797597244381905e-07,0.5160391670069657,0.5160393749829382
7,2.500019036233425e-07,1.154053665988613,1.1540539159905165
8,1.2500095181167126e-07,0.4602637500211131,0.4602638750220649
8,2.0797597244381905e-07,0.648597958002938,0.6485981659789104
7,2.0899460650980473e-07,0.7396892080141697,0.7396894170087762
8,1.2500095181167126e-07,0.6045099170005415,0.6045100420014933
8,2.0800507627427578e-07,0.4858546670002397,0.485854875005316
8,8.399365469813347e-08,0.6231384160055313,0.623138499999186
8,1.2500095181167126e-07,0.5741825419827364,0.5741826669836883
7,1.66997779160738e-07,1.0787872500077356,1.0787874170055147
8,1.6600824892520905e-07,0.5108257079846226,0.5108258739928715
8,1.66997779160738e-07,0.7075436669983901,0.7075438339961693
8,1.6600824892520905e-07,0.5200924999953713,0.5200926660036203
8,8.399365469813347e-08,0.5153402919822838,0.5153403759759385
8,8.300412446260452e-08,1.0664647090015933,1.0664647920057178
8,8.297502063214779e-08,0.5690388749935664,0.5690389579685871
8,2.0800507627427578e-07,0.49126995902042836,0.49127016702550463
8,1.66997779160738e-07,0.5813289579818957,0.5813291249796748
8,2.500019036233425e-07,0.8282685000158381,0.8282687500177417
8,2.0902371034026146e-07,0.4639897500164807,0.463989959040191
8,1.2500095181167126e-07,1.0845272080041468,1.0845273330050986
8,1.2500095181167126e-07,0.8664317079819739,0.8664318329829257
8,1.6600824892520905e-07,0.4822298339859117,0.4822299999941606
8,1.2500095181167126e-07,0.7023222079733387,0.7023223329742905
8,1.6600824892520905e-07,0.6096362909884192,0.6096364569966681
8,4.169996827840805e-07,0.7276375420042314,0.7276379590039141
8,1.66997779160738e-07,0.7043415420048404,0.7043417090026196
8,8.300412446260452e-08,0.8968118749908172,0.8968119579949416
8,2.0800507627427578e-07,0.8008343749970663,0.8008345830021426
8,2.9199873097240925e-07,0.5025496669986751,0.5025499589974061
8,2.0797597244381905e-07,0.34616112502408214,0.3461613330000546
8,1.66997779160738e-07,0.5178931659902446,0.5178933329880238
8,2.0800507627427578e-07,0.8883501249947585,0.8883503329998348
8,1.2500095181167126e-07,0.657579207996605,0.6575793329975568
8,1.6702688299119473e-07,0.5303885830217041,0.5303887500485871
8,1.2500095181167126e-07,0.8764017499925103,0.8764018749934621
8,1.66997779160738e-07,1.1457119999977294,1.1457121669955086
8,1.6600824892520905e-07,0.662086124997586,0.6620862910058349
8,2.0902371034026146e-07,0.4486657500092406,0.4486659590329509
8,2.0797597244381905e-07,0.49076858299667947,0.4907687909726519
8,2.0800507627427578e-07,0.45657874998869374,0.45657895799377
8,1.66997779160738e-07,0.6089519579836633,0.6089521249814425
8,1.66997779160738e-07,0.4640962920093443,0.4640964590071235
8,1.6702688299119473e-07,0.37721470900578424,0.37721487603266723
8,2.0800507627427578e-07,0.46701754099922255,0.4670177490042988
8,1.2500095181167126e-07,1.0763319999969099,1.0763321249978617
8,8.399365469813347e-08,0.504399208992254,0.5043992929859087
8,1.66997779160738e-07,0.6152325419825502,0.6152327089803293
8,2.0800507627427578e-07,0.5859835000010207,0.585983708006097
8,8.40227585285902e-08,0.8117409170081373,0.8117410010308959
8,2.910092007368803e-07,0.38963191700167954,0.3896322080108803
8,1.2500095181167126e-07,0.5544419589859899,0.5544420839869417
8,2.0902371034026146e-07,0.5733954170136712,0.5733956260373816
8,4.202593117952347e-08,0.4108342500112485,0.4108342920371797
8,1.659791450947523e-07,0.6083102090051398,0.6083103749842849
8,2.500019036233425e-07,0.4441919999953825,0.4441922499972861
8,2.0800507627427578e-07,0.6395323749748059,0.6395325829798821
8,1.66997779160738e-07,0.6460009579895996,0.6460011249873787
8,1.2500095181167126e-07,0.5485677499964368,0.5485678749973886
8,2.0800507627427578e-07,0.757073541986756,0.7570737499918323
8,1.2500095181167126e-07,1.1456205830036197,1.1456207080045715
8,2.9098009690642357e-07,0.4762537499773316,0.4762540409574285
8,1.66997779160738e-07,0.7990251669834834,0.7990253339812625
8,3.7500285543501377e-07,0.8714240420085844,0.8714244170114398
8,2.500019036233425e-07,0.623011082992889,0.6230113329947926
8,1.6600824892520905e-07,0.5957260410068557,0.5957262070151046
8,1.2500095181167126e-07,0.7926902910112403,0.7926904160121921
8,2.9199873097240925e-07,0.7594563339953311,0.759456625994062
8,1.66997779160738e-07,0.7298870419908781,0.7298872089886572
8,1.66997779160738e-07,0.42931729200063273,0.4293174589984119
8,2.500019036233425e-07,0.5761239999847021,0.5761242499866057
8,1.2500095181167126e-07,0.5188305419869721,0.5188306669879239
8,2.499727997928858e-07,0.6705740000179503,0.6705742499907501
8,2.0800507627427578e-07,0.7111096250009723,0.7111098330060486
8,1.6600824892520905e-07,1.051540542015573,1.051540708023822
8,4.100729711353779e-08,0.8795354999892879,0.879535540996585
8,2.0902371034026146e-07,0.70742066699313,0.7074208760168403
8,1.66997779160738e-07,1.4910723750072066,1.4910725420049857
8,1.66997779160738e-07,0.7371051249792799,0.7371052919770591
8,1.2500095181167126e-07,1.1009494170139078,1.1009495420148596
8,8.297502063214779e-08,1.4400152919988614,1.440015374973882
8,4.1996827349066734e-08,0.6039625410048757,0.603962583001703
8,2.500019036233425e-07,0.7768525830178987,0.7768528330198023
8,1.2500095181167126e-07,0.5034130830026697,0.5034132080036215
8,1.6600824892520905e-07,0.7651680420094635,0.7651682080177125
8,8.399365469813347e-08,0.4923207919928245,0.4923208759864792
8,3.7500285543501377e-07,0.9322730829881039,0.9322734579909593
8,1.6600824892520905e-07,1.2893250419874676,1.2893252079957165
8,1.2500095181167126e-07,0.5545407080207951,0.554540833021747
8,1.66997779160738e-07,0.4855561669974122,0.4855563339951914
8,1.2500095181167126e-07,1.0274095420027152,1.027409667003667
8,2.0800507627427578e-07,0.8365536670025904,0.8365538750076666
8,1.2500095181167126e-07,0.5769715000060387,0.5769716250069905
8,2.0800507627427578e-07,0.45987566601252183,0.4598758740175981
8,1.6600824892520905e-07,1.3171947499795351,1.317194915987784
8,2.0899460650980473e-07,0.7393517910095397,0.7393520000041462
8,1.659791450947523e-07,0.5872587080230005,0.5872588740021456
8,2.500019036233425e-07,0.639397207996808,0.6393974579987116
8,1.2500095181167126e-07,0.6488724169903435,0.6488725419912953
8,1.6600824892520905e-07,1.0708534579898696,1.0708536239981186
8,2.0800507627427578e-07,0.8293262920051347,0.829326500010211
9,1.2500095181167126e-07,0.5036376669886522,0.503637791989604
9,1.2500095181167126e-07,0.8236485000234097,0.8236486250243615
9,1.6702688299119473e-07,0.7261150830017868,0.7261152500286698
9,1.66997779160738e-07,0.5840540409844834,0.5840542079822626
9,4.202593117952347e-08,0.7382398329791613,0.7382398750050925
9,1.2500095181167126e-07,0.6990267499932088,0.6990268749941606
9,2.500019036233425e-07,0.44835633400361985,0.4483565840055235
9,1.66997779160738e-07,0.4969385419972241,0.49693870899500325
9,1.2500095181167126e-07,0.6588337089924607,0.6588338339934126
9,2.0800507627427578e-07,0.5260262909869198,0.526026498991996
9,2.500019036233425e-07,0.3999066669784952,0.3999069169803988
8,2.500019036233425e-07,1.276467000017874,1.2764672500197776
9,1.2500095181167126e-07,0.47928820800734684,0.47928833300829865
9,1.2500095181167126e-07,1.0739393330004532,1.073939458001405
9,4.1996827349066734e-08,0.5090761670144275,0.5090762090112548
9,2.0800507627427578e-07,0.4551985000143759,0.45519870801945217
9,2.9199873097240925e-07,0.4752473749977071,0.47524766699643806
9,1.6702688299119473e-07,0.6146301250264514,0.6146302920533344
9,8.399365469813347e-08,0.5007798750011716,0.5007799589948263
9,1.6600824892520905e-07,0.6073686669988092,0.6073688330070581
9,2.0800507627427578e-07,1.0350549999857321,1.0350552079908084
9,8.300412446260452e-08,0.49398087500594556,0.49398095801007
9,2.0902371034026146e-07,0.4693457499961369,0.4693459590198472
9,2.0899460650980473e-07,0.8852208750031423,0.8852210839977488
9,2.0797597244381905e-07,0.5817998340062331,0.5818000419822056
9,8.300412446260452e-08,0.759466124989558,0.7594662079936825
9,1.2500095181167126e-07,0.7277716250100639,0.7277717500110157
9,2.9199873097240925e-07,0.48605133400997147,0.48605162600870244
9,2.9199873097240925e-07,0.6317891250073444,0.6317894170060754
9,1.2500095181167126e-07,0.6480775419913698,0.6480776669923216
9,2.9199873097240925e-07,0.3712717090093065,0.3712720010080375
9,1.6600824892520905e-07,0.4602674169873353,0.46026758299558423
9,1.2500095181167126e-07,0.8444613330066204,0.8444614580075722
9,3.3300602808594704e-07,0.8424406669801101,0.8424409999861382
9,1.2500095181167126e-07,0.3822477500070818,0.3822478750080336
9,2.500019036233425e-07,0.5522119580127764,0.5522122080146801
9,2.9199873097240925e-07,0.5446017920039594,0.5446020840026904
9,1.6702688299119473e-07,0.40431191597599536,0.40431208300287835
9,3.7500285543501377e-07,1.151547457993729,1.1515478329965845
9,2.500019036233425e-07,0.4354642079852056,0.4354644579871092
9,2.500019036233425e-07,0.4248744170181453,0.42487466702004895
9,1.6600824892520905e-07,0.4238792920077685,0.42387945801601745
9,2.500019036233425e-07,0.48338641700684093,0.48338666700874455
9,2.0797597244381905e-07,0.5240077080088668,0.5240079159848392
9,1.2500095181167126e-07,0.5946444159781095,0.5946445409790613
9,2.0902371034026146e-07,0.38272362502175383,0.3827238340454642
9,4.1996827349066734e-08,1.054215041018324,1.0542150830151513
9,2.0800507627427578e-07,0.37142941600177437,0.37142962400685064
9,2.500019036233425e-07,0.7559262080176268,0.7559264580195304
9,2.0797597244381905e-07,0.6044603329792153,0.6044605409551878
9,1.2500095181167126e-07,0.3146624999935739,0.3146626249945257
9,4.100729711353779e-08,0.5690059580083471,0.5690059990156442
9,2.0800507627427578e-07,0.3995762919948902,0.3995764999999665
9,8.297502063214779e-08,0.4297517910017632,0.4297518739767838
9,2.0800507627427578e-07,0.6841095830022823,0.6841097910073586
9,2.0800507627427578e-07,0.5615068339975551,0.5615070420026314
9,2.500019036233425e-07,0.6273087499721441,0.6273089999740478
9,1.2500095181167126e-07,0.7259488340059761,0.7259489590069279
9,1.2500095181167126e-07,0.44471183299901895,0.44471195799997076
9,8.399365469813347e-08,0.7546116249868646,0.7546117089805193
9,1.66997779160738e-07,1.1528138749999925,1.1528140419977717
9,4.1996827349066734e-08,0.6988241669896524,0.6988242089864798
9,8.40227585285902e-08,0.5782030000118539,0.5782030840346124
9,3.3300602808594704e-07,0.8139680419990327,0.8139683750050608
9,2.0899460650980473e-07,0.5810037910123356,0.5810040000069421
9,1.659791450947523e-07,0.8707493330002762,0.8707494989794213
9,1.2500095181167126e-07,0.6901804999797605,0.6901806249807123
9,1.66997779160738e-07,0.5135742079874035,0.5135743749851827
9,2.499727997928858e-07,0.4290251249913126,0.4290253749641124
9,1.66997779160738e-07,0.8365157499792986,0.8365159169770777
9,8.399365469813347e-08,1.165145750012016,1.1651458340056706
9,2.0800507627427578e-07,0.6240546659973916,0.6240548740024678
9,1.2500095181167126e-07,0.6667780410207342,0.666778166021686
9,1.2500095181167126e-07,0.8496911670081317,0.8496912920090836
9,2.0797597244381905e-07,0.39901129200006835,0.3990114999760408
9,1.66997779160738e-07,0.670645083009731,0.6706452500075102
9,2.500019036233425e-07,0.7453562910086475,0.7453565410105512
9,1.66997779160738e-07,0.7508798329799902,0.7508799999777693
9,1.2500095181167126e-07,0.44087545899674296,0.4408755839976948
9,1.2500095181167126e-07,1.2401733750011772,1.240173500002129
9,4.1996827349066734e-08,0.39014358300482854,0.3901436250016559
9,2.0800507627427578e-07,0.49455895900609903,0.4945591670111753
9,3.33995558321476e-07,0.6945101669989526,0.694510500994511
9,8.300412446260452e-08,0.7714289999858011,0.7714290829899255
9,2.0797597244381905e-07,0.6183612089953385,0.618361416971311
9,8.300412446260452e-08,0.740105874981964,0.7401059579860885
9,8.300412446260452e-08,0.8024203329987358,0.8024204160028603
9,1.66997779160738e-07,0.6277813750202768,0.6277815420180559
9,1.66997779160738e-07,0.6524066250131,0.6524067920108791
9,1.2500095181167126e-07,1.336347458011005,1.3363475830119569
9,1.66997779160738e-07,0.8782670419896021,0.8782672089873813
9,1.2500095181167126e-07,1.0997658749984112,1.099765999999363
9,2.0797597244381905e-07,0.6196556659997441,0.6196558739757165
9,2.500019036233425e-07,0.6918368330225348,0.6918370830244385
9,8.297502063214779e-08,0.9815200419980101,0.9815201249730308
9,8.40227585285902e-08,0.6798955409904011,0.6798956250131596
10,2.0800507627427578e-07,0.6035365419811569,0.6035367499862332
9,1.2500095181167126e-07,0.7203062079788651,0.7203063329798169
9,2.0899460650980473e-07,1.0142284579924308,1.0142286669870373
9,4.580069798976183e-07,1.3228165839973371,1.322817042004317
10,8.399365469813347e-08,0.7220346249814611,0.7220347089751158
9,8.40227585285902e-08,0.825064625008963,0.8250647090317216
10,8.300412446260452e-08,0.828000500012422,0.8280005830165464
10,1.6600824892520905e-07,0.7035238749813288,0.7035240409895778
10,2.0800507627427578e-07,0.55195808399003,0.5519582919951063
10,2.500019036233425e-07,0.5473745420167688,0.5473747920186725
10,1.2500095181167126e-07,0.5275699170015287,0.5275700420024805
10,1.6600824892520905e-07,0.5547132919891737,0.5547134579974227
10,1.2500095181167126e-07,0.7024969999911264,0.7024971249920782
10,2.910092007368803e-07,0.4381199170020409,0.43812020801124163
10,1.6600824892520905e-07,0.7416838750068564,0.7416840410151053
10,1.6600824892520905e-07,0.5456895839888602,0.5456897499971092
10,2.0800507627427578e-07,0.5027778329967987,0.502778041001875
10,8.40227585285902e-08,0.5597197090100963,0.5597197930328548
9,8.300412446260452e-08,1.5157850419927854,1.5157851249969099
10,8.300412446260452e-08,1.2968443339923397,1.2968444169964641
10,1.6600824892520905e-07,0.76786983301281,0.7678699990210589
10,1.2500095181167126e-07,0.8407606669934466,0.8407607919943985
10,1.659791450947523e-07,0.7063007079996169,0.706300873978762
10,1.66997779160738e-07,0.5986029590130784,0.5986031260108575
10,2.0902371034026146e-07,0.6803261669992935,0.6803263760230038
10,8.300412446260452e-08,0.6170658750052098,0.6170659580093343
10,2.500019036233425e-07,1.340465832996415,1.3404660829983186
10,8.297502063214779e-08,0.7991568750003353,0.7991569579753559
10,8.300412446260452e-08,0.7338614159962162,0.7338614990003407
10,3.329769242554903e-07,0.9764335410145577,0.976433873991482
10,1.2500095181167126e-07,0.5424129170132801,0.5424130420142319
10,1.6600824892520905e-07,0.889737666992005,0.8897378330002539
10,1.66997779160738e-07,0.5926859159953892,0.5926860829931684
10,1.66997779160738e-07,0.8743755000177771,0.8743756670155562
10,1.2500095181167126e-07,0.97134737498709,0.9713474999880418
10,2.0899460650980473e-07,0.8732947910029907,0.8732949999975972
10,2.0800507627427578e-07,0.5726556669978891,0.5726558750029653
10,1.2500095181167126e-07,0.533938082982786,0.5339382079837378
10,8.300412446260452e-08,0.5231154579960275,0.523115541000152
10,1.66997779160738e-07,1.2554025840072427,1.2554027510050219
10,2.0800507627427578e-07,0.38706237499718554,0.3870625830022618
10,2.910092007368803e-07,0.5125270829885267,0.5125273739977274
10,2.0797597244381905e-07,0.44161070900736377,0.4416109169833362
10,3.33995558321476e-07,0.7622118339932058,0.7622121679887641
10,1.66997779160738e-07,0.6401831250113901,0.6401832920091692
10,8.300412446260452e-08,0.47532220801804215,0.4753222910221666
10,2.500019036233425e-07,0.38039833400398493,0.38039858400588855
10,2.500019036233425e-07,0.41499849999672733,0.41499874999863096
10,8.300412446260452e-08,0.5267734169901814,0.5267734999943059
10,2.500019036233425e-07,1.1755982500035316,1.1755985000054352
10,1.66997779160738e-07,0.75548645798699,0.7554866249847692
10,1.2500095181167126e-07,0.7031436249963008,0.7031437499972526
10,1.6600824892520905e-07,0.4127831670048181,0.412783333013067
10,2.500019036233425e-07,0.5407014590164181,0.5407017090183217
10,1.2500095181167126e-07,0.6183992919977754,0.6183994169987272
10,2.500019036233425e-07,0.37166337500093505,0.37166362500283867
10,1.2500095181167126e-07,0.37783245800528675,0.37783258300623856
10,1.2500095181167126e-07,0.5398237910121679,0.5398239160131197
10,1.2500095181167126e-07,0.3956792079843581,0.3956793329853099
10,1.66997779160738e-07,0.6142870410112664,0.6142872080090456
10,2.500019036233425e-07,0.6398869160038885,0.6398871660057921
10,1.66997779160738e-07,0.439519042003667,0.43951920900144614
10,2.0899460650980473e-07,1.1122352909878828,1.1122354999824893
10,2.910092007368803e-07,0.5292686249886174,0.5292689159978181
10,2.0800507627427578e-07,0.7545475419901777,0.754547749995254
10,1.2500095181167126e-07,0.6464574579731561,0.6464575829741079
10,3.7497375160455704e-07,0.7452190420008264,0.745219416974578
10,8.399365469813347e-08,0.76660758399521,0.7666076679888647
10,1.2500095181167126e-07,0.5502174999855924,0.5502176249865443
10,1.6600824892520905e-07,0.7458305420004763,0.7458307080087252
10,1.2500095181167126e-07,0.6095406250096858,0.6095407500106376
10,2.0797597244381905e-07,0.4741109580209013,0.47411116599687375
10,1.2500095181167126e-07,0.5243395420257002,0.524339667026652
10,2.0899460650980473e-07,0.603473541996209,0.6034737509908155
10,1.2497184798121452e-07,0.9150497500086203,0.9150498749804683
10,1.2500095181167126e-07,0.5022528329864144,0.5022529579873662
10,1.66997779160738e-07,1.1523680000100285,1.1523681670078076
10,1.2500095181167126e-07,0.5965351659979206,0.5965352909988724
10,8.300412446260452e-08,0.5511027500033379,0.5511028330074623
10,1.2500095181167126e-07,0.7838038330082782,0.78380395800923
10,1.66997779160738e-07,0.5438056660059374,0.5438058330037165
10,1.66997779160738e-07,0.46807962498860434,0.4680797919863835
10,1.2500095181167126e-07,0.8742395419976674,0.8742396669986192
10,4.1996827349066734e-08,1.3247016670065932,1.3247017090034205
10,2.0800507627427578e-07,0.6766106660070363,0.6766108740121126
10,2.0902371034026146e-07,0.6000524579721969,0.6000526669959072
10,8.297502063214779e-08,0.5491966250119731,0.5491967079869937
10,1.6600824892520905e-07,0.5298916669853497,0.5298918329935987
10,1.66997779160738e-07,0.6835131249972619,0.6835132919950411
10,3.3300602808594704e-07,0.7228674590005539,0.722867792006582
10,1.2500095181167126e-07,0.9187402079987805,0.9187403329997323
10,1.2500095181167126e-07,0.9601538330025505,0.9601539580035023
10,8.40227585285902e-08,0.9178217500157189,0.9178218340384774
10,1.66997779160738e-07,1.4017824579786975,1.4017826249764767
10,1.659791450947523e-07,0.6808192500029691,0.6808194159821142
10,8.40227585285902e-08,0.641256875009276,0.6412569590320345
10,2.910092007368803e-07,0.4910838749783579,0.49108416598755866
10,1.6702688299119473e-07,1.3187116670014802,1.3187118340283632
10,2.0899460650980473e-07,0.6001022910058964,0.6001025000005029
10,1.66997779160738e-07,0.5295578750083223,0.5295580420061015
10,8.300412446260452e-08,0.5520645000215154,0.5520645830256399
10,1.2500095181167126e-07,0.5185881660145242,0.518588291015476
10,8.399365469813347e-08,0.8491804999939632,0.8491805839876179
11,2.9199873097240925e-07,0.511124833021313,0.5111251250200439
11,2.0800507627427578e-07,0.4720346249814611,0.47203483298653737
11,1.2500095181167126e-07,0.4071613330161199,0.4071614580170717
11,2.0902371034026146e-07,0.583933000016259,0.5839332090399694
10,1.2497184798121452e-07,1.2606827909767162,1.2606829159485642
11,1.6600824892520905e-07,0.6470334169862326,0.6470335829944815
11,2.0899460650980473e-07,0.4073723329929635,0.40737254198757
11,2.500019036233425e-07,0.5110950829985086,0.5110953330004122
11,2.0797597244381905e-07,0.5694845000107307,0.5694847079867031
11,1.2500095181167126e-07,0.5838859170034993,0.5838860420044512
11,8.399365469813347e-08,0.43671195799834095,0.43671204199199565
11,1.2500095181167126e-07,0.5002424590056762,0.500242584006628
11,2.500019036233425e-07,0.490673833002802,0.4906740830047056
10,1.2500095181167126e-07,1.2613298329815734,1.2613299579825252
11,2.0800507627427578e-07,0.4786722910066601,0.47867249901173636
11,1.66997779160738e-07,0.41422020900063217,0.4142203759984113
11,2.0797597244381905e-07,0.5847363750217482,0.5847365829977207
11,4.1996827349066734e-08,0.48699204198783264,0.48699208398466
11,2.500019036233425e-07,0.41534070801571943,0.41534095801762305
11,1.2500095181167126e-07,1.182039250008529,1.1820393750094809
11,1.66997779160738e-07,0.8367687909922097,0.8367689579899888
11,1.66997779160738e-07,0.7011130829923786,0.7011132499901578
11,1.6600824892520905e-07,0.4941501249850262,0.4941502909932751
11,2.0899460650980473e-07,0.4733274159952998,0.4733276249899063
11,2.0899460650980473e-07,0.5294536250003148,0.5294538339949213
11,1.66997779160738e-07,1.1837587500049267,1.1837589170027059
11,1.6600824892520905e-07,0.8306010839878581,0.8306012499961071
11,1.6600824892520905e-07,0.4337183329917025,0.4337184989999514
11,1.66997779160738e-07,0.7265667920000851,0.7265669589978643
11,4.169996827840805e-07,0.5641100840002764,0.5641105009999592
11,1.6600824892520905e-07,0.3185886249993928,0.3185887910076417
11,2.9199873097240925e-07,0.7777818750182632,0.7777821670169942
11,2.0899460650980473e-07,0.550667000003159,0.5506672089977656
11,1.66997779160738e-07,0.3847087920003105,0.38470895899808966
11,4.1996827349066734e-08,0.36055075001786463,0.360550792014692
11,8.399365469813347e-08,0.7670380840136204,0.7670381680072751
11,1.2500095181167126e-07,0.37918620801065117,0.379186333011603
11,1.66997779160738e-07,0.3662980409862939,0.3662982079840731
11,1.2500095181167126e-07,0.53245191698079,0.5324520419817418
11,1.2500095181167126e-07,1.0972550000005867,1.0972551250015385
11,2.9199873097240925e-07,0.36918995800078847,0.36919024999951944
11,1.66997779160738e-07,0.33593324999674223,0.3359334169945214
11,1.6600824892520905e-07,0.32124662498245016,0.3212467909906991
11,1.2500095181167126e-07,0.42670154199004173,0.42670166699099354
11,1.2500095181167126e-07,0.43784741702256724,0.43784754202351905
11,2.0800507627427578e-07,0.5264635829953477,0.526463791000424
11,1.66997779160738e-07,0.5558951249986421,0.5558952919964213
11,2.500019036233425e-07,0.5694726660149172,0.5694729160168208
11,1.2500095181167126e-07,0.36856412497581914,0.36856424997677095
11,1.66997779160738e-07,0.32911145899561234,0.3291116259933915
11,8.300412446260452e-08,1.1200833749899175,1.120083457994042
11,1.66997779160738e-07,0.7828321249980945,0.7828322919958737
11,2.0800507627427578e-07,0.5421334589773323,0.5421336669824086
11,1.66997779160738e-07,0.4944970420037862,0.49449720900156535
11,8.399365469813347e-08,0.3887005420110654,0.3887006260047201
11,1.6600824892520905e-07,0.26625245800823905,0.26625262401648797
11,1.66997779160738e-07,0.5130348330130801,0.5130350000108592
11,2.0800507627427578e-07,0.5162345410208218,0.516234749025898
11,2.0797597244381905e-07,0.4099298750224989,0.40993008299847133
11,1.66997779160738e-07,0.42821958297281526,0.4282197499705944
11,1.66997779160738e-07,0.5812508330272976,0.5812510000250768
11,2.0800507627427578e-07,0.4476763340062462,0.44767654201132245
11,1.2500095181167126e-07,0.8078279580222443,0.8078280830231961
11,1.6600824892520905e-07,1.0880659589893185,1.0880661249975674
11,1.66997779160738e-07,0.8008200410113204,0.8008202080090996
11,8.40227585285902e-08,0.7692552090156823,0.7692552930384409
11,1.2500095181167126e-07,0.5296562500006985,0.5296563750016503
11,2.9199873097240925e-07,0.7789632499916479,0.7789635419903789
11,1.2500095181167126e-07,0.6854073750146199,0.6854075000155717
11,2.9199873097240925e-07,0.7003417919913772,0.7003420839901082
11,1.2497184798121452e-07,0.41237937498954125,0.41237949996138923
11,1.2500095181167126e-07,0.5718244159943424,0.5718245409952942
11,2.0797597244381905e-07,0.5516053330211435,0.5516055409971159
11,2.0800507627427578e-07,0.5012818330142181,0.5012820410192944
11,1.6600824892520905e-07,0.5884778749896213,0.5884780409978703
11,1.2500095181167126e-07,0.6495935840066522,0.649593709007604
11,2.0800507627427578e-07,0.48668679199181497,0.48668699999689125
11,2.0800507627427578e-07,1.2155241669970565,1.2155243750021327
11,8.399365469813347e-08,1.125675457995385,1.1256755419890396
11,1.6600824892520905e-07,0.5313170829904266,0.5313172489986755
11,2.500019036233425e-07,0.8138703749864362,0.8138706249883398
11,2.0800507627427578e-07,0.36956166601157747,0.36956187401665375
11,2.0800507627427578e-07,0.41540870800963603,0.4154089160147123
11,8.399365469813347e-08,0.5764425419911277,0.5764426259847824
11,2.0899460650980473e-07,0.5396264999872074,0.5396267089818139
11,2.0899460650980473e-07,0.41646366598433815,0.41646387497894466
11,1.2500095181167126e-07,1.1174815419944935,1.1174816669954453
11,1.66997779160738e-07,0.46649116699700244,0.4664913339947816
11,8.399365469813347e-08,0.460942542005796,0.4609426259994507
11,1.2500095181167126e-07,0.7195873750024475,0.7195875000033993
11,1.66997779160738e-07,0.9070050829905085,0.9070052499882877
11,8.300412446260452e-08,0.3999583749973681,0.39995845800149255
11,2.500019036233425e-07,0.5450427909963764,0.54504304099828
11,2.500019036233425e-07,1.2040018750121817,1.2040021250140853
11,2.92027834802866e-07,0.8256480000272859,0.8256482920551207
11,4.5899651013314724e-07,0.5033908750046976,0.5033913340012077
11,8.300412446260452e-08,0.45703583300928585,0.4570359160134103
11,2.9199873097240925e-07,0.47824629201204516,0.47824658401077613
11,1.659791450947523e-07,0.5476786659855861,0.5476788319647312
12,4.1996827349066734e-08,0.5610268329910468,0.5610268749878742
12,8.300412446260452e-08,0.5579652919841465,0.5579653749882709
11,1.66997779160738e-07,0.8695885839988478,0.8695887509966269
12,1.6702688299119473e-07,0.4901889159809798,0.4901890830078628
12,1.2500095181167126e-07,0.3746560839936137,0.37465620899456553
12,2.0800507627427578e-07,0.49926466698525473,0.499264874990331
11,2.0800507627427578e-07,1.1531777920026798,1.153178000007756
12,2.0800507627427578e-07,0.527711625007214,0.5277118330122903
12,2.500019036233425e-07,0.5622596250032075,0.5622598750051111
12,8.300412446260452e-08,0.5319339580019005,0.5319340410060249
12,1.6600824892520905e-07,0.6393713340221439,0.6393715000303928
12,1.66997779160738e-07,0.46737320799729787,0.46737337499507703
12,8.399365469813347e-08,0.4641752910101786,0.4641753750038333
11,2.0800507627427578e-07,1.0922442080045585,1.0922444160096347
12,1.2500095181167126e-07,0.5509940409974661,0.5509941659984179
12,1.66997779160738e-07,0.5095336670055985,0.5095338340033777
12,1.2497184798121452e-07,0.4550817499984987,0.4550818749703467
12,1.66997779160738e-07,0.5996649590088055,0.5996651260065846
12,1.6600824892520905e-07,0.3791933750035241,0.37919354101177305
12,8.300412446260452e-08,1.126244792016223,1.1262448750203475
12,1.66997779160738e-07,0.5248330419999547,0.5248332089977339
12,1.66997779160738e-07,0.5422049589978997,0.5422051259956788
12,1.6600824892520905e-07,0.36664700001711026,0.3666471660253592
12,1.2500095181167126e-07,0.7546646670089103,0.7546647920098621
12,1.6600824892520905e-07,0.5268139999825507,0.5268141659907997
12,1.2500095181167126e-07,0.7336715830024332,0.733671708003385
12,1.2500095181167126e-07,1.1621952909918036,1.1621954159927554
12,2.0797597244381905e-07,0.6466332499985583,0.6466334579745308
12,1.66997779160738e-07,0.4779035829997156,0.47790374999749474
12,3.3300602808594704e-07,0.5559899159998167,0.5559902490058448
12,2.0800507627427578e-07,0.4613120839931071,0.46131229199818335
12,1.66997779160738e-07,0.7453119159908965,0.7453120829886757
12,8.300412446260452e-08,0.4767792920174543,0.47677937502157874
12,2.0800507627427578e-07,0.6340233329974581,0.6340235410025343
12,2.500019036233425e-07,0.795198125008028,0.7951983750099316
12,1.66997779160738e-07,0.332647667004494,0.33264783400227316
12,1.2500095181167126e-07,0.8240378329937812,0.824037957994733
12,2.0902371034026146e-07,0.35974075002013706,0.3597409590438474
12,1.66997779160738e-07,0.3763970409927424,0.37639720799052157
12,8.300412446260452e-08,0.5592027500097174,0.5592028330138419
12,1.2500095181167126e-07,0.39674529200419784,0.39674541700514965
12,2.0800507627427578e-07,0.40077862501493655,0.4007788330200128
12,1.2500095181167126e-07,0.354354292008793,0.3543544170097448
12,2.500019036233425e-07,1.2479210839956068,1.2479213339975104
12,2.0899460650980473e-07,0.4400225419958588,0.4400227509904653
12,2.0800507627427578e-07,0.5621419159870129,0.5621421239920892
12,8.300412446260452e-08,0.384612041991204,0.3846121249953285
12,2.9199873097240925e-07,0.5732969999953639,0.5732972919940948
12,1.66997779160738e-07,1.1272480830084532,1.1272482500062324
12,2.0899460650980473e-07,0.5661277080071159,0.5661279170017224
12,2.500019036233425e-07,0.778678000002401,0.7786782500043046
12,1.2500095181167126e-07,0.3806626249861438,0.3806627499870956
12,1.2500095181167126e-07,0.34096841601422057,0.3409685410151724
12,3.7500285543501377e-07,0.5487930829985999,0.5487934580014553
12,3.3300602808594704e-07,0.408517292002216,0.40851762500824407
12,1.2500095181167126e-07,0.35178245801944286,0.35178258302039467
12,1.2500095181167126e-07,0.5864359999832232,0.586436124984175
12,3.340246621519327e-07,0.5653747920005117,0.5653751260251738
12,2.500019036233425e-07,0.5810264999745414,0.581026749976445
12,1.2500095181167126e-07,0.3503202499996405,0.3503203750005923
12,1.2500095181167126e-07,0.4755871249944903,0.4755872499954421
12,1.6600824892520905e-07,0.7027179999859072,0.7027181659941562
12,2.0800507627427578e-07,0.5875502499984577,0.587550458003534
12,1.66997779160738e-07,0.46013066699379124,0.4601308339915704
12,2.0797597244381905e-07,1.114336040976923,1.1143362489528954
12,1.2500095181167126e-07,0.8576273339858744,0.8576274589868262
12,1.2500095181167126e-07,0.8614337500184774,0.8614338750194293
12,1.2500095181167126e-07,0.8629779590119142,0.862978084012866
12,2.9199873097240925e-07,0.6255881669931114,0.6255884589918423
12,1.2500095181167126e-07,0.5330422499973793,0.5330423749983311
12,2.0899460650980473e-07,0.6723915000038687,0.6723917089984752
12,2.500019036233425e-07,0.49317595799220726,0.4931762079941109
12,8.300412446260452e-08,0.8364544160140213,0.8364544990181457
12,2.500019036233425e-07,0.9419168749882374,0.941917124990141
12,1.66997779160738e-07,0.5636685419885907,0.5636687089863699
12,1.2500095181167126e-07,0.6971891669963952,0.697189291997347
12,1.66997779160738e-07,0.7190414579818025,0.7190416249795817
12,2.500019036233425e-07,1.2612362499930896,1.2612364999949932
12,1.66997779160738e-07,0.46568837499944493,0.4656885419972241
12,1.2500095181167126e-07,0.5445713340013754,0.5445714590023272
12,8.399365469813347e-08,1.1714297920116223,1.171429876005277
12,2.0800507627427578e-07,0.8620793340087403,0.8620795420138165
12,1.66997779160738e-07,0.36789750002208166,0.3678976670198608
12,1.2500095181167126e-07,0.4235071250004694,0.4235072500014212
12,1.2500095181167126e-07,0.6463542499986943,0.6463543749996461
12,1.66997779160738e-07,0.34883183299098164,0.3488319999887608
12,2.0800507627427578e-07,0.5750926669861656,0.5750928749912418
12,2.500019036233425e-07,0.5044292080274317,0.5044294580293354
12,4.159810487180948e-07,0.41288987500593066,0.4128902909869794
12,3.340246621519327e-07,1.1656335000006948,1.165633834025357
12,8.399365469813347e-08,0.8614870840101503,0.861487168003805
12,1.2500095181167126e-07,0.8293844159925357,0.8293845409934875
12,1.66997779160738e-07,0.772702374990331,0.7727025419881102
12,1.2500095181167126e-07,0.49834795799688436,0.4983480829978362
12,1.2500095181167126e-07,0.9046055829967372,0.904605707997689
12,1.659791450947523e-07,0.6886625420011114,0.6886627079802565
12,1.6600824892520905e-07,1.3981778330053203,1.3981779990135692
12,1.6600824892520905e-07,0.84575741700246,0.8457575830107089
12,1.2500095181167126e-07,0.8726709999900777,0.8726711249910295
12,1.66997779160738e-07,0.849569457990583,0.8495696249883622
13,1.2500095181167126e-07,0.727475833002245,0.7274759580031969
12,2.910092007368803e-07,1.312917707982706,1.3129179989919066
13,3.7500285543501377e-07,0.9153217500133906,0.915322125016246
12,1.2500095181167126e-07,1.2500957919983193,1.2500959169992711
13,1.2500095181167126e-07,0.8323792919982225,0.8323794169991743
13,2.910092007368803e-07,0.9141676660219673,0.914167957031168
13,1.66997779160738e-07,0.570482750015799,0.5704829170135781
13,1.66997779160738e-07,0.409207457996672,0.4092076249944512
13,2.0797597244381905e-07,0.594411832978949,0.5944120409549214
13,2.0800507627427578e-07,0.6358002499910071,0.6358004579960834
13,1.659791450947523e-07,0.49038399997516535,0.49038416595431045
12,2.0800507627427578e-07,1.468509708007332,1.4685099160124082
13,1.6600824892520905e-07,0.3935521249950398,0.3935522910032887
13,1.2500095181167126e-07,0.7112684579915367,0.7112685829924885
13,2.0902371034026146e-07,0.4909203750139568,0.49092058403766714
13,1.66997779160738e-07,0.5623666659812443,0.5623668329790235
13,1.66997779160738e-07,0.49911299999803305,0.4991131669958122
13,1.659791450947523e-07,0.32279908400960267,0.32279924998874776
13,2.0800507627427578e-07,0.4939257920195814,0.4939260000246577
13,1.659791450947523e-07,1.3217072919942439,1.321707457973389
13,1.2500095181167126e-07,0.45241308299591765,0.45241320799686946
13,1.66997779160738e-07,0.597306750016287,0.5973069170140661
13,8.297502063214779e-08,0.7947476249828469,0.7947477079578675
13,2.500019036233425e-07,0.42923533299472183,0.42923558299662545
13,1.6600824892520905e-07,0.5160821670142468,0.5160823330224957
13,1.2500095181167126e-07,1.1255967089964543,1.125596833997406
13,3.7500285543501377e-07,0.5672164169955067,0.5672167919983622
13,1.2500095181167126e-07,0.5864468750078231,0.5864470000087749
13,1.659791450947523e-07,0.8134152920101769,0.813415457989322
13,8.40227585285902e-08,0.7434340420004446,0.7434341260232031
13,2.0800507627427578e-07,0.5698147089860868,0.569814916991163
13,2.0800507627427578e-07,0.36917625000933185,0.3691764580144081
13,1.2500095181167126e-07,0.6544533330015838,0.6544534580025356
13,3.33995558321476e-07,0.7170116660126951,0.7170120000082534
13,1.2500095181167126e-07,0.363830832997337,0.3638309579982888
13,2.500019036233425e-07,0.37983529100893065,0.3798355410108343
13,2.0800507627427578e-07,0.5341086669941433,0.5341088749992196
13,4.1996827349066734e-08,0.9372966669907328,0.9372967089875601
13,2.0800507627427578e-07,1.1239128749875817,1.123913082992658
13,2.0899460650980473e-07,0.35676258301828057,0.3567627920128871
13,1.2500095181167126e-07,0.35528795802383684,0.35528808302478865
13,1.66997779160738e-07,0.6816459159890655,0.6816460829868447
13,2.9199873097240925e-07,0.38264270799118094,0.3826429999899119
13,2.0800507627427578e-07,0.3876007499929983,0.3876009579980746
13,2.9098009690642357e-07,0.4768730420037173,0.4768733329838142
13,1.2500095181167126e-07,0.5542314590129536,0.5542315840139054
13,1.66997779160738e-07,0.5500322919979226,0.5500324589957017
13,1.2500095181167126e-07,0.36484554200433195,0.36484566700528376
13,1.2500095181167126e-07,0.3359892080188729,0.3359893330198247
13,4.169996827840805e-07,0.6958610000147019,0.6958614170143846
13,1.2500095181167126e-07,1.1165518329944462,1.116551957995398
13,1.2500095181167126e-07,0.3389732079813257,0.3389733329822775
13,2.0800507627427578e-07,0.320641665981384,0.32064187398646027
13,3.33995558321476e-07,0.6173917909909505,0.6173921249865089
13,4.1996827349066734e-08,0.5290187080099713,0.5290187500067987
13,1.2500095181167126e-07,0.5255531250149943,0.5255532500159461
13,2.500019036233425e-07,0.2544387079833541,0.25443895798525773
13,1.66997779160738e-07,0.5709958340157755,0.5709960010135546
13,2.9098009690642357e-07,0.6008767080202233,0.6008769990003202
13,2.0902371034026146e-07,0.35511933400994167,0.355119543033652
13,1.2500095181167126e-07,0.6764676249877084,0.6764677499886602
13,1.6600824892520905e-07,0.5679180419829208,0.5679182079911698
13,1.2500095181167126e-07,0.49892879198887385,0.49892891698982567
13,1.2500095181167126e-07,1.084592083003372,1.0845922080043238
13,1.2500095181167126e-07,0.7812758329964709,0.7812759579974227
13,8.399365469813347e-08,0.5095206249970943,0.509520708990749
13,2.0800507627427578e-07,0.8177505420171656,0.8177507500222418
13,1.2500095181167126e-07,0.7991026249947026,0.7991027499956544
13,4.1996827349066734e-08,0.7175857500114944,0.7175857920083217
13,2.0800507627427578e-07,0.6075187090027612,0.6075189170078374
13,1.6600824892520905e-07,0.4767386669991538,0.4767388330074027
13,2.500019036233425e-07,0.5422868330206256,0.5422870830225293
13,2.0797597244381905e-07,0.416823250008747,0.4168234579847194
13,1.2500095181167126e-07,0.4996146250050515,0.4996147500060033
13,2.0800507627427578e-07,0.5572592920216266,0.5572595000267029
13,2.9199873097240925e-07,0.4905823750013951,0.4905826670001261
13,2.9199873097240925e-07,1.1209204999904614,1.1209207919891924
13,2.0800507627427578e-07,0.7687372909858823,0.7687374989909586
13,8.399365469813347e-08,0.42823124999995343,0.42823133399360813
13,8.399365469813347e-08,0.7253884169913363,0.725388500984991
13,1.2500095181167126e-07,0.44650204200297594,0.44650216700392775
13,2.910092007368803e-07,1.173815582995303,1.1738158740045037
13,1.2500095181167126e-07,0.5312170000106562,0.531217125011608
13,8.300412446260452e-08,0.38949016699916683,0.3894902500032913
13,1.66997779160738e-07,0.3792654169956222,0.3792655839934014
13,2.9199873097240925e-07,0.3503436660103034,0.3503439580090344
13,2.9199873097240925e-07,0.41739366701222025,0.4173939590109512
13,2.0899460650980473e-07,0.6209105839952826,0.6209107929898892
13,1.6600824892520905e-07,0.7045251250092406,0.7045252910174895
13,3.33995558321476e-07,1.0834454589930829,1.0834457929886412
13,1.659791450947523e-07,0.7721947920217644,0.7721949580009095
13,4.1996827349066734e-08,0.5347316670231521,0.5347317090199795
13,2.0899460650980473e-07,0.34702712498256005,0.34702733397716656
13,2.0800507627427578e-07,0.7311480000207666,0.7311482080258429
13,2.0800507627427578e-07,0.3655732079932932,0.36557341599836946
13,2.042012056335807e-06,0.5697712499822956,0.5697732919943519
13,1.66997779160738e-07,0.4270342499949038,0.42703441699268296
13,2.9199873097240925e-07,1.1325667919882108,1.1325670839869417
13,1.66997779160738e-07,0.4863989589794073,0.4863991259771865
13,1.66997779160738e-07,0.6935274999996182,0.6935276669973973
14,1.66997779160738e-07,0.3717037909955252,0.37170395799330436
14,1.66997779160738e-07,0.4876859170035459,0.48768608400132507
14,2.9199873097240925e-07,0.5000437499838881,0.5000440419826191
13,2.910092007368803e-07,0.5773649170005228,0.5773652080097236
14,1.2500095181167126e-07,0.4715775419899728,0.4715776669909246
14,1.2500095181167126e-07,0.4045639170217328,0.4045640420226846
14,1.2500095181167126e-07,0.5290545420139097,0.5290546670148615
13,1.66997779160738e-07,1.176650166977197,1.176650333974976
14,1.66997779160738e-07,0.5465467079775408,0.54654687497532
14,3.3300602808594704e-07,0.49312049997388385,0.49312083297991194
14,4.1996827349066734e-08,0.4370110830059275,0.43701112500275485
14,2.0800507627427578e-07,0.29276954199303873,0.292769749998115
14,1.659791450947523e-07,0.40964845899725333,0.4096486249763984
14,1.6600824892520905e-07,0.4294231249950826,0.42942329100333154
13,1.66997779160738e-07,1.0373433750064578,1.037343542004237
14,1.2500095181167126e-07,0.44746683302219026,0.44746695802314207
14,1.66997779160738e-07,0.5999182919913437,0.5999184589891229
14,2.500019036233425e-07,0.3804267500236165,0.3804270000255201
14,2.0899460650980473e-07,0.3869264159875456,0.38692662498215213
14,1.2497184798121452e-07,0.42183741700137034,0.4218375419732183
14,2.0899460650980473e-07,1.0665911249816418,1.0665913339762483
14,2.0800507627427578e-07,0.3010500410164241,0.30105024902150035
14,8.300412446260452e-08,0.36771345799206756,0.367713540996192
14,7.500057108700275e-07,0.6456799170118757,0.6456806670175865
14,1.2500095181167126e-07,0.56921595800668,0.5692160830076318
14,8.297502063214779e-08,0.5466632920142729,0.5466633749892935
14,1.66997779160738e-07,0.7520830420253333,0.7520832090231124
14,2.910092007368803e-07,1.1016615419939626,1.1016618330031633
14,1.66997779160738e-07,0.37498375002178364,0.3749839170195628
14,1.2500095181167126e-07,0.400525540986564,0.4005256659875158
14,2.0800507627427578e-07,0.3188852499879431,0.31888545799301937
14,1.2500095181167126e-07,0.49724983400665224,0.49724995900760405
14,8.300412446260452e-08,0.44384629200794734,0.4438463750120718
14,2.9199873097240925e-07,0.576746209000703,0.5767465009994339
14,2.0800507627427578e-07,0.7197344159940258,0.719734623999102
14,1.66997779160738e-07,0.7168137910193764,0.7168139580171555
14,2.500019036233425e-07,0.3150676669902168,0.31506791699212044
14,2.0899460650980473e-07,0.7827901669952553,0.7827903759898618
14,1.6702688299119473e-07,0.41354708300787024,0.41354725003475323
14,2.0800507627427578e-07,0.3361780419945717,0.33617824999964796
14,2.0899460650980473e-07,1.1267052089970093,1.1267054179916158
14,1.2500095181167126e-07,0.5698727090202738,0.5698728340212256
14,1.66997779160738e-07,0.491940459003672,0.49194062600145116
14,4.1996827349066734e-08,0.34580395798548125,0.3458039999823086
14,2.0899460650980473e-07,0.4186447499960195,0.41864495899062604
14,2.0800507627427578e-07,0.507815125019988,0.5078153330250643
14,3.3300602808594704e-07,0.4648741660057567,0.4648744990117848
14,1.66997779160738e-07,0.3513433329935651,0.3513434999913443
14,1.6600824892520905e-07,1.0760000000009313,1.0760001660091802
14,1.66997779160738e-07,0.35558424997725524,0.3555844169750344
14,1.2500095181167126e-07,0.5311845410033129,0.5311846660042647
14,1.66997779160738e-07,0.7297691670246422,0.7297693340224214
14,1.66997779160738e-07,0.307798541005468,0.30779870800324716
14,1.6600824892520905e-07,0.5318866249872372,0.5318867909954861
14,1.2500095181167126e-07,0.4039603330020327,0.4039604580029845
14,2.9199873097240925e-07,0.5339167499914765,0.5339170419902075
14,1.2500095181167126e-07,0.32825966700329445,0.32825979200424626
14,1.2500095181167126e-07,0.5766887080098968,0.5766888330108486
14,2.500019036233425e-07,0.5346565830113832,0.5346568330132868
14,1.6600824892520905e-07,0.3402149159810506,0.3402150819892995
14,1.66997779160738e-07,0.49533770899870433,0.4953378759964835
14,2.500019036233425e-07,0.5438941669999622,0.5438944170018658
14,2.0899460650980473e-07,0.7386472079961095,0.738647416990716
14,1.2500095181167126e-07,0.4773818750109058,0.4773820000118576
14,1.66997779160738e-07,0.7901987920049578,0.790198959002737
14,1.2500095181167126e-07,0.8100909999920987,0.8100911249930505
14,1.66997779160738e-07,1.1714146249869373,1.1714147919847164
14,4.1996827349066734e-08,0.7842631249804981,0.7842631669773255
14,2.0800507627427578e-07,0.5397694169951137,0.53976962500019
14,2.0899460650980473e-07,0.4204790419898927,0.42047925098449923
14,8.399365469813347e-08,0.4014658330124803,0.401465917006135
14,2.500019036233425e-07,0.5804187500034459,0.5804190000053495
14,2.500019036233425e-07,0.7402436249831226,0.7402438749850262
14,1.6600824892520905e-07,0.23470479200477712,0.23470495801302604
14,2.500019036233425e-07,0.5561028329830151,0.5561030829849187
14,1.6600824892520905e-07,0.9105766249995213,0.9105767910077702
14,1.66997779160738e-07,1.1188061670109164,1.1188063340086956
14,1.6600824892520905e-07,0.5151599170058034,0.5151600830140524
14,1.66997779160738e-07,0.5771682909980882,0.5771684579958674
14,1.66997779160738e-07,0.413533249986358,0.41353341698413715
14,2.0800507627427578e-07,1.1059066250163596,1.1059068330214359
14,8.399365469813347e-08,0.7587527499999851,0.7587528339936398
14,2.0899460650980473e-07,0.3685226249799598,0.3685228339745663
14,2.0899460650980473e-07,0.4018510000023525,0.40185120899695903
14,1.66997779160738e-07,0.3976764170220122,0.39767658401979133
14,1.66997779160738e-07,0.39335079200100154,0.3933509589987807
14,2.910092007368803e-07,0.39236795899341814,0.3923682500026189
14,2.0800507627427578e-07,0.5181589589919895,0.5181591669970658
14,1.66997779160738e-07,0.5934159170137718,0.593416084011551
14,3.3300602808594704e-07,0.7555326669826172,0.7555329999886453
14,2.0800507627427578e-07,0.7489278340071905,0.7489280420122668
14,8.399365469813347e-08,0.4661707080085762,0.4661707920022309
14,2.0800507627427578e-07,1.109380791982403,1.1093809999874793
14,2.500019036233425e-07,0.39052812501904555,0.39052837502094917
14,2.9199873097240925e-07,0.8162991249992047,0.8162994169979356
14,1.6600824892520905e-07,0.4380262919876259,0.4380264579958748
14,1.2500095181167126e-07,1.117107624973869,1.1171077499748208
14,1.6702688299119473e-07,0.4563005830277689,0.45630075005465187
14,1.2500095181167126e-07,0.5555714170041028,0.5555715420050547
14,2.0899460650980473e-07,0.6079389160149731,0.6079391250095796
14,1.6600824892520905e-07,0.7694131250027567,0.7694132910110056
15,1.2500095181167126e-07,0.4289479579892941,0.4289480829902459
15,1.2500095181167126e-07,0.4637804999947548,0.4637806249957066
15,1.2500095181167126e-07,0.531943667010637,0.5319437920115888
15,2.0800507627427578e-07,0.42361220801831223,0.4236124160233885
15,2.0800507627427578e-07,0.5724599579989444,0.5724601660040207
14,1.2500095181167126e-07,1.0875893330085091,1.087589458009461
15,2.0899460650980473e-07,0.4421436660049949,0.4421438749996014
15,8.300412446260452e-08,0.4570896250079386,0.45708970801206306
15,2.9199873097240925e-07,0.5558703749848064,0.5558706669835374
15,8.300412446260452e-08,0.36737212497973815,0.3673722079838626
15,1.2500095181167126e-07,0.6375806249852758,0.6375807499862276
14,1.2500095181167126e-07,1.1046875419851858,1.1046876669861376
15,8.300412446260452e-08,0.4707669580238871,0.4707670410280116
15,1.659791450947523e-07,0.39061458298237994,0.39061474896152504
15,1.2500095181167126e-07,0.49040020900429226,0.4904003340052441
15,1.2500095181167126e-07,0.38460058299824595,0.38460070799919777
15,2.500019036233425e-07,0.5766425420006271,0.5766427920025308
15,8.40227585285902e-08,0.5143029579776339,0.5143030420003925
15,2.9199873097240925e-07,1.0775170419947244,1.0775173339934554
15,1.66997779160738e-07,0.3896741250064224,0.38967429200420156
15,3.3300602808594704e-07,0.34101775000453927,0.34101808301056735
15,1.66997779160738e-07,0.3842943329946138,0.38429449999239296
15,2.500019036233425e-07,0.5214420840202365,0.5214423340221401
15,2.0800507627427578e-07,0.7973930420121178,0.7973932500171941
15,4.1996827349066734e-08,1.1451311249984428,1.1451311669952702
15,8.399365469813347e-08,0.6454571670037694,0.6454572509974241
15,2.0797597244381905e-07,0.40734116701059975,0.4073413749865722
15,1.2500095181167126e-07,0.36515416600741446,0.36515429100836627
15,4.0978193283081055e-08,0.8164919170085341,0.8164919579867274
15,2.500019036233425e-07,0.715944916009903,0.7159451660118066
15,3.329769242554903e-07,0.4288310830015689,0.42883141597849317
15,8.300412446260452e-08,0.5545252499869093,0.5545253329910338
15,2.0800507627427578e-07,0.37315274999127723,0.3731529579963535
15,3.3300602808594704e-07,0.6039000409946311,0.6039003740006592
15,2.500019036233425e-07,0.75265166698955,0.7526519169914536
15,2.0800507627427578e-07,0.84591316600563,0.8459133740107063
15,1.6600824892520905e-07,1.0904711250041146,1.0904712910123635
15,2.500019036233425e-07,0.3920782500063069,0.39207850000821054
15,1.6702688299119473e-07,0.39003187502385117,0.39003204205073416
15,1.2500095181167126e-07,0.48039562499616295,0.48039574999711476
15,2.0800507627427578e-07,0.6449365419975948,0.644936750002671
15,2.500019036233425e-07,0.5152465419960208,0.5152467919979244
15,1.2500095181167126e-07,0.47624212500522844,0.47624225000618026
15,3.7500285543501377e-07,0.40937149999081157,0.409371874993667
15,1.6600824892520905e-07,1.0704809169983491,1.070481083006598
15,1.66997779160738e-07,0.5615410410100594,0.5615412080078386
15,2.0899460650980473e-07,0.5826652499963529,0.5826654589909595
15,2.500019036233425e-07,0.712537124985829,0.7125373749877326
15,2.0800507627427578e-07,0.5472738329845015,0.5472740409895778
15,2.0800507627427578e-07,0.4261421249830164,0.4261423329880927
15,1.66997779160738e-07,0.8708389999810606,0.8708391669788398
15,2.500019036233425e-07,0.6078295830229763,0.6078298330248799
15,1.66997779160738e-07,0.5326340000028722,0.5326341670006514
15,2.500019036233425e-07,0.375251791003393,0.37525204100529663
15,1.66997779160738e-07,0.4083994160173461,0.40839958301512524
15,2.500019036233425e-07,0.4003925000142772,0.4003927500161808
15,2.0800507627427578e-07,0.5717180409992579,0.5717182490043342
15,1.66997779160738e-07,0.5488591250032187,0.5488592920009978
15,1.2500095181167126e-07,0.6151640829921234,0.6151642079930753
15,1.2500095181167126e-07,0.9985988330154214,0.9985989580163732
15,1.6600824892520905e-07,0.7673765420040581,0.7673767080123071
15,1.66997779160738e-07,1.450262708007358,1.4502628750051372
15,2.500019036233425e-07,1.1068029580055736,1.1068032080074772
15,1.659791450947523e-07,0.8824786659970414,0.8824788319761865
15,1.2500095181167126e-07,1.2126269580039661,1.212627083004918
15,1.66997779160738e-07,0.8861041250056587,0.8861042920034379
15,1.2500095181167126e-07,1.1365544580039568,1.1365545830049086
15,1.66997779160738e-07,0.9199997920077294,0.9199999590055086
15,1.6600824892520905e-07,1.1402200410084333,1.1402202070166823
15,2.500019036233425e-07,0.9474263750016689,0.9474266250035726
15,2.0797597244381905e-07,0.7740188329771627,0.7740190409531351
15,8.300412446260452e-08,0.6082888749951962,0.6082889579993207
15,1.2500095181167126e-07,0.7642417500028387,0.7642418750037905
15,1.66997779160738e-07,1.1538842919981107,1.1538844589958899
15,1.2500095181167126e-07,1.4702479999978095,1.4702481249987613
15,8.399365469813347e-08,0.5462492910155561,0.5462493750092108
15,1.66997779160738e-07,1.7360556669882499,1.736055833986029
15,1.2500095181167126e-07,0.658141332998639,0.6581414579995908
15,8.297502063214779e-08,0.8765830830088817,0.8765831659839023
15,2.500019036233425e-07,0.7900933749915566,0.7900936249934603
15,1.2500095181167126e-07,0.9382911249995232,0.938291250000475
15,2.0800507627427578e-07,0.6948378340166528,0.694838042021729
15,1.2500095181167126e-07,0.4119573339994531,0.4119574590004049
15,1.2500095181167126e-07,0.40712375001749024,0.40712387501844205
15,1.2500095181167126e-07,0.5147195409808774,0.5147196659818292
15,8.300412446260452e-08,0.6320551249955315,0.632055207999656
15,2.0797597244381905e-07,1.2403950840234756,1.240395291999448
15,2.9199873097240925e-07,0.5335119999945164,0.5335122919932473
15,1.2500095181167126e-07,0.5016429579991382,0.50164308300009
15,1.6600824892520905e-07,0.5598641250107903,0.5598642910190392
15,1.6600824892520905e-07,0.37150729200220667,0.3715074580104556
15,1.66997779160738e-07,0.9122651659999974,0.9122653329977766
15,1.2500095181167126e-07,0.8340414999984205,0.8340416249993723
15,2.0800507627427578e-07,0.9932736250048038,0.99327383300988
15,2.0899460650980473e-07,1.345879333006451,1.3458795420010574
15,5.409820005297661e-07,0.4737318750121631,0.4737324159941636
15,1.6600824892520905e-07,0.4604467499884777,0.4604469159967266
15,1.2500095181167126e-07,0.8880667919875123,0.8880669169884641
16,8.399365469813347e-08,0.4056966670032125,0.4056967509968672
15,2.0899460650980473e-07,0.6012477499898523,0.6012479589844588
15,1.659791450947523e-07,0.635946916998364,0.6359470829775091
16,2.499727997928858e-07,0.659914290998131,0.6599145409709308
16,2.0899460650980473e-07,0.5822533750033472,0.5822535839979537
16,8.300412446260452e-08,0.5684068330156151,0.5684069160197396
16,2.9199873097240925e-07,0.4780227920273319,0.47802308402606286
15,8.297502063214779e-08,1.2509637500043027,1.2509638329793233
16,2.0899460650980473e-07,0.47939074999885634,0.47939095899346285
16,2.0899460650980473e-07,0.5985190829960629,0.5985192919906694
16,2.0800507627427578e-07,0.4001903750177007,0.400190583022777
16,1.2500095181167126e-07,0.49766729201655835,0.49766741701751016
16,8.297502063214779e-08,0.6714160840201657,0.6714161669951864
16,1.66997779160738e-07,0.414976125000976,0.4149762919987552
16,2.0800507627427578e-07,0.38216345800901763,0.3821636660140939
16,1.2500095181167126e-07,0.46612520798225887,0.4661253329832107
15,2.500019036233425e-07,1.1245962079847232,1.1245964579866268
16,1.66997779160738e-07,0.5180338750069495,0.5180340420047287
16,1.66997779160738e-07,0.6595109580084682,0.6595111250062473
16,1.66997779160738e-07,0.7658248749794438,0.765825041977223
16,8.399365469813347e-08,0.5388371670269407,0.5388372510205954
16,8.40227585285902e-08,0.5299822079832666,0.5299822920060251
16,1.2500095181167126e-07,0.9094012499845121,0.9094013749854639
16,2.0800507627427578e-07,0.7393684170092456,0.7393686250143219
16,1.2500095181167126e-07,0.6048755840165541,0.6048757090175059
16,1.66997779160738e-07,0.7046978750149719,0.7046980420127511
16,1.6600824892520905e-07,1.4729613329982385,1.4729614990064874
16,1.2500095181167126e-07,1.360563624999486,1.3605637500004377
16,8.399365469813347e-08,0.4874976249993779,0.4874977089930326
16,2.0797597244381905e-07,0.9474297090200707,0.9474299169960432
16,2.0797597244381905e-07,0.3264681250147987,0.32646833299077116
16,2.500019036233425e-07,0.3196413750119973,0.3196416250139009
16,2.0800507627427578e-07,0.49357799999415874,0.493578207999235
16,2.0800507627427578e-07,0.5859094159968663,0.5859096240019426
16,1.2500095181167126e-07,0.8292773329885677,0.8292774579895195
16,1.2500095181167126e-07,0.4244429999962449,0.4244431249971967
16,2.500019036233425e-07,1.0450469579955097,1.0450472079974134
16,1.66997779160738e-07,0.2924936659983359,0.2924938329961151
16,1.2500095181167126e-07,0.49380433300393634,0.49380445800488815
16,6.275001214817166e-05,0.8135418329911772,0.8136045830033254
16,1.66997779160738e-07,1.2664250420057215,1.2664252090035006
16,3.3300602808594704e-07,0.3343753750086762,0.3343757080147043
16,2.0800507627427578e-07,0.5034772499930114,0.5034774579980876
16,8.399365469813347e-08,0.3421757920004893,0.342175875994144
16,8.300412446260452e-08,0.5021184169745538,0.5021184999786783
16,1.6600824892520905e-07,0.38984508300200105,0.38984524901025
16,2.0800507627427578e-07,0.4043785000103526,0.40437870801542886
16,1.6702688299119473e-07,0.31987950002076104,0.31987966704764403
16,1.66997779160738e-07,0.5286922499944922,0.5286924169922713
16,2.92027834802866e-07,0.5314519169915002,0.531452209019335
16,1.2497184798121452e-07,0.3880355420114938,0.3880356669833418
16,1.6600824892520905e-07,0.2959802499972284,0.2959804160054773
16,1.2500095181167126e-07,1.0957641249988228,1.0957642499997746
16,2.0800507627427578e-07,0.5266315830231179,0.5266317910281941
16,1.2500095181167126e-07,0.7599968750146218,0.7599970000155736
16,1.66997779160738e-07,0.30732070800149813,0.3073208749992773
16,1.6600824892520905e-07,0.5683437919942662,0.5683439580025151
16,3.3300602808594704e-07,0.5339347499830183,0.5339350829890464
16,2.0800507627427578e-07,0.3724158749973867,0.372416083002463
16,1.659791450947523e-07,0.5898864999762736,0.5898866659554187
16,2.0800507627427578e-07,0.4045838339952752,0.4045840420003515
16,1.66997779160738e-07,0.42081529201823287,0.42081545901601203
16,8.399365469813347e-08,0.5251302919932641,0.5251303759869188
16,1.2500095181167126e-07,0.5126126249961089,0.5126127499970607
16,2.0800507627427578e-07,0.8010782090132125,0.8010784170182887
16,1.66997779160738e-07,0.7941293750191107,0.7941295420168899
16,2.0797597244381905e-07,0.7427092920115683,0.7427094999875408
16,2.9199873097240925e-07,1.2460507919895463,1.2460510839882772
16,2.500019036233425e-07,0.8009776659891941,0.8009779159910977
16,2.500019036233425e-07,0.3413957080047112,0.3413959580066148
16,2.500019036233425e-07,0.4496067499858327,0.44960699998773634
16,1.66997779160738e-07,0.7025322080007754,0.7025323749985546
16,2.0899460650980473e-07,0.5645202500163577,0.5645204590109643
16,1.2500095181167126e-07,0.7920321249985136,0.7920322499994654
16,8.40227585285902e-08,0.9225737909728196,0.9225738749955781
16,1.66997779160738e-07,0.5324780829832889,0.5324782499810681
16,1.2500095181167126e-07,1.152780582982814,1.1527807079837658
16,2.0797597244381905e-07,0.6197544590104371,0.6197546669864096
16,2.500019036233425e-07,0.42276387501624413,0.42276412501814775
16,1.2500095181167126e-07,0.7163970830151811,0.7163972080161329
16,2.0899460650980473e-07,0.4242540000122972,0.4242542090069037
16,1.2500095181167126e-07,0.806637583009433,0.8066377080103848
16,1.66997779160738e-07,1.1658817089919467,1.1658818759897258
16,2.910092007368803e-07,0.38621108399820514,0.3862113750074059
16,2.499727997928858e-07,0.5699260830006097,0.5699263329734094
16,2.0899460650980473e-07,0.38756304199341685,0.38756325098802336
16,3.7500285543501377e-07,0.43921687500551343,0.43921725000836886
16,2.0797597244381905e-07,0.4042283330054488,0.40422854098142125
16,2.0797597244381905e-07,0.413632416020846,0.41363262399681844
16,1.6600824892520905e-07,0.6106855419930071,0.610685708001256
16,8.300412446260452e-08,1.1497277920134366,1.149727875017561
16,2.0800507627427578e-07,0.9075052500120364,0.9075054580171127
16,2.0902371034026146e-07,0.3532221670029685,0.35322237602667883
16,1.66997779160738e-07,0.7569941250258125,0.7569942920235917
16,1.2500095181167126e-07,0.8287513329996727,0.8287514580006246
16,8.300412446260452e-08,0.5439060420030728,0.5439061250071973
16,2.9199873097240925e-07,0.4165047080023214,0.4165050000010524
16,1.6600824892520905e-07,0.46230283298064023,0.46230299898888916
16,2.0797597244381905e-07,0.5012227500264999,0.5012229580024723
16,8.300412446260452e-08,1.219021166994935,1.2190212499990594
16,2.0800507627427578e-07,0.5121394589950796,0.5121396670001559
17,1.2500095181167126e-07,0.35572812499594875,0.35572824999690056
17,2.910092007368803e-07,0.4277080829779152,0.4277083739871159
16,8.300412446260452e-08,0.8084962920111138,0.8084963750152383
17,2.9199873097240925e-07,0.3831977910012938,0.3831980830000248
17,1.659791450947523e-07,0.5417913330020383,0.5417914989811834
17,4.100729711353779e-08,0.5025279999827035,0.5025280409900006
17,1.2500095181167126e-07,0.5582861250150017,0.5582862500159536
16,8.300412446260452e-08,1.106301749998238,1.1063018330023624
17,2.9098009690642357e-07,0.5072237500280607,0.5072240410081577
17,1.6600824892520905e-07,0.5470342499902472,0.5470344159984961
17,8.300412446260452e-08,0.3456360000127461,0.34563608301687054
17,2.0800507627427578e-07,0.5630322080105543,0.5630324160156306
17,1.2497184798121452e-07,0.40836062500602566,0.40836074997787364
17,8.297502063214779e-08,0.3706429590238258,0.37064304199884646
17,2.500019036233425e-07,0.4924274999939371,0.4924277499958407
17,5.00003807246685e-07,0.42967029198189266,0.4296707919856999
16,1.66997779160738e-07,1.117428541998379,1.117428708996158
17,2.0800507627427578e-07,0.4955555409833323,0.4955557489884086
17,1.6600824892520905e-07,0.45805650000693277,0.4580566660151817
17,2.0800507627427578e-07,0.3564480420027394,0.35644825000781566
17,8.40227585285902e-08,1.0975897920143325,1.097589876037091
17,2.500019036233425e-07,0.483869916992262,0.48387016699416563
17,8.300412446260452e-08,0.42767320800339803,0.4276732910075225
17,2.0800507627427578e-07,0.7332201669923961,0.7332203749974724
17,1.66997779160738e-07,0.4216371249931399,0.42163729199091904
17,1.659791450947523e-07,1.091112250025617,1.091112416004762
17,1.66997779160738e-07,0.5762275829911232,0.5762277499889024
17,8.399365469813347e-08,0.7665424589940812,0.7665425429877359
17,4.1996827349066734e-08,0.4599148750130553,0.45991491700988263
17,1.6600824892520905e-07,0.5738662499934435,0.5738664160016924
17,1.66997779160738e-07,0.4187794999743346,0.4187796669721138
17,1.2500095181167126e-07,0.7060784999921452,0.706078624993097
17,4.1996827349066734e-08,0.6296463329927064,0.6296463749895338
17,2.0902371034026146e-07,0.4492612920003012,0.4492615010240115
17,2.0800507627427578e-07,0.3879747500177473,0.38797495802282356
17,2.500019036233425e-07,0.7671148329973221,0.7671150829992257
17,8.300412446260452e-08,0.7778152079845313,0.7778152909886558
17,1.6702688299119473e-07,0.381421624973882,0.381421792000765
17,8.300412446260452e-08,1.0897702500224113,1.0897703330265358
17,2.0899460650980473e-07,0.34596237499499694,0.34596258398960344
17,8.40227585285902e-08,0.5006965840002522,0.5006966680230107
17,1.66997779160738e-07,0.33699683399754576,0.3369970009953249
17,1.66997779160738e-07,0.3516212499816902,0.35162141697946936
17,1.66997779160738e-07,0.35486712501733564,0.3548672920151148
17,2.910092007368803e-07,0.3167583750037011,0.3167586660129018
17,2.0797597244381905e-07,0.4617290409805719,0.4617292489565443
17,2.500019036233425e-07,0.5654066660208628,0.5654069160227664
17,1.66997779160738e-07,0.5308975000225473,0.5308976670203265
17,1.66997779160738e-07,1.074726750026457,1.0747269170242362
17,1.2500095181167126e-07,0.4046178749995306,0.4046180000004824
17,1.2500095181167126e-07,0.5963013329892419,0.5963014579901937
17,4.1996827349066734e-08,0.34684441599529237,0.3468444579921197
17,1.66997779160738e-07,0.7383961250016,0.7383962919993792
17,4.5899651013314724e-07,0.26668850000714883,0.26668895900365897
17,1.66997779160738e-07,0.5308059170201886,0.5308060840179678
17,8.300412446260452e-08,0.49064308300148696,0.4906431660056114
17,1.2500095181167126e-07,0.5155922080157325,0.5155923330166843
17,8.399365469813347e-08,0.3714621670078486,0.3714622510015033
17,2.0899460650980473e-07,0.5634007919870783,0.5634010009816848
17,1.66997779160738e-07,0.34459125000284985,0.344591417000629
17,1.6600824892520905e-07,0.4599319999979343,0.45993216600618325
17,2.500019036233425e-07,0.5391155419929419,0.5391157919948455
17,3.3300602808594704e-07,0.45293800000217743,0.4529383330082055
17,1.66997779160738e-07,0.7711237089824863,0.7711238759802654
17,1.2500095181167126e-07,0.7579940420109779,0.7579941670119297
17,2.0899460650980473e-07,0.7574722080025822,0.7574724169971887
17,2.0800507627427578e-07,1.1817279999959283,1.1817282080010045
17,1.2500095181167126e-07,0.7748922080209013,0.7748923330218531
17,1.2500095181167126e-07,0.5035576249938458,0.5035577499947976
17,1.66997779160738e-07,0.7402512079861481,0.7402513749839272
17,2.0800507627427578e-07,0.4132682920026127,0.413268500007689
17,1.66997779160738e-07,0.5371973329747561,0.5371974999725353
17,2.500019036233425e-07,0.3806657919776626,0.3806660419795662
17,1.66997779160738e-07,0.5595114589959849,0.559511625993764
17,2.0899460650980473e-07,1.098327125015203,1.0983273340098094
17,8.300412446260452e-08,0.8146612500131596,0.814661333017284
17,2.0800507627427578e-07,0.6084390420001,0.6084392500051763
17,2.0902371034026146e-07,0.3906624999945052,0.39066270901821554
17,1.6600824892520905e-07,0.657315207994543,0.6573153740027919
17,1.6702688299119473e-07,0.471488417009823,0.471488584036706
17,1.66997779160738e-07,0.7605078750057146,0.7605080420034938
17,1.66997779160738e-07,1.1702012919995468,1.170201458997326
17,8.300412446260452e-08,0.5469504999928176,0.5469505829969421
17,2.500019036233425e-07,0.4113356659945566,0.41133591599646024
17,1.66997779160738e-07,0.3728780419914983,0.3728782089892775
17,8.300412446260452e-08,0.3141858750022948,0.31418595800641924
17,1.6600824892520905e-07,0.4261125000193715,0.42611266602762043
17,1.2497184798121452e-07,0.394251790974522,0.39425191594637
17,1.2500095181167126e-07,0.6038684590021148,0.6038685840030666
17,2.0800507627427578e-07,0.747404749999987,0.7474049580050632
17,1.66997779160738e-07,0.7734699999855366,0.7734701669833157
17,3.3300602808594704e-07,1.0840102499932982,1.0840105829993263
17,2.910092007368803e-07,0.3280548749899026,0.32805516599910334
17,8.300412446260452e-08,0.7095516250119545,0.7095517080160789
17,1.2500095181167126e-07,0.3616184999991674,0.3616186250001192
17,2.9199873097240925e-07,0.5240612079796847,0.5240614999784157
17,1.66997779160738e-07,0.4416192909993697,0.44161945799714886
17,2.499727997928858e-07,0.3870935410086531,0.3870937909814529
17,8.399365469813347e-08,1.1470752500172239,1.1470753340108786
17,1.2500095181167126e-07,0.5152422499959357,0.5152423749968875
17,2.0899460650980473e-07,0.7915861250075977,0.7915863340022042
18,1.66997779160738e-07,0.5343299999949522,0.5343301669927314
18,1.2500095181167126e-07,0.5591479580034502,0.559148083004402
18,2.500019036233425e-07,0.4897869999986142,0.4897872500005178
18,1.2500095181167126e-07,0.3916756249964237,0.39167574999737553
18,1.66997779160738e-07,0.5160086659889203,0.5160088329866994
18,1.6600824892520905e-07,0.46217124999384396,0.4621714160020929
18,1.66997779160738e-07,0.49315804199432023,0.4931582089920994
17,1.66997779160738e-07,1.1819284170051105,1.1819285840028897
18,1.2500095181167126e-07,0.6053275000012945,0.6053276250022464
18,1.2500095181167126e-07,0.6853001250128727,0.6853002500138246
18,1.2500095181167126e-07,0.5584784579987172,0.558478582999669
18,1.6702688299119473e-07,0.5769630419963505,0.5769632090232335
18,2.0800507627427578e-07,0.5763891670212615,0.5763893750263378
17,1.66997779160738e-07,1.2747000000090338,1.274700167006813
18,2.0800507627427578e-07,0.6053884159773588,0.6053886239824351
18,1.66997779160738e-07,0.4889648749958724,0.48896504199365154
18,1.66997779160738e-07,0.5669897090119775,0.5669898760097567
18,1.66997779160738e-07,1.1445622089959215,1.1445623759937007
18,8.300412446260452e-08,0.39582045801216736,0.3958205410162918
18,1.2500095181167126e-07,0.7635586250107735,0.7635587500117254
18,2.0800507627427578e-07,0.6335059159900993,0.6335061239951756
18,2.0800507627427578e-07,0.4690514169924427,0.46905162499751896
18,2.0800507627427578e-07,0.4347790830070153,0.43477929101209156
18,2.0800507627427578e-07,0.964892707997933,0.9648929160030093
18,2.0899460650980473e-07,1.2397697500127833,1.2397699590073898
18,4.1996827349066734e-08,0.7468742500059307,0.746874292002758
18,1.2500095181167126e-07,0.5338002079806756,0.5338003329816274
18,2.500019036233425e-07,0.41537133301608264,0.41537158301798627
18,8.297502063214779e-08,0.5634007500193547,0.5634008329943754
18,1.659791450947523e-07,0.5838705839996692,0.5838707499788143
18,2.500019036233425e-07,0.3450316670059692,0.34503191700787283
18,1.66997779160738e-07,0.7158553749904968,0.715855541988276
18,1.66997779160738e-07,0.6874489999900106,0.6874491669877898
18,8.300412446260452e-08,0.3335959580144845,0.33359604101860896
18,2.500019036233425e-07,0.39145495800767094,0.39145520800957456
18,2.0800507627427578e-07,0.7689614999981131,0.7689617080031894
18,2.0800507627427578e-07,0.37398099998245016,0.37398120798752643
18,2.0800507627427578e-07,1.0623754170082975,1.0623756250133738
18,1.2500095181167126e-07,0.5175855839916039,0.5175857089925557
18,8.40227585285902e-08,0.5378899160132278,0.5378900000359863
18,1.6600824892520905e-07,0.4371834170015063,0.43718358300975524
18,2.500019036233425e-07,0.5577170409960672,0.5577172909979708
18,2.0797597244381905e-07,0.37449708400527015,0.3744972919812426
18,2.0800507627427578e-07,0.35802850002073683,0.3580287080258131
18,2.0899460650980473e-07,0.48044566600583494,0.48044587500044145
18,2.0800507627427578e-07,0.47319029198843054,0.4731904999935068
18,1.66997779160738e-07,0.5429695409839042,0.5429697079816833
18,2.0899460650980473e-07,0.5674151669954881,0.5674153759900946
18,1.2500095181167126e-07,1.1283200829930138,1.1283202079939656
18,1.2500095181167126e-07,0.7524001249985304,0.7524002499994822
18,2.0800507627427578e-07,0.3060096249973867,0.306009833002463
18,1.2500095181167126e-07,0.3085082500183489,0.30850837501930073
18,2.0800507627427578e-07,0.422738458000822,0.42273866600589827
18,1.2500095181167126e-07,0.5223185830109287,0.5223187080118805
18,1.2500095181167126e-07,0.5341123749967664,0.5341124999977183
18,2.0899460650980473e-07,0.5005343749944586,0.5005345839890651
18,2.0800507627427578e-07,0.3174105419893749,0.3174107499944512
18,2.500019036233425e-07,0.5589244159928057,0.5589246659947094
18,2.0800507627427578e-07,0.3760355419944972,0.37603574999957345
18,2.910092007368803e-07,0.38869045799947344,0.3886907490086742
18,2.0800507627427578e-07,0.5676069580076728,0.5676071660127491
18,1.2500095181167126e-07,0.7098394579952583,0.7098395829962101
18,2.500019036233425e-07,0.7121523749956395,0.7121526249975432
18,2.9098009690642357e-07,0.4754662919731345,0.4754665829532314
18,1.6600824892520905e-07,0.7573792499897536,0.7573794159980025
18,2.0899460650980473e-07,1.0999350000056438,1.0999352090002503
18,2.0800507627427578e-07,0.7614390410017222,0.7614392490067985
18,2.0899460650980473e-07,0.5305317080055829,0.5305319170001894
18,8.300412446260452e-08,0.4627709169872105,0.462770999991335
18,1.66997779160738e-07,0.33711249998304993,0.3371126669808291
18,1.66997779160738e-07,0.7371849580085836,0.7371851250063628
18,8.297502063214779e-08,0.5615015830262564,0.561501666001277
18,4.1996827349066734e-08,0.48059237501001917,0.4805924170068465
18,2.0800507627427578e-07,0.68652945899521,0.6865296670002863
18,2.0800507627427578e-07,0.5382587089843582,0.5382589169894345
18,2.0800507627427578e-07,0.3781750419875607,0.37817524999263696
18,1.6600824892520905e-07,0.3966870839940384,0.39668725000228733
18,2.500019036233425e-07,0.6079659170063678,0.6079661670082714
18,3.7500285543501377e-07,1.175459582998883,1.1754599580017384
18,1.6600824892520905e-07,1.0733187079895288,1.0733188739977777
18,1.2500095181167126e-07,0.7766127090144437,0.7766128340153955
18,2.0899460650980473e-07,0.40685079200193286,0.40685100099653937
18,1.66997779160738e-07,0.43803966700215824,0.4380398339999374
18,2.0800507627427578e-07,0.5640737919893581,0.5640739999944344
18,2.0797597244381905e-07,0.519777375011472,0.5197775829874445
18,2.910092007368803e-07,0.38887125000474043,0.38887154101394117
18,2.0797597244381905e-07,1.0467055000190157,1.0467057079949882
18,1.2500095181167126e-07,0.430925708002178,0.4309258330031298
18,2.0800507627427578e-07,0.4583427500037942,0.4583429580088705
18,2.9098009690642357e-07,0.7609273339912761,0.760927624971373
18,8.399365469813347e-08,0.8223881669982802,0.8223882509919349
18,2.499727997928858e-07,0.3564525409892667,0.3564527909620665
18,2.0800507627427578e-07,0.547932415996911,0.5479326240019873
18,2.500019036233425e-07,0.7418120829970576,0.7418123329989612
18,1.66997779160738e-07,0.40556662500603124,0.4055667920038104
18,2.500019036233425e-07,0.42015537500265054,0.42015562500455417
18,2.0899460650980473e-07,1.0850415419845376,1.0850417509791441
18,2.0800507627427578e-07,0.41830829199170694,0.4183084999967832
19,8.399365469813347e-08,0.4123794579936657,0.4123795419873204
19,2.500019036233425e-07,0.5861654999898747,0.5861657499917783
18,1.2500095181167126e-07,0.6004389169975184,0.6004390419984702
19,8.300412446260452e-08,0.33689195799524896,0.3368920409993734
18,2.0899460650980473e-07,0.794579999987036,0.7945802089816425
19,1.66997779160738e-07,0.5463184159889352,0.5463185829867143
19,3.33995558321476e-07,0.45766758301761,0.45766791701316833
19,1.2500095181167126e-07,0.41488358299829997,0.4148837079992518
18,2.0800507627427578e-07,1.1021130419976544,1.1021132500027306
19,2.9199873097240925e-07,0.4538078749901615,0.4538081669888925
19,1.6600824892520905e-07,0.5123211669852026,0.5123213329934515
19,2.0797597244381905e-07,0.5636471670004539,0.5636473749764264
19,1.2500095181167126e-07,0.381353874981869,0.3813539999828208
19,8.300412446260452e-08,0.41358887500246055,0.413588958006585
19,8.399365469813347e-08,0.36868033299106173,0.36868041698471643
19,2.500019036233425e-07,0.42865887499647215,0.4286591249983758
18,2.0899460650980473e-07,1.0867346250161063,1.0867348340107128
19,1.2500095181167126e-07,0.4192752919916529,0.41927541699260473
19,2.500019036233425e-07,0.40207358298357576,0.4020738329854794
19,1.6600824892520905e-07,0.3247103749890812,0.3247105409973301
19,2.0800507627427578e-07,0.5958047499880195,0.5958049579930957
19,8.300412446260452e-08,0.7733282499830239,0.7733283329871483
19,8.300412446260452e-08,0.5794716660166159,0.5794717490207404
19,1.659791450947523e-07,1.2459805420076009,1.245980707986746
19,1.66997779160738e-07,0.5157785000046715,0.5157786670024507
19,2.0800507627427578e-07,0.518983207992278,0.5189834159973543
19,1.66997779160738e-07,0.6242227090115193,0.6242228760092985
19,2.0899460650980473e-07,1.1753438749874476,1.1753440839820541
19,8.300412446260452e-08,0.8251932089915499,0.8251932919956744
19,1.2500095181167126e-07,0.601517540984787,0.6015176659857389
19,2.0899460650980473e-07,0.6234836669755168,0.6234838759701233
19,1.6600824892520905e-07,0.4481750419945456,0.44817520800279453
19,1.2497184798121452e-07,0.8374732920201495,0.8374734169919975
19,2.0800507627427578e-07,0.3642069580091629,0.3642071660142392
19,2.500019036233425e-07,0.4333972499880474,0.43339749998995103
19,2.500019036233425e-07,0.785778624995146,0.7857788749970496
19,1.6600824892520905e-07,0.8466626669978723,0.8466628330061212
19,1.6600824892520905e-07,0.47138716699555516,0.4713873330038041
19,2.500019036233425e-07,0.3741358749975916,0.3741361249994952
19,1.2500095181167126e-07,0.4196443750115577,0.4196445000125095
19,8.300412446260452e-08,1.1518449999857694,1.1518450829898939
19,1.659791450947523e-07,0.5691896249772981,0.5691897909564432
19,1.2500095181167126e-07,0.360376583004836,0.3603767080057878
19,1.66997779160738e-07,0.3017578750150278,0.301758042012807
19,1.2500095181167126e-07,0.3807930829934776,0.3807932079944294
19,1.659791450947523e-07,0.4203938750142697,0.4203940409934148
19,1.66997779160738e-07,0.4341852499928791,0.43418541699065827
19,8.300412446260452e-08,0.593061834020773,0.5930619170248974
19,1.66997779160738e-07,0.5803747919853777,0.5803749589831568
19,2.500019036233425e-07,0.5455512079934124,0.545551457995316
19,2.0800507627427578e-07,0.47227658398333006,0.47227679198840633
19,1.2500095181167126e-07,0.8276752500096336,0.8276753750105854
19,1.6600824892520905e-07,1.2306536250107456,1.2306537910189945
19,2.500019036233425e-07,0.4211321670154575,0.42113241701736115
19,2.500019036233425e-07,0.45057333400473,0.4505735840066336
19,2.0797597244381905e-07,0.6410891659907065,0.641089373966679
19,8.399365469813347e-08,0.5763060419994872,0.5763061259931419
19,1.66997779160738e-07,0.5767174579959828,0.576717624993762
19,1.6600824892520905e-07,0.44958091599983163,0.44958108200808056
19,2.0800507627427578e-07,0.6149169170239475,0.6149171250290237
19,1.659791450947523e-07,0.39248470900929533,0.3924848749884404
19,1.2500095181167126e-07,0.5613643329998013,0.5613644580007531
19,1.66997779160738e-07,0.43510874998173676,0.4351089169795159
19,2.0800507627427578e-07,0.8836988339899108,0.8836990419949871
19,1.2500095181167126e-07,0.8391695829923265,0.8391697079932783
19,1.66997779160738e-07,0.7736278749944177,0.7736280419921968
19,2.499727997928858e-07,0.5055958750017453,0.5055961249745451
19,1.2500095181167126e-07,1.2177708339877427,1.2177709589886945
19,1.659791450947523e-07,0.744415334018413,0.7444154999975581
19,2.500019036233425e-07,0.7472322079993319,0.7472324580012355
19,1.66997779160738e-07,0.3972362090134993,0.3972363760112785
19,1.659791450947523e-07,0.6514282500138506,0.6514284159929957
19,2.0800507627427578e-07,0.7481006669986527,0.748100875003729
19,1.2500095181167126e-07,0.64625370799331,0.6462538329942618
19,2.0800507627427578e-07,0.5263822079868987,0.526382415991975
19,2.500019036233425e-07,0.494961415999569,0.4949616660014726
19,1.2500095181167126e-07,1.1087817090156022,1.108781834016554
19,2.0797597244381905e-07,0.43821166700217873,0.4382118749781512
19,1.2500095181167126e-07,0.5619431670056656,0.5619432920066174
19,1.66997779160738e-07,0.6557859159947839,0.655786082992563
19,2.0800507627427578e-07,1.0890979999967385,1.0890982080018148
19,1.66997779160738e-07,0.7511120830022264,0.7511122500000056
19,1.6600824892520905e-07,0.4865784590074327,0.4865786250156816
19,2.9098009690642357e-07,0.3432035839941818,0.34320387497427873
19,1.66997779160738e-07,0.6248018330079503,0.6248020000057295
19,1.6600824892520905e-07,0.4292872500082012,0.42928741601645015
19,1.2500095181167126e-07,0.38906212500296533,0.38906225000391714
19,1.66997779160738e-07,0.5961417499929667,0.5961419169907458
19,2.0899460650980473e-07,0.610652041999856,0.6106522509944625
19,4.100729711353779e-08,1.2230778750090394,1.2230779160163365
19,1.2500095181167126e-07,0.7726791250170209,0.7726792500179727
19,1.2500095181167126e-07,0.8808343750133645,0.8808345000143163
19,1.66997779160738e-07,0.9418819589773193,0.9418821259750985
19,1.2500095181167126e-07,0.5205403339932673,0.5205404589942191
19,1.66997779160738e-07,0.7153373330074828,0.715337500005262
19,1.6702688299119473e-07,0.9433217920013703,0.9433219590282533
19,2.0902371034026146e-07,0.5631223340169527,0.563122543040663
19,1.2500095181167126e-07,0.6483743340068031,0.6483744590077549
19,2.500019036233425e-07,0.5791594999900553,0.579159749991959
19,1.2500095181167126e-07,1.4238049580017105,1.4238050830026623
19,8.399365469813347e-08,0.9784755829896312,0.9784756669832859
20,1.2500095181167126e-07,0.5355989999952726,0.5355991249962244
20,2.500019036233425e-07,0.5188171250047162,0.5188173750066198
19,8.399365469813347e-08,0.6427835000213236,0.6427835840149783
20,1.6600824892520905e-07,0.42139779101125896,0.4213979570195079
20,1.66997779160738e-07,0.6140663340047467,0.6140665010025259
20,1.66997779160738e-07,0.48662941600196064,0.4866295829997398
20,2.0797597244381905e-07,0.4842130000179168,0.4842132079938892
19,1.66997779160738e-07,1.3854277089994866,1.3854278759972658
20,8.300412446260452e-08,0.554866165999556,0.5548662490036804
20,8.399365469813347e-08,0.6521370830014348,0.6521371669950895
20,2.910092007368803e-07,0.5037862909957767,0.5037865820049774
20,2.0902371034026146e-07,0.6639274590124842,0.6639276680361945
20,1.2500095181167126e-07,0.44774095798493363,0.44774108298588544
20,8.300412446260452e-08,0.4360401669982821,0.43604025000240654
20,2.0800507627427578e-07,0.515992875007214,0.5159930830122903
19,2.9199873097240925e-07,1.269061665982008,1.269061957980739
20,2.0899460650980473e-07,0.6009883749939036,0.6009885839885101
20,1.2500095181167126e-07,0.4545308329979889,0.4545309579989407
20,1.2500095181167126e-07,0.5793394999927841,0.5793396249937359
20,1.6600824892520905e-07,0.7835283750027884,0.7835285410110373
20,2.500019036233425e-07,1.2801067499967758,1.2801069999986794
20,2.0800507627427578e-07,0.43688575000851415,0.4368859580135904
20,2.0800507627427578e-07,0.5227455830026884,0.5227457910077646
20,1.6600824892520905e-07,0.5618815000052564,0.5618816660135053
20,1.2500095181167126e-07,0.5668073330016341,0.5668074580025859
20,1.2500095181167126e-07,0.6933465000183787,0.6933466250193305
20,2.0899460650980473e-07,1.24026037499425,1.2402605839888565
20,2.500019036233425e-07,0.7687758749816567,0.7687761249835603
20,1.66997779160738e-07,0.44872512499568984,0.448725291993469
20,1.66997779160738e-07,0.5729004160093609,0.5729005830071401
20,2.0797597244381905e-07,0.4353002080169972,0.43530041599296965
20,1.6600824892520905e-07,0.7907214580045547,0.7907216240128037
20,1.66997779160738e-07,0.44472554200910963,0.4447257090068888
20,1.66997779160738e-07,0.8027593329898082,0.8027594999875873
20,1.2500095181167126e-07,0.6165400420140941,0.6165401670150459
20,2.500019036233425e-07,0.3925576670153532,0.39255791701725684
20,1.2500095181167126e-07,0.3954930839827284,0.39549320898368023
20,1.2500095181167126e-07,0.9185020840086509,0.9185022090096027
20,1.2500095181167126e-07,0.3852282500010915,0.3852283750020433
20,1.6600824892520905e-07,0.5578659579914529,0.5578661239997018
20,2.500019036233425e-07,1.201600625005085,1.2016008750069886
20,1.66997779160738e-07,0.34535012498963624,0.3453502919874154
20,2.0800507627427578e-07,0.3714439999894239,0.3714442079945002
20,1.2500095181167126e-07,0.5200765000190586,0.5200766250200104
20,1.2500095181167126e-07,0.3977192079764791,0.3977193329774309
20,1.66997779160738e-07,0.326502125011757,0.3265022920095362
20,8.399365469813347e-08,0.4383504999859724,0.4383505839796271
20,1.659791450947523e-07,0.3218190829793457,0.3218192489584908
20,1.2500095181167126e-07,0.5795597090036608,0.5795598340046126
20,2.0899460650980473e-07,0.5414499169855844,0.5414501259801909
20,2.500019036233425e-07,1.1335598749865312,1.1335601249884348
20,1.2500095181167126e-07,0.365098250011215,0.3650983750121668
20,2.0800507627427578e-07,0.5166483330249321,0.5166485410300083
20,1.2500095181167126e-07,0.32741045899456367,0.3274105839955155
20,2.0800507627427578e-07,0.806866541999625,0.8068667500047013
20,1.2500095181167126e-07,0.6159813329868484,0.6159814579878002
20,8.300412446260452e-08,0.35709045801195316,0.3570905410160776
20,1.2500095181167126e-07,0.5245928749791346,0.5245929999800865
20,2.0800507627427578e-07,0.548594249994494,0.5485944579995703
20,2.0800507627427578e-07,0.39140975000918843,0.3914099580142647
20,1.2500095181167126e-07,0.46821416600141674,0.46821429100236855
20,8.300412446260452e-08,0.5707227080129087,0.5707227910170332
20,8.399365469813347e-08,1.0746561670093797,1.0746562510030344
20,1.2500095181167126e-07,0.7591408329899423,0.7591409579908941
20,2.500019036233425e-07,0.4947543340094853,0.49475458401138894
20,2.500019036233425e-07,0.806620290997671,0.8066205409995746
20,1.66997779160738e-07,0.7893846250080969,0.7893847920058761
20,1.2500095181167126e-07,0.5843157920171507,0.5843159170181025
20,1.2500095181167126e-07,0.8788165000150912,0.878816625016043
20,3.7500285543501377e-07,0.47490749999997206,0.4749078750028275
20,1.6600824892520905e-07,0.41108525000163354,0.41108541600988247
20,2.0899460650980473e-07,0.5300395830126945,0.530039792007301
20,1.6600824892520905e-07,0.7504003329959232,0.7504004990041722
20,2.500019036233425e-07,0.5572097500262316,0.5572100000281353
20,3.3300602808594704e-07,0.880730874981964,0.8807312079879921
20,8.399365469813347e-08,1.1307773329899646,1.1307774169836193
20,2.9199873097240925e-07,0.540239833004307,0.540240125003038
20,2.499727997928858e-07,0.6069062499736901,0.6069064999464899
20,1.2500095181167126e-07,0.40851091701188125,0.40851104201283306
20,1.66997779160738e-07,1.089676707983017,1.0896768749807961
20,8.297502063214779e-08,0.45418841697392054,0.45418849994894117
20,1.66997779160738e-07,0.8365254169912077,0.8365255839889869
20,2.9199873097240925e-07,0.5517129999934696,0.5517132919922005
20,8.399365469813347e-08,0.4456926669809036,0.4456927509745583
20,1.66997779160738e-07,0.5306253340095282,0.5306255010073073
20,1.66997779160738e-07,0.5664044590084814,0.5664046260062605
20,1.6600824892520905e-07,0.47584258299320936,0.4758427490014583
20,2.0899460650980473e-07,0.4479819169791881,0.4479821259737946
20,2.0800507627427578e-07,1.1142200829926878,1.114220290997764
20,1.2500095181167126e-07,0.47677712500444613,0.47677725000539795
20,1.6600824892520905e-07,0.8656135839992203,0.8656137500074692
20,1.66997779160738e-07,0.8798844999982975,0.8798846669960767
20,1.2500095181167126e-07,0.41206824997789226,0.4120683749788441
20,2.500019036233425e-07,0.6289641660114285,0.6289644160133321
20,1.2500095181167126e-07,0.9061752909910865,0.9061754159920383
20,1.659791450947523e-07,0.49842570899636485,0.49842587497550994
20,2.0800507627427578e-07,0.4885686670022551,0.48856887500733137
20,1.2500095181167126e-07,0.5212767499906477,0.5212768749915995
20,1.66997779160738e-07,1.3026688749960158,1.302669041993795
20,3.7500285543501377e-07,0.5578645409841556,0.557864915987011
20,1.2500095181167126e-07,0.7832760830060579,0.7832762080070097
21,1.6600824892520905e-07,0.4575055410095956,0.45750570701784454
21,1.2500095181167126e-07,0.662229124980513,0.6622292499814648
21,2.9199873097240925e-07,0.4814566660206765,0.48145695801940747
21,1.66997779160738e-07,0.49907541600987315,0.4990755830076523
20,1.2500095181167126e-07,1.2356487920042127,1.2356489170051645
21,2.0899460650980473e-07,0.5093965840060264,0.5093967930006329
21,2.0797597244381905e-07,0.5411351670045406,0.541135374980513
21,2.910092007368803e-07,0.7720111669914331,0.7720114580006339
21,1.6702688299119473e-07,0.5774344160163309,0.5774345830432139
21,2.500019036233425e-07,0.4831389170140028,0.4831391670159064
21,1.2497184798121452e-07,0.4880114169791341,0.48801154195098206
21,1.2500095181167126e-07,0.4814476250030566,0.4814477500040084
21,2.500019036233425e-07,0.46743516699643806,0.4674354169983417
20,8.300412446260452e-08,1.2830728749977425,1.283072958001867
21,2.0800507627427578e-07,0.6327442500041798,0.632744458009256
21,1.66997779160738e-07,0.46412083398899995,0.4641210009867791
21,4.1996827349066734e-08,0.6670330829801969,0.6670331249770243
21,4.1996827349066734e-08,0.4895681659982074,0.48956820799503475
21,1.66997779160738e-07,0.5886640000098851,0.5886641670076642
21,1.6600824892520905e-07,1.2834473749971949,1.2834475410054438
21,2.500019036233425e-07,0.47982895898167044,0.47982920898357406
21,2.0800507627427578e-07,0.679120916989632,0.6791211249947082
21,2.0800507627427578e-07,0.8918234159937128,0.8918236239987891
21,2.910092007368803e-07,0.4631631250085775,0.4631634160177782
21,1.2500095181167126e-07,0.7677629580139183,0.7677630830148701
21,8.399365469813347e-08,1.3041609579813667,1.3041610419750214
21,2.9199873097240925e-07,0.6321605420089327,0.6321608340076637
21,2.0797597244381905e-07,0.5549836250138469,0.5549838329898193
21,8.399365469813347e-08,0.5541815829928964,0.5541816669865511
21,1.2500095181167126e-07,0.5039359999937005,0.5039361249946523
21,1.66997779160738e-07,0.38466458301991224,0.3846647500176914
21,2.92027834802866e-07,0.8819668750220444,0.8819671670498792
21,3.329769242554903e-07,0.6877974579983857,0.6877977909753099
21,2.9199873097240925e-07,0.5307987080013845,0.5307990000001155
21,2.500019036233425e-07,0.8413437920098659,0.8413440420117695
21,2.0800507627427578e-07,0.9436639169871341,0.9436641249922104
21,2.500019036233425e-07,0.45419283301453106,0.4541930830164347
21,2.0800507627427578e-07,0.5092053749831393,0.5092055829882156
21,2.500019036233425e-07,1.2072174169879872,1.2072176669898909
21,8.399365469813347e-08,0.6881474159890786,0.6881474999827333
21,1.66997779160738e-07,0.4109350830258336,0.41093525002361275
21,5.00003807246685e-07,0.4702287090185564,0.47022920902236365
21,1.2500095181167126e-07,0.34457412498886697,0.3445742499898188
21,2.500019036233425e-07,0.43868799999472685,0.4386882499966305
21,1.6600824892520905e-07,0.5775678330101073,0.5775679990183562
21,4.100729711353779e-08,0.6867034160241019,0.686703457031399
21,2.500019036233425e-07,0.6354382919962518,0.6354385419981554
21,1.2500095181167126e-07,1.2757903329911642,1.275790457992116
21,1.66997779160738e-07,0.4958298330020625,0.4958299999998417
21,2.0797597244381905e-07,0.5771797500201501,0.5771799579961225
21,1.2500095181167126e-07,0.7284925409767311,0.7284926659776829
21,1.2497184798121452e-07,0.912974334001774,0.912974458973622
21,1.66997779160738e-07,0.6456260830163956,0.6456262500141747
21,1.6600824892520905e-07,0.5663419580087066,0.5663421240169555
21,1.6600824892520905e-07,0.5301127079874277,0.5301128739956766
21,3.7500285543501377e-07,0.6430101250007283,0.6430105000035837
21,4.1996827349066734e-08,0.4558061669813469,0.45580620897817425
21,2.9199873097240925e-07,0.696024375007255,0.696024667005986
21,2.500019036233425e-07,0.6273394589952659,0.6273397089971695
21,1.659791450947523e-07,0.4740159170178231,0.4740160829969682
21,1.2500095181167126e-07,0.8292851670121308,0.8292852920130827
21,1.66997779160738e-07,0.587442457996076,0.5874426249938551
21,1.2500095181167126e-07,1.2605136249912903,1.260513749992242
21,1.2500095181167126e-07,0.8811282090027817,0.8811283340037335
21,1.66997779160738e-07,0.5502270419965498,0.550227208994329
21,1.2500095181167126e-07,0.9773617500031833,0.9773618750041351
21,1.66997779160738e-07,0.9128655829990748,0.912865749996854
21,2.92027834802866e-07,0.5948155000223778,0.5948157920502126
21,8.399365469813347e-08,0.8208912090049125,0.8208912929985672
21,1.2500095181167126e-07,0.5046053339901846,0.5046054589911364
21,2.0797597244381905e-07,0.5918330420099664,0.5918332499859389
21,2.0800507627427578e-07,0.5738050419895444,0.5738052499946207
21,1.6600824892520905e-07,0.8530483749927953,0.8530485410010442
21,2.499727997928858e-07,0.7275538330140989,0.7275540829868987
21,2.0800507627427578e-07,0.8559193330002017,0.855919541005278
21,1.2500095181167126e-07,0.8498079999990296,0.8498081249999814
21,1.2500095181167126e-07,0.7837182919902261,0.783718416991178
21,1.2500095181167126e-07,1.503759999992326,1.5037601249932777
21,2.0800507627427578e-07,1.2627935830096249,1.2627937910147011
21,1.2500095181167126e-07,0.6737705419945996,0.6737706669955514
21,8.300412446260452e-08,0.7015547500050161,0.7015548330091406
21,3.33995558321476e-07,0.6856358750083018,0.6856362090038601
21,1.6600824892520905e-07,0.5813228329934645,0.5813229990017135
21,2.0800507627427578e-07,0.48897933299303986,0.48897954099811614
21,2.9199873097240925e-07,0.47265170799801126,0.47265199999674223
21,1.66997779160738e-07,0.7194538750045467,0.7194540420023259
21,8.399365469813347e-08,0.83568266700604,0.8356827509996947
21,2.500019036233425e-07,0.5648714580165688,0.5648717080184724
21,4.1996827349066734e-08,0.8523843750008382,0.8523844169976655
21,2.499727997928858e-07,0.5701127920183353,0.5701130419911351
21,8.399365469813347e-08,1.336016582994489,1.3360166669881437
21,2.0800507627427578e-07,0.5923204589926172,0.5923206669976935
21,2.9199873097240925e-07,1.3062045410042629,1.3062048330029938
21,1.2500095181167126e-07,0.8304379999754019,0.8304381249763537
21,2.0800507627427578e-07,0.44755245800479315,0.4475526660098694
21,2.0800507627427578e-07,0.49808150000171736,0.49808170800679363
21,2.500019036233425e-07,0.4863500829960685,0.48635033299797215
21,2.500019036233425e-07,0.5479060000216123,0.5479062500235159
21,2.9098009690642357e-07,0.7799936670053285,0.7799939579854254
22,8.300412446260452e-08,0.4763288329995703,0.47632891600369476
21,1.66997779160738e-07,0.5590306659869384,0.5590308329847176
22,1.2500095181167126e-07,0.5903786669950932,0.590378791996045
21,1.66997779160738e-07,1.135642540990375,1.1356427079881541
22,2.0800507627427578e-07,0.6559476669935975,0.6559478749986738
22,8.300412446260452e-08,0.5389562909840606,0.5389563739881851
22,8.40227585285902e-08,0.49613254200085066,0.4961326260236092
22,2.0899460650980473e-07,0.49244020800688304,0.49244041700148955
22,1.66997779160738e-07,0.4595967089990154,0.45959687599679455
22,2.500019036233425e-07,0.42123937502037734,0.42123962502228096
22,1.2500095181167126e-07,0.5675530410080682,0.5675531660090201
22,1.6702688299119473e-07,0.5864652909804136,0.5864654580072965
22,8.399365469813347e-08,0.4472009579767473,0.447201041970402
22,2.500019036233425e-07,0.4288570419885218,0.42885729199042544
21,2.0899460650980473e-07,1.121703750017332,1.1217039590119384
22,2.0899460650980473e-07,0.38984608300961554,0.38984629200422205
22,1.66997779160738e-07,0.38541433299542405,0.3854144999932032
22,8.300412446260452e-08,0.5710657080053352,0.5710657910094596
22,8.399365469813347e-08,0.41601137499674223,0.41601145899039693
22,2.9098009690642357e-07,1.1106190830178093,1.1106193739979062
22,8.399365469813347e-08,0.7206943329947535,0.7206944169884082
22,2.0899460650980473e-07,0.44311916700098664,0.44311937599559315
22,8.399365469813347e-08,0.5035260830190964,0.5035261670127511
22,1.2500095181167126e-07,0.4331577090197243,0.4331578340206761
22,1.2500095181167126e-07,0.48034579202067107,0.4803459170216229
22,8.399365469813347e-08,1.1251346249773633,1.125134708971018
22,1.66997779160738e-07,0.6427557500137482,0.6427559170115273
22,2.0899460650980473e-07,0.7680633330019191,0.7680635419965256
22,2.910092007368803e-07,0.5427032499865163,0.542703540995717
22,1.66997779160738e-07,0.7427763330051675,0.7427765000029467
22,2.9098009690642357e-07,0.46033191701280884,0.46033220799290575
22,1.66997779160738e-07,0.3849089580180589,0.38490912501583807
22,2.0899460650980473e-07,0.569260457996279,0.5692606669908855
22,1.66997779160738e-07,0.4646370830014348,0.46463724999921396
22,1.2500095181167126e-07,0.47906762501224875,0.47906775001320057
22,2.500019036233425e-07,0.8113097499881405,0.8113099999900442
22,2.500019036233425e-07,0.35548508397187106,0.3554853339737747
22,8.399365469813347e-08,0.8263455829874147,0.8263456669810694
22,8.399365469813347e-08,0.41848954200395383,0.4184896259976085
22,2.500019036233425e-07,1.1663082079903688,1.1663084579922725
22,1.66997779160738e-07,0.5582512079854496,0.5582513749832287
22,1.2500095181167126e-07,0.39176341699203476,0.3917635419929866
22,8.399365469813347e-08,0.39756166699226014,0.39756175098591484
22,2.0800507627427578e-07,0.4445896669931244,0.4445898749982007
22,2.500019036233425e-07,0.5908457500045188,0.5908460000064224
22,4.1996827349066734e-08,0.440760291996412,0.44076033399323933
22,2.0800507627427578e-07,0.5444476660049986,0.5444478740100749
22,3.33995558321476e-07,0.372425707988441,0.3724260419839993
22,4.1996827349066734e-08,0.5306818329845555,0.5306818749813829
22,2.0899460650980473e-07,1.1091144169913605,1.109114625985967
22,1.2500095181167126e-07,0.3821449579845648,0.38214508298551664
22,1.2500095181167126e-07,0.8511342499987222,0.851134374999674
22,2.500019036233425e-07,0.47487541698501445,0.4748756669869181
22,1.2500095181167126e-07,0.6835122079937719,0.6835123329947237
22,1.6600824892520905e-07,0.521261207992211,0.5212613740004599
22,1.66997779160738e-07,0.7556665419833735,0.7556667089811526
22,1.66997779160738e-07,0.5796598340093624,0.5796600010071415
22,1.2500095181167126e-07,0.7506890420045238,0.7506891670054756
22,2.9199873097240925e-07,0.7239071670046542,0.7239074590033852
22,2.9199873097240925e-07,0.542498249997152,0.542498541995883
22,2.500019036233425e-07,0.4487486669968348,0.4487489169987384
22,1.2500095181167126e-07,0.8978987080045044,0.8978988330054563
22,1.66997779160738e-07,0.9990688340039924,0.9990690010017715
22,4.1996827349066734e-08,0.8757049169798847,0.8757049589767121
22,2.0800507627427578e-07,0.522346915997332,0.5223471240024082
22,1.2500095181167126e-07,1.4192971249867696,1.4192972499877214
22,8.300412446260452e-08,0.9171122910047416,0.917112374008866
22,4.1996827349066734e-08,1.0711460000020452,1.0711460419988725
22,2.0899460650980473e-07,0.6136306249827612,0.6136308339773677
22,2.9199873097240925e-07,0.500951249996433,0.500951541995164
22,2.0899460650980473e-07,0.8683863339829259,0.8683865429775324
22,2.0899460650980473e-07,0.5458304170169868,0.5458306260115933
22,1.2500095181167126e-07,0.4339570839947555,0.43395720899570733
22,1.2500095181167126e-07,0.7552161249914207,0.7552162499923725
22,4.1996827349066734e-08,0.5544014580082148,0.5544015000050422
22,2.0899460650980473e-07,0.41092445797403343,0.41092466696863994
22,8.300412446260452e-08,0.5584885000134818,0.5584885830176063
22,1.66997779160738e-07,1.277981874998659,1.277982041996438
22,1.6600824892520905e-07,0.5745260840049013,0.5745262500131503
22,2.0800507627427578e-07,0.46243099999264814,0.4624312079977244
22,2.0800507627427578e-07,0.7777577080123592,0.7777579160174355
22,1.6600824892520905e-07,1.2141485000029206,1.2141486660111696
22,1.6600824892520905e-07,0.40441099999588914,0.40441116600413807
22,1.66997779160738e-07,0.44489745900500566,0.4448976260027848
22,1.2500095181167126e-07,0.5214045839966275,0.5214047089975793
22,2.500019036233425e-07,0.4548956250073388,0.45489587500924245
22,2.500019036233425e-07,0.5569661249755882,0.5569663749774918
22,2.0902371034026146e-07,0.45949216702138074,0.4594923760450911
22,2.0800507627427578e-07,0.4384318749944214,0.43843208299949765
22,1.2500095181167126e-07,0.8303584579844028,0.8303585829853546
22,2.910092007368803e-07,0.372955250000814,0.3729555410100147
22,3.7500285543501377e-07,1.2297657919989433,1.2297661670017987
22,8.300412446260452e-08,0.8685164999915287,0.8685165829956532
22,2.0899460650980473e-07,0.7802466670109425,0.780246876005549
22,2.910092007368803e-07,0.4196951249905396,0.41969541599974036
22,8.300412446260452e-08,0.5681948749988806,0.568194958003005
22,2.0899460650980473e-07,0.4455725000007078,0.4455727089953143
22,4.169996827840805e-07,0.4740226669819094,0.4740230839815922
22,1.66997779160738e-07,1.2296197499963455,1.2296199169941247
22,1.66997779160738e-07,0.8111484169785399,0.8111485839763191
23,2.0902371034026146e-07,0.4255344170087483,0.4255346260324586
23,1.66997779160738e-07,0.46921129198744893,0.4692114589852281
23,1.2500095181167126e-07,0.5411528339900542,0.541152958991006
22,6.250047590583563e-07,0.5726120000181254,0.5726126250228845
23,1.66997779160738e-07,0.4909123340039514,0.49091250100173056
23,1.659791450947523e-07,0.56603104097303,0.5660312069521751
22,2.500019036233425e-07,1.128419082990149,1.1284193329920527
23,1.2500095181167126e-07,0.49630737502593547,0.4963075000268873
23,2.0797597244381905e-07,0.5355516670097131,0.5355518749856856
23,3.33995558321476e-07,0.5925331669859588,0.5925335009815171
23,1.2500095181167126e-07,0.5085747090051882,0.50857483400614
23,1.2500095181167126e-07,0.3758651250100229,0.3758652500109747
23,2.9199873097240925e-07,0.3783407079754397,0.3783409999741707
23,2.0899460650980473e-07,0.42430300000705756,0.4243032090016641
23,2.0800507627427578e-07,0.42708624998340383,0.4270864579884801
22,1.2500095181167126e-07,1.144656958989799,1.1446570839907508
23,1.66997779160738e-07,0.3849810419778805,0.3849812089756597
23,2.9199873097240925e-07,0.4313241250056308,0.43132441700436175
23,1.66997779160738e-07,0.568432166997809,0.5684323339955881
23,1.2500095181167126e-07,1.1019353750161827,1.1019355000171345
23,2.9199873097240925e-07,0.3796383749868255,0.3796386669855565
23,1.66997779160738e-07,0.5427245839964598,0.542724750994239
23,1.2500095181167126e-07,0.3556805410189554,0.3556806660199072
23,8.399365469813347e-08,0.4091258750122506,0.4091259590059053
23,2.0899460650980473e-07,0.7449235419917386,0.7449237509863451
23,2.2916996385902166e-05,0.5911565000133123,0.5911794170096982
23,1.2500095181167126e-07,1.133484708989272,1.1334848339902237
23,2.500019036233425e-07,0.477011750015663,0.4770120000175666
23,1.66997779160738e-07,0.78579029100365,0.7857904580014292
23,1.659791450947523e-07,0.6229600420047063,0.6229602079838514
23,2.0899460650980473e-07,0.4365027080057189,0.4365029170003254
23,2.0800507627427578e-07,0.43147174999467097,0.43147195799974725
23,1.2500095181167126e-07,0.6286505409807432,0.6286506659816951
23,1.66997779160738e-07,0.8469784579938278,0.8469786249916069
23,2.0800507627427578e-07,0.5260695830220357,0.5260697910271119
23,1.2500095181167126e-07,0.7530381660035346,0.7530382910044864
23,3.7500285543501377e-07,0.8676229999982752,0.8676233750011306
23,2.910092007368803e-07,0.35878899999079295,0.3587892909999937
23,1.66997779160738e-07,1.109644708019914,1.1096448750176933
23,2.0797597244381905e-07,0.4549786670249887,0.4549788750009611
23,1.6702688299119473e-07,0.362567374977516,0.362567542004399
23,2.500019036233425e-07,0.5970494170032907,0.5970496670051944
23,1.2500095181167126e-07,0.45869224998750724,0.45869237498845905
23,2.0797597244381905e-07,0.5399293749942444,0.5399295829702169
23,1.2500095181167126e-07,0.3888706669968087,0.38887079199776053
23,2.0800507627427578e-07,0.46641949997865595,0.4664197079837322
23,1.2500095181167126e-07,1.111262541002361,1.111262666003313
23,1.66997779160738e-07,0.5765179579902906,0.5765181249880698
23,1.2500095181167126e-07,0.554267958010314,0.5542680830112658
23,1.66997779160738e-07,0.6895086249860469,0.6895087919838261
23,1.66997779160738e-07,0.831650832988089,0.8316509999858681
23,1.6702688299119473e-07,0.5587180830189027,0.5587182500457857
23,3.329769242554903e-07,0.6714145410223864,0.6714148739993107
23,1.66997779160738e-07,0.5366365830122959,0.536636750010075
23,1.2500095181167126e-07,0.5466849579825066,0.5466850829834584
23,2.0797597244381905e-07,0.6757985840085894,0.6757987919845618
23,2.0902371034026146e-07,0.6401952090091072,0.6401954180328175
23,1.2500095181167126e-07,0.47735741699580103,0.47735754199675284
23,1.659791450947523e-07,0.7116198749863543,0.7116200409654994
23,2.500019036233425e-07,0.3656220000120811,0.36562225001398474
23,1.66997779160738e-07,0.6683743750036228,0.668374542001402
23,2.499727997928858e-07,0.4393208750116173,0.4393211249844171
23,2.0899460650980473e-07,0.46746995800640434,0.46747016700101085
23,2.500019036233425e-07,0.8293131660029758,0.8293134160048794
23,3.3300602808594704e-07,0.8741253750049509,0.874125708010979
23,2.0899460650980473e-07,1.2607897080015391,1.2607899169961456
23,1.6600824892520905e-07,0.9429536249954253,0.9429537910036743
23,1.2500095181167126e-07,0.5362615420017391,0.536261667002691
23,1.2500095181167126e-07,0.8884379579976667,0.8884380829986185
23,2.499727997928858e-07,0.8055154170142487,0.8055156669870485
23,1.66997779160738e-07,0.5302947909804061,0.5302949579781853
23,2.0797597244381905e-07,0.5419655420118943,0.5419657499878667
23,1.2500095181167126e-07,0.46287091600243,0.46287104100338183
23,1.2500095181167126e-07,0.6545875410083681,0.65458766600932
23,1.66997779160738e-07,0.8514726249850355,0.8514727919828147
23,1.2500095181167126e-07,0.37510237499373034,0.37510249999468215
23,2.9199873097240925e-07,0.5890729170059785,0.5890732090047095
23,1.6600824892520905e-07,0.5727434160071425,0.5727435820153914
23,1.2500095181167126e-07,0.46171229201718234,0.46171241701813415
23,2.0899460650980473e-07,1.3615002909791656,1.361500499973772
23,1.2500095181167126e-07,1.2376673749822658,1.2376674999832176
23,1.2500095181167126e-07,0.8823596670117695,0.8823597920127213
23,8.300412446260452e-08,0.37069524999242276,0.3706953329965472
23,1.66997779160738e-07,0.3690197500109207,0.36901991700869985
23,3.329769242554903e-07,0.5251286249840632,0.5251289579609875
23,2.910092007368803e-07,0.4137922080117278,0.4137924990209285
23,8.300412446260452e-08,0.37821379202068783,0.3782138750248123
23,2.0800507627427578e-07,0.5411447910009883,0.5411449990060646
23,1.6600824892520905e-07,0.41814287498709746,0.4181430409953464
23,1.2500095181167126e-07,0.7621421660005581,0.7621422910015099
23,1.2500095181167126e-07,0.7785707919974811,0.778570916998433
23,1.2500095181167126e-07,0.7993690840085037,0.7993692090094555
23,8.399365469813347e-08,0.5129751669883262,0.5129752509819809
23,2.0899460650980473e-07,0.4250254170037806,0.4250256259983871
23,3.33995558321476e-07,0.5240444999944884,0.5240448339900468
23,1.66997779160738e-07,1.3927727909758687,1.3927729579736479
23,1.2500095181167126e-07,0.546824041986838,0.5468241669877898
23,2.500019036233425e-07,0.4652892080193851,0.46528945802128874
23,1.6600824892520905e-07,1.1592205410124734,1.1592207070207223
23,1.6600824892520905e-07,0.5503860419848934,0.5503862079931423
23,8.300412446260452e-08,0.8387496669893153,0.8387497499934398
24,4.100729711353779e-08,0.4527923749992624,0.4527924160065595
24,8.399365469813347e-08,0.6229705000005197,0.6229705839941744
24,1.6600824892520905e-07,0.4080970829818398,0.4080972489900887
24,2.500019036233425e-07,0.6799619160010479,0.6799621660029516
24,2.500019036233425e-07,0.5191014590091072,0.5191017090110108
24,1.6600824892520905e-07,0.42556162498658523,0.42556179099483415
23,1.6702688299119473e-07,1.1424466670141555,1.1424468340410385
24,2.0797597244381905e-07,0.4675014170061331,0.46750162498210557
24,2.500019036233425e-07,0.5441010830109008,0.5441013330128044
24,2.500019036233425e-07,0.571928499994101,0.5719287499960046
24,2.0800507627427578e-07,0.43428954199771397,0.43428975000279024
24,1.66997779160738e-07,0.30949937499826774,0.3094995419960469
24,1.2500095181167126e-07,0.4298909579811152,0.429891082982067
24,2.0800507627427578e-07,0.4543475410027895,0.4543477490078658
23,2.500019036233425e-07,1.2980065839947201,1.2980068339966238
24,1.659791450947523e-07,0.33822833400336094,0.33822849998250604
24,2.0902371034026146e-07,0.47196587501093745,0.4719660840346478
24,2.0800507627427578e-07,0.6063914160185959,0.6063916240236722
24,1.6600824892520905e-07,0.7602951659937389,0.7602953320019878
24,1.2500095181167126e-07,0.6564278340083547,0.6564279590093065
24,3.3300602808594704e-07,1.31470658298349,1.3147069159895182
24,1.66997779160738e-07,0.9380234160053078,0.938023583003087
24,1.6600824892520905e-07,0.7008159169927239,0.7008160830009729
24,2.0797597244381905e-07,0.7253263750171755,0.7253265829931479
24,8.399365469813347e-08,0.7738145419862121,0.7738146259798668
24,2.0800507627427578e-07,1.5122710420109797,1.512271250016056
24,1.2500095181167126e-07,1.2074998750176746,1.2075000000186265
24,1.2500095181167126e-07,0.9989010420104023,0.9989011670113541
24,1.6600824892520905e-07,0.7037719580112025,0.7037721240194514
24,1.2500095181167126e-07,0.7950806670123711,0.7950807920133229
24,8.399365469813347e-08,0.6070681250130292,0.6070682090066839
24,1.66997779160738e-07,1.1198745000001509,1.11987466699793
24,8.300412446260452e-08,0.5807742080069147,0.5807742910110392
24,2.0800507627427578e-07,0.9073807910026517,0.907380999007728
24,1.2500095181167126e-07,1.1447427499806508,1.1447428749816027
24,1.6600824892520905e-07,0.49250920800841413,0.49250937401666306
24,8.40227585285902e-08,0.434756708011264,0.4347567920340225
24,1.66997779160738e-07,0.5324712499859743,0.5324714169837534
24,2.9199873097240925e-07,1.5259553329960909,1.5259556249948218
24,1.66997779160738e-07,0.6662064169941004,0.6662065839918796
24,1.6600824892520905e-07,0.438861958013149,0.4388621240213979
24,1.2500095181167126e-07,0.46231616599834524,0.46231629099929705
24,2.500019036233425e-07,0.3822734580026008,0.38227370800450444
24,8.399365469813347e-08,1.2566020409867633,1.256602124980418
24,8.399365469813347e-08,0.5347006249940023,0.534700708987657
24,8.399365469813347e-08,0.5251864999881946,0.5251865839818493
24,2.0797597244381905e-07,0.5642447910213377,0.5642449989973102
24,8.300412446260452e-08,0.6749066670017783,0.6749067500059027
24,1.66997779160738e-07,0.542687625013059,0.5426877920108382
24,1.6600824892520905e-07,0.7657029579859227,0.7657031239941716
24,1.6600824892520905e-07,0.4661339999875054,0.4661341659957543
24,1.66997779160738e-07,0.5242229170107748,0.524223084008554
24,2.499727997928858e-07,0.40139800001634285,0.40139824998914264
24,1.2500095181167126e-07,0.6331842909858096,0.6331844159867615
24,1.2500095181167126e-07,0.4909863749926444,0.4909864999935962
24,2.0800507627427578e-07,0.5608831249992363,0.5608833330043126
24,1.66997779160738e-07,0.45949558302527294,0.4594957500230521
24,1.66997779160738e-07,0.6033705000008922,0.6033706669986714
24,3.7500285543501377e-07,0.6392602080013603,0.6392605830042157
24,4.202593117952347e-08,0.4764228329877369,0.4764228750136681
24,2.9199873097240925e-07,0.48604808299569413,0.4860483749944251
24,2.0797597244381905e-07,0.8078354170138482,0.8078356249898206
24,2.0800507627427578e-07,0.8170951250067446,0.8170953330118209
24,8.40227585285902e-08,0.4779117080033757,0.4779117920261342
24,1.2500095181167126e-07,0.8507884580176324,0.8507885830185842
24,2.0797597244381905e-07,1.2488486250222195,1.248848832998192
24,1.2500095181167126e-07,0.8383933749864809,0.8383934999874327
24,3.3300602808594704e-07,0.5322576249891426,0.5322579579951707
24,1.6600824892520905e-07,0.553726457990706,0.5537266239989549
24,8.300412446260452e-08,0.5876601249910891,0.5876602079952136
24,2.0800507627427578e-07,0.8809258330147713,0.8809260410198476
24,2.0800507627427578e-07,0.451456832990516,0.45145704099559225
24,2.0797597244381905e-07,0.5196697089995723,0.5196699169755448
24,8.399365469813347e-08,1.2097962079860736,1.2097962919797283
24,2.0800507627427578e-07,0.6943700409901794,0.6943702489952557
24,2.9199873097240925e-07,0.8864757499832194,0.8864760419819504
24,1.2500095181167126e-07,0.5139818329771515,0.5139819579781033
24,1.2500095181167126e-07,0.6825965419993736,0.6825966670003254
24,2.0800507627427578e-07,0.5291652499872725,0.5291654579923488
24,1.6600824892520905e-07,0.8348115420085378,0.8348117080167867
24,8.399365469813347e-08,1.2669435419957153,1.26694362598937
24,1.66997779160738e-07,0.4936135000025388,0.49361366700031795
24,3.329769242554903e-07,0.6382900419994257,0.63829037497635
24,2.0800507627427578e-07,0.4346787500253413,0.43467895803041756
24,1.66997779160738e-07,0.3733089590095915,0.37330912600737065
24,2.910092007368803e-07,0.4531485000043176,0.45314879101351835
24,1.66997779160738e-07,0.6633471249951981,0.6633472919929773
24,8.300412446260452e-08,1.0855518750031479,1.0855519580072723
24,1.66997779160738e-07,0.5072970420005731,0.5072972089983523
24,1.6600824892520905e-07,0.7991086660185829,0.7991088320268318
24,1.66997779160738e-07,0.8344011669978499,0.8344013339956291
24,3.7497375160455704e-07,0.5994970829924569,0.5994974579662085
24,2.0899460650980473e-07,0.42849391701747663,0.42849412601208314
24,1.2500095181167126e-07,0.40542749999440275,0.40542762499535456
24,1.2500095181167126e-07,0.8810502499982249,0.8810503749991767
24,2.0800507627427578e-07,0.4745645000075456,0.47456470801262185
24,1.2500095181167126e-07,0.47810629100422375,0.47810641600517556
24,1.66997779160738e-07,1.1761072910157964,1.1761074580135755
25,1.6600824892520905e-07,0.48310291598318145,0.48310308199143037
24,1.6600824892520905e-07,0.766993833007291,0.7669939990155399
24,1.2500095181167126e-07,0.6240243330248632,0.624024458025815
25,3.7500285543501377e-07,0.5879372080089524,0.5879375830118079
25,1.2500095181167126e-07,0.5506957919860724,0.5506959169870242
25,2.0899460650980473e-07,0.4706280409882311,0.4706282499828376
24,1.2500095181167126e-07,1.1593717499927152,1.159371874993667
25,1.66997779160738e-07,0.5280575420183595,0.5280577090161387
25,1.2500095181167126e-07,0.48494624998420477,0.4849463749851566
25,8.300412446260452e-08,0.4980968750023749,0.49809695800649934
25,1.66997779160738e-07,0.5567699160019401,0.5567700829997193
25,2.0899460650980473e-07,0.5732814170187339,0.5732816260133404
25,2.500019036233425e-07,0.35002758298651315,0.3500278329884168
25,1.2500095181167126e-07,0.4252404580183793,0.4252405830193311
25,8.300412446260452e-08,0.41717783399508335,0.4171779169992078
24,8.300412446260452e-08,1.1378730419964995,1.137873125000624
25,1.2500095181167126e-07,0.3841352080053184,0.38413533300627023
25,1.6600824892520905e-07,0.4015802910143975,0.40158045702264644
25,2.0800507627427578e-07,0.5692275000037625,0.5692277080088388
25,1.66997779160738e-07,0.35270849999506027,0.3527086669928394
25,2.0899460650980473e-07,0.4562196669867262,0.45621987598133273
25,2.0800507627427578e-07,1.0715352919942234,1.0715354999992996
25,2.0800507627427578e-07,0.4270984169852454,0.4270986249903217
25,1.66997779160738e-07,0.5496385419974104,0.5496387089951895
25,1.2500095181167126e-07,0.4656511669745669,0.4656512919755187
25,1.2500095181167126e-07,0.7807935829914641,0.7807937079924159
25,8.300412446260452e-08,1.1482515840034466,1.148251667007571
25,8.40227585285902e-08,0.597489083011169,0.5974891670339275
25,1.2500095181167126e-07,0.8090231249807402,0.8090232499816921
25,1.2500095181167126e-07,0.5009917090064846,0.5009918340074364
25,2.500019036233425e-07,0.4316831670003012,0.4316834170022048
25,2.0902371034026146e-07,0.3606118749885354,0.36061208401224576
25,2.500019036233425e-07,0.6616020420042332,0.6616022920061368
25,2.9098009690642357e-07,0.6880750420095865,0.6880753329896834
25,1.2500095181167126e-07,0.8218025839887559,0.8218027089897078
25,4.1996827349066734e-08,0.7846247919951566,0.7846248339919839
25,1.66997779160738e-07,0.488495833997149,0.4884960009949282
25,2.500019036233425e-07,0.8776421249785926,0.8776423749804962
25,4.1996827349066734e-08,0.45250612500240095,0.4525061669992283
25,2.500019036233425e-07,0.39437341698794626,0.3943736669898499
25,1.2500095181167126e-07,0.5347571249876637,0.5347572499886155
25,1.6702688299119473e-07,1.2458792090183124,1.2458793760451954
25,1.66997779160738e-07,0.46990329198888503,0.4699034589866642
25,2.9098009690642357e-07,0.5329460830253083,0.5329463740054052
25,1.2500095181167126e-07,0.47117341597913764,0.47117354098008946
25,8.399365469813347e-08,0.4904784579994157,0.4904785419930704
25,1.6600824892520905e-07,0.5224999170168303,0.5225000830250792
25,1.2500095181167126e-07,0.6442615420091897,0.6442616670101415
25,2.500019036233425e-07,0.4659787920245435,0.46597904202644713
25,2.0800507627427578e-07,1.197991708992049,1.1979919169971254
25,1.66997779160738e-07,0.6503037910151761,0.6503039580129553
25,1.2500095181167126e-07,0.5525483750097919,0.5525485000107437
25,1.2500095181167126e-07,0.6489594159938861,0.6489595409948379
25,2.9199873097240925e-07,0.9696075839747209,0.9696078759734519
25,1.2500095181167126e-07,0.538582499983022,0.5385826249839738
25,2.0800507627427578e-07,0.5285067090007942,0.5285069170058705
25,1.6600824892520905e-07,0.7582337909843773,0.7582339569926262
25,3.340246621519327e-07,0.4943508330034092,0.49435116702807136
25,4.1996827349066734e-08,0.7108167909900658,0.7108168329868931
25,1.6600824892520905e-07,0.8158904580050148,0.8158906240132637
25,2.500019036233425e-07,0.8666076670051552,0.8666079170070589
25,1.6600824892520905e-07,0.5496596659941133,0.5496598320023622
25,2.0797597244381905e-07,0.911993458023062,0.9119936659990344
25,4.1996827349066734e-08,1.319608292018529,1.3196083340153564
25,1.2500095181167126e-07,0.8007220840081573,0.8007222090091091
25,3.33995558321476e-07,0.5378372919803951,0.5378376259759534
25,1.66997779160738e-07,0.9918964999960735,0.9918966669938527
25,1.66997779160738e-07,0.548373375000665,0.5483735419984441
25,1.66997779160738e-07,0.924562333006179,0.9245625000039581
25,1.2500095181167126e-07,0.6437144590017851,0.643714584002737
25,1.2497184798121452e-07,0.7953083750035148,0.7953084999753628
25,1.66997779160738e-07,0.4449238750094082,0.4449240420071874
25,2.910092007368803e-07,0.5250268339877948,0.5250271249969956
25,1.2500095181167126e-07,0.5408922920178156,0.5408924170187674
25,1.66997779160738e-07,0.6057692920148838,0.605769459012663
25,2.500019036233425e-07,1.1354479999863543,1.1354482499882579
25,1.2500095181167126e-07,0.6279977920057718,0.6279979170067236
25,2.0800507627427578e-07,0.503768416994717,0.5037686249997932
25,2.0800507627427578e-07,0.6971524590044282,0.6971526670095045
25,2.0800507627427578e-07,0.8666109999758191,0.8666112079808954
25,1.66997779160738e-07,0.6798747080028988,0.679874875000678
25,8.399365469813347e-08,0.5799012920178939,0.5799013760115486
25,1.2500095181167126e-07,0.4167077500023879,0.4167078750033397
25,1.2500095181167126e-07,0.3551765830197837,0.35517670802073553
25,2.0800507627427578e-07,1.3292515840148553,1.3292517920199316
25,1.66997779160738e-07,0.5373912079958245,0.5373913749936037
25,1.66997779160738e-07,0.43833112498396076,0.4383312919817399
25,1.66997779160738e-07,0.6362245840136893,0.6362247510114685
25,2.0800507627427578e-07,0.4490982909919694,0.4490984989970457
25,2.500019036233425e-07,1.1112422500154935,1.111242500017397
25,1.6702688299119473e-07,0.5114298340049572,0.5114300010318402
25,8.300412446260452e-08,0.2789625420118682,0.27896262501599267
25,2.0800507627427578e-07,0.8096472079923842,0.8096474159974605
25,8.297502063214779e-08,0.9219535000156611,0.9219535829906818
25,1.2500095181167126e-07,0.48143195899319835,0.48143208399415016
25,2.0899460650980473e-07,0.530061041994486,0.5300612509890925
25,2.500019036233425e-07,0.3882512919954024,0.38825154199730605
25,1.66997779160738e-07,0.9143459159822669,0.914346082980046
25,4.169996827840805e-07,0.44848441699286923,0.448484833992552
25,1.66997779160738e-07,1.250159082992468,1.2501592499902472
26,2.500019036233425e-07,0.5206339170108549,0.5206341670127586
25,1.2500095181167126e-07,0.8203950830211397,0.8203952080220915
25,2.0902371034026146e-07,0.5703624580055475,0.5703626670292579
26,1.66997779160738e-07,0.5527577080065385,0.5527578750043176
26,1.2500095181167126e-07,0.5165440000128001,0.5165441250137519
26,1.2500095181167126e-07,0.41968225000891834,0.41968237500987016
26,1.6600824892520905e-07,0.4182422919839155,0.4182424579921644
26,1.66997779160738e-07,0.5462445830053184,0.5462447500030976
25,2.0800507627427578e-07,1.1791433329926804,1.1791435409977566
26,8.300412446260452e-08,0.5069930839817971,0.5069931669859216
26,2.0902371034026146e-07,0.5488257080141921,0.5488259170379024
26,1.2500095181167126e-07,0.6299032079987228,0.6299033329996746
26,4.1996827349066734e-08,0.5279472499969415,0.5279472919937689
26,1.66997779160738e-07,0.5058682090020739,0.505868375999853
25,1.2500095181167126e-07,1.118724125000881,1.1187242500018328
26,1.659791450947523e-07,0.5501800420170184,0.5501802079961635
26,2.0800507627427578e-07,0.5201720829936676,0.5201722909987438
26,2.0800507627427578e-07,0.6524392919964157,0.652439500001492
26,2.0899460650980473e-07,0.4231065420026425,0.42310675099724904
26,4.1996827349066734e-08,0.40273929201066494,0.4027393340074923
26,1.659791450947523e-07,0.4469671249971725,0.4469672909763176
26,1.2500095181167126e-07,1.130413499980932,1.130413624981884
26,1.2500095181167126e-07,0.7573692090227269,0.7573693340236787
26,2.500019036233425e-07,0.3980993749864865,0.39809962498839013
26,2.500019036233425e-07,0.4252150419924874,0.425215291994391
26,2.9199873097240925e-07,0.6588141249958426,0.6588144169945735
26,8.300412446260452e-08,1.1588766250060871,1.1588767080102116
26,2.0797597244381905e-07,0.5881811669969466,0.588181374972919
26,4.1996827349066734e-08,0.8535623339994345,0.8535623759962618
26,2.0797597244381905e-07,0.4941312090086285,0.49413141698460095
26,1.66997779160738e-07,0.548368957999628,0.5483691249974072
26,3.3300602808594704e-07,0.6708117919915821,0.6708121249976102
26,3.3300602808594704e-07,0.41063337499508634,0.41063370800111443
26,1.6702688299119473e-07,0.4926371659967117,0.4926373330235947
26,1.66997779160738e-07,0.8692807919869665,0.8692809589847457
26,2.9199873097240925e-07,0.7302698749990668,0.7302701669977978
26,8.297502063214779e-08,0.8163599999970756,0.8163600829720963
26,1.2500095181167126e-07,0.5715633340005297,0.5715634590014815
26,2.0899460650980473e-07,0.4776686250115745,0.477668834006181
26,1.659791450947523e-07,0.578249499987578,0.5782496659667231
26,1.2500095181167126e-07,0.4258436670061201,0.4258437920070719
26,1.2500095181167126e-07,1.23137824999867,1.2313783749996219
26,2.9199873097240925e-07,0.36933187500108033,0.3693321669998113
26,2.500019036233425e-07,0.5490579589968547,0.5490582089987583
26,2.0800507627427578e-07,0.44464562498615123,0.4446458329912275
26,2.500019036233425e-07,0.3959978750208393,0.3959981250227429
26,1.66997779160738e-07,0.5031414999975823,0.5031416669953614
26,2.910092007368803e-07,0.5369088330189697,0.5369091240281705
26,1.66997779160738e-07,0.5475457909924444,0.5475459579902235
26,1.2500095181167126e-07,0.5486425419803709,0.5486426669813227
26,8.300412446260452e-08,1.2082060840039048,1.2082061670080293
26,1.2500095181167126e-07,0.8218708329950459,0.8218709579959977
26,8.300412446260452e-08,0.49228162501822226,0.4922817080223467
26,2.500019036233425e-07,0.4557392080023419,0.45573945800424553
26,2.500019036233425e-07,0.3871581249986775,0.38715837500058115
26,1.2500095181167126e-07,0.6681461659900378,0.6681462909909897
26,3.33995558321476e-07,0.5315647919778712,0.5315651259734295
26,1.6600824892520905e-07,0.3737130000081379,0.3737131660163868
26,2.910092007368803e-07,0.724770750006428,0.7247710410156287
26,2.500019036233425e-07,0.5532329160196241,0.5532331660215277
26,2.500019036233425e-07,0.6202938749920577,0.6202941249939613
26,1.66997779160738e-07,0.42365591699490324,0.4236560839926824
26,1.2500095181167126e-07,0.8161512920050882,0.81615141700604
26,1.66997779160738e-07,0.8215321250027046,0.8215322920004837
26,1.2500095181167126e-07,1.1649629580206238,1.1649630830215756
26,1.66997779160738e-07,0.49819195800228044,0.4981921250000596
26,2.500019036233425e-07,0.8147478330065496,0.8147480830084532
26,2.500019036233425e-07,0.4775634999969043,0.4775637499988079
26,1.6702688299119473e-07,0.7619718329806346,0.7619720000075176
26,1.66997779160738e-07,0.5784897920093499,0.5784899590071291
26,1.2500095181167126e-07,0.7173043750226498,0.7173045000236016
26,1.2500095181167126e-07,0.4477877090102993,0.4477878340112511
26,2.500019036233425e-07,0.5278374589979649,0.5278377089998685
26,4.169996827840805e-07,0.44742129198857583,0.4474217089882586
26,2.500019036233425e-07,0.7342086250137072,0.7342088750156108
26,1.6600824892520905e-07,0.3813439169898629,0.38134408299811184
26,3.7500285543501377e-07,1.110354542004643,1.1103549170074984
26,8.399365469813347e-08,0.5808902500139084,0.5808903340075631
26,7.500057108700275e-07,0.636962249991484,0.6369629999971949
26,4.1996827349066734e-08,0.3805430000065826,0.38054304200340994
26,1.2500095181167126e-07,0.680433458997868,0.6804335839988198
26,2.0899460650980473e-07,0.7058917079993989,0.7058919169940054
26,1.2500095181167126e-07,1.164079165988369,1.1640792909893207
26,1.2500095181167126e-07,0.39947420899989083,0.39947433400084265
26,2.500019036233425e-07,0.5541180830041412,0.5541183330060448
26,4.1996827349066734e-08,0.4434925840178039,0.44349262601463124
26,8.300412446260452e-08,0.5511218750034459,0.5511219580075704
26,2.0800507627427578e-07,0.41437741700792685,0.4143776250130031
26,2.0797597244381905e-07,0.3967869580083061,0.39678716598427854
26,2.0899460650980473e-07,0.3830639999941923,0.3830642089887988
26,1.6600824892520905e-07,1.119162791990675,1.119162957998924
26,2.0800507627427578e-07,0.7389292090083472,0.7389294170134235
26,8.300412446260452e-08,0.2551614590047393,0.25516154200886376
26,1.66997779160738e-07,0.800005166005576,0.8000053330033552
26,1.66997779160738e-07,0.5490262499952223,0.5490264169930015
26,2.0800507627427578e-07,0.7652667080110405,0.7652669160161167
26,1.2500095181167126e-07,0.4015259169973433,0.4015260419982951
26,8.300412446260452e-08,0.43241049998323433,0.4324105829873588
26,2.9199873097240925e-07,0.5223662500211503,0.5223665420198813
26,1.2500095181167126e-07,1.1957439580000937,1.1957440830010455
26,2.500019036233425e-07,0.5262235830014106,0.5262238330033142
27,2.0899460650980473e-07,0.5726872910163365,0.572687500010943
26,2.0800507627427578e-07,0.904361875000177,0.9043620830052532
27,1.2500095181167126e-07,0.6939645829843357,0.6939647079852875
27,1.6702688299119473e-07,0.6332783749967348,0.6332785420236178
27,1.2500095181167126e-07,0.7175700840016361,0.7175702090025879
26,1.6600824892520905e-07,1.220833583996864,1.220833750005113
27,1.2500095181167126e-07,0.6078091250092257,0.6078092500101775
27,2.500019036233425e-07,0.6230424160021357,0.6230426660040393
27,2.0899460650980473e-07,0.6154076249804348,0.6154078339750413
27,1.6600824892520905e-07,0.659864709014073,0.6598648750223219
27,2.0800507627427578e-07,0.7547902079822961,0.7547904159873724
27,2.0902371034026146e-07,0.4485922500025481,0.44859245902625844
27,2.0800507627427578e-07,0.4101119999832008,0.4101122079882771
26,1.659791450947523e-07,1.260512375010876,1.260512540990021
27,1.2500095181167126e-07,0.4668618330033496,0.4668619580043014
27,2.0899460650980473e-07,0.4239475419744849,0.42394775096909143
27,4.1996827349066734e-08,0.5628415840037633,0.5628416260005906
27,1.66997779160738e-07,0.6005647090205457,0.6005648760183249
27,1.66997779160738e-07,0.4673131660092622,0.46731333300704136
27,1.2500095181167126e-07,0.32788145801168866,0.3278815830126405
27,2.0800507627427578e-07,0.426703750010347,0.42670395801542327
27,2.500019036233425e-07,0.3968102909857407,0.39681054098764434
27,2.500019036233425e-07,1.384447332995478,1.3844475829973817
27,8.297502063214779e-08,0.8461432920012157,0.8461433749762364
27,1.2500095181167126e-07,0.6139438340032939,0.6139439590042457
27,1.2500095181167126e-07,1.2560537079989444,1.2560538329998963
27,4.1996827349066734e-08,0.5528149169986136,0.552814958995441
27,8.300412446260452e-08,0.7948070419952273,0.7948071249993518
27,1.6702688299119473e-07,0.6021407090011053,0.6021408760279883
27,2.9199873097240925e-07,0.4280296250071842,0.4280299170059152
27,1.66997779160738e-07,0.7804538749915082,0.7804540419892874
27,8.399365469813347e-08,0.6875795829982962,0.6875796669919509
27,1.6702688299119473e-07,0.4462267500057351,0.4462269170326181
27,4.1996827349066734e-08,0.4743685830035247,0.47436862500035204
27,2.0797597244381905e-07,0.4515573749959003,0.45155758297187276
27,1.2500095181167126e-07,0.7690695830096956,0.7690697080106474
27,1.66997779160738e-07,0.815115582983708,0.8151157499814872
27,8.300412446260452e-08,0.42393116699531674,0.4239312499994412
27,1.6600824892520905e-07,0.40529274998698384,0.40529291599523276
27,2.0899460650980473e-07,0.6081097919959575,0.608110000990564
27,4.1996827349066734e-08,1.1666745420079678,1.1666745840047952
27,2.500019036233425e-07,0.4102852920186706,0.4102855420205742
27,2.0800507627427578e-07,0.3870235420181416,0.38702375002321787
27,2.500019036233425e-07,0.45266691700089723,0.45266716700280085
27,4.100729711353779e-08,0.47762037499342114,0.47762041600071825
27,8.40227585285902e-08,0.43873454100685194,0.43873462502961047
27,1.66997779160738e-07,0.580577374988934,0.5805775419867132
27,1.6600824892520905e-07,0.5521568330004811,0.55215699900873
27,2.0899460650980473e-07,0.36339791599311866,0.36339812498772517
27,1.66997779160738e-07,0.599624041991774,0.5996242089895532
27,2.9098009690642357e-07,0.7567453329975251,0.756745623977622
27,2.910092007368803e-07,1.175100083986763,1.1751003749959636
27,2.500019036233425e-07,0.3262666249938775,0.3262668749957811
27,8.300412446260452e-08,0.4866222499986179,0.4866223330027424
27,1.2500095181167126e-07,0.5757162499940023,0.5757163749949541
27,8.300412446260452e-08,0.4073092080070637,0.4073092910111882
27,1.2500095181167126e-07,0.5579324160062242,0.557932541007176
27,2.500019036233425e-07,0.38055537501350045,0.3805556250154041
27,1.2500095181167126e-07,0.5645142499997746,0.5645143750007264
27,2.9199873097240925e-07,0.4188500000163913,0.41885029201512225
27,1.659791450947523e-07,0.5475825839967001,0.5475827499758452
27,1.2500095181167126e-07,0.4684205000230577,0.4684206250240095
27,1.66997779160738e-07,0.7470074169978034,0.7470075839955825
27,4.169996827840805e-07,1.1443280419916846,1.1443284589913674
27,2.0797597244381905e-07,0.8079458330175839,0.8079460409935564
27,2.500019036233425e-07,0.8506224170268979,0.8506226670288015
27,1.6600824892520905e-07,0.5230424579931423,0.5230426240013912
27,2.0902371034026146e-07,0.5816243330191355,0.5816245420428459
27,1.659791450947523e-07,0.919076916994527,0.9190770829736721
27,1.2500095181167126e-07,0.7555354590003844,0.7555355840013362
27,2.0800507627427578e-07,0.49228958299499936,0.49228979100007564
27,1.2500095181167126e-07,0.5257185419904999,0.5257186669914518
27,1.66997779160738e-07,0.5862280000001192,0.5862281669978984
27,8.399365469813347e-08,0.42478758402285166,0.42478766801650636
27,2.500019036233425e-07,0.5767964579863474,0.576796707988251
27,8.297502063214779e-08,0.8100749999866821,0.8100750829617027
27,8.300412446260452e-08,0.5319341249996796,0.5319342080038041
27,2.500019036233425e-07,1.2145494169963058,1.2145496669982094
27,2.0800507627427578e-07,0.38828045802074485,0.3882806660258211
27,1.2500095181167126e-07,0.37413933299831115,0.37413945799926296
27,3.3300602808594704e-07,0.8266480419842992,0.8266483749903273
27,8.300412446260452e-08,1.1731958749878686,1.173195957991993
27,2.500019036233425e-07,0.41644812500453554,0.41644837500643916
27,1.2500095181167126e-07,0.592813750001369,0.5928138750023209
27,1.6600824892520905e-07,0.418735958985053,0.41873612499330193
27,1.2500095181167126e-07,0.4089240840112325,0.4089242090121843
27,1.6600824892520905e-07,0.5603809169842862,0.5603810829925351
27,0.00012133302516303957,0.41078716702759266,0.4109085000527557
27,2.0800507627427578e-07,0.45607604199904017,0.45607625000411645
27,1.6702688299119473e-07,0.750123582984088,0.750123750010971
27,2.0800507627427578e-07,1.1625461249786895,1.1625463329837658
27,1.2500095181167126e-07,0.8320135830144864,0.8320137080154382
27,1.2500095181167126e-07,0.3330494170077145,0.3330495420086663
27,1.66997779160738e-07,0.7486528330191504,0.7486530000169296
27,2.500019036233425e-07,0.3957821670046542,0.3957824170065578
27,1.2500095181167126e-07,0.629822291986784,0.6298224169877358
27,1.2500095181167126e-07,0.5034777079999913,0.5034778330009431
27,3.3300602808594704e-07,0.5693422920012381,0.5693426250072662
27,2.500019036233425e-07,1.3117068330175243,1.311707083019428
27,2.0899460650980473e-07,0.6240315419854596,0.6240317509800661
27,2.0800507627427578e-07,0.9244449999823701,0.9244452079874463
28,2.0800507627427578e-07,0.6877899160026573,0.6877901240077335
28,1.2500095181167126e-07,0.6001998750143684,0.6002000000153203
28,2.499727997928858e-07,0.6701394159754273,0.670139665948227
27,8.300412446260452e-08,1.195495749998372,1.1954958330024965
28,1.6600824892520905e-07,0.6695086249965243,0.6695087910047732
28,1.2500095181167126e-07,0.5634557500015944,0.5634558750025462
28,1.6600824892520905e-07,0.43022370801190846,0.4302238740201574
28,2.6669877115637064e-06,0.6008211250009481,0.6008237919886597
28,1.2500095181167126e-07,0.7135892079968471,0.7135893329977989
28,1.2500095181167126e-07,0.6586409590090625,0.6586410840100143
28,1.659791450947523e-07,0.40853250000509433,0.40853266598423943
27,8.300412446260452e-08,1.2131227499921806,1.213122832996305
28,8.300412446260452e-08,0.45258949999697506,0.4525895830010995
28,3.329769242554903e-07,0.4528860410209745,0.4528863739978988
28,1.659791450947523e-07,0.4149434580176603,0.4149436239968054
28,1.66997779160738e-07,0.42507833399577066,0.4250785009935498
28,2.500019036233425e-07,0.5249268339830451,0.5249270839849487
28,1.66997779160738e-07,1.1690340829954948,1.169034249993274
28,2.0800507627427578e-07,0.5316661669930909,0.5316663749981672
28,1.2500095181167126e-07,0.4327064999961294,0.43270662499708124
28,2.0902371034026146e-07,0.5613648750004359,0.5613650840241462
28,2.0902371034026146e-07,0.7221650420106016,0.722165251034312
28,1.6600824892520905e-07,0.4950546670006588,0.49505483300890774
28,2.0800507627427578e-07,0.4614437080163043,0.4614439160213806
28,1.66997779160738e-07,1.1626222080085427,1.1626223750063218
28,1.66997779160738e-07,0.5961678339808714,0.5961680009786505
28,2.500019036233425e-07,0.8121341669757385,0.8121344169776421
28,1.66997779160738e-07,0.4450878330098931,0.44508800000767224
28,1.66997779160738e-07,0.39245816599577665,0.3924583329935558
28,1.2500095181167126e-07,0.643693499994697,0.6436936249956489
28,1.66997779160738e-07,0.37648116701166146,0.3764813340094406
28,2.910092007368803e-07,0.38991995799005963,0.38992024899926037
28,1.2500095181167126e-07,0.8029167909990065,0.8029169159999583
28,2.0800507627427578e-07,0.8613785000052303,0.8613787080103066
28,2.0800507627427578e-07,0.8479117090173531,0.8479119170224294
28,2.499727997928858e-07,0.6699429580185097,0.6699432079913095
28,1.6600824892520905e-07,0.4061400000064168,0.40614016601466574
28,8.300412446260452e-08,0.3773667920031585,0.37736687500728294
28,1.66997779160738e-07,1.1441950830048881,1.1441952500026673
28,2.0899460650980473e-07,0.6249468750029337,0.6249470839975402
28,1.659791450947523e-07,0.4336651659978088,0.4336653319769539
28,1.66997779160738e-07,0.3399380829941947,0.33993824999197386
28,1.6600824892520905e-07,0.516825708997203,0.516825875005452
28,8.399365469813347e-08,0.4494242079963442,0.4494242919899989
28,1.2500095181167126e-07,0.3533752500079572,0.35337537500890903
28,1.2500095181167126e-07,0.45052845901227556,0.4505285840132274
28,1.2497184798121452e-07,0.5389010420185514,0.5389011669903994
28,1.2500095181167126e-07,1.142453917011153,1.1424540420121048
28,1.2500095181167126e-07,0.5599452919850592,0.559945416986011
28,1.66997779160738e-07,0.43093400000361726,0.4309341670013964
28,3.33995558321476e-07,0.7733349580084905,0.7733352920040488
28,2.0800507627427578e-07,0.5161849579890259,0.5161851659941021
28,1.66997779160738e-07,0.3894899580045603,0.3894901250023395
28,1.2500095181167126e-07,0.40979624999454245,0.40979637499549426
28,2.0800507627427578e-07,0.5595932920114137,0.55959350001649
28,2.0902371034026146e-07,0.5162800830148626,0.516280292038573
28,1.2500095181167126e-07,0.49145770800532773,0.49145783300627954
28,1.6600824892520905e-07,0.4307459999981802,0.4307461660064291
28,1.6600824892520905e-07,0.40150800000992604,0.40150816601817496
28,1.66997779160738e-07,0.7366177920193877,0.7366179590171669
28,1.659791450947523e-07,0.5841143750003539,0.584114540979499
28,8.40227585285902e-08,0.7719691659731325,0.771969249995891
28,1.659791450947523e-07,1.1330055000144057,1.1330056659935508
28,1.66997779160738e-07,0.8655252500029746,0.8655254170007538
28,2.0899460650980473e-07,0.630735167011153,0.6307353760057595
28,1.2500095181167126e-07,0.5830680829822086,0.5830682079831604
28,2.0800507627427578e-07,0.7964699589938391,0.7964701669989154
28,1.2500095181167126e-07,0.6284451249812264,0.6284452499821782
28,1.66997779160738e-07,0.7908578749920707,0.7908580419898499
28,8.297502063214779e-08,0.5240426250093151,0.5240427079843357
28,1.66997779160738e-07,0.6190232919761911,0.6190234589739703
28,2.910092007368803e-07,0.78442220800207,0.7844224990112707
28,1.2500095181167126e-07,0.6239307910145726,0.6239309160155244
28,2.0800507627427578e-07,1.2343514159729239,1.2343516239780001
28,8.300412446260452e-08,0.645112500002142,0.6451125830062665
28,2.500019036233425e-07,0.6102724999946076,0.6102727499965113
28,2.500019036233425e-07,0.7839716669986956,0.7839719170005992
28,1.66997779160738e-07,1.2516564170073252,1.2516565840051044
28,2.9199873097240925e-07,0.7119729999976698,0.7119732919964008
28,1.2500095181167126e-07,0.9130016670096666,0.9130017920106184
28,2.500019036233425e-07,0.6531217079900671,0.6531219579919707
28,2.0800507627427578e-07,0.3755745420057792,0.3755747500108555
28,1.2500095181167126e-07,0.6025750419939868,0.6025751669949386
28,1.659791450947523e-07,0.8732892920088489,0.873289457987994
28,1.2500095181167126e-07,0.8021750840125605,0.8021752090135124
28,1.2500095181167126e-07,0.6281150830036495,0.6281152080046013
28,2.0899460650980473e-07,1.308975541003747,1.3089757499983534
28,2.500019036233425e-07,0.9283220829966012,0.9283223329985049
28,1.66997779160738e-07,0.5737701250181999,0.5737702920159791
28,2.0800507627427578e-07,0.6444672909856308,0.6444674989907071
28,8.40227585285902e-08,0.6261400420044083,0.6261401260271668
28,1.659791450947523e-07,1.0860525830066763,1.0860527489858214
28,1.66997779160738e-07,0.5035792499838863,0.5035794169816654
28,2.0899460650980473e-07,1.0533285420096945,1.053328751004301
28,1.6600824892520905e-07,1.4360597080085427,1.4360598740167916
28,8.399365469813347e-08,0.6068811249861028,0.6068812089797575
28,1.66997779160738e-07,0.5890880000079051,0.5890881670056842
29,1.2500095181167126e-07,0.5523144580074586,0.5523145830084104
28,8.399365469813347e-08,0.7156810830056202,0.7156811669992749
29,2.500019036233425e-07,0.5945441669900902,0.5945444169919938
28,1.66997779160738e-07,1.2598351250053383,1.2598352920031175
28,1.66997779160738e-07,0.7745388750045095,0.7745390420022886
28,8.399365469813347e-08,1.1785929579928052,1.1785930419864599
29,1.66997779160738e-07,0.6547424159944057,0.6547425829921849
29,2.500019036233425e-07,0.7311850420082919,0.7311852920101956
29,1.6600824892520905e-07,0.5333569169742987,0.5333570829825476
29,2.0899460650980473e-07,0.5191434579901397,0.5191436669847462
29,2.500019036233425e-07,0.5849268339807168,0.5849270839826204
28,4.1996827349066734e-08,1.1134860000165645,1.1134860420133919
29,2.0899460650980473e-07,0.5437016669893637,0.5437018759839702
29,1.2500095181167126e-07,0.6199151670152787,0.6199152920162305
29,1.66997779160738e-07,0.4504520829941612,0.45045224999194033
29,8.300412446260452e-08,0.43917037500068545,0.4391704580048099
29,2.0800507627427578e-07,0.38842358300462365,0.3884237910096999
29,2.0899460650980473e-07,0.408528625004692,0.4085288339992985
29,1.66997779160738e-07,0.40382474998477846,0.4038249169825576
29,1.2500095181167126e-07,0.5234114160120953,0.5234115410130471
29,1.66997779160738e-07,0.47240670802420937,0.4724068750219885
29,8.399365469813347e-08,0.42655829098657705,0.42655837498023175
29,2.0800507627427578e-07,1.2183591249922756,1.2183593329973519
29,8.297502063214779e-08,0.41780474997358397,0.4178048329486046
29,2.500019036233425e-07,0.44836804099031724,0.44836829099222086
29,2.9199873097240925e-07,0.5591522079776041,0.5591524999763351
29,2.0899460650980473e-07,0.8163750829990022,0.8163752919936087
29,1.2500095181167126e-07,0.537478459009435,0.5374785840103868
29,8.300412446260452e-08,1.1019884159904905,1.101988498994615
29,8.300412446260452e-08,0.8014837919909041,0.8014838749950286
29,8.300412446260452e-08,0.4128389999968931,0.41283908300101757
29,1.66997779160738e-07,0.362700625002617,0.3627007920003962
29,2.500019036233425e-07,0.7397399590117857,0.7397402090136893
29,1.6600824892520905e-07,0.3643009169900324,0.36430108299828134
29,2.500019036233425e-07,0.6204462920140941,0.6204465420159977
29,1.2500095181167126e-07,0.7476655410137028,0.7476656660146546
29,2.9199873097240925e-07,0.46857308299513534,0.4685733749938663
29,8.399365469813347e-08,0.8513579579885118,0.8513580419821665
29,1.66997779160738e-07,0.5964142090233508,0.59641437602113
29,2.499727997928858e-07,0.36303179201786406,0.36303204199066386
29,2.0797597244381905e-07,0.5210054999915883,0.5210057079675607
29,1.2500095181167126e-07,1.1175679590087384,1.1175680840096902
29,2.0800507627427578e-07,0.39166287501575425,0.3916630830208305
29,2.0899460650980473e-07,0.3833365840255283,0.3833367930201348
29,1.2500095181167126e-07,0.31886362499790266,0.3188637499988545
29,2.0797597244381905e-07,0.5047906250110827,0.5047908329870552
29,1.6600824892520905e-07,0.42910162499174476,0.4291017909999937
29,2.0797597244381905e-07,0.36400550001417287,0.3640057079901453
29,1.6600824892520905e-07,0.4297503329871688,0.42975049899541773
29,1.66997779160738e-07,0.5536891670199111,0.5536893340176903
29,2.0899460650980473e-07,0.39076949999434873,0.39076970898895524
29,1.6600824892520905e-07,0.7344619999930728,0.7344621660013217
29,1.2500095181167126e-07,1.1303938339988235,1.1303939589997754
29,2.0899460650980473e-07,0.3747483750048559,0.3747485839994624
29,1.66997779160738e-07,0.6300781670142896,0.6300783340120688
29,1.66997779160738e-07,0.5930337919853628,0.5930339589831419
29,8.300412446260452e-08,0.405105417012237,0.4051055000163615
29,1.66997779160738e-07,0.5665843330207281,0.5665845000185072
29,1.6702688299119473e-07,0.5528185829753056,0.5528187500021886
29,1.6600824892520905e-07,0.3470802500087302,0.34708041601697914
29,1.6600824892520905e-07,0.5541163749876432,0.5541165409958921
29,2.0902371034026146e-07,0.45102616702206433,0.45102637604577467
29,1.66997779160738e-07,0.39353425000444986,0.393534417002229
29,1.66997779160738e-07,0.5897157909930684,0.5897159579908475
29,2.0902371034026146e-07,0.8042814579966944,0.8042816670204047
29,2.500019036233425e-07,0.8229395419766661,0.8229397919785697
29,1.66997779160738e-07,1.1835243340174202,1.1835245010151993
29,1.66997779160738e-07,0.7720581249741372,0.7720582919719163
29,4.169996827840805e-07,0.5507697919965722,0.550770208996255
29,2.0800507627427578e-07,0.8325813749979716,0.8325815830030479
29,8.300412446260452e-08,0.6124530840024818,0.6124531670066062
29,1.2500095181167126e-07,0.44775462499819696,0.44775474999914877
29,1.2500095181167126e-07,0.801834041980328,0.8018341669812799
29,1.2500095181167126e-07,0.7838722500018775,0.7838723750028294
29,8.297502063214779e-08,0.5316800000146031,0.5316800829896238
29,2.500019036233425e-07,0.49286954099079594,0.49286979099269956
29,2.0899460650980473e-07,0.6776474170037545,0.677647625998361
29,2.0899460650980473e-07,1.1968825419899076,1.1968827509845141
29,8.399365469813347e-08,0.6616561249829829,0.6616562089766376
29,3.3300602808594704e-07,0.4913925410073716,0.4913928740133997
29,1.6600824892520905e-07,0.7015133750101086,0.7015135410183575
29,4.100729711353779e-08,0.5456518749997485,0.5456519160070457
29,1.2500095181167126e-07,1.2030951660126448,1.2030952910135966
29,1.66997779160738e-07,0.8669552080100402,0.8669553750078194
29,4.1996827349066734e-08,0.39601229201070964,0.396012334007537
29,1.66997779160738e-07,0.615867583983345,0.6158677509811241
29,8.399365469813347e-08,0.41207849999773316,0.41207858399138786
29,2.0797597244381905e-07,0.42248883401043713,0.4224890419864096
29,1.6600824892520905e-07,0.6557504590018652,0.6557506250101142
29,1.2500095181167126e-07,0.7157587920082733,0.7157589170092251
29,1.659791450947523e-07,0.49713929201243445,0.49713945799157955
29,2.0800507627427578e-07,1.1443425419856794,1.1443427499907557
29,2.499727997928858e-07,0.9042044170200825,0.9042046669928823
29,1.66997779160738e-07,0.5664392910257448,0.5664394580235239
29,1.2500095181167126e-07,0.5507524159911554,0.5507525409921072
29,2.500019036233425e-07,0.935421292000683,0.9354215420025866
29,1.6600824892520905e-07,0.749185791995842,0.7491859580040909
29,3.33995558321476e-07,1.2931238749879412,1.2931242089834996
29,1.66997779160738e-07,0.628960250003729,0.6289604170015082
29,2.500019036233425e-07,0.5197615000070073,0.5197617500089109
29,1.2500095181167126e-07,0.5958314159943257,0.5958315409952775
30,1.6600824892520905e-07,0.637266792007722,0.6372669580159709
29,1.2500095181167126e-07,0.6811700419930276,0.6811701669939794
29,2.9199873097240925e-07,0.9515478749817703,0.9515481669805013
30,1.2500095181167126e-07,0.49190516598173417,0.491905290982686
30,2.0800507627427578e-07,0.5614516249916051,0.5614518329966813
30,1.659791450947523e-07,0.4394815830164589,0.439481748995604
30,1.66997779160738e-07,0.4027007079857867,0.4027008749835659
30,2.500019036233425e-07,0.41715100000146776,0.4171512500033714
29,2.9098009690642357e-07,1.255173833022127,1.2551741240022238
30,1.66997779160738e-07,0.46569312500650994,0.4656932920042891
30,1.66997779160738e-07,0.5746290830138605,0.5746292500116397
30,1.2500095181167126e-07,0.36157091599307023,0.36157104099402204
30,1.6600824892520905e-07,0.5831479589978699,0.5831481250061188
30,2.9098009690642357e-07,0.3744475420098752,0.3744478329899721
30,1.2500095181167126e-07,0.37080375000368804,0.37080387500463985
30,2.0797597244381905e-07,0.45388500002445653,0.453885208000429
29,8.300412446260452e-08,1.2495242090080865,1.249524292012211
30,1.66997779160738e-07,0.5106831669982057,0.5106833339959849
30,2.0899460650980473e-07,0.49725720900460146,0.497257417999208
30,1.2500095181167126e-07,0.4409697499941103,0.4409698749950621
30,2.9199873097240925e-07,0.39955820800969377,0.39955850000842474
30,8.300412446260452e-08,0.3778502089844551,0.37785029198857956
30,4.1601015254855156e-07,0.343857375002699,0.3438577910128515
30,1.2500095181167126e-07,1.1225268749985844,1.1225269999995362
30,1.2500095181167126e-07,0.5594798339880072,0.559479958988959
30,1.66997779160738e-07,0.8085004590102471,0.8085006260080263
30,2.9199873097240925e-07,0.5907441670133267,0.5907444590120576
30,2.0899460650980473e-07,1.1063157499884255,1.106315958983032
30,1.2500095181167126e-07,0.7895815829979256,0.7895817079988774
30,8.300412446260452e-08,0.3603869999933522,0.3603870829974767
30,1.6600824892520905e-07,0.4358844159869477,0.43588458199519664
30,1.2500095181167126e-07,0.5415604999870993,0.5415606249880511
30,2.910092007368803e-07,0.30288025000481866,0.3028805410140194
30,1.66997779160738e-07,0.5197456669993699,0.519745833997149
30,2.0800507627427578e-07,0.7435530000075232,0.7435532080125995
30,2.0797597244381905e-07,0.7735789580037817,0.7735791659797542
30,1.66997779160738e-07,0.7100169580080546,0.7100171250058338
30,1.66997779160738e-07,0.5119960420124698,0.511996209010249
30,1.66997779160738e-07,0.3991694999858737,0.39916966698365286
30,1.6600824892520905e-07,1.0765658750024159,1.0765660410106648
30,1.659791450947523e-07,0.4367318750009872,0.4367320409801323
30,2.500019036233425e-07,0.5453739579825196,0.5453742079844233
30,2.0800507627427578e-07,0.4156690000090748,0.4156692080141511
30,2.500019036233425e-07,0.5299430000013672,0.5299432500032708
30,2.0899460650980473e-07,0.46954812499461696,0.46954833398922347
30,1.2500095181167126e-07,0.48807679102174006,0.4880769160226919
30,1.66997779160738e-07,0.4459494590118993,0.44594962600967847
30,1.2500095181167126e-07,0.39640741699258797,0.3964075419935398
30,2.0902371034026146e-07,0.578295999992406,0.5782962090161163
30,1.6600824892520905e-07,1.0838594579836354,1.0838596239918843
30,1.2500095181167126e-07,0.565652792021865,0.5656529170228168
30,1.6702688299119473e-07,0.7849287920107599,0.7849289590376429
30,3.7500285543501377e-07,0.5223291250003967,0.5223295000032522
30,1.6600824892520905e-07,0.4250653329945635,0.42506549900281243
30,2.0800507627427578e-07,0.41247033298714086,0.41247054099221714
30,2.500019036233425e-07,0.4561517499969341,0.4561519999988377
30,2.500019036233425e-07,0.6055438330222387,0.6055440830241423
30,1.66997779160738e-07,0.35904899999150075,0.3590491669892799
30,1.66997779160738e-07,0.5819552920002025,0.5819554589979816
30,1.659791450947523e-07,0.5332019170164131,0.5332020829955582
30,1.0829826351255178e-06,0.42996241702348925,0.4299635000061244
30,1.2500095181167126e-07,0.4515320830105338,0.45153220801148564
30,1.66997779160738e-07,0.5731432089814916,0.5731433759792708
30,2.500019036233425e-07,0.7939218749816064,0.79392212498351
30,1.6600824892520905e-07,0.8091746249992866,0.8091747910075355
30,1.659791450947523e-07,0.7782429580111057,0.7782431239902508
30,1.66997779160738e-07,1.1620932089863345,1.1620933759841137
30,1.6600824892520905e-07,0.44752220797818154,0.44752237398643047
30,4.100729711353779e-08,0.7717622089840006,0.7717622499912977
30,4.1996827349066734e-08,0.7168953329965007,0.716895374993328
30,1.66997779160738e-07,0.6724277499888558,0.672427916986635
30,2.0899460650980473e-07,0.5408710830088239,0.5408712920034304
30,8.300412446260452e-08,0.5135943330242299,0.5135944160283543
30,2.910092007368803e-07,0.430950167006813,0.4309504580160137
30,2.500019036233425e-07,1.1016292499843985,1.101629499986302
30,8.300412446260452e-08,0.5006322919798549,0.5006323749839794
30,3.329769242554903e-07,0.8453985420055687,0.845398874982493
30,2.0797597244381905e-07,0.4649845830281265,0.46498479100409895
30,3.3300602808594704e-07,0.6966106249892619,0.6966109579952899
30,1.66997779160738e-07,0.668216082995059,0.6682162499928381
30,1.2500095181167126e-07,0.755168000003323,0.7551681250042748
30,2.500019036233425e-07,1.1633316660008859,1.1633319160027895
30,2.9199873097240925e-07,0.49212049998459406,0.49212079198332503
30,1.2500095181167126e-07,0.5763854999968316,0.5763856249977835
30,4.1996827349066734e-08,0.41742237500147894,0.4174224169983063
30,1.2500095181167126e-07,0.4770212500006892,0.477021375001641
30,2.0902371034026146e-07,0.5422970840008929,0.5422972930246033
30,1.6600824892520905e-07,0.4018367500102613,0.40183691601851024
30,1.66997779160738e-07,0.43795187497744337,0.43795204197522253
30,3.3300602808594704e-07,1.1390413339831866,1.1390416669892147
30,2.0797597244381905e-07,0.44841316700330935,0.4484133749792818
30,8.300412446260452e-08,0.8129732910019811,0.8129733740061056
30,2.9199873097240925e-07,0.8084761670033913,0.8084764590021223
30,2.500019036233425e-07,0.5085372499888763,0.5085374999907799
30,2.0800507627427578e-07,0.3945992920198478,0.39459950002492405
30,1.66997779160738e-07,0.7883270829916,0.7883272499893792
30,8.300412446260452e-08,1.0678370000096038,1.0678370830137283
30,1.66997779160738e-07,0.44429145799949765,0.4442916249972768
30,1.66997779160738e-07,0.42636191699421033,0.4263620839919895
30,2.500019036233425e-07,0.482473916024901,0.4824741660268046
30,1.2500095181167126e-07,0.7579984590120148,0.7579985840129666
31,1.2500095181167126e-07,0.45381908302078955,0.45381920802174136
30,1.2497184798121452e-07,0.5752829590055626,0.5752830839774106
31,1.659791450947523e-07,0.5653972090221941,0.5653973750013392
31,1.66997779160738e-07,0.48846575000789016,0.4884659170056693
30,1.66997779160738e-07,1.0670343750098255,1.0670345420076046
31,1.66997779160738e-07,0.6536716669797897,0.6536718339775689
31,1.66997779160738e-07,0.4848657500115223,0.4848659170093015
31,1.66997779160738e-07,0.5177768339926843,0.5177770009904634
31,1.66997779160738e-07,0.5261826669739094,0.5261828339716885
31,1.6600824892520905e-07,0.5642494590138085,0.5642496250220574
31,2.0800507627427578e-07,0.5891579159942921,0.5891581239993684
31,8.40227585285902e-08,0.3886426250101067,0.38864270903286524
30,3.7497375160455704e-07,1.0884396670153365,1.088440041989088
31,1.2497184798121452e-07,0.40414720799890347,0.40414733297075145
31,1.2500095181167126e-07,0.43727733299601823,0.43727745799697004
31,1.66997779160738e-07,0.4795344159938395,0.47953458299161866
31,1.2500095181167126e-07,0.4349774580041412,0.43497758300509304
31,2.0899460650980473e-07,0.44172924998565577,0.4417294589802623
31,1.2500095181167126e-07,0.40196825002203695,0.40196837502298877
31,1.66997779160738e-07,0.36991050001233816,0.3699106670101173
31,2.500019036233425e-07,1.1032110000087414,1.103211250010645
31,2.9199873097240925e-07,0.36549112500506453,0.3654914170037955
31,1.66997779160738e-07,0.44752016599522904,0.4475203329930082
31,1.66997779160738e-07,0.5926811249810271,0.5926812919788063
31,4.1996827349066734e-08,0.7582525839970913,0.7582526259939186
31,1.6702688299119473e-07,0.5354065830179024,0.5354067500447854
31,1.6600824892520905e-07,1.124446458008606,1.124446624016855
31,2.9199873097240925e-07,0.782343500002753,0.782343792001484
31,2.0797597244381905e-07,0.44081383300363086,0.4408140409796033
31,1.2500095181167126e-07,0.40037529199616984,0.40037541699712165
31,1.2500095181167126e-07,0.5579189590062015,0.5579190840071533
31,1.66997779160738e-07,0.6698429579846561,0.6698431249824353
31,8.300412446260452e-08,0.4293353339890018,0.4293354169931263
31,1.66997779160738e-07,0.7764338339911774,0.7764340009889565
31,1.2500095181167126e-07,0.8165692499896977,0.8165693749906495
31,3.7497375160455704e-07,0.7739788330218289,0.7739792079955805
31,2.0800507627427578e-07,0.5259734169812873,0.5259736249863636
31,1.66997779160738e-07,0.5117369159997907,0.5117370829975698
31,8.40227585285902e-08,0.4087839999992866,0.40878408402204514
31,2.0800507627427578e-07,0.3812578330107499,0.38125804101582617
31,2.500019036233425e-07,1.0979542089917231,1.0979544589936268
31,1.6600824892520905e-07,0.4186926659895107,0.41869283199775964
31,1.6600824892520905e-07,0.3379755420028232,0.33797570801107213
31,2.500019036233425e-07,0.5396491669816896,0.5396494169835933
31,2.0797597244381905e-07,0.34970212500775233,0.3497023329837248
31,1.2500095181167126e-07,0.4834984169865493,0.4834985419875011
31,1.2500095181167126e-07,0.5000727500009816,0.5000728750019334
31,2.500019036233425e-07,0.5118842500087339,0.5118845000106376
31,1.6600824892520905e-07,0.6253266249841545,0.6253267909924034
31,1.2500095181167126e-07,0.413762999989558,0.4137631249905098
31,8.300412446260452e-08,0.7087611250171904,0.7087612080213148
31,2.0902371034026146e-07,1.139904875017237,1.1399050840409473
31,1.2500095181167126e-07,0.3289145420130808,0.3289146670140326
31,2.0800507627427578e-07,0.5290327080001589,0.5290329160052352
31,1.2500095181167126e-07,0.5615233330172487,0.5615234580182005
31,8.399365469813347e-08,0.3917349169787485,0.3917350009724032
31,1.66997779160738e-07,0.5146323750086594,0.5146325420064386
31,2.0899460650980473e-07,0.4046763749793172,0.4046765839739237
31,2.0899460650980473e-07,0.6104265419999138,0.6104267509945203
31,1.2500095181167126e-07,0.38229058400611393,0.38229070900706574
31,1.2500095181167126e-07,0.38138008399982937,0.3813802090007812
31,2.0797597244381905e-07,0.5946855000220239,0.5946857079979964
31,1.2500095181167126e-07,1.0774215410056058,1.0774216660065576
31,2.0800507627427578e-07,0.7335987080004998,0.733598916005576
31,1.2500095181167126e-07,0.5181568329862785,0.5181569579872303
31,1.6600824892520905e-07,0.8029752500005998,0.8029754160088487
31,2.500019036233425e-07,0.7742247919959482,0.7742250419978518
31,1.2500095181167126e-07,0.8102039579825941,0.810204082983546
31,1.66997779160738e-07,0.5112579159904271,0.5112580829882063
31,2.0800507627427578e-07,0.7321083749993704,0.7321085830044467
31,2.0902371034026146e-07,0.48465041699819267,0.484650626021903
31,2.0899460650980473e-07,0.3915093340037856,0.39150954299839213
31,2.0800507627427578e-07,0.5930005830014125,0.5930007910064887
31,1.6600824892520905e-07,1.1245937090134248,1.1245938750216737
31,4.1996827349066734e-08,0.5865413330029696,0.586541374999797
31,1.2500095181167126e-07,0.4142705829872284,0.4142707079881802
31,8.399365469813347e-08,0.570147457998246,0.5701475419919007
31,1.2500095181167126e-07,0.7990057920105755,0.7990059170115273
31,1.6600824892520905e-07,0.6133601669862401,0.613360332994489
31,3.3300602808594704e-07,0.415862333989935,0.4158626669959631
31,2.499727997928858e-07,1.200389500008896,1.2003897499816958
31,8.297502063214779e-08,0.8295780420012306,0.8295781249762513
31,2.0800507627427578e-07,0.5996937500021886,0.5996939580072649
31,1.66997779160738e-07,0.431893749977462,0.43189391697524115
31,2.0800507627427578e-07,0.4406970420095604,0.44069725001463667
31,1.2500095181167126e-07,0.5016304999880958,0.5016306249890476
31,2.0902371034026146e-07,0.42537091599660926,0.4253711250203196
31,2.910092007368803e-07,0.6077206670015585,0.6077209580107592
31,1.659791450947523e-07,0.532851165975444,0.5328513319545891
31,1.2500095181167126e-07,0.7949357500183396,0.7949358750192914
31,1.659791450947523e-07,0.8024237079953309,0.802423873974476
31,2.0800507627427578e-07,1.1958459159941413,1.1958461239992175
31,2.499727997928858e-07,0.5538120830024127,0.5538123329752125
31,8.399365469813347e-08,0.6868037079984788,0.6868037919921335
31,2.0800507627427578e-07,1.019875541998772,1.0198757500038482
31,1.2500095181167126e-07,1.3490467079973314,1.3490468329982832
31,1.2500095181167126e-07,0.6114387919951696,0.6114389169961214
31,2.499727997928858e-07,0.6097648750001099,0.6097651249729097
31,2.0902371034026146e-07,0.6254137920041103,0.6254140010278206
32,1.2500095181167126e-07,0.6723880830104463,0.6723882080113981
32,2.500019036233425e-07,0.5570198750065174,0.557020125008421
31,8.399365469813347e-08,0.9894476250046864,0.9894477089983411
31,2.0800507627427578e-07,0.7412287499755621,0.7412289579806384
32,8.399365469813347e-08,0.7535186249879189,0.7535187089815736
32,1.6600824892520905e-07,0.40466837500571273,0.40466854101396166
32,8.300412446260452e-08,0.5164679590088781,0.5164680420130026
32,1.66997779160738e-07,0.4392048339941539,0.43920500099193305
31,1.659791450947523e-07,1.2625826250005048,1.2625827909796499
32,1.6600824892520905e-07,0.5769959159952123,0.5769960820034612
32,2.0797597244381905e-07,0.5272075420070905,0.527207749983063
32,1.6600824892520905e-07,0.5703439580101985,0.5703441240184475
32,1.66997779160738e-07,0.4494391659973189,0.4494393329950981
31,1.66997779160738e-07,1.2893878330069128,1.289388000004692
32,1.66997779160738e-07,0.4643236249976326,0.46432379199541174
32,8.300412446260452e-08,0.41346420798799954,0.413464290992124
32,8.300412446260452e-08,0.38607095897896215,0.3860710419830866
32,1.66997779160738e-07,0.5280804590147454,0.5280806260125246
32,1.6600824892520905e-07,0.6178262920002453,0.6178264580084942
32,2.0902371034026146e-07,0.5297396250243764,0.5297398340480868
32,2.0800507627427578e-07,1.1180044589855243,1.1180046669906005
32,2.0899460650980473e-07,0.42489733299589716,0.42489754199050367
32,8.300412446260452e-08,0.5507985829899553,0.5507986659940798
32,1.66997779160738e-07,0.7557974170194939,0.755797584017273
32,2.9199873097240925e-07,0.42492108399164863,0.4249213759903796
32,4.1996827349066734e-08,0.47969966699020006,0.4796997089870274
32,2.0899460650980473e-07,0.587815375009086,0.5878155840036925
32,1.2500095181167126e-07,1.137420083017787,1.1374202080187388
32,1.2500095181167126e-07,0.7982180420076475,0.7982181670085993
32,1.6600824892520905e-07,0.4382282499864232,0.4382284159946721
32,1.2500095181167126e-07,0.3716334579803515,0.37163358298130333
32,3.329769242554903e-07,0.7635289170139004,0.7635292499908246
32,1.66997779160738e-07,0.4291537080134731,0.42915387501125224
32,1.659791450947523e-07,0.607479708007304,0.6074798739864491
32,1.66997779160738e-07,0.6090126670023892,0.6090128340001684
32,1.66997779160738e-07,0.7814417089975905,0.7814418759953696
32,3.33995558321476e-07,0.4649127500015311,0.4649130839970894
32,3.7500285543501377e-07,0.7877405420003925,0.7877409170032479
32,2.9199873097240925e-07,0.378616542002419,0.37861683400115
32,2.500019036233425e-07,0.4186024160007946,0.41860266600269824
32,1.66997779160738e-07,1.1509357919858303,1.1509359589836095
32,2.9199873097240925e-07,0.5687165830167942,0.5687168750155251
32,1.6600824892520905e-07,0.42835116598871537,0.4283513319969643
32,3.3300602808594704e-07,0.4517816659936216,0.45178199899964966
32,1.2500095181167126e-07,0.5996802920126356,0.5996804170135874
32,1.66997779160738e-07,0.443636416021036,0.44363658301881514
32,1.2500095181167126e-07,0.4605132090218831,0.4605133340228349
32,1.66997779160738e-07,0.48500545902061276,0.4850056260183919
32,1.2500095181167126e-07,0.5597448330081534,0.5597449580091052
32,1.66997779160738e-07,0.4256476660084445,0.42564783300622366
32,1.6600824892520905e-07,1.1717903340177145,1.1717905000259634
32,8.300412446260452e-08,0.5446068749879487,0.5446069579920731
32,2.0797597244381905e-07,0.4909459160116967,0.4909461239876691
32,1.659791450947523e-07,0.37890579202212393,0.378905958001269
32,1.2500095181167126e-07,0.8609329590108246,0.8609330840117764
32,8.297502063214779e-08,0.4358701250166632,0.43587020799168386
32,8.300412446260452e-08,0.617224333982449,0.6172244169865735
32,1.2500095181167126e-07,0.361869000014849,0.3618691250158008
32,1.2500095181167126e-07,0.5706013749877457,0.5706014999886975
32,8.399365469813347e-08,0.6363367080048192,0.6363367919984739
32,8.40227585285902e-08,0.418691958009731,0.41869204203248955
32,1.6702688299119473e-07,0.7950945420016069,0.7950947090284899
32,2.0800507627427578e-07,0.5497101249929983,0.5497103329980746
32,1.66997779160738e-07,0.8840952089813072,0.8840953759790864
32,2.0797597244381905e-07,0.6728301670227665,0.672830374998739
32,1.6600824892520905e-07,1.1955670840106905,1.1955672500189394
32,2.500019036233425e-07,0.8978752919938415,0.8978755419957452
32,2.0899460650980473e-07,0.5392839169944637,0.5392841259890702
32,1.659791450947523e-07,0.7083957499999087,0.7083959159790538
32,1.6600824892520905e-07,0.6548279170237947,0.6548280830320437
32,4.0978193283081055e-08,0.7825237500073854,0.7825237909855787
32,2.500019036233425e-07,0.48693104201811366,0.4869312920200173
32,3.33995558321476e-07,0.6237777500064112,0.6237780840019695
32,1.2500095181167126e-07,0.5511804579873569,0.5511805829883087
32,2.0797597244381905e-07,0.49915470799896866,0.4991549159749411
32,1.2500095181167126e-07,0.47134479199303314,0.47134491699398495
32,1.2500095181167126e-07,1.1547192090074532,1.154719334008405
32,2.0797597244381905e-07,0.8710082909965422,0.8710084989725146
32,1.2500095181167126e-07,0.6182469170016702,0.618247042002622
32,2.500019036233425e-07,0.6711637910048012,0.6711640410067048
32,1.6702688299119473e-07,0.4731046659871936,0.4731048330140766
32,2.0800507627427578e-07,1.258537207992049,1.2585374159971252
32,1.66997779160738e-07,0.820756832981715,0.8207569999794941
32,4.1996827349066734e-08,0.5511076669790782,0.5511077089759056
32,2.500019036233425e-07,0.4489430829999037,0.44894333300180733
32,1.2500095181167126e-07,0.4663272500038147,0.4663273750047665
32,1.6600824892520905e-07,0.5246774159895722,0.5246775819978211
32,2.0800507627427578e-07,0.6266439580067527,0.6266441660118289
32,2.500019036233425e-07,0.44349550001788884,0.44349575001979247
32,1.659791450947523e-07,0.4292075830162503,0.4292077489953954
32,2.0800507627427578e-07,0.74943695901311,0.7494371670181863
32,1.2500095181167126e-07,0.7875003750086762,0.787500500009628
32,8.399365469813347e-08,1.2043235409946647,1.2043236249883194
32,2.0800507627427578e-07,0.7618584999872837,0.76185870799236
32,1.66997779160738e-07,0.4140424999932293,0.41404266699100845
32,2.0797597244381905e-07,1.1249922079732642,1.1249924159492366
32,1.2500095181167126e-07,0.47011891700094566,0.47011904200189747
32,2.0800507627427578e-07,0.4022841250116471,0.4022843330167234
32,2.0800507627427578e-07,0.7039909590093885,0.7039911670144647
32,2.0800507627427578e-07,0.4083599589939695,0.40836016699904576
33,1.66997779160738e-07,0.384660374984378,0.38466054198215716
32,8.300412446260452e-08,0.7551468749879859,0.7551469579921104
32,2.9199873097240925e-07,0.5366657080012374,0.5366659999999683
33,1.2500095181167126e-07,0.6053952090151142,0.605395334016066
33,1.66997779160738e-07,0.5345099580008537,0.5345101249986328
33,1.66997779160738e-07,0.4193656249844935,0.41936579198227264
32,2.500019036233425e-07,1.093812249979237,1.0938124999811407
33,1.2500095181167126e-07,0.49232920797658153,0.49232933297753334
33,2.0800507627427578e-07,0.7236231669958215,0.7236233750008978
33,2.0800507627427578e-07,0.45465620898175985,0.4546564169868361
33,1.2500095181167126e-07,0.5771813329774886,0.5771814579784404
33,1.2500095181167126e-07,0.5893096669751685,0.5893097919761203
33,1.66997779160738e-07,0.5015797079831827,0.5015798749809619
33,1.659791450947523e-07,0.4861638750007842,0.48616404097992927
33,1.2500095181167126e-07,0.4397525829845108,0.4397527079854626
33,2.0899460650980473e-07,0.43923441699007526,0.43923462598468177
33,1.66997779160738e-07,0.3959002500050701,0.3959004170028493
32,2.9199873097240925e-07,1.2538002909859642,1.2538005829846952
33,2.499727997928858e-07,0.5948607500176877,0.5948609999904875
33,1.2500095181167126e-07,0.5053007089882158,0.5053008339891676
33,2.0800507627427578e-07,0.404490333981812,0.4044905419868883
33,1.2500095181167126e-07,1.1083721249888185,1.1083722499897704
33,1.66997779160738e-07,0.5988856250187382,0.5988857920165174
33,2.910092007368803e-07,0.4035848749917932,0.4035851660009939
33,2.0899460650980473e-07,0.3647474590106867,0.36474766800529324
33,3.3300602808594704e-07,0.783761916012736,0.7837622490187641
33,1.66997779160738e-07,1.2100097079819534,1.2100098749797326
33,2.0899460650980473e-07,0.5494257080135867,0.5494259170081932
33,1.6600824892520905e-07,0.44620183398365043,0.44620199999189936
33,2.500019036233425e-07,0.8404419580183458,0.8404422080202494
33,1.2500095181167126e-07,0.5285110420081764,0.5285111670091283
33,3.33995558321476e-07,0.4209082080051303,0.4209085420006886
33,2.0899460650980473e-07,0.5955606250208803,0.5955608340154868
33,2.0899460650980473e-07,0.43670399999246,0.4367042089870665
33,1.66997779160738e-07,0.8167332079901826,0.8167333749879617
33,8.399365469813347e-08,0.7729502079891972,0.7729502919828519
33,2.499727997928858e-07,0.5247528750041965,0.5247531249769963
33,2.0899460650980473e-07,0.7792359589948319,0.7792361679894384
33,2.500019036233425e-07,0.4751082090078853,0.47510845900978893
33,1.6600824892520905e-07,0.39401812499272637,0.3940182910009753
33,1.2500095181167126e-07,1.1332024169969372,1.133202541997889
33,1.2500095181167126e-07,0.5423274999775458,0.5423276249784976
33,8.300412446260452e-08,0.3857377920066938,0.38573787501081824
33,2.9199873097240925e-07,0.5866113330121152,0.5866116250108462
33,1.2500095181167126e-07,0.428456042020116,0.4284561670210678
33,1.2500095181167126e-07,0.40480641697649844,0.40480654197745025
33,2.500019036233425e-07,0.3593003749847412,0.35930062498664483
33,2.0800507627427578e-07,0.5094563339953311,0.5094565420004074
33,1.2500095181167126e-07,0.47616412499337457,0.4761642499943264
33,8.300412446260452e-08,0.36959441599901766,0.3695944990031421
33,8.300412446260452e-08,0.5436756249982864,0.5436757080024108
33,8.300412446260452e-08,1.2984622080111876,1.298462291015312
33,1.2500095181167126e-07,0.3512391669792123,0.3512392919801641
33,1.6600824892520905e-07,0.5605517919757403,0.5605519579839893
33,1.66997779160738e-07,0.9169921249849722,0.9169922919827513
33,2.0797597244381905e-07,0.5004282500012778,0.5004284579772502
33,2.0800507627427578e-07,0.5966296669794247,0.5966298749845009
33,1.2500095181167126e-07,0.4921333340171259,0.4921334590180777
33,1.66997779160738e-07,0.37161674999515526,0.3716169169929344
33,1.2500095181167126e-07,0.6589358329947572,0.658935957995709
33,1.6702688299119473e-07,0.5256567910255399,0.5256569580524229
33,2.500019036233425e-07,0.7085184999741614,0.708518749976065
33,2.0800507627427578e-07,0.4476347499876283,0.4476349579927046
33,1.6600824892520905e-07,0.5465292090084404,0.5465293750166893
33,1.6702688299119473e-07,1.1188727499975357,1.1188729170244187
33,2.0800507627427578e-07,0.5322695419890806,0.5322697499941569
33,8.40227585285902e-08,0.9225623750244267,0.9225624590471853
33,1.66997779160738e-07,0.9065315829939209,0.9065317499917
33,1.66997779160738e-07,0.7531709999893792,0.7531711669871584
33,2.9199873097240925e-07,0.7294424589781556,0.7294427509768866
33,1.659791450947523e-07,0.5275697909819428,0.5275699569610879
33,8.300412446260452e-08,0.9977998750109691,0.9977999580150936
33,1.66997779160738e-07,0.5382696250162553,0.5382697920140345
33,2.500019036233425e-07,0.666517790989019,0.6665180409909226
33,1.66997779160738e-07,0.5089155420137104,0.5089157090114895
33,2.910092007368803e-07,0.7832132499897853,0.783213540998986
33,2.0899460650980473e-07,1.1800542910059448,1.1800545000005513
33,3.3300602808594704e-07,0.6511264169821516,0.6511267499881797
33,1.2500095181167126e-07,0.5062754999962635,0.5062756249972153
33,1.66997779160738e-07,1.247562749980716,1.2475629169784952
33,1.2500095181167126e-07,0.8088812920032069,0.8088814170041587
33,2.500019036233425e-07,0.5125513339880854,0.512551583989989
33,1.2500095181167126e-07,0.9022720420034602,0.902272167004412
33,2.910092007368803e-07,0.5050567909784149,0.5050570819876157
33,8.399365469813347e-08,0.5370149170048535,0.5370150009985082
33,1.6702688299119473e-07,0.6261178750137333,0.6261180420406163
33,1.66997779160738e-07,0.5510401249921415,0.5510402919899207
33,1.2500095181167126e-07,1.1977108750143088,1.1977110000152607
33,1.6600824892520905e-07,0.47923045899369754,0.47923062500194646
33,1.2500095181167126e-07,0.8416245000262279,0.8416246250271797
33,4.1996827349066734e-08,0.6080668329959735,0.6080668749928009
33,2.0797597244381905e-07,0.9638069579959847,0.9638071659719571
33,2.500019036233425e-07,0.53724304199568,0.5372432919975836
33,1.2500095181167126e-07,0.7944589580001775,0.7944590830011293
33,3.3300602808594704e-07,0.4085723749885801,0.4085727079946082
33,1.659791450947523e-07,0.4405220000189729,0.440522165998118
33,2.0800507627427578e-07,0.6929992500226945,0.6929994580277707
33,2.500019036233425e-07,0.4428379579912871,0.44283820799319074
33,8.399365469813347e-08,1.5237350410025101,1.5237351249961648
33,2.0800507627427578e-07,1.0060947499878239,1.0060949579929002
33,4.1996827349066734e-08,0.6987470829917584,0.6987471249885857
33,8.40227585285902e-08,0.6926112500077579,0.6926113340305164
34,2.0800507627427578e-07,0.7264234159956686,0.7264236240007449
34,8.300412446260452e-08,0.7134946250007488,0.7134947080048732
34,2.500019036233425e-07,0.8402961670071818,0.8402964170090854
34,4.1996827349066734e-08,0.8221428749966435,0.8221429169934709
33,1.66997779160738e-07,1.4399679170164745,1.4399680840142537
34,1.6600824892520905e-07,0.7783636249951087,0.7783637910033576
34,1.2500095181167126e-07,0.7550098749925382,0.75500999999349
34,1.2500095181167126e-07,0.7906589999911375,0.7906591249920893
34,2.500019036233425e-07,0.6232311250059865,0.6232313750078902
34,1.6600824892520905e-07,0.6062696670123842,0.6062698330206331
34,2.910092007368803e-07,0.49124224999104626,0.491242541000247
34,8.399365469813347e-08,0.5168195829901379,0.5168196669837926
34,2.500019036233425e-07,0.46647508299793117,0.4664753329998348
34,1.66997779160738e-07,0.6131588339922018,0.613159000989981
33,1.66997779160738e-07,1.4640652910165954,1.4640654580143746
34,3.7500285543501377e-07,0.4002215419895947,0.40022191699245013
34,3.340246621519327e-07,1.348268250003457,1.3482685840281192
34,1.66997779160738e-07,0.6580681249906775,0.6580682919884566
34,1.66997779160738e-07,0.5333887500164565,0.5333889170142356
34,1.659791450947523e-07,0.5641483329818584,0.5641484989610035
34,1.2500095181167126e-07,0.4332396670070011,0.43323979200795293
34,1.66997779160738e-07,0.46659916700446047,0.46659933400223963
34,1.6600824892520905e-07,1.1856538330030162,1.1856539990112651
34,2.9098009690642357e-07,0.8453557089960668,0.8453559999761637
34,2.9199873097240925e-07,0.4398820420028642,0.43988233400159515
34,1.66997779160738e-07,0.5837626669963356,0.5837628339941148
34,1.2500095181167126e-07,0.8269597500038799,0.8269598750048317
34,2.0899460650980473e-07,0.42579566698987037,0.4257958759844769
34,1.66997779160738e-07,0.4504771669744514,0.45047733397223055
34,1.66997779160738e-07,0.5770875830203295,0.5770877500181086
34,8.40227585285902e-08,0.5975551250157878,0.5975552090385463
34,2.0800507627427578e-07,0.7695172920066398,0.769517500011716
34,1.2500095181167126e-07,0.372827666986268,0.3728277919872198
34,8.300412446260452e-08,0.8144454160064925,0.8144454990106169
34,1.66997779160738e-07,0.7476763750019018,0.7476765419996809
34,1.2497184798121452e-07,0.49781845801044255,0.49781858298229054
34,2.0797597244381905e-07,0.5286591670010239,0.5286593749769963
34,1.2500095181167126e-07,0.3931055419961922,0.393105666997144
34,1.66997779160738e-07,0.40081095800269395,0.4008111250004731
34,1.6600824892520905e-07,1.1235108749824576,1.1235110409907065
34,1.2500095181167126e-07,0.40480629200465046,0.40480641700560227
34,4.5797787606716156e-07,0.5757292089983821,0.5757296669762582
34,2.9199873097240925e-07,0.3871793339785654,0.3871796259772964
34,1.66997779160738e-07,0.4450806660170201,0.4450808330147993
34,1.2500095181167126e-07,1.0669549579906743,1.0669550829916261
34,1.66997779160738e-07,0.49027724997722544,0.4902774169750046
34,1.66997779160738e-07,0.41277466600877233,0.4127748330065515
34,1.2500095181167126e-07,0.5738985000061803,0.5738986250071321
34,2.500019036233425e-07,0.538168291997863,0.5381685419997666
34,8.300412446260452e-08,0.4047924999904353,0.4047925829945598
34,2.0800507627427578e-07,0.7297514170059003,0.7297516250109766
34,1.6600824892520905e-07,0.3503286249761004,0.3503287909843493
34,2.0800507627427578e-07,0.5455984160071239,0.5455986240122002
34,2.9098009690642357e-07,0.370280165981967,0.3702804569620639
34,2.0797597244381905e-07,0.5631165830127429,0.5631167909887154
34,1.2500095181167126e-07,0.30077904197969474,0.30077916698064655
34,1.6600824892520905e-07,0.5378162919951137,0.5378164580033626
34,1.2500095181167126e-07,0.6751367499819025,0.6751368749828544
34,2.910092007368803e-07,0.3892911250004545,0.3892914160096552
34,1.6600824892520905e-07,0.5578055829973891,0.5578057490056381
34,4.202593117952347e-08,0.5071925000229385,0.5071925420488697
34,8.399365469813347e-08,0.728205416991841,0.7282055009854957
34,8.399365469813347e-08,0.7574457919981796,0.7574458759918343
34,2.500019036233425e-07,0.46534833300393075,0.46534858300583437
34,4.1996827349066734e-08,0.7569079580134712,0.7569080000102986
34,1.6600824892520905e-07,1.1754294999991544,1.1754296660074033
34,1.2500095181167126e-07,0.7852276670164429,0.7852277920173947
34,2.0797597244381905e-07,0.6221985419979319,0.6221987499739043
34,1.6600824892520905e-07,0.7852155829896219,0.7852157489978708
34,2.0797597244381905e-07,0.4937093750049826,0.493709582980955
34,2.0800507627427578e-07,0.5577810830145609,0.5577812910196371
34,2.0899460650980473e-07,0.4262425000197254,0.4262427090143319
34,2.500019036233425e-07,1.1137148329871707,1.1137150829890743
34,1.66997779160738e-07,0.35755270899971947,0.35755287599749863
34,2.0899460650980473e-07,0.5452660839946475,0.545266292989254
34,1.66997779160738e-07,0.6337919590005185,0.6337921259982977
34,2.0899460650980473e-07,0.5860583749890793,0.5860585839836858
34,2.9199873097240925e-07,0.8280324169900268,0.8280327089887578
34,2.500019036233425e-07,0.4312142500129994,0.431214500014903
34,1.66997779160738e-07,1.2026074579916894,1.2026076249894686
34,1.2500095181167126e-07,0.338289958977839,0.3382900839787908
34,3.7500285543501377e-07,0.8794247090118006,0.879425084014656
34,1.2500095181167126e-07,0.4094530409784056,0.40945316597935744
34,2.0800507627427578e-07,0.5503455839934759,0.5503457919985522
34,1.6600824892520905e-07,0.4610570000077132,0.46105716601596214
34,1.66997779160738e-07,0.4205205420148559,0.42052070901263505
34,1.6600824892520905e-07,0.6204137919994537,0.6204139580077026
34,1.6600824892520905e-07,0.40277483299723826,0.4027749990054872
34,1.6600824892520905e-07,1.0997118329978548,1.0997119990061037
34,1.6600824892520905e-07,0.7664083749987185,0.7664085410069674
34,1.2500095181167126e-07,0.7953388339956291,0.7953389589965809
34,1.2500095181167126e-07,0.4492372910026461,0.4492374160035979
34,1.66997779160738e-07,0.7927032909938134,0.7927034579915926
34,1.2500095181167126e-07,0.5517160830204375,0.5517162080213893
34,1.66997779160738e-07,0.43447441700845957,0.43447458400623873
34,1.2500095181167126e-07,0.3348195420112461,0.3348196670121979
34,1.66997779160738e-07,1.131436458992539,1.1314366259903181
34,2.500019036233425e-07,0.43635275002452545,0.43635300002642907
34,2.500019036233425e-07,0.7823641249851789,0.7823643749870826
35,1.6600824892520905e-07,0.4570217919826973,0.45702195799094625
35,1.66997779160738e-07,0.5188145420106594,0.5188147090084385
35,1.66997779160738e-07,0.540328832983505,0.5403289999812841
34,2.500019036233425e-07,0.660817958007101,0.6608182080090046
35,1.2500095181167126e-07,0.4398710840032436,0.4398712090041954
35,2.500019036233425e-07,0.4368303340161219,0.43683058401802555
34,2.500019036233425e-07,1.055859916988993,1.0558601669908967
35,2.0800507627427578e-07,0.5079334580223076,0.5079336660273839
35,2.0800507627427578e-07,0.5087974589841906,0.5087976669892669
35,2.0797597244381905e-07,0.4690469170163851,0.46904712499235757
35,2.0800507627427578e-07,0.3909061659942381,0.3909063739993144
35,1.66997779160738e-07,0.646976916003041,0.6469770830008201
35,2.0800507627427578e-07,0.3998212500009686,0.39982145800604485
34,2.500019036233425e-07,1.0792454160109628,1.0792456660128664
35,1.2500095181167126e-07,0.4834430830087513,0.4834432080097031
35,1.2500095181167126e-07,0.38543637498514727,0.3854364999860991
35,2.0800507627427578e-07,0.43449908299953677,0.43449929100461304
35,2.0899460650980473e-07,0.3614561249851249,0.3614563339797314
35,2.0899460650980473e-07,0.49165558302775025,0.49165579202235676
35,2.0899460650980473e-07,0.6545813749835361,0.6545815839781426
35,8.40227585285902e-08,0.4059109170048032,0.4059110010275617
35,1.2500095181167126e-07,1.131084041990107,1.1310841669910587
35,2.0899460650980473e-07,0.7282295000040904,0.7282297089986969
35,2.0899460650980473e-07,0.5985379999910947,0.5985382089857012
35,1.66997779160738e-07,0.44547979201888666,0.4454799590166658
35,1.66997779160738e-07,0.5543258750112727,0.5543260420090519
35,2.0800507627427578e-07,1.1355104169924743,1.1355106249975506
35,2.0899460650980473e-07,0.7816595409822185,0.781659749976825
35,2.500019036233425e-07,0.5533670420118142,0.5533672920137178
35,1.2500095181167126e-07,0.46481570799369365,0.46481583299464546
35,2.0899460650980473e-07,0.37600987500627525,0.37601008400088176
35,8.300412446260452e-08,0.8008990829985123,0.8008991660026368
35,2.500019036233425e-07,0.46196366599178873,0.46196391599369235
35,2.9199873097240925e-07,0.7533509169879835,0.7533512089867145
35,2.0899460650980473e-07,0.5763593330048025,0.576359541999409
35,4.169996827840805e-07,0.4525666249974165,0.4525670419970993
35,2.910092007368803e-07,0.40836187498643994,0.4083621659956407
35,1.2500095181167126e-07,0.3959870409744326,0.3959871659753844
35,1.2500095181167126e-07,0.8821346659970004,0.8821347909979522
35,1.66997779160738e-07,1.189892124995822,1.1898922919936012
35,1.6600824892520905e-07,0.6058560000092257,0.6058561660174746
35,2.0797597244381905e-07,0.4225946660153568,0.4225948739913292
35,3.33995558321476e-07,0.4497443749860395,0.4497447089815978
35,2.0800507627427578e-07,0.4569281659787521,0.45692837398382835
35,1.66997779160738e-07,0.5117184159753378,0.511718582973117
35,2.500019036233425e-07,0.5868475410097744,0.586847791011678
35,1.6702688299119473e-07,0.49094479097402655,0.49094495800090954
35,2.0902371034026146e-07,0.40477512500365265,0.404775334027363
35,2.0800507627427578e-07,0.5587106670136563,0.5587108750187326
35,8.399365469813347e-08,1.1372916249965783,1.137291708990233
35,4.1996827349066734e-08,0.7107784580148291,0.7107785000116564
35,1.6600824892520905e-07,0.3954047909937799,0.3954049570020288
35,1.2500095181167126e-07,0.35384762499597855,0.35384774999693036
35,1.2500095181167126e-07,0.574779957998544,0.5747800829994958
35,1.66997779160738e-07,0.3754955420154147,0.37549570901319385
35,1.66997779160738e-07,0.5557126670028083,0.5557128340005875
35,4.1996827349066734e-08,0.3387119169929065,0.33871195898973383
35,1.659791450947523e-07,0.5402300840069074,0.5402302499860525
35,1.659791450947523e-07,0.6305847920011729,0.630584957980318
35,8.300412446260452e-08,0.5589497500041034,0.5589498330082279
35,8.399365469813347e-08,0.3891332500206772,0.3891333340143319
35,1.66997779160738e-07,0.4852200419991277,0.4852202089969069
35,1.659791450947523e-07,0.7667932920157909,0.766793457994936
35,8.300412446260452e-08,0.7762374999874737,0.7762375829915982
35,1.66997779160738e-07,0.49715174999437295,0.4971519169921521
35,2.0797597244381905e-07,1.1414479590021074,1.1414481669780798
35,1.66997779160738e-07,0.8376897499838378,0.837689916981617
35,1.2500095181167126e-07,0.7882760420034174,0.7882761670043692
35,1.2500095181167126e-07,0.5904656670172699,0.5904657920182217
35,1.2500095181167126e-07,0.7465754169970751,0.7465755419980269
35,1.2500095181167126e-07,0.5464810409757774,0.5464811659767292
35,1.2500095181167126e-07,0.5397498750244267,0.5397500000253785
35,1.66997779160738e-07,0.5326826249947771,0.5326827919925563
35,1.66997779160738e-07,1.1648437920084689,1.164843959006248
35,1.659791450947523e-07,0.5110701670055278,0.5110703329846729
35,1.2500095181167126e-07,0.6075372910127044,0.6075374160136562
35,1.2500095181167126e-07,0.7647966659860685,0.7647967909870204
35,2.0800507627427578e-07,0.4713434579898603,0.4713436659949366
35,1.2500095181167126e-07,0.6154906249721535,0.6154907499731053
35,2.500019036233425e-07,1.1091578329796903,1.109158082981594
35,2.500019036233425e-07,0.4488021249999292,0.44880237500183284
35,8.300412446260452e-08,0.8586936659994535,0.858693749003578
35,1.66997779160738e-07,0.3615561250189785,0.36155629201675765
35,2.0800507627427578e-07,0.36426687499624677,0.36426708300132304
35,2.9199873097240925e-07,0.3604408749961294,0.3604411669948604
35,8.399365469813347e-08,0.6238453749974724,0.6238454589911271
35,1.66997779160738e-07,0.5378083340183366,0.5378085010161158
35,1.6600824892520905e-07,0.48014237501774915,0.48014254102599807
35,1.2500095181167126e-07,0.42607937499997206,0.42607950000092387
35,1.66997779160738e-07,0.766641875001369,0.7666420419991482
35,8.300412446260452e-08,1.1512636249826755,1.1512637079868
35,1.66997779160738e-07,0.790785582998069,0.7907857499958482
35,1.66997779160738e-07,0.3939805830013938,0.393980749999173
35,5.420006345957518e-07,0.7894353329902515,0.7894358749908861
35,2.500019036233425e-07,1.0992538330028765,1.0992540830047801
35,1.2500095181167126e-07,0.42409912502625957,0.4240992500272114
35,1.2500095181167126e-07,0.38826745899859816,0.38826758399954997
35,1.6600824892520905e-07,0.6270919580128975,0.6270921240211464
35,1.66997779160738e-07,0.5216772090061568,0.5216773760039359
35,2.500019036233425e-07,0.7383814170025289,0.7383816670044325
35,1.2500095181167126e-07,0.5747780830133706,0.5747782080143224
36,2.500019036233425e-07,0.47097733299597166,0.4709775829978753
36,2.0899460650980473e-07,0.5627459170063958,0.5627461260010023
36,2.0800507627427578e-07,0.6189529999974184,0.6189532080024946
35,2.9199873097240925e-07,1.0895709589822218,1.0895712509809528
36,1.6702688299119473e-07,0.4394648329762276,0.4394650000031106
36,8.399365469813347e-08,0.519097333017271,0.5190974170109257
36,2.0902371034026146e-07,0.4577093750122003,0.45770958403591067
36,2.500019036233425e-07,0.4161033749987837,0.4161036250006873
36,1.659791450947523e-07,0.5349330830213148,0.5349332490004599
36,1.66997779160738e-07,0.38987162499688566,0.3898717919946648
36,2.500019036233425e-07,0.6702454579935875,0.6702457079954911
36,2.0800507627427578e-07,0.37416179198771715,0.3741619999927934
35,1.66997779160738e-07,1.0401562500046566,1.0401564170024358
36,2.9199873097240925e-07,0.44706129099358805,0.447061582992319
36,1.6702688299119473e-07,0.4012289159873035,0.40122908301418647
36,1.2500095181167126e-07,0.40100758301559836,0.40100770801655017
36,1.2500095181167126e-07,0.5543372920074034,0.5543374170083553
36,2.9098009690642357e-07,1.0496913749957457,1.0496916659758426
36,4.1996827349066734e-08,0.5238291669811588,0.5238292089779861
36,8.297502063214779e-08,0.40749916702043265,0.4074992499954533
36,2.0800507627427578e-07,0.35259937500813976,0.35259958301321603
36,1.6600824892520905e-07,0.3726703329884913,0.3726704989967402
36,1.2500095181167126e-07,0.5541212079988327,0.5541213329997845
36,1.2500095181167126e-07,0.7448173750017304,0.7448175000026822
36,2.0899460650980473e-07,0.5521536669984926,0.5521538759930991
36,1.2500095181167126e-07,1.1212798339838628,1.1212799589848146
36,2.0899460650980473e-07,0.35479566699359566,0.35479587598820217
36,2.500019036233425e-07,0.7489224580058362,0.7489227080077399
36,2.9199873097240925e-07,0.3971866669890005,0.3971869589877315
36,1.6600824892520905e-07,0.5261835840065032,0.5261837500147521
36,1.66997779160738e-07,0.35597662499640137,0.35597679199418053
36,2.0797597244381905e-07,0.43525579100241885,0.4352559989783913
36,2.0800507627427578e-07,0.7701669999805745,0.7701672079856507
36,1.2500095181167126e-07,0.5952753750025295,0.5952755000034813
36,1.6600824892520905e-07,0.7885303749935701,0.7885305410018191
36,2.0800507627427578e-07,0.7475942499877419,0.7475944579928182
36,1.66997779160738e-07,0.36388379099662416,0.3638839579944033
36,1.66997779160738e-07,0.37996283298707567,0.37996299998485483
36,2.0899460650980473e-07,0.49002741600270383,0.49002762499731034
36,1.66997779160738e-07,1.1243971249787137,1.1243972919764929
36,8.399365469813347e-08,0.5755242500163149,0.5755243340099696
36,2.500019036233425e-07,0.4892485000018496,0.48924875000375323
36,8.300412446260452e-08,0.4097117080236785,0.409711791027803
36,2.9199873097240925e-07,0.4715674160106573,0.4715677080093883
36,8.300412446260452e-08,0.38125191698782146,0.3812519999919459
36,1.2500095181167126e-07,0.5100855420168955,0.5100856670178473
36,2.0899460650980473e-07,0.5645120840054005,0.564512293000007
36,1.6600824892520905e-07,1.1091113750007935,1.1091115410090424
36,2.0800507627427578e-07,0.5863536249962635,0.5863538330013398
36,1.66997779160738e-07,0.4124459159793332,0.4124460829771124
36,1.2500095181167126e-07,0.8227886250242591,0.8227887500252109
36,2.500019036233425e-07,0.5957017500186339,0.5957020000205375
36,1.66997779160738e-07,0.3544997079879977,0.35449987498577684
36,1.659791450947523e-07,0.38209975001518615,0.38209991599433124
36,1.66997779160738e-07,0.6333613750175573,0.6333615420153365
36,3.7500285543501377e-07,0.46480966702802107,0.4648100420308765
36,4.1996827349066734e-08,0.3765746249991935,0.3765746669960208
36,2.500019036233425e-07,0.5677271249878686,0.5677273749897722
36,3.3300602808594704e-07,0.5105979169893544,0.5105982499953825
36,1.659791450947523e-07,0.40523324999958277,0.40523341597872786
36,2.0800507627427578e-07,0.430230500001926,0.43023070800700225
36,2.0800507627427578e-07,0.7621756250155158,0.7621758330205921
36,2.9199873097240925e-07,0.7686507919861469,0.7686510839848779
36,1.2500095181167126e-07,0.4839720419840887,0.48397216698504053
36,1.66997779160738e-07,0.8396346250083297,0.8396347920061089
36,1.2500095181167126e-07,1.2160992919816636,1.2160994169826154
36,2.9199873097240925e-07,0.7984979160246439,0.7984982080233749
36,2.0800507627427578e-07,0.633048832998611,0.6330490410036873
36,1.66997779160738e-07,0.5467736659920774,0.5467738329898566
36,1.2500095181167126e-07,0.4261313340102788,0.4261314590112306
36,1.2500095181167126e-07,0.5901782080181874,0.5901783330191392
36,1.66997779160738e-07,0.8803293329838198,0.8803294999815989
36,1.6600824892520905e-07,0.6210884999891277,0.6210886659973767
36,1.66997779160738e-07,0.5509439580200706,0.5509441250178497
36,2.0797597244381905e-07,0.6587668750144076,0.65876708299038
36,2.500019036233425e-07,0.9283349579782225,0.9283352079801261
36,1.2497184798121452e-07,1.2476172500173561,1.247617374989204
36,8.300412446260452e-08,0.6803050420130603,0.6803051250171848
36,1.2500095181167126e-07,0.9424393750086892,0.942439500009641
36,1.2500095181167126e-07,1.5210072500049137,1.5210073750058655
36,8.40227585285902e-08,0.9166742090019397,0.9166742930246983
36,1.2500095181167126e-07,0.804967875010334,0.8049680000112858
36,2.9199873097240925e-07,0.78632425001706,0.7863245420157909
36,1.2500095181167126e-07,0.9753639999835286,0.9753641249844804
36,1.2500095181167126e-07,0.7577252089977264,0.7577253339986783
36,4.1996827349066734e-08,0.5660593750071712,0.5660594170039985
36,2.9199873097240925e-07,0.6449333749769721,0.6449336669757031
36,1.66997779160738e-07,1.0127753340057097,1.012775501003489
36,1.2500095181167126e-07,1.0743057079962455,1.0743058329971973
36,1.2500095181167126e-07,1.058855333016254,1.0588554580172058
36,1.659791450947523e-07,1.6314630419947207,1.6314632079738658
36,8.399365469813347e-08,1.4124813330126926,1.4124814170063473
36,1.6600824892520905e-07,0.5454467080126051,0.545446874020854
36,2.0800507627427578e-07,0.5047153340128716,0.5047155420179479
36,1.66997779160738e-07,1.5980891659855843,1.5980893329833634
36,1.6600824892520905e-07,0.7608847910014447,0.7608849570096936
36,1.66997779160738e-07,0.6373007500078529,0.6373009170056321
36,2.910092007368803e-07,0.5787969169905409,0.5787972079997417
36,2.9199873097240925e-07,0.6035359999805223,0.6035362919792533
37,1.2500095181167126e-07,0.5941338340053335,0.5941339590062853
36,2.0800507627427578e-07,0.7951953329902608,0.7951955409953371
37,1.2500095181167126e-07,0.5879601249762345,0.5879602499771863
37,8.300412446260452e-08,0.6213020830182359,0.6213021660223603
36,2.0800507627427578e-07,1.2707962919957936,1.2707965000008699
37,1.2500095181167126e-07,0.5106397079944145,0.5106398329953663
37,2.0800507627427578e-07,0.5159610410046298,0.5159612490097061
37,1.659791450947523e-07,0.559533542022109,0.5595337080012541
37,8.300412446260452e-08,0.589539667009376,0.5895397500135005
37,2.500019036233425e-07,0.5408664170245174,0.540866667026421
37,2.0797597244381905e-07,0.507432707992848,0.5074329159688205
37,1.66997779160738e-07,0.6627751250052825,0.6627752920030616
37,1.66997779160738e-07,0.5544957500242162,0.5544959170219954
36,2.0800507627427578e-07,1.2650057080027182,1.2650059160077944
37,1.2500095181167126e-07,0.5284772499871906,0.5284773749881424
37,1.2500095181167126e-07,0.5575065840093885,0.5575067090103403
37,1.6600824892520905e-07,0.5607425000052899,0.5607426660135388
37,1.66997779160738e-07,0.5292629580071662,0.5292631250049453
37,1.6600824892520905e-07,1.2003789999871515,1.2003791659954004
37,1.66997779160738e-07,0.5518558339972515,0.5518560009950306
37,1.6600824892520905e-07,0.8551503329945263,0.8551504990027752
37,1.6702688299119473e-07,1.2051224170136265,1.2051225840405095
37,2.0899460650980473e-07,0.9879307500086725,0.987930959003279
37,8.399365469813347e-08,0.6389667909825221,0.6389668749761768
37,1.66997779160738e-07,0.8362484170065727,0.8362485840043519
37,1.66997779160738e-07,0.6255309160042088,0.625531083001988
37,2.500019036233425e-07,0.75942958300584,0.7594298330077436
37,1.2500095181167126e-07,1.1119195419887546,1.1119196669897065
37,2.0797597244381905e-07,0.6272157920175232,0.6272159999934956
37,1.2500095181167126e-07,0.7788668749853969,0.7788669999863487
37,2.910092007368803e-07,0.48384616698604077,0.4838464579952415
37,1.2500095181167126e-07,0.5620957499777433,0.5620958749786951
37,1.2500095181167126e-07,0.5665606659895275,0.5665607909904793
37,1.2500095181167126e-07,1.0611852919973899,1.0611854169983417
37,1.659791450947523e-07,0.9122364159848075,0.9122365819639526
37,2.0899460650980473e-07,0.6157345839892514,0.6157347929838579
37,1.66997779160738e-07,0.9772787920082919,0.9772789590060711
37,8.300412446260452e-08,1.3891055419808254,1.3891056249849498
37,2.0800507627427578e-07,1.0246058329939842,1.0246060409990605
37,1.6702688299119473e-07,0.7111940839968156,0.7111942510236986
37,1.2500095181167126e-07,0.4070202079892624,0.40702033299021423
37,2.500019036233425e-07,0.4022165829956066,0.4022168329975102
37,2.0902371034026146e-07,0.43175754201365635,0.4317577510373667
37,2.0800507627427578e-07,0.6518856250040699,0.6518858330091462
37,1.2500095181167126e-07,0.4155341250007041,0.4155342500016559
37,1.66997779160738e-07,0.4454038329713512,0.4454039999691304
37,1.2500095181167126e-07,0.40583225002046674,0.40583237502141856
37,1.659791450947523e-07,0.3873247080191504,0.3873248739982955
37,1.66997779160738e-07,1.2075969590223394,1.2075971260201186
37,1.2500095181167126e-07,0.5865657080139499,0.5865658330149017
37,8.300412446260452e-08,0.5562578329991084,0.5562579160032328
37,1.2500095181167126e-07,0.5729792909987736,0.5729794159997255
37,1.659791450947523e-07,0.3714767089986708,0.3714768749778159
37,1.2500095181167126e-07,0.8195613750140183,0.8195615000149701
37,1.2500095181167126e-07,0.3271977920085192,0.327197917009471
37,1.66997779160738e-07,0.6662297089933418,0.6662298759911209
37,1.659791450947523e-07,0.3238914580142591,0.3238916239934042
37,1.66997779160738e-07,0.5051741250208579,0.5051742920186371
37,1.66997779160738e-07,0.5449080000107642,0.5449081670085434
37,2.910092007368803e-07,0.5615715830062982,0.5615718740154989
37,1.2500095181167126e-07,0.45270625001285225,0.45270637501380406
37,2.500019036233425e-07,1.115985666983761,1.1159859169856645
37,2.9199873097240925e-07,0.5174790419987403,0.5174793339974713
37,1.2500095181167126e-07,0.773997916985536,0.7739980419864878
37,2.500019036233425e-07,0.517383999977028,0.5173842499789316
37,2.0797597244381905e-07,0.8295334170106798,0.8295336249866523
37,1.66997779160738e-07,0.8473068329913076,0.8473069999890868
37,1.66997779160738e-07,0.9035895420238376,0.9035897090216167
37,1.66997779160738e-07,0.6045114579901565,0.6045116249879356
37,1.66997779160738e-07,0.41143595799803734,0.4114361249958165
37,1.66997779160738e-07,0.37918620801065117,0.37918637500843033
37,1.66997779160738e-07,0.5842787080036942,0.5842788750014734
37,1.66997779160738e-07,0.8589932500035502,0.8589934170013294
37,5.00003807246685e-07,0.5296721659833565,0.5296726659871638
37,1.659791450947523e-07,0.8625343330204487,0.8625344989995938
37,2.500019036233425e-07,1.1760284589836374,1.176028708985541
37,2.0800507627427578e-07,0.6021943340019789,0.6021945420070551
37,2.0800507627427578e-07,0.695522209018236,0.6955224170233123
37,8.297502063214779e-08,0.47767762502189726,0.4776777079969179
37,1.2500095181167126e-07,0.4574033329845406,0.4574034579854924
37,4.100729711353779e-08,0.7550848329847213,0.7550848739920184
37,2.0800507627427578e-07,1.1281884589989204,1.1281886670039967
37,2.500019036233425e-07,0.4096186250098981,0.4096188750118017
37,2.0902371034026146e-07,0.6050877499801572,0.6050879590038676
37,2.500019036233425e-07,0.43590824998682365,0.43590849998872727
37,2.0899460650980473e-07,0.5662042500043754,0.5662044589989819
37,1.66997779160738e-07,0.40912083300645463,0.4091210000042338
37,1.6702688299119473e-07,0.46688216700567864,0.46688233403256163
37,1.6600824892520905e-07,0.7884894169983454,0.7884895830065943
37,2.910092007368803e-07,0.4945576250029262,0.49455791601212695
37,8.40227585285902e-08,0.8159433330001775,0.815943417022936
37,2.500019036233425e-07,1.1395542090176605,1.139554459019564
37,1.2500095181167126e-07,0.542869166994933,0.5428692919958849
37,1.6600824892520905e-07,0.3594697499938775,0.3594699160021264
37,1.6600824892520905e-07,1.1206263339845464,1.1206264999927953
37,8.300412446260452e-08,0.8321860840078443,0.8321861670119688
37,2.500019036233425e-07,0.4220502910029609,0.4220505410048645
37,2.0800507627427578e-07,0.4364261250011623,0.43642633300623856
37,2.9098009690642357e-07,0.42867108300561085,0.42867137398570776
38,1.2500095181167126e-07,0.399996457999805,0.3999965830007568
37,1.2500095181167126e-07,0.5571496249758638,0.5571497499768157
37,2.0899460650980473e-07,0.7810057499737013,0.7810059589683078
38,1.66997779160738e-07,0.581120250019012,0.5811204170167912
38,1.659791450947523e-07,0.5314457499771379,0.531445915956283
38,1.2500095181167126e-07,0.6255400410154834,0.6255401660164353
38,2.910092007368803e-07,0.4548878330097068,0.45488812401890755
37,2.0899460650980473e-07,1.2243672499898821,1.2243674589844886
38,2.0797597244381905e-07,0.5022880000178702,0.5022882079938427
38,2.500019036233425e-07,0.5811440830002539,0.5811443330021575
38,2.0800507627427578e-07,0.5782573749893345,0.5782575829944108
38,1.659791450947523e-07,0.5563213330169674,0.5563214989961125
38,2.0800507627427578e-07,0.41053045899025165,0.4105306669953279
37,1.6600824892520905e-07,1.1506790829880629,1.1506792489963118
38,1.6600824892520905e-07,0.508792959008133,0.508793125016382
38,1.2500095181167126e-07,0.42127908300608397,0.4212792080070358
38,2.9199873097240925e-07,0.5473779999883845,0.5473782919871155
38,2.0800507627427578e-07,0.37630070801242255,0.3763009160174988
38,2.0800507627427578e-07,0.6178190420032479,0.6178192500083242
38,1.66997779160738e-07,0.5022627089929301,0.5022628759907093
38,2.0797597244381905e-07,0.47031641702051274,0.4703166249964852
38,1.6600824892520905e-07,1.2390791249927133,1.2390792910009623
38,8.300412446260452e-08,0.5483823749818839,0.5483824579860084
38,2.0899460650980473e-07,0.8533495000156108,0.8533497090102173
38,1.2500095181167126e-07,0.7409621670085471,0.7409622920094989
38,2.0902371034026146e-07,0.6039099580084439,0.6039101670321543
38,2.0800507627427578e-07,1.3823334999906365,1.3823337079957128
38,1.66997779160738e-07,0.4878336660040077,0.48783383300178684
38,2.500019036233425e-07,0.8166240839927923,0.8166243339946959
38,1.66997779160738e-07,0.6131066249799915,0.6131067919777706
38,1.2500095181167126e-07,0.7040114999981597,0.7040116249991115
38,2.0800507627427578e-07,1.1276218330021948,1.127622041007271
38,3.7500285543501377e-07,0.5529648749798071,0.5529652499826625
38,2.500019036233425e-07,0.9988881250028498,0.9988883750047535
38,1.66997779160738e-07,0.9911775840155315,0.9911777510133106
38,2.500019036233425e-07,0.9262641670065932,0.9262644170084968
38,1.66997779160738e-07,0.5784887079789769,0.578488874976756
38,2.0800507627427578e-07,0.48072516699903645,0.4807253750041127
38,2.0800507627427578e-07,0.46186758298426867,0.46186779098934494
38,8.300412446260452e-08,0.5057133749942295,0.505713457998354
38,2.0899460650980473e-07,1.3443216669838876,1.344321875978494
38,4.1996827349066734e-08,0.6099253330030479,0.6099253749998752
38,2.0800507627427578e-07,0.4767393749789335,0.47673958298400976
38,1.2500095181167126e-07,0.4960377080133185,0.4960378330142703
38,1.6600824892520905e-07,0.4696340419759508,0.46963420798419975
38,1.6600824892520905e-07,0.4482431249925867,0.4482432910008356
38,2.9199873097240925e-07,0.7163302499975543,0.7163305419962853
38,1.66997779160738e-07,0.7901117919827811,0.7901119589805603
38,1.66997779160738e-07,0.6081560000020545,0.6081561669998337
38,2.0800507627427578e-07,1.2193144579941873,1.2193146659992635
38,2.0800507627427578e-07,0.6663364160049241,0.6663366240100004
38,1.66997779160738e-07,0.694303750002291,0.6943039170000702
38,1.66997779160738e-07,0.5080293749924749,0.5080295419902541
38,1.66997779160738e-07,0.43111954198684543,0.4311197089846246
38,1.6600824892520905e-07,0.7201462500088383,0.7201464160170872
38,1.66997779160738e-07,0.5869665000063833,0.5869666670041624
38,1.66997779160738e-07,0.8397696659958456,0.8397698329936247
38,1.2500095181167126e-07,0.6625525410054252,0.662552666006377
38,2.0800507627427578e-07,0.5844464999972843,0.5844467080023605
38,1.2497184798121452e-07,0.7668129590165336,0.7668130839883815
38,8.399365469813347e-08,0.6022529590118211,0.6022530430054758
38,2.500019036233425e-07,0.8074248750053812,0.8074251250072848
38,1.6600824892520905e-07,0.6618044170027133,0.6618045830109622
38,1.66997779160738e-07,0.8505237089993898,0.8505238759971689
38,2.500019036233425e-07,0.6542533749889117,0.6542536249908153
38,1.2500095181167126e-07,1.4113674170221202,1.411367542023072
38,1.66997779160738e-07,0.7273348750022706,0.7273350420000497
38,1.66997779160738e-07,1.0748766249744222,1.0748767919722013
38,2.0899460650980473e-07,1.1848017500014976,1.184801958996104
38,1.2500095181167126e-07,0.609322416014038,0.6093225410149898
38,1.2500095181167126e-07,0.8460929169959854,0.8460930419969372
38,1.66997779160738e-07,0.7828866660129279,0.782886833010707
38,1.2500095181167126e-07,1.0300709580187686,1.0300710830197204
38,1.2500095181167126e-07,0.9375101670157164,0.9375102920166682
38,8.300412446260452e-08,0.721294958028011,0.7212950410321355
38,2.500019036233425e-07,1.4466478749818634,1.446648124983767
38,2.500019036233425e-07,0.741999375022715,0.7419996250246186
38,1.2500095181167126e-07,1.2531431250099558,1.2531432500109076
38,8.399365469813347e-08,0.6434535830048844,0.6434536669985391
38,2.500019036233425e-07,1.0704349169973284,1.070435166999232
38,2.0800507627427578e-07,0.7575586670136545,0.7575588750187308
38,1.66997779160738e-07,0.9295257909980137,0.9295259579957929
38,1.2500095181167126e-07,0.8523046250047628,0.8523047500057146
38,1.2500095181167126e-07,0.6385819159913808,0.6385820409923326
38,2.910092007368803e-07,0.7683186249923892,0.76831891600159
38,3.7500285543501377e-07,0.7745742090046406,0.774574584007496
38,2.0800507627427578e-07,1.2347372919903137,1.23473749999539
38,1.2500095181167126e-07,0.7071947920194361,0.707194917020388
38,1.66997779160738e-07,0.9593588749994524,0.9593590419972315
38,1.2500095181167126e-07,0.6993857499910519,0.6993858749920037
38,4.1996827349066734e-08,1.080553832987789,1.0805538749846164
38,2.500019036233425e-07,0.8674764999886975,0.8674767499906011
38,1.8329883459955454e-06,1.2141320839873515,1.2141339169756975
38,1.2500095181167126e-07,0.9624399169988465,0.9624400419997983
38,2.910092007368803e-07,0.8395245830179192,0.83952487402712
38,1.66997779160738e-07,0.9760728339897469,0.976073000987526
38,2.0899460650980473e-07,0.5282327079912648,0.5282329169858713
38,8.300412446260452e-08,0.7509066669736058,0.7509067499777302
38,8.297502063214779e-08,0.7806920409784652,0.7806921239534859
38,1.6600824892520905e-07,0.6930410839850083,0.6930412499932572
38,1.66997779160738e-07,1.2676828329858836,1.2676829999836627
38,2.910092007368803e-07,0.6415331659954973,0.641533457004698
38,4.169996827840805e-07,1.0553937919903547,1.0553942089900374
39,2.9199873097240925e-07,0.5431401669920888,0.5431404589908198
39,1.2500095181167126e-07,0.6798540829913691,0.6798542079923209
39,1.2500095181167126e-07,0.7075977079803124,0.7075978329812642
39,2.499727997928858e-07,0.7205394580087159,0.7205397079815157
39,1.66997779160738e-07,0.5821822910220362,0.5821824580198154
39,1.6600824892520905e-07,0.5587756249879021,0.558775790996151
39,1.2500095181167126e-07,0.5703963339910842,0.5703964589920361
39,1.659791450947523e-07,0.6513825000147335,0.6513826659938786
39,1.66997779160738e-07,0.6352007920213509,0.6352009590191301
39,2.0800507627427578e-07,0.4545920839882456,0.45459229199332185
39,1.2500095181167126e-07,0.46760108301532455,0.46760120801627636
39,1.6600824892520905e-07,0.5593555409868713,0.5593557069951203
39,2.910092007368803e-07,0.5034761250135489,0.5034764160227496
38,2.500019036233425e-07,1.3389839169976767,1.3389841669995803
39,1.2500095181167126e-07,0.3864132500020787,0.3864133750030305
39,2.0800507627427578e-07,1.163700625009369,1.1637008330144454
39,2.0800507627427578e-07,0.7431113329948857,0.743111540999962
39,2.0899460650980473e-07,0.8581279589852784,0.8581281679798849
39,3.3300602808594704e-07,0.7780909170105588,0.7780912500165869
39,1.2500095181167126e-07,0.6389341249887366,0.6389342499896884
39,1.2500095181167126e-07,0.660483874991769,0.6604839999927208
39,2.500019036233425e-07,1.251913499989314,1.2519137499912176
39,1.66997779160738e-07,0.7375342500163242,0.7375344170141034
39,2.0800507627427578e-07,0.8069580000010319,0.8069582080061082
39,1.6600824892520905e-07,1.0104644579987507,1.0104646240069997
39,2.500019036233425e-07,0.8095265829761047,0.8095268329780083
39,2.0902371034026146e-07,1.0636248749797232,1.0636250840034336
39,2.0800507627427578e-07,1.2433797080011573,1.2433799160062335
39,1.6600824892520905e-07,1.0082927079929505,1.0082928740011994
39,4.0978193283081055e-08,0.8365277500124648,0.8365277909906581
39,2.500019036233425e-07,0.9322092079964932,0.9322094579983968
39,2.499727997928858e-07,0.7747441670217086,0.7747444169945084
39,2.500019036233425e-07,1.3825164169829804,1.382516666984884
39,2.0800507627427578e-07,0.9820419999887235,0.9820422079937998
39,1.659791450947523e-07,1.4284563749970403,1.4284565409761854
39,4.100729711353779e-08,0.878135500010103,0.8781355410174001
39,1.6702688299119473e-07,2.0054555000097025,2.0054556670365855
39,1.66997779160738e-07,1.0349814590008464,1.0349816259986255
39,2.500019036233425e-07,1.049902957980521,1.0499032079824246
39,2.500019036233425e-07,1.3313689589849673,1.331369208986871
39,2.0800507627427578e-07,1.0147283329861239,1.0147285409912001
39,1.2500095181167126e-07,0.8044845419935882,0.80448466699454
39,1.66997779160738e-07,1.8264778339944314,1.8264780009922106
39,2.500019036233425e-07,0.9187436250213068,0.9187438750232104
39,8.399365469813347e-08,0.5044602919952013,0.504460375988856
39,8.399365469813347e-08,1.126630832994124,1.1266309169877786
39,2.0800507627427578e-07,0.9917922079912387,0.991792415996315
39,1.6600824892520905e-07,0.7425883749965578,0.7425885410048068
39,4.1601015254855156e-07,1.332012582977768,1.3320129989879206
39,2.0800507627427578e-07,0.5201407499844208,0.5201409579894971
39,2.500019036233425e-07,0.5900499580020551,0.5900502080039587
39,2.9098009690642357e-07,0.7739361670101061,0.773936457990203
39,1.66997779160738e-07,0.6902147090004291,0.6902148759982083
39,1.66997779160738e-07,0.5101837499823887,0.5101839169801679
39,1.2500095181167126e-07,0.6179342920077033,0.6179344170086551
39,2.500019036233425e-07,0.5425130410003476,0.5425132910022512
39,1.6600824892520905e-07,0.7901691249862779,0.7901692909945268
39,1.66997779160738e-07,0.6414280830067582,0.6414282500045374
39,1.66997779160738e-07,1.2971309580025263,1.2971311250003055
39,8.300412446260452e-08,0.615753333986504,0.6157534169906285
39,2.0800507627427578e-07,0.6841008329938632,0.6841010409989394
39,2.0800507627427578e-07,1.0292608329909854,1.0292610409960616
39,1.659791450947523e-07,0.9778206250048243,0.9778207909839693
39,3.7500285543501377e-07,1.0588709169824142,1.0588712919852696
39,1.2500095181167126e-07,1.1294979169906583,1.12949804199161
39,2.500019036233425e-07,0.7555890419753268,0.7555892919772305
39,2.500019036233425e-07,0.7101370829914231,0.7101373329933267
39,2.500019036233425e-07,0.6197450420004316,0.6197452920023352
39,2.0800507627427578e-07,0.9738822089857422,0.9738824169908185
39,1.66997779160738e-07,0.888217750005424,0.8882179170032032
39,2.0899460650980473e-07,0.7854592909861822,0.7854594999807887
39,1.66997779160738e-07,0.7048146250017453,0.7048147919995245
39,2.500019036233425e-07,0.6741904999944381,0.6741907499963418
39,2.0797597244381905e-07,0.6398170420143288,0.6398172499903012
39,8.300412446260452e-08,0.7870278750197031,0.7870279580238275
39,2.500019036233425e-07,0.6312177919899113,0.631218041991815
39,8.300412446260452e-08,1.5773261249996722,1.5773262080037966
39,2.0800507627427578e-07,0.9207944590016268,0.9207946670067031
39,2.9098009690642357e-07,0.7295889590168372,0.7295892499969341
39,1.2500095181167126e-07,0.6152715840144083,0.6152717090153601
39,3.3300602808594704e-07,1.5344620830146596,1.5344624160206877
39,2.0800507627427578e-07,0.4815252920088824,0.48152550001395866
39,2.0797597244381905e-07,0.5289192080090288,0.5289194159850013
39,1.2500095181167126e-07,0.528531916992506,0.5285320419934578
39,2.500019036233425e-07,0.6382294590002857,0.6382297090021893
39,1.66997779160738e-07,0.5521027499926277,0.5521029169904068
39,1.2500095181167126e-07,0.5570409169886261,0.5570410419895779
39,1.2500095181167126e-07,1.3744695000059437,1.3744696250068955
39,1.66997779160738e-07,1.0634143329807557,1.0634144999785349
39,1.66997779160738e-07,0.8549723330070265,0.8549725000048056
39,1.2500095181167126e-07,1.3079391669889446,1.3079392919898964
39,1.66997779160738e-07,0.9904747919936199,0.990474958991399
39,3.7500285543501377e-07,0.4644046250032261,0.46440500000608154
39,1.2500095181167126e-07,0.6987526250013616,0.6987527500023134
39,2.0800507627427578e-07,0.4754041669948492,0.4754043749999255
39,1.66997779160738e-07,0.5004750420048367,0.5004752090026159
39,1.2497184798121452e-07,0.7621058340009768,0.7621059589728247
39,1.66997779160738e-07,0.5227584580134135,0.5227586250111926
39,2.0800507627427578e-07,0.545678249996854,0.5456784580019303
40,1.2500095181167126e-07,0.42280212498735636,0.4228022499883082
40,3.7500285543501377e-07,0.5074312920041848,0.5074316670070402
40,1.2500095181167126e-07,0.60190620800131,0.6019063330022618
40,2.9199873097240925e-07,0.43600254200282507,0.43600283400155604
39,1.66997779160738e-07,1.1599265830009244,1.1599267499987036
40,1.2500095181167126e-07,0.4674941670091357,0.4674942920100875
40,1.6600824892520905e-07,0.640346000000136,0.6403461660083849
40,8.297502063214779e-08,0.5940024580049794,0.59400254098
40,8.300412446260452e-08,0.3770478749938775,0.37704795799800195
40,2.0797597244381905e-07,0.5952465830196161,0.5952467909955885
40,1.66997779160738e-07,0.3549633329967037,0.35496349999448285
40,1.2500095181167126e-07,0.6897988749842625,0.6897989999852143
39,2.500019036233425e-07,1.1975832500029355,1.1975835000048392
40,2.500019036233425e-07,0.4411127920029685,0.4411130420048721
40,2.500019036233425e-07,0.5333112090011127,0.5333114590030164
40,2.500019036233425e-07,0.4019745000114199,0.4019747500133235
40,2.0800507627427578e-07,0.45314654099638574,0.453146749001462
40,4.1996827349066734e-08,0.5681232089991681,0.5681232509959955
40,8.300412446260452e-08,1.1613954580097925,1.161395541013917
40,1.659791450947523e-07,0.3842282500118017,0.3842284159909468
40,8.300412446260452e-08,0.5041883329977281,0.5041884160018526
40,1.6702688299119473e-07,0.4177296250127256,0.4177297920396086
40,1.2500095181167126e-07,0.7849828340113163,0.7849829590122681
40,1.6600824892520905e-07,0.4154139159945771,0.41541408200282604
40,1.2500095181167126e-07,1.1519462089927401,1.151946333993692
40,2.0797597244381905e-07,0.3821242499980144,0.38212445797398686
40,1.66997779160738e-07,0.6574007500021253,0.6574009169999044
40,8.40227585285902e-08,0.9329457920102868,0.9329458760330454
40,1.66997779160738e-07,0.39949220899143256,0.3994923759892117
40,1.6600824892520905e-07,0.5766349170007743,0.5766350830090232
40,1.66997779160738e-07,0.7950738749932498,0.7950740419910289
40,4.100729711353779e-08,0.4953895000217017,0.4953895410289988
40,1.2500095181167126e-07,0.7407822090026457,0.7407823340035975
40,1.2500095181167126e-07,0.7554391250014305,0.7554392500023823
40,2.0899460650980473e-07,0.8697619580198079,0.8697621670144144
40,2.0800507627427578e-07,0.5240354590059724,0.5240356670110486
40,2.500019036233425e-07,0.44877241700305603,0.44877266700495966
40,8.297502063214779e-08,0.4030155829968862,0.40301566597190686
40,2.0800507627427578e-07,0.6915878339787014,0.6915880419837777
40,1.6600824892520905e-07,1.2613906250044238,1.2613907910126727
40,1.66997779160738e-07,0.4378865830076393,0.43788675000541843
40,8.300412446260452e-08,0.474226209014887,0.47422629201901145
40,2.0800507627427578e-07,0.40141429199138656,0.40141449999646284
40,1.2500095181167126e-07,0.46709749998990446,0.4670976249908563
40,8.297502063214779e-08,0.604461499984609,0.6044615829596296
40,1.66997779160738e-07,1.1233027919952292,1.1233029589930084
40,2.500019036233425e-07,0.5417683330015279,0.5417685830034316
40,8.300412446260452e-08,0.5719624999910593,0.5719625829951838
40,1.66997779160738e-07,0.5955920419946779,0.595592208992457
40,1.2500095181167126e-07,0.3928169159917161,0.3928170409926679
40,8.399365469813347e-08,0.5408797090058215,0.5408797929994762
40,2.0899460650980473e-07,0.3795159590081312,0.3795161680027377
40,1.66997779160738e-07,0.4082581250113435,0.40825829200912267
40,3.7497375160455704e-07,0.3504503750009462,0.35045074997469783
40,8.300412446260452e-08,0.9683704159979243,0.9683704990020487
40,2.0800507627427578e-07,0.6210929999942891,0.6210932079993654
40,4.202593117952347e-08,0.5684570000157692,0.5684570420417003
40,2.9098009690642357e-07,0.5923937500047032,0.5923940409848001
40,8.300412446260452e-08,0.6055563749978319,0.6055564580019563
40,1.66997779160738e-07,0.8177000830182806,0.8177002500160597
40,1.6600824892520905e-07,1.1801474159874488,1.1801475819956977
40,1.6702688299119473e-07,0.5408817089919467,0.5408818760188296
40,2.500019036233425e-07,0.8882930419931654,0.888293291995069
40,1.66997779160738e-07,0.5442002080089878,0.544200375006767
40,2.0899460650980473e-07,0.9501914999855217,0.9501917089801282
40,3.329769242554903e-07,0.7414899580180645,0.7414902909949888
40,8.399365469813347e-08,0.5063115419761743,0.506311625969829
40,1.6600824892520905e-07,0.895204417000059,0.895204583008308
40,2.0800507627427578e-07,0.7676517090003472,0.7676519170054235
40,1.6600824892520905e-07,0.6303737080015708,0.6303738740098197
40,1.659791450947523e-07,0.528809250012273,0.5288094159914181
40,2.0800507627427578e-07,0.4882480420055799,0.4882482500106562
40,1.6600824892520905e-07,0.8296681249921676,0.8296682910004165
40,2.500019036233425e-07,0.5413999169832096,0.5414001669851132
40,1.66997779160738e-07,1.1855731249961536,1.1855732919939328
40,1.66997779160738e-07,0.480355707986746,0.48035587498452514
40,2.0899460650980473e-07,0.452541625010781,0.4525418340053875
40,2.0899460650980473e-07,0.44712574998266064,0.44712595897726715
40,2.0899460650980473e-07,1.1552944160066545,1.155294625001261
40,2.0800507627427578e-07,0.6507273339957464,0.6507275420008227
40,2.500019036233425e-07,0.779718874982791,0.7797191249846946
40,1.6702688299119473e-07,0.3637528750114143,0.3637530420382973
40,2.500019036233425e-07,0.46728675000485964,0.46728700000676326
40,1.2500095181167126e-07,0.45697204099269584,0.45697216599364765
40,1.66997779160738e-07,0.42842770798597485,0.428427874983754
40,1.66997779160738e-07,0.5865824999928009,0.58658266699058
40,1.2500095181167126e-07,0.5548434169904795,0.5548435419914313
40,1.66997779160738e-07,0.49161174998153,0.49161191697930917
40,2.0899460650980473e-07,1.1571828750020359,1.1571830839966424
40,1.66997779160738e-07,0.8194086249859538,0.819408791983733
40,1.66997779160738e-07,0.8432381250022445,0.8432382920000236
40,8.399365469813347e-08,0.553587291011354,0.5535873750050087
40,1.6600824892520905e-07,0.3987643749860581,0.398764540994307
40,2.500019036233425e-07,1.1338965839822777,1.1338968339841813
40,2.910092007368803e-07,0.4363619999785442,0.4363622909877449
40,2.500019036233425e-07,0.8943365839950275,0.8943368339969311
40,5.420006345957518e-07,0.4309165420127101,0.4309170840133447
40,3.7500285543501377e-07,0.4952021669887472,0.49520254199160263
40,2.0800507627427578e-07,0.5411415830021724,0.5411417910072487
40,1.6600824892520905e-07,0.7994792500103358,0.7994794160185847
41,2.0797597244381905e-07,0.44615316699491814,0.4461533749708906
41,8.300412446260452e-08,0.38129829202080145,0.3812983750249259
41,1.66997779160738e-07,0.5726820839918219,0.572682250989601
40,8.399365469813347e-08,1.1336842500022613,1.133684333995916
41,2.0800507627427578e-07,0.5050471669819672,0.5050473749870434
41,1.2500095181167126e-07,0.551509624987375,0.5515097499883268
41,2.500019036233425e-07,0.6389772499969695,0.6389774999988731
41,2.0899460650980473e-07,0.5659882500185631,0.5659884590131696
41,1.659791450947523e-07,0.6930944590130821,0.6930946249922272
41,2.9199873097240925e-07,0.8150597909989301,0.8150600829976611
40,1.66997779160738e-07,1.227801917004399,1.2278020840021782
41,4.1996827349066734e-08,0.6324912919953931,0.6324913339922205
41,1.66997779160738e-07,0.6499339170113672,0.6499340840091463
41,1.2500095181167126e-07,0.6750888749957085,0.6750889999966603
41,1.659791450947523e-07,0.6028457919892389,0.602845957968384
41,8.300412446260452e-08,0.6520724580041133,0.6520725410082377
41,2.0800507627427578e-07,0.6943289590126369,0.6943291670177132
41,1.2500095181167126e-07,0.43235433398513123,0.43235445898608305
41,2.0800507627427578e-07,1.1935729999968316,1.193573208001908
41,1.66997779160738e-07,0.4927863330231048,0.492786500020884
41,8.40227585285902e-08,0.8088249579886906,0.8088250420114491
41,1.6600824892520905e-07,0.6362634999968577,0.6362636660051066
41,1.2500095181167126e-07,0.4798067500232719,0.4798068750242237
41,2.0800507627427578e-07,0.44256274998770095,0.44256295799277723
41,1.2500095181167126e-07,1.1913023750239518,1.1913025000249036
41,2.0800507627427578e-07,0.7394135420036037,0.7394137500086799
41,1.2500095181167126e-07,0.4083614590053912,0.40836158400634304
41,2.0902371034026146e-07,0.5877971660229377,0.5877973750466481
41,1.6600824892520905e-07,0.5493038750137202,0.5493040410219692
41,2.9199873097240925e-07,0.4313235830049962,0.43132387500372715
41,1.2497184798121452e-07,0.5995957500126678,0.5995958749845158
41,2.910092007368803e-07,0.42919670799165033,0.42919699900085106
41,2.0800507627427578e-07,0.7322130420070607,0.732213250012137
41,2.0800507627427578e-07,0.36336487499647774,0.363365083001554
41,2.0800507627427578e-07,0.7590869590057991,0.7590871670108754
41,2.910092007368803e-07,0.359242834005272,0.35924312501447275
41,1.2500095181167126e-07,0.8498517090047244,0.8498518340056762
41,2.500019036233425e-07,0.41660412499913946,0.4166043750010431
41,1.2500095181167126e-07,1.114272415987216,1.1142725409881677
41,1.2500095181167126e-07,0.5939750419929624,0.5939751669939142
41,2.0800507627427578e-07,0.5381280839792453,0.5381282919843215
41,2.500019036233425e-07,0.37783145799767226,0.3778317079995759
41,2.500019036233425e-07,0.43270304100587964,0.43270329100778326
41,1.6600824892520905e-07,0.4588662500027567,0.45886641601100564
41,2.0902371034026146e-07,0.45737670801463537,0.4573769170383457
41,1.2500095181167126e-07,0.5611914999899454,0.5611916249908973
41,2.0899460650980473e-07,0.40565304199117236,0.40565325098577887
41,8.399365469813347e-08,0.544141458987724,0.5441415429813787
41,1.6600824892520905e-07,1.2169672089803498,1.2169673749885987
41,2.500019036233425e-07,0.7995547089958563,0.79955495899776
41,2.0800507627427578e-07,0.41900745799648575,0.41900766600156203
41,4.1996827349066734e-08,0.32010995800374076,0.3201100000005681
41,2.500019036233425e-07,0.3597914169949945,0.35979166699689813
41,1.2500095181167126e-07,0.5646292089950293,0.5646293339959811
41,2.0800507627427578e-07,0.5712325829954352,0.5712327910005115
41,1.66997779160738e-07,0.5157092080044094,0.5157093750021886
41,2.0800507627427578e-07,0.3697532499791123,0.36975345798418857
41,3.7500285543501377e-07,0.6041633750137407,0.6041637500165962
41,1.2500095181167126e-07,0.3657697080052458,0.3657698330061976
41,1.6600824892520905e-07,0.46757054200861603,0.46757070801686496
41,1.2500095181167126e-07,0.7601226249826141,0.7601227499835659
41,2.0800507627427578e-07,0.47583295800723135,0.47583316601230763
41,2.0800507627427578e-07,0.5805284999951255,0.5805287080002017
41,1.66997779160738e-07,1.1422055000148248,1.142205667012604
41,1.6600824892520905e-07,0.7944124579953495,0.7944126240035985
41,1.2500095181167126e-07,0.7937186250055674,0.7937187500065193
41,1.2500095181167126e-07,0.8403526670008432,0.840352792001795
41,1.2500095181167126e-07,0.6085981670184992,0.608598292019451
41,1.6600824892520905e-07,0.532379915995989,0.5323800820042379
41,1.66997779160738e-07,0.784571791999042,0.7845719589968212
41,4.1996827349066734e-08,0.46271912500378676,0.4627191670006141
41,2.500019036233425e-07,0.590737040998647,0.5907372910005506
41,2.0800507627427578e-07,0.815288874990074,0.8152890829951502
41,1.2500095181167126e-07,0.6355379589949735,0.6355380839959253
41,1.2500095181167126e-07,0.6525665830122307,0.6525667080131825
41,2.499727997928858e-07,1.1985216250177473,1.198521874990547
41,2.0800507627427578e-07,0.6191722499788739,0.6191724579839502
41,1.2500095181167126e-07,0.4957904999901075,0.4957906249910593
41,1.66997779160738e-07,0.8172661249991506,0.8172662919969298
41,2.0902371034026146e-07,1.1639872920059133,1.1639875010296237
41,8.399365469813347e-08,0.5473885000101291,0.5473885840037838
41,1.2500095181167126e-07,0.42956162500195205,0.42956175000290386
41,2.0800507627427578e-07,0.6620574160187971,0.6620576240238734
41,2.500019036233425e-07,0.4587040420155972,0.45870429201750085
41,2.500019036233425e-07,0.49797466601012275,0.49797491601202637
41,1.2500095181167126e-07,0.63010816698079,0.6301082919817418
41,2.0797597244381905e-07,0.44123533298261464,0.4412355409585871
41,2.9098009690642357e-07,1.1848771249933634,1.1848774159734603
41,1.66997779160738e-07,0.4556787089968566,0.45567887599463575
41,1.2500095181167126e-07,0.8535349580051843,0.8535350830061361
41,1.66997779160738e-07,0.831132291990798,0.8311324589885771
41,2.500019036233425e-07,0.5121999589900952,0.5122002089919988
41,1.2500095181167126e-07,0.8385781250253785,0.8385782500263304
41,8.40227585285902e-08,0.48523666700930335,0.4852367510320619
41,1.66997779160738e-07,1.21064624999417,1.210646416991949
41,4.100729711353779e-08,0.5474170829984359,0.5474171240057331
41,2.9199873097240925e-07,0.5064706669945735,0.5064709589933045
41,1.66997779160738e-07,0.5724505830148701,0.5724507500126492
41,2.0800507627427578e-07,0.7820884579850826,0.7820886659901589
41,2.9199873097240925e-07,0.576703999977326,0.576704291976057
42,8.300412446260452e-08,0.5044061249936931,0.5044062079978175
42,1.2500095181167126e-07,0.562432082981104,0.5624322079820558
42,1.6600824892520905e-07,0.5774765420064796,0.5774767080147285
41,1.2500095181167126e-07,1.135380499996245,1.1353806249971967
42,2.500019036233425e-07,0.4466351669980213,0.44663541699992493
42,2.500019036233425e-07,0.7384970840066671,0.7384973340085708
42,2.0899460650980473e-07,0.5059390419919509,0.5059392509865575
42,2.0800507627427578e-07,0.54755612500594,0.5475563330110162
42,1.6600824892520905e-07,0.4013638749893289,0.40136404099757783
42,8.300412446260452e-08,0.6185050419881009,0.6185051249922253
42,1.2500095181167126e-07,0.515786667005159,0.5157867920061108
42,8.300412446260452e-08,0.39743224999983795,0.3974323330039624
42,1.2500095181167126e-07,0.5112453750043642,0.511245500005316
42,2.0797597244381905e-07,0.4177974579797592,0.41779766595573165
42,2.500019036233425e-07,0.4067360830085818,0.4067363330104854
41,2.0800507627427578e-07,1.2316581670020241,1.2316583750071004
42,4.1996827349066734e-08,0.611153915990144,0.6111539579869714
42,2.910092007368803e-07,0.3315736670047045,0.3315739580139052
42,1.66997779160738e-07,0.37863074999768287,0.37863091699546203
42,1.66997779160738e-07,1.170914874994196,1.1709150419919752
42,2.0902371034026146e-07,0.6701608330185991,0.6701610420423094
42,2.500019036233425e-07,0.5949569590156898,0.5949572090175934
42,1.2497184798121452e-07,0.5003038330178242,0.5003039579896722
42,2.0899460650980473e-07,1.047469291021116,1.0474695000157226
42,8.300412446260452e-08,0.8252630420029163,0.8252631250070408
42,1.2500095181167126e-07,1.315458209021017,1.3154583340219688
42,1.2500095181167126e-07,0.6126492920157034,0.6126494170166552
42,2.0899460650980473e-07,0.8455452919879463,0.8455455009825528
42,8.300412446260452e-08,0.8846025000093505,0.8846025830134749
42,1.6600824892520905e-07,0.8815515000023879,0.8815516660106368
42,1.2500095181167126e-07,0.4927545420068782,0.49275466700783
42,2.500019036233425e-07,0.7857642919989303,0.7857645420008339
42,2.9199873097240925e-07,0.803715749992989,0.80371604199172
42,4.1996827349066734e-08,0.4602373749949038,0.46023741699173115
42,8.300412446260452e-08,0.6471071249980014,0.6471072080021258
42,8.399365469813347e-08,0.9740752090001479,0.9740752929938026
42,2.0800507627427578e-07,1.2558151669800282,1.2558153749851044
42,1.66997779160738e-07,0.4902984579966869,0.4902986249944661
42,1.2500095181167126e-07,0.40683137500309385,0.40683150000404567
42,1.2500095181167126e-07,0.6333925839862786,0.6333927089872304
42,4.202593117952347e-08,0.45140687498496845,0.45140691701089963
42,2.0800507627427578e-07,0.43176966698956676,0.43176987499464303
42,2.9199873097240925e-07,0.6144992919871584,0.6144995839858893
42,2.0800507627427578e-07,0.3801860000239685,0.3801862080290448
42,2.500019036233425e-07,0.3600935830036178,0.36009383300552145
42,8.300412446260452e-08,0.5184293749916833,0.5184294579958078
42,2.910092007368803e-07,0.7038629169983324,0.7038632080075331
42,1.659791450947523e-07,1.2719188340124674,1.2719189999916125
42,1.2500095181167126e-07,0.3842437920102384,0.3842439170111902
42,1.2500095181167126e-07,0.7766486249747686,0.7766487499757204
42,2.0797597244381905e-07,0.4885477500210982,0.4885479579970706
42,1.2500095181167126e-07,0.3602835409983527,0.3602836659993045
42,1.6702688299119473e-07,0.6208520420186687,0.6208522090455517
42,1.66997779160738e-07,0.5496690830041189,0.549669250001898
42,3.7500285543501377e-07,0.48680470799445175,0.4868050829973072
42,1.2500095181167126e-07,0.5720185420068447,0.5720186670077965
42,2.9199873097240925e-07,0.38562812499003485,0.3856284169887658
42,1.2500095181167126e-07,0.5762295000022277,0.5762296250031795
42,1.2500095181167126e-07,0.4400626669812482,0.4400627919822
42,1.66997779160738e-07,0.4933153330057394,0.49331550000351854
42,2.500019036233425e-07,0.7672935830196366,0.7672938330215402
42,2.500019036233425e-07,1.104543541005114,1.1045437910070177
42,2.0899460650980473e-07,0.6435865419916809,0.6435867509862874
42,2.0800507627427578e-07,0.7024414580082521,0.7024416660133284
42,2.9199873097240925e-07,0.8265875829965807,0.8265878749953117
42,1.2500095181167126e-07,0.7940571670187637,0.7940572920197155
42,2.0899460650980473e-07,0.6127379169920459,0.6127381259866524
42,1.66997779160738e-07,0.5786990419728681,0.5786992089706473
42,2.0797597244381905e-07,0.5983759580121841,0.5983761659881566
42,1.66997779160738e-07,0.5032599580008537,0.5032601249986328
42,2.0899460650980473e-07,0.6238219999941066,0.6238222089887131
42,1.2500095181167126e-07,0.5697997079987545,0.5697998329997063
42,2.0899460650980473e-07,0.8913554589962587,0.8913556679908652
42,1.2500095181167126e-07,1.1832027079944964,1.1832028329954483
42,1.2500095181167126e-07,0.46914829200250097,0.4691484170034528
42,1.2500095181167126e-07,0.6819224999926519,0.6819226249936037
42,2.9199873097240925e-07,0.564024999999674,0.564025291998405
42,1.2500095181167126e-07,0.42455837500165217,0.424558500002604
42,8.300412446260452e-08,0.754479082999751,0.7544791660038754
42,1.66997779160738e-07,1.007941749994643,1.0079419169924222
42,1.66997779160738e-07,1.1887292079918552,1.1887293749896344
42,2.500019036233425e-07,0.43744754101498984,0.43744779101689346
42,1.2500095181167126e-07,0.4151140000030864,0.4151141250040382
42,2.0800507627427578e-07,0.5991232499945909,0.5991234579996672
42,1.66997779160738e-07,0.42687574998126365,0.4268759169790428
42,2.0800507627427578e-07,0.6554219579847995,0.6554221659898758
42,2.0800507627427578e-07,0.5874745830078609,0.5874747910129372
42,1.2500095181167126e-07,0.48499420899315737,0.4849943339941092
42,2.0800507627427578e-07,0.7755554169998504,0.7755556250049267
42,1.66997779160738e-07,1.2246089160034899,1.224609083001269
42,8.399365469813347e-08,0.8264612499915529,0.8264613339852076
42,3.7500285543501377e-07,0.3929142089909874,0.3929145839938428
42,2.9098009690642357e-07,0.5810317920113448,0.5810320829914417
42,1.6600824892520905e-07,0.8371657500101719,0.8371659160184208
42,2.499727997928858e-07,0.3752672920236364,0.3752675419964362
42,8.300412446260452e-08,1.1671569579921197,1.1671570409962442
42,1.66997779160738e-07,0.5449269999808166,0.5449271669785958
42,1.6702688299119473e-07,0.5687602919933852,0.5687604590202682
42,1.2500095181167126e-07,0.722266209020745,0.7222663340216968
42,2.0800507627427578e-07,1.024402665992966,1.0244028739980422
43,2.0899460650980473e-07,0.7254954160016496,0.7254956249962561
42,2.0899460650980473e-07,1.3226103339984547,1.3226105429930612
43,1.6600824892520905e-07,0.7451874169928487,0.7451875830010977
43,1.66997779160738e-07,0.6727240410109516,0.6727242080087308
43,1.2500095181167126e-07,0.6550273340253625,0.6550274590263143
43,2.0902371034026146e-07,0.8511427500052378,0.8511429590289481
43,1.659791450947523e-07,0.7334131670068018,0.7334133329859469
43,1.66997779160738e-07,0.7424239170213696,0.7424240840191487
43,1.66997779160738e-07,0.6677326250064652,0.6677327920042444
43,2.0800507627427578e-07,0.48665245799929835,0.4866526660043746
43,1.2500095181167126e-07,0.8433556250238325,0.8433557500247844
43,1.2500095181167126e-07,0.4868145420041401,0.4868146670050919
42,2.0899460650980473e-07,1.3496602500090376,1.349660459003644
43,2.9199873097240925e-07,0.5031023329938762,0.5031026249926072
43,1.6600824892520905e-07,0.6169898340012878,0.6169900000095367
43,8.399365469813347e-08,0.4682414160051849,0.46824149999883957
43,2.9199873097240925e-07,1.3093100829864852,1.3093103749852162
43,5.410111043602228e-07,0.6286097909905948,0.6286103320016991
43,1.66997779160738e-07,0.37432654100121,0.37432670799898915
43,1.66997779160738e-07,0.7580264169955626,0.7580265839933418
43,2.0800507627427578e-07,0.5177537080016918,0.5177539160067681
43,1.6600824892520905e-07,0.6132936250069179,0.6132937910151668
43,2.500019036233425e-07,0.4706782079883851,0.47067845799028873
43,1.66997779160738e-07,0.41557137499330565,0.4155715419910848
43,2.500019036233425e-07,1.1909458330192138,1.1909460830211174
43,2.0899460650980473e-07,0.579234707984142,0.5792349169787485
43,2.9199873097240925e-07,0.5725539999839384,0.5725542919826694
43,1.2500095181167126e-07,0.8579106249962933,0.8579107499972451
43,2.9098009690642357e-07,0.6427405420108698,0.6427408329909667
43,1.6702688299119473e-07,0.562208167015342,0.562208334042225
43,2.0800507627427578e-07,0.8282102500088513,0.8282104580139276
43,2.0899460650980473e-07,0.4878902499913238,0.4878904589859303
43,2.500019036233425e-07,0.5235872920020483,0.523587542003952
43,2.500019036233425e-07,0.8076402080187108,0.8076404580206145
43,1.66997779160738e-07,0.5357052089821082,0.5357053759798873
43,2.9199873097240925e-07,0.8603410419891588,0.8603413339878898
43,1.2500095181167126e-07,0.4590777079865802,0.459077832987532
43,1.6600824892520905e-07,1.1403930000087712,1.1403931660170201
43,2.0899460650980473e-07,0.5852753329963889,0.5852755419909954
43,1.659791450947523e-07,0.43941158399684355,0.43941174997598864
43,1.6702688299119473e-07,0.45887225001933984,0.45887241704622284
43,1.66997779160738e-07,0.3182912919728551,0.31829145897063427
43,1.66997779160738e-07,0.4842794580035843,0.48427962500136346
43,1.2500095181167126e-07,0.6549430000013672,0.654943125002319
43,1.2500095181167126e-07,0.5267869169765618,0.5267870419775136
43,2.0800507627427578e-07,0.5317148749891203,0.5317150829941966
43,4.100729711353779e-08,0.5576357909885701,0.5576358319958672
43,1.2500095181167126e-07,0.7097887500131037,0.7097888750140555
43,2.0899460650980473e-07,0.4709035840060096,0.47090379300061613
43,1.66997779160738e-07,1.3419136669836007,1.3419138339813799
43,1.6600824892520905e-07,0.5863245840009768,0.5863247500092257
43,2.0800507627427578e-07,0.853501875011716,0.8535020830167923
43,1.2500095181167126e-07,0.42018870799802244,0.42018883299897425
43,2.0902371034026146e-07,0.4136868330242578,0.41368704204796813
43,1.66997779160738e-07,0.6520540409837849,0.6520542079815641
43,2.500019036233425e-07,0.41337704099714756,0.4133772909990512
43,4.169996827840805e-07,0.6664162920205854,0.6664167090202682
43,2.500019036233425e-07,0.6418562920007389,0.6418565420026425
43,2.500019036233425e-07,0.5264299580012448,0.5264302080031484
43,8.300412446260452e-08,0.40252933400915936,0.4025294170132838
43,1.2500095181167126e-07,0.5232016250083689,0.5232017500093207
43,1.2500095181167126e-07,1.1848257500096224,1.1848258750105742
43,2.910092007368803e-07,0.8438413339899853,0.843841624999186
43,1.66997779160738e-07,0.5089497090084478,0.508949876006227
43,1.2500095181167126e-07,0.9041422079899348,0.9041423329908866
43,8.399365469813347e-08,0.8934407499909867,0.8934408339846414
43,1.66997779160738e-07,0.8229137500165962,0.8229139170143753
43,8.399365469813347e-08,0.6052736669953447,0.6052737509889994
43,1.659791450947523e-07,0.5045308750122786,0.5045310409914237
43,2.0800507627427578e-07,0.38032416699570604,0.3803243750007823
43,2.500019036233425e-07,0.8736489169823471,0.8736491669842508
43,2.500019036233425e-07,0.6715365830168594,0.671536833018763
43,1.2500095181167126e-07,0.5843682910199277,0.5843684160208795
43,1.2500095181167126e-07,0.7813725000014529,0.7813726250024047
43,2.9199873097240925e-07,0.6542403749772348,0.6542406669759657
43,1.66997779160738e-07,1.1915891249955166,1.1915892919932958
43,1.66997779160738e-07,0.6050752919982187,0.6050754589959979
43,1.6600824892520905e-07,0.6852415000030305,0.6852416660112794
43,1.66997779160738e-07,0.9618992079922464,0.9618993749900255
43,1.2500095181167126e-07,0.7397989169985522,0.739799041999504
43,1.2500095181167126e-07,1.3734890000196174,1.3734891250205692
43,2.9199873097240925e-07,0.5296727920067497,0.5296730840054806
43,1.66997779160738e-07,0.4949465829995461,0.49494674999732524
43,1.66997779160738e-07,0.6421707499830518,0.642170916980831
43,2.0797597244381905e-07,0.7884868750115857,0.7884870829875581
43,8.399365469813347e-08,0.4423360840009991,0.4423361679946538
43,2.500019036233425e-07,0.7700825420033652,0.7700827920052689
43,1.66997779160738e-07,0.9875279580010101,0.9875281249987893
43,1.6600824892520905e-07,0.8829311669978779,0.8829313330061268
43,2.0800507627427578e-07,1.323635207983898,1.3236354159889743
43,1.2497184798121452e-07,0.5738159590109717,0.5738160839828197
43,1.66997779160738e-07,0.415077708021272,0.41507787501905113
43,8.300412446260452e-08,0.9829198329825886,0.982919915986713
43,1.2500095181167126e-07,0.5305149169871584,0.5305150419881102
43,4.1996827349066734e-08,1.269493166997563,1.2694932089943904
43,2.9199873097240925e-07,0.49393500000587665,0.4939352920046076
43,1.66997779160738e-07,0.4698203750012908,0.46982054199907
43,1.66997779160738e-07,0.5992419579997659,0.599242124997545
43,2.0800507627427578e-07,0.7308354169945233,0.7308356249995995
44,2.500019036233425e-07,0.399244333995739,0.3992445839976426
44,1.66997779160738e-07,0.5605530840111896,0.5605532510089688
44,1.659791450947523e-07,0.5931964579795022,0.5931966239586473
43,1.2500095181167126e-07,0.6042231669998728,0.6042232920008246
44,1.6600824892520905e-07,0.47271512501174584,0.47271529101999477
44,1.66997779160738e-07,0.45084916599444114,0.4508493329922203
44,2.500019036233425e-07,0.5116193329740781,0.5116195829759818
43,2.0800507627427578e-07,1.210472375008976,1.2104725830140524
44,1.2500095181167126e-07,0.507624083023984,0.5076242080249358
44,1.6600824892520905e-07,0.5673773330054246,0.5673774990136735
44,1.659791450947523e-07,0.6784017079917248,0.6784018739708699
44,2.9199873097240925e-07,0.49634250000235625,0.4963427920010872
43,1.2500095181167126e-07,1.1486243340186775,1.1486244590196293
44,1.659791450947523e-07,0.4308515000157058,0.4308516659948509
44,1.66997779160738e-07,0.5135864579933695,0.5135866249911487
44,2.0800507627427578e-07,0.5377970419940539,0.5377972499991301
44,1.2500095181167126e-07,0.42097233299864456,0.4209724579995964
44,2.0797597244381905e-07,0.6110098329954781,0.6110100409714505
44,1.2500095181167126e-07,1.1287327919853851,1.128732916986337
44,2.500019036233425e-07,0.47365800000261515,0.4736582500045188
44,8.399365469813347e-08,0.5063167079933919,0.5063167919870466
44,1.2500095181167126e-07,0.41277329198783264,0.41277341698878445
44,1.2500095181167126e-07,0.5758238340204116,0.5758239590213634
44,2.0899460650980473e-07,0.8375372079899535,0.83753741698456
44,2.500019036233425e-07,0.5196259160002228,0.5196261660021264
44,1.2500095181167126e-07,1.1973657499765977,1.1973658749775495
44,1.2497184798121452e-07,0.5617732500249986,0.5617733749968465
44,2.910092007368803e-07,0.5880843750201166,0.5880846660293173
44,1.66997779160738e-07,0.9232763339823578,0.9232765009801369
44,4.1996827349066734e-08,0.7592370839847717,0.7592371259815991
44,1.2500095181167126e-07,0.5931391250051092,0.593139250006061
44,1.2500095181167126e-07,0.40521758401882835,0.40521770901978016
44,1.2500095181167126e-07,0.4373857919999864,0.4373859170009382
44,1.66997779160738e-07,0.5068538339983206,0.5068540009960998
44,4.169996827840805e-07,0.826797916990472,0.8267983339901548
44,4.1996827349066734e-08,0.8296510829823092,0.8296511249791365
44,1.2500095181167126e-07,0.5113077079877257,0.5113078329886775
44,8.300412446260452e-08,0.43460616702213883,0.4346062500262633
44,1.66997779160738e-07,1.21538400001009,1.215384167007869
44,1.66997779160738e-07,0.7000982500030659,0.7000984170008451
44,1.2500095181167126e-07,0.5065023750066757,0.5065025000076275
44,1.66997779160738e-07,0.4697896660072729,0.46978983300505206
44,1.659791450947523e-07,0.48986475000856444,0.48986491598770954
44,1.2500095181167126e-07,0.4355449579888955,0.4355450829898473
44,1.66997779160738e-07,0.4025222079944797,0.40252237499225885
44,1.66997779160738e-07,0.5968369579932187,0.5968371249909978
44,1.2500095181167126e-07,0.5335414999863133,0.5335416249872651
44,1.2500095181167126e-07,0.62113062501885,0.6211307500198018
44,2.0797597244381905e-07,0.6179983330075629,0.6179985409835353
44,1.2500095181167126e-07,0.8213227499800269,0.8213228749809787
44,5.00003807246685e-07,1.274743749992922,1.2747442499967292
44,1.2500095181167126e-07,0.3553270410047844,0.3553271660057362
44,2.9199873097240925e-07,0.4262680829851888,0.4262683749839198
44,2.500019036233425e-07,0.3506355420104228,0.3506357920123264
44,1.2500095181167126e-07,0.6231640409969259,0.6231641659978777
44,1.2500095181167126e-07,0.581797958991956,0.5817980839929078
44,2.0800507627427578e-07,0.5494797079882119,0.5494799159932882
44,8.399365469813347e-08,0.5617633749789093,0.561763458972564
44,1.2500095181167126e-07,0.3935352499829605,0.39353537498391233
44,1.2500095181167126e-07,0.5133275419939309,0.5133276669948827
44,4.169996827840805e-07,1.1190804170037154,1.1190808340033982
44,8.300412446260452e-08,0.4318534579942934,0.4318535409984179
44,1.2500095181167126e-07,0.5171700410137419,0.5171701660146937
44,2.0899460650980473e-07,0.7995860840019304,0.7995862929965369
44,1.66997779160738e-07,0.745864291995531,0.7458644589933101
44,1.66997779160738e-07,0.8393125830043573,0.8393127500021365
44,1.2500095181167126e-07,0.4918077919865027,0.4918079169874545
44,1.2500095181167126e-07,0.7425773340219166,0.7425774590228684
44,1.2500095181167126e-07,0.5566752500017174,0.5566753750026692
44,2.9098009690642357e-07,0.42374449997441843,0.42374479095451534
44,2.500019036233425e-07,0.4088047500117682,0.4088050000136718
44,1.6600824892520905e-07,0.7790810839796904,0.7790812499879394
44,1.66997779160738e-07,0.7501923749805428,0.750192541978322
44,2.0899460650980473e-07,0.5520384999981616,0.5520387089927681
44,2.910092007368803e-07,0.6078700840007514,0.6078703750099521
44,2.0797597244381905e-07,0.579288583016023,0.5792887909919955
44,1.6600824892520905e-07,1.111815333017148,1.111815499025397
44,1.66997779160738e-07,0.3916925419762265,0.39169270897400565
44,4.1996827349066734e-08,0.5668520830222405,0.5668521250190679
44,1.6600824892520905e-07,0.4367001659993548,0.4367003320076037
44,8.399365469813347e-08,1.0799868750036694,1.079986958997324
44,1.6600824892520905e-07,0.8353050829900894,0.8353052489983384
44,2.0800507627427578e-07,0.3655142089992296,0.36551441700430587
44,8.300412446260452e-08,0.5342987909971271,0.5342988740012515
44,2.0800507627427578e-07,0.4435902499826625,0.4435904579877388
44,2.9199873097240925e-07,0.4089790000289213,0.40897929202765226
44,1.66997779160738e-07,0.5663242920127232,0.5663244590105023
44,2.500019036233425e-07,0.46133624998037703,0.46133649998228066
44,1.6600824892520905e-07,0.44646987499436364,0.44647004100261256
44,1.2500095181167126e-07,1.1134427920042071,1.113442917005159
44,1.2500095181167126e-07,0.7608837909938302,0.760883915994782
44,1.6600824892520905e-07,0.7688520420051645,0.7688522080134135
44,2.0800507627427578e-07,0.39286424999590963,0.3928644580009859
44,2.500019036233425e-07,0.8109429999894928,0.8109432499913964
44,8.300412446260452e-08,0.59650612497353,0.5965062079776544
44,2.500019036233425e-07,0.4101024160045199,0.41010266600642353
44,3.33995558321476e-07,0.47259712501545437,0.4725974590110127
44,1.66997779160738e-07,0.4476602919748984,0.4476604589726776
44,1.66997779160738e-07,1.1917627500079107,1.1917629170056898
45,1.2500095181167126e-07,0.4021127500163857,0.4021128750173375
44,1.66997779160738e-07,0.7819098749896511,0.7819100419874303
44,1.66997779160738e-07,0.5795314999995753,0.5795316669973545
45,1.2500095181167126e-07,0.5802527500200085,0.5802528750209603
45,3.329769242554903e-07,0.43645520802238025,0.4364555409993045
45,1.66997779160738e-07,0.6125132919987664,0.6125134589965455
45,1.659791450947523e-07,0.3974774590169545,0.3974776249960996
44,4.1996827349066734e-08,1.1110654169751797,1.111065458972007
45,2.500019036233425e-07,0.4552736250043381,0.4552738750062417
45,2.0800507627427578e-07,0.5229742919909768,0.522974499996053
45,1.66997779160738e-07,0.5275803340191487,0.5275805010169279
45,1.66997779160738e-07,0.5654019579815213,0.5654021249793004
45,1.2500095181167126e-07,0.40833291699527763,0.40833304199622944
45,8.399365469813347e-08,0.3686513749998994,0.3686514589935541
45,1.66997779160738e-07,0.38929320801980793,0.3892933750175871
44,3.3300602808594704e-07,1.1201788750186097,1.1201792080246378
45,1.2500095181167126e-07,0.4677933749917429,0.4677934999926947
45,8.300412446260452e-08,0.3668402920011431,0.36684037500526756
45,2.0902371034026146e-07,0.5349382499989588,0.5349384590226691
45,1.2500095181167126e-07,0.4223857089818921,0.4223858339828439
45,1.66997779160738e-07,0.36694391700439155,0.3669440840021707
45,1.2500095181167126e-07,1.1442533750087023,1.144253500009654
45,2.0800507627427578e-07,0.717456582991872,0.7174567909969483
45,8.300412446260452e-08,0.4762777909927536,0.47627787399687804
45,1.66997779160738e-07,0.3905118749826215,0.3905120419804007
45,2.0800507627427578e-07,0.5998563749890309,0.5998565829941072
45,1.66997779160738e-07,0.5549277079990134,0.5549278749967925
45,2.0899460650980473e-07,1.1508946250251029,1.1508948340197094
45,8.300412446260452e-08,0.30201783298980445,0.3020179159939289
45,2.0800507627427578e-07,0.533907500008354,0.5339077080134302
45,1.2500095181167126e-07,0.8302712500153575,0.8302713750163093
45,1.66997779160738e-07,0.3953998750075698,0.39540004200534895
45,1.66997779160738e-07,0.7649224170017987,0.7649225839995779
45,1.66997779160738e-07,0.35816791700199246,0.3581680839997716
45,2.0797597244381905e-07,0.5570578330080025,0.5570580409839749
45,2.0797597244381905e-07,0.7932910829840694,0.7932912909600418
45,1.66997779160738e-07,0.4599385840119794,0.45993875100975856
45,4.1996827349066734e-08,0.7437014160095714,0.7437014580063988
45,2.0800507627427578e-07,0.4000056670047343,0.40000587500981055
45,1.66997779160738e-07,0.3672314160212409,0.36723158301902004
45,8.40227585285902e-08,0.4693428330065217,0.4693429170292802
45,1.66997779160738e-07,1.1338288339902647,1.1338290009880438
45,2.0902371034026146e-07,0.40176254097605124,0.4017627499997616
45,2.0800507627427578e-07,0.3042124579951633,0.30421266600023955
45,2.0800507627427578e-07,0.36725116698653437,0.36725137499161065
45,2.0899460650980473e-07,0.5638427079829853,0.5638429169775918
45,1.66997779160738e-07,0.421098416991299,0.4210985839890782
45,1.2500095181167126e-07,0.45196750000468455,0.45196762500563636
45,2.0899460650980473e-07,0.5296894159982912,0.5296896249928977
45,2.0899460650980473e-07,0.4976982499938458,0.49769845898845233
45,1.66997779160738e-07,0.36129712499678135,0.3612972919945605
45,2.0800507627427578e-07,0.7902098330087028,0.7902100410137791
45,1.6600824892520905e-07,1.1884430409991182,1.1884432070073672
45,2.500019036233425e-07,0.39299720799317583,0.39299745799507946
45,2.500019036233425e-07,0.572088957997039,0.5720892079989426
45,2.500019036233425e-07,0.38990070897853,0.38990095898043364
45,5.00003807246685e-07,0.5410967089992482,0.5410972090030555
45,1.66997779160738e-07,0.34068795799976215,0.3406881249975413
45,8.300412446260452e-08,0.505079458002001,0.5050795410061255
45,3.3300602808594704e-07,0.5632024999940768,0.5632028330001049
45,1.66997779160738e-07,0.36667404099716805,0.3666742079949472
45,2.500019036233425e-07,0.5884250410017557,0.5884252910036594
45,1.2500095181167126e-07,0.41426099999807775,0.41426112499902956
45,2.500019036233425e-07,0.4654815419926308,0.46548179199453443
45,1.66997779160738e-07,0.8228542500000913,0.8228544169978704
45,1.2500095181167126e-07,0.8325520000071265,0.8325521250080783
45,3.33995558321476e-07,0.8060487500042655,0.8060490839998238
45,1.6702688299119473e-07,1.2738808340218384,1.2738810010487214
45,1.2500095181167126e-07,0.5410634590080008,0.5410635840089526
45,1.66997779160738e-07,0.8055582920205779,0.8055584590183571
45,2.0800507627427578e-07,0.7162795829935931,0.7162797909986693
45,1.2500095181167126e-07,0.4681572499976028,0.4681573749985546
45,1.6600824892520905e-07,0.7401485409936868,0.7401487070019357
45,1.2500095181167126e-07,0.41822325001703575,0.41822337501798756
45,2.9098009690642357e-07,0.5517994170077145,0.5517997079878114
45,2.9199873097240925e-07,0.5455347090028226,0.5455350010015536
45,1.6600824892520905e-07,1.0953047910006717,1.0953049570089206
45,1.6600824892520905e-07,0.5307382500031963,0.5307384160114452
45,1.66997779160738e-07,0.6298615840205457,0.6298617510183249
45,1.659791450947523e-07,0.4369332500209566,0.4369334160001017
45,1.2500095181167126e-07,0.44146904099034145,0.44146916599129327
45,1.2500095181167126e-07,1.173690916999476,1.1736910420004278
45,1.2500095181167126e-07,0.8181309170031454,0.8181310420040973
45,1.2500095181167126e-07,0.5087415410089307,0.5087416660098825
45,2.0800507627427578e-07,0.4195060000056401,0.41950620801071636
45,1.2500095181167126e-07,0.41908212497946806,0.4190822499804199
45,2.0899460650980473e-07,0.3453065420035273,0.3453067509981338
45,1.66997779160738e-07,0.44558145897462964,0.4455816259724088
45,2.500019036233425e-07,0.6181369999831077,0.6181372499850113
45,1.2500095181167126e-07,0.44142787499004044,0.44142799999099225
45,2.0899460650980473e-07,0.7599488330015447,0.7599490419961512
45,1.66997779160738e-07,0.7607627079996746,0.7607628749974538
45,1.659791450947523e-07,0.33762795900111087,0.33762812498025596
45,1.66997779160738e-07,1.0929855839931406,1.0929857509909198
45,1.2500095181167126e-07,0.7263562500011176,0.7263563750020694
45,4.159810487180948e-07,0.5248131249973085,0.5248135409783572
45,1.66997779160738e-07,1.1067372919933405,1.1067374589911196
45,2.0800507627427578e-07,0.4088691660144832,0.4088693740195595
45,1.2500095181167126e-07,0.44653074999223463,0.44653087499318644
45,1.2500095181167126e-07,0.48594949999824166,0.4859496249991935
45,2.0797597244381905e-07,0.7235975000075996,0.723597707983572
46,1.6600824892520905e-07,0.3131076660065446,0.31310783201479353
45,3.33995558321476e-07,0.5618995839904528,0.5618999179860111
46,1.2500095181167126e-07,0.5534882080100942,0.553488333011046
46,8.300412446260452e-08,0.4482905409822706,0.4482906239863951
46,1.2500095181167126e-07,0.4752074590069242,0.475207584007876
46,2.9098009690642357e-07,0.5806886250211392,0.5806889160012361
46,1.2500095181167126e-07,0.5041106249846052,0.504110749985557
46,2.500019036233425e-07,0.45795070799067616,0.4579509579925798
45,2.0800507627427578e-07,1.146724499994889,1.1467247079999652
46,1.2500095181167126e-07,0.38408225000603124,0.38408237500698306
46,2.0800507627427578e-07,0.6380062499956694,0.6380064580007456
46,1.2500095181167126e-07,0.5929441660118755,0.5929442910128273
46,2.500019036233425e-07,0.3562764590024017,0.3562767090043053
46,8.300412446260452e-08,0.3608965830062516,0.36089666601037607
46,1.6600824892520905e-07,0.48314208298688754,0.48314224899513647
45,1.659791450947523e-07,1.1072571250260808,1.1072572910052259
46,2.910092007368803e-07,0.5505267499829642,0.550527040992165
46,1.6600824892520905e-07,0.4129631659889128,0.41296333199716173
46,1.659791450947523e-07,1.0305166670004837,1.0305168329796288
46,1.66997779160738e-07,0.4282793329912238,0.42827949998900294
46,2.0800507627427578e-07,0.3638923749967944,0.36389258300187066
46,1.2500095181167126e-07,0.505681792012183,0.5056819170131348
46,4.169996827840805e-07,0.7151315420051105,0.7151319590047933
46,1.66997779160738e-07,0.4249696669867262,0.4249698339845054
46,2.0899460650980473e-07,0.4949574579950422,0.4949576669896487
46,2.9199873097240925e-07,1.0689854160009418,1.0689857079996727
46,1.66997779160738e-07,0.5962100419856142,0.5962102089833934
46,2.500019036233425e-07,0.4095167499908712,0.4095169999927748
46,2.0800507627427578e-07,0.5217848749889527,0.5217850829940289
46,1.2500095181167126e-07,0.5300304999982473,0.5300306249991991
46,2.0797597244381905e-07,0.8411438750044908,0.8411440829804633
46,1.66997779160738e-07,0.42906833300367,0.42906850000144914
46,8.399365469813347e-08,0.7681692499900237,0.7681693339836784
46,2.9199873097240925e-07,0.41400316698127426,0.41400345898000523
46,1.659791450947523e-07,0.5203709999914281,0.5203711659705732
46,2.0800507627427578e-07,0.8389323750161566,0.8389325830212329
46,1.66997779160738e-07,0.8715707500232384,0.8715709170210175
46,1.66997779160738e-07,0.3935426669777371,0.39354283397551626
46,1.2500095181167126e-07,1.1318534579768311,1.131853582977783
46,2.0800507627427578e-07,0.4336929160053842,0.43369312401046045
46,8.297502063214779e-08,0.6395959590154234,0.6395960419904441
46,2.0800507627427578e-07,0.4828090420051012,0.4828092500101775
46,1.2500095181167126e-07,0.45735733400215395,0.45735745900310576
46,2.500019036233425e-07,0.4700840419973247,0.4700842919992283
46,2.0800507627427578e-07,0.4733819999964908,0.47338220800156705
46,2.500019036233425e-07,0.4194043340103235,0.41940458401222713
46,2.0800507627427578e-07,0.5718102079990786,0.5718104160041548
46,2.0800507627427578e-07,1.0854712919972371,1.0854715000023134
46,8.300412446260452e-08,0.3813285829965025,0.381328666000627
46,2.0800507627427578e-07,0.36440379198757,0.3644039999926463
46,2.0800507627427578e-07,0.35187470802338794,0.3518749160284642
46,2.0800507627427578e-07,0.5610928749956656,0.5610930830007419
46,8.399365469813347e-08,0.8631306659954134,0.8631307499890681
46,2.500019036233425e-07,0.37356483400799334,0.37356508400989696
46,1.66997779160738e-07,0.6219723749964032,0.6219725419941824
46,2.500019036233425e-07,0.552143957989756,0.5521442079916596
46,4.1996827349066734e-08,0.6769622499996331,0.6769622919964604
46,1.66997779160738e-07,0.49001554198912345,0.4900157089869026
46,1.66997779160738e-07,0.7230564999917988,0.7230566669895779
46,2.9098009690642357e-07,1.1799830409872811,1.179983331967378
46,1.2500095181167126e-07,0.7971820830134675,0.7971822080144193
46,2.500019036233425e-07,0.9747919590154197,0.9747922090173233
46,1.2500095181167126e-07,0.9867928329913411,0.9867929579922929
46,1.66997779160738e-07,0.7111604170058854,0.7111605840036646
46,1.6702688299119473e-07,0.8593832920014393,0.8593834590283222
46,1.66997779160738e-07,0.8045060419826768,0.804506208980456
46,2.0800507627427578e-07,1.0754176669870503,1.0754178749921266
46,8.399365469813347e-08,0.831691375002265,0.8316914589959197
46,2.0899460650980473e-07,0.6977185829891823,0.6977187919837888
46,1.2497184798121452e-07,0.9403702499985229,0.9403703749703709
46,1.2500095181167126e-07,0.42489062499953434,0.42489075000048615
46,1.2500095181167126e-07,0.6372413329954725,0.6372414579964243
46,2.0899460650980473e-07,0.5211622079950757,0.5211624169896822
46,1.66997779160738e-07,0.6282155830122065,0.6282157500099856
46,1.6600824892520905e-07,0.9817668750183657,0.9817670410266146
46,1.2497184798121452e-07,0.49011916702147573,0.4901192919933237
46,2.500019036233425e-07,1.4479922079772223,1.447992457979126
46,1.659791450947523e-07,0.7280482920177747,0.7280484579969198
46,1.2500095181167126e-07,0.735890667012427,0.7358907920133788
46,3.3300602808594704e-07,0.7882592499954626,0.7882595830014907
46,2.500019036233425e-07,1.306284082995262,1.3062843329971656
46,2.910092007368803e-07,0.6004756659967825,0.6004759570059832
46,2.910092007368803e-07,0.7572952090122271,0.7572955000214279
46,1.66997779160738e-07,0.5274841249920428,0.5274842919898219
46,1.2500095181167126e-07,0.5346689999860246,0.5346691249869764
46,2.500019036233425e-07,0.439971166983014,0.4399714169849176
46,1.2500095181167126e-07,0.5426315829972737,0.5426317079982255
46,1.66997779160738e-07,0.7481054580130149,0.748105625010794
46,1.2500095181167126e-07,1.2718579590145964,1.2718580840155482
46,2.0899460650980473e-07,0.8836409579962492,0.8836411669908557
46,8.399365469813347e-08,0.5678239580010995,0.5678240419947542
46,1.66997779160738e-07,0.8549061249941587,0.8549062919919379
46,1.2500095181167126e-07,0.6874236250005197,0.6874237500014715
46,1.2500095181167126e-07,0.39050158401369117,0.390501709014643
46,2.0800507627427578e-07,1.2760005840100348,1.276000792015111
46,2.0899460650980473e-07,0.9686920839885715,0.968692292983178
46,1.2500095181167126e-07,0.5245467500062659,0.5245468750072177
46,2.0800507627427578e-07,0.6060533749987371,0.6060535830038134
46,2.499727997928858e-07,0.6033520420023706,0.6033522919751704
46,1.66997779160738e-07,0.6118972499971278,0.611897416994907
46,8.40227585285902e-08,1.147066375007853,1.1470664590306114
47,1.66997779160738e-07,0.6210666660044808,0.62106683300226
47,1.66997779160738e-07,0.5943519159918651,0.5943520829896443
46,1.2500095181167126e-07,0.9297317499876954,0.9297318749886472
47,4.1601015254855156e-07,0.4876677499851212,0.48766816599527374
47,2.0899460650980473e-07,0.7007757499814034,0.7007759589760099
47,5.00003807246685e-07,0.6446332500199787,0.644633750023786
47,1.6600824892520905e-07,0.6536962919926737,0.6536964580009226
47,1.6600824892520905e-07,0.5862208750040736,0.5862210410123225
47,2.0899460650980473e-07,0.596106790995691,0.5961069999902975
47,2.0800507627427578e-07,0.48119525000220165,0.4811954580072779
47,1.66997779160738e-07,0.6064500420179684,0.6064502090157475
47,1.66997779160738e-07,0.4607816250063479,0.46078179200412706
47,2.9199873097240925e-07,0.5518051669932902,0.5518054589920212
47,8.300412446260452e-08,0.5871015840093605,0.587101667013485
46,1.2500095181167126e-07,1.2662310829909984,1.2662312079919502
47,1.66997779160738e-07,0.4040229159872979,0.40402308298507705
47,8.300412446260452e-08,0.5815123339998536,0.581512417003978
47,1.2500095181167126e-07,1.1273440000077244,1.1273441250086762
47,8.40227585285902e-08,0.380746332986746,0.3807464170095045
47,1.5420082490891218e-06,0.5462322919920553,0.5462338340003043
47,1.66997779160738e-07,0.5452686250209808,0.54526879201876
47,1.2500095181167126e-07,0.8160543339909054,0.8160544589918572
47,1.2500095181167126e-07,0.37839974998496473,0.37839987498591654
47,8.300412446260452e-08,0.4384191250137519,0.43841920801787637
47,8.300412446260452e-08,1.0318710830179043,1.0318711660220288
47,8.399365469813347e-08,0.5679227499931585,0.5679228339868132
47,1.66997779160738e-07,0.7792285410105251,0.7792287080083042
47,2.0797597244381905e-07,0.4547075419977773,0.45470774997374974
47,2.500019036233425e-07,0.507526333007263,0.5075265830091666
47,1.2500095181167126e-07,0.6828812079911586,0.6828813329921104
47,1.659791450947523e-07,0.49204583300161175,0.49204599898075685
47,8.300412446260452e-08,0.49592416698578745,0.4959242499899119
47,1.2500095181167126e-07,0.8067134589946363,0.8067135839955881
47,1.6600824892520905e-07,0.48635354201542214,0.48635370802367106
47,1.2500095181167126e-07,0.8275442500016652,0.827544375002617
47,8.399365469813347e-08,0.8519072920025792,0.8519073759962339
47,1.66997779160738e-07,0.6378054170054384,0.6378055840032175
47,1.2500095181167126e-07,0.510321167006623,0.5103212920075748
47,1.2500095181167126e-07,0.44296595800551586,0.44296608300646767
47,2.0800507627427578e-07,1.236563832993852,1.2365640409989282
47,1.66997779160738e-07,0.3928482919873204,0.39284845898509957
47,1.66997779160738e-07,0.41495333300554194,0.4149535000033211
47,2.0899460650980473e-07,0.4989142499980517,0.4989144589926582
47,2.0800507627427578e-07,0.6246409580053296,0.6246411660104059
47,1.6600824892520905e-07,0.4890680000244174,0.48906816603266634
47,2.500019036233425e-07,0.5351895419880748,0.5351897919899784
47,2.0800507627427578e-07,1.1460306670051068,1.146030875010183
47,3.7500285543501377e-07,0.6355152909818571,0.6355156659847125
47,8.399365469813347e-08,0.6275454169954173,0.627545500989072
47,1.2500095181167126e-07,0.41329362499527633,0.41329374999622814
47,8.399365469813347e-08,0.8668798340077046,0.8668799180013593
47,3.33995558321476e-07,0.49511154199717566,0.495111875992734
47,8.300412446260452e-08,0.43837983399862424,0.4383799170027487
47,2.0800507627427578e-07,0.5410352920007426,0.5410355000058189
47,1.2500095181167126e-07,0.4171116659999825,0.4171117910009343
47,1.2500095181167126e-07,0.5958560830040369,0.5958562080049887
47,2.0800507627427578e-07,0.43143254198366776,0.43143274998874404
47,2.0899460650980473e-07,0.6303236669918988,0.6303238759865053
47,2.499727997928858e-07,0.4322503750154283,0.4322506249882281
47,1.2500095181167126e-07,0.5539540829777252,0.553954207978677
47,2.0800507627427578e-07,0.4198458750033751,0.4198460830084514
47,1.2500095181167126e-07,1.1232941249909345,1.1232942499918863
47,1.2500095181167126e-07,0.8095107910048682,0.80951091600582
47,1.2500095181167126e-07,0.8477103750046808,0.8477105000056326
47,2.0800507627427578e-07,0.48955929098883644,0.4895594989939127
47,2.500019036233425e-07,0.8618247080012225,0.8618249580031261
47,2.0800507627427578e-07,0.7974758750060573,0.7974760830111336
47,1.2500095181167126e-07,0.49614141701022163,0.49614154201117344
47,2.500019036233425e-07,0.8184140410157852,0.8184142910176888
47,3.329769242554903e-07,0.5329567910230253,0.5329571239999495
47,2.0899460650980473e-07,0.7096739580156282,0.7096741670102347
47,1.2500095181167126e-07,0.4186966670094989,0.41869679201045074
47,2.500019036233425e-07,0.6359245000057854,0.635924750007689
47,1.6600824892520905e-07,1.1181703330075834,1.1181704990158323
47,2.0899460650980473e-07,0.7612614170066081,0.7612616260012146
47,2.9199873097240925e-07,0.4409104170044884,0.4409107090032194
47,2.0800507627427578e-07,0.6900241670082323,0.6900243750133086
47,2.0800507627427578e-07,0.6407412499829661,0.6407414579880424
47,8.300412446260452e-08,1.067050959012704,1.0670510420168284
47,2.9199873097240925e-07,0.4352224160102196,0.4352227080089506
47,8.399365469813347e-08,0.8087344169907738,0.8087345009844285
47,1.6600824892520905e-07,0.406310874997871,0.4063110410061199
47,1.2500095181167126e-07,0.3846667910111137,0.3846669160120655
47,1.2500095181167126e-07,0.5289662499853875,0.5289663749863394
47,1.2500095181167126e-07,0.5706777500163298,0.5706778750172816
47,1.6600824892520905e-07,0.4232452499854844,0.42324541599373333
47,1.2500095181167126e-07,0.46067416699952446,0.46067429200047627
47,4.1996827349066734e-08,0.7647640420182142,0.7647640840150416
47,8.300412446260452e-08,0.46865574998082593,0.4686558329849504
47,1.66997779160738e-07,1.1252104169980157,1.1252105839957949
47,2.0797597244381905e-07,0.8808366669982206,0.880836874974193
47,8.399365469813347e-08,0.44291554199298844,0.44291562598664314
47,1.2500095181167126e-07,0.7638418329879642,0.763841957988916
47,1.659791450947523e-07,0.5761314999836031,0.5761316659627482
47,1.66997779160738e-07,0.48615895799594,0.48615912499371916
47,1.2500095181167126e-07,0.47337937500560656,0.4733795000065584
47,3.7500285543501377e-07,1.1574122919992078,1.1574126670020632
47,1.66997779160738e-07,0.46938333299476653,0.4693834999925457
47,4.1996827349066734e-08,0.7493615410057828,0.7493615830026101
47,1.6600824892520905e-07,0.5409704170015175,0.5409705830097664
48,8.40227585285902e-08,0.3656072079902515,0.36560729201301
48,1.2500095181167126e-07,0.48250020798877813,0.48250033298972994
48,1.66997779160738e-07,0.39762762500322424,0.3976277920010034
48,2.500019036233425e-07,0.4852312080038246,0.4852314580057282
48,1.66997779160738e-07,0.6514619159861468,0.6514620829839259
47,2.0800507627427578e-07,1.098599082994042,1.0985992909991182
48,2.500019036233425e-07,0.659194000007119,0.6591942500090227
48,8.399365469813347e-08,0.4732269159867428,0.4732269999803975
48,2.500019036233425e-07,0.5530591660062782,0.5530594160081819
48,2.0800507627427578e-07,0.6090548330103047,0.609055041015381
48,8.300412446260452e-08,0.45684120801161043,0.4568412910157349
48,1.2500095181167126e-07,0.39129020797554404,0.39129033297649585
47,1.2500095181167126e-07,1.1301999999850523,1.130200124986004
48,2.500019036233425e-07,0.3893308750120923,0.3893311250139959
48,1.66997779160738e-07,0.5278025839943439,0.527802750992123
48,2.0797597244381905e-07,0.5257683750241995,0.5257685830001719
48,1.66997779160738e-07,0.45649979199515656,0.4564999589929357
48,4.1996827349066734e-08,0.4821534160000738,0.4821534579969011
48,1.2500095181167126e-07,0.3539173750032205,0.3539175000041723
48,2.9199873097240925e-07,1.1923632500111125,1.1923635420098435
48,2.910092007368803e-07,0.3821841669850983,0.382184457994299
48,2.0800507627427578e-07,0.5864689580048434,0.5864691660099197
48,2.0800507627427578e-07,0.7634194589918479,0.7634196669969242
48,2.500019036233425e-07,0.44580333298654296,0.4458035829884466
48,2.500019036233425e-07,1.1389660419954453,1.138966291997349
48,1.6600824892520905e-07,0.601171082991641,0.6011712489998899
48,1.66997779160738e-07,0.7471473750192672,0.7471475420170464
48,1.6600824892520905e-07,0.5368638329964597,0.5368639990047086
48,1.66997779160738e-07,0.44397266700980254,0.4439728340075817
48,2.9199873097240925e-07,0.5615872089983895,0.5615875009971205
48,2.0800507627427578e-07,0.5246000830084085,0.5246002910134848
48,1.2500095181167126e-07,0.8978575000073761,0.8978576250083279
48,1.66997779160738e-07,0.5688840829825494,0.5688842499803286
48,8.40227585285902e-08,0.5508830420149025,0.550883126037661
48,1.2500095181167126e-07,0.9233440839743707,0.9233442089753225
48,2.0800507627427578e-07,0.9447492500185035,0.9447494580235798
48,2.0899460650980473e-07,0.45089479198213667,0.4508950009767432
48,1.2500095181167126e-07,0.49362120797741227,0.4936213329783641
48,2.0800507627427578e-07,0.6753745830210391,0.6753747910261154
48,2.0800507627427578e-07,1.3562803330132738,1.35628054101835
48,1.2500095181167126e-07,0.4439352079934906,0.44393533299444243
48,3.329769242554903e-07,0.6972016670042649,0.6972019999811891
48,1.2500095181167126e-07,0.4295132920087781,0.4295134170097299
48,4.1996827349066734e-08,0.49110070799360983,0.4911007499904372
48,1.6600824892520905e-07,0.3904618750093505,0.3904620410175994
48,2.500019036233425e-07,0.5004822080081794,0.5004824580100831
48,1.2500095181167126e-07,0.6824750420055352,0.682475167006487
48,2.500019036233425e-07,0.5746965830039699,0.5746968330058735
48,8.300412446260452e-08,0.8811802499985788,0.8811803330027033
48,2.0899460650980473e-07,1.330547707999358,1.3305479169939645
48,1.6600824892520905e-07,0.5927124170120806,0.5927125830203295
48,1.6600824892520905e-07,0.47511808399576694,0.47511825000401586
48,8.300412446260452e-08,0.4972593330021482,0.49725941600627266
48,1.66997779160738e-07,0.47647433399106376,0.4764745009888429
48,1.6600824892520905e-07,0.6579312089888845,0.6579313749971334
48,1.66997779160738e-07,0.6128482909989543,0.6128484579967335
48,8.300412446260452e-08,0.5658590410021134,0.5658591240062378
48,1.2500095181167126e-07,0.5354560840060003,0.5354562090069521
48,1.66997779160738e-07,0.561813209002139,0.5618133759999182
48,8.297502063214779e-08,1.2555300829990301,1.2555301659740508
48,8.399365469813347e-08,0.9211952920013573,0.921195375995012
48,8.300412446260452e-08,0.7219257910037413,0.7219258740078658
48,3.7500285543501377e-07,0.5522732080135029,0.5522735830163583
48,8.399365469813347e-08,0.9726625839830376,0.9726626679766923
48,2.0899460650980473e-07,0.6177888340025675,0.617789042997174
48,8.300412446260452e-08,0.9476514999987558,0.9476515830028802
48,8.40227585285902e-08,0.9106540420034435,0.910654126026202
48,2.0797597244381905e-07,0.5570405000180472,0.5570407079940196
48,1.659791450947523e-07,1.185647708014585,1.1856478739937302
48,1.2500095181167126e-07,0.467094666993944,0.4670947919948958
48,1.66997779160738e-07,0.5744025830063038,0.5744027500040829
48,1.2500095181167126e-07,0.6605954580008984,0.6605955830018502
48,2.500019036233425e-07,0.8256628749950323,0.825663124996936
48,1.2500095181167126e-07,0.608894999983022,0.6088951249839738
48,1.2500095181167126e-07,0.6119533329911064,0.6119534579920582
48,1.2500095181167126e-07,0.47646962499129586,0.47646974999224767
48,1.66997779160738e-07,0.479271999996854,0.47927216699463315
48,2.0800507627427578e-07,1.108739916991908,1.1087401249969844
48,1.659791450947523e-07,0.5837263750145212,0.5837265409936663
48,2.0797597244381905e-07,0.7797518750012387,0.7797520829772111
48,1.6600824892520905e-07,1.2226515420188662,1.222651708027115
48,2.0800507627427578e-07,0.48017070899368264,0.4801709169987589
48,2.0800507627427578e-07,0.409455999993952,0.40945620799902827
48,2.910092007368803e-07,0.47309445799328387,0.4730947490024846
48,3.340246621519327e-07,0.38228783299564384,0.382288167020306
48,2.0800507627427578e-07,0.4713937079941388,0.4713939159992151
48,1.2500095181167126e-07,0.6602188750111964,0.6602190000121482
48,8.40227585285902e-08,1.0898349999915808,1.0898350840143394
48,2.0800507627427578e-07,0.5500687079911586,0.5500689159962349
48,1.2500095181167126e-07,0.7732332499872427,0.7732333749881946
48,2.0899460650980473e-07,0.5419042499852367,0.5419044589798432
48,8.40227585285902e-08,0.36968224999145605,0.3696823340142146
48,2.0800507627427578e-07,0.8450075419968925,0.8450077500019688
48,2.500019036233425e-07,0.7635265419958159,0.7635267919977196
48,1.2500095181167126e-07,0.4120115420082584,0.4120116670092102
48,1.66997779160738e-07,0.42972104100044817,0.42972120799822733
48,2.500019036233425e-07,0.518634000007296,0.5186342500091996
48,1.2500095181167126e-07,1.2081276249955408,1.2081277499964926
48,8.399365469813347e-08,0.5717952080012765,0.5717952919949312
49,2.0902371034026146e-07,0.5346809170150664,0.5346811260387767
49,2.500019036233425e-07,0.48780400000396185,0.48780425000586547
49,4.169996827840805e-07,0.5931392920028884,0.5931397090025712
48,1.659791450947523e-07,0.8789991250087041,0.8789992909878492
49,1.66997779160738e-07,0.5028639170050155,0.5028640840027947
48,2.500019036233425e-07,1.125041749997763,1.1250419999996666
49,1.66997779160738e-07,0.5265362079953775,0.5265363749931566
49,1.2500095181167126e-07,0.5417601250228472,0.541760250023799
49,1.66997779160738e-07,0.5155698749877047,0.5155700419854838
49,2.500019036233425e-07,0.471375250024721,0.47137550002662465
49,2.0800507627427578e-07,0.3979552090167999,0.3979554170218762
49,2.0800507627427578e-07,0.6102078749972861,0.6102080830023624
49,1.2500095181167126e-07,0.42406774999108166,0.42406787499203347
48,1.2500095181167126e-07,1.0707462089776527,1.0707463339786045
49,1.2500095181167126e-07,0.4403685419820249,0.4403686669829767
49,1.6600824892520905e-07,0.4999205000058282,0.49992066601407714
49,1.66997779160738e-07,0.5725567499757744,0.5725569169735536
49,1.2500095181167126e-07,0.4724582500057295,0.4724583750066813
49,1.6600824892520905e-07,0.4604718330083415,0.4604719990165904
49,2.0899460650980473e-07,1.1277579590096138,1.1277581680042204
49,2.0800507627427578e-07,0.4105320000089705,0.4105322080140468
49,1.6702688299119473e-07,0.7606146250036545,0.7606147920305375
49,1.66997779160738e-07,0.4417970000067726,0.44179716700455174
49,2.0800507627427578e-07,0.43299962498713285,0.4329998329922091
49,1.66997779160738e-07,0.611170874995878,0.6111710419936571
49,2.0800507627427578e-07,0.6437254580087028,0.6437256660137791
49,2.9199873097240925e-07,1.1969173749967013,1.1969176669954322
49,2.0800507627427578e-07,0.5322694579954259,0.5322696660005022
49,8.300412446260452e-08,0.4354605420085136,0.43546062501263805
49,2.500019036233425e-07,0.8515697499969974,0.851569999998901
49,2.500019036233425e-07,0.40983700001379475,0.4098372500156984
49,2.0899460650980473e-07,0.6586018750094809,0.6586020840040874
49,4.1996827349066734e-08,0.8578522080206312,0.8578522500174586
49,2.9199873097240925e-07,0.5137462920101825,0.5137465840089135
49,2.0800507627427578e-07,0.5313045420043636,0.5313047500094399
49,1.659791450947523e-07,0.8323512499919161,0.8323514159710612
49,2.499727997928858e-07,0.8181747920170892,0.818175041989889
49,8.300412446260452e-08,0.43026420898968354,0.430264291993808
49,1.2500095181167126e-07,0.4933868749940302,0.49338699999498203
49,2.500019036233425e-07,0.56526654199115,0.5652667919930536
49,2.0800507627427578e-07,1.3031782089965418,1.303178417001618
49,8.300412446260452e-08,0.5372155419900082,0.5372156249941327
49,1.2500095181167126e-07,0.4643133750068955,0.4643135000078473
49,4.1996827349066734e-08,0.5042316670005675,0.5042317089973949
49,1.2500095181167126e-07,0.41946170799201354,0.41946183299296536
49,1.2500095181167126e-07,0.48020591601380147,0.4802060410147533
49,8.300412446260452e-08,0.5903937080001924,0.5903937910043169
49,8.300412446260452e-08,0.5857733330049086,0.5857734160090331
49,8.399365469813347e-08,0.5666608749888837,0.5666609589825384
49,2.0902371034026146e-07,0.7709390830132179,0.7709392920369282
49,1.2500095181167126e-07,1.226548458012985,1.2265485830139369
49,8.300412446260452e-08,0.44894775000284426,0.4489478330069687
49,1.66997779160738e-07,0.4308581250079442,0.43085829200572334
49,2.500019036233425e-07,0.544700541999191,0.5447007920010947
49,1.6600824892520905e-07,0.37818616698496044,0.37818633299320936
49,1.66997779160738e-07,0.3413685830018949,0.34136874999967404
49,1.2500095181167126e-07,0.6684311249991879,0.6684312500001397
49,2.0800507627427578e-07,0.6298151669907384,0.6298153749958146
49,1.2500095181167126e-07,0.5847704169864301,0.5847705419873819
49,1.2500095181167126e-07,0.6037650409853086,0.6037651659862604
49,8.300412446260452e-08,0.41969979100394994,0.4196998740080744
49,1.2500095181167126e-07,0.7927712920063641,0.7927714170073159
49,2.500019036233425e-07,0.5596712499973364,0.55967149999924
49,1.6600824892520905e-07,0.8266155830060598,0.8266157490143087
49,1.2500095181167126e-07,0.7972063749912195,0.7972064999921713
49,1.6702688299119473e-07,0.5240082090022042,0.5240083760290872
49,2.0800507627427578e-07,1.151854458003072,1.1518546660081483
49,1.2500095181167126e-07,0.8262096249964088,0.8262097499973606
49,2.0800507627427578e-07,0.6093154579866678,0.609315665991744
49,1.2500095181167126e-07,0.7455290000070818,0.7455291250080336
49,2.9199873097240925e-07,0.4569540410011541,0.4569543329998851
49,1.2500095181167126e-07,0.6103281670075376,0.6103282920084894
49,1.6600824892520905e-07,0.806343874981394,0.806344040989643
49,1.2500095181167126e-07,1.141747707995819,1.1417478329967707
49,3.3300602808594704e-07,0.5888321250095032,0.5888324580155313
49,2.0797597244381905e-07,0.5455981249979232,0.5455983329738956
49,8.300412446260452e-08,0.6969508749898523,0.6969509579939768
49,4.1601015254855156e-07,0.6121319590019993,0.6121323750121519
49,8.399365469813347e-08,0.3677892079867888,0.3677892919804435
49,2.9098009690642357e-07,0.600063667021459,0.6000639580015559
49,1.2497184798121452e-07,1.1024995000043418,1.1024996249761898
49,2.0800507627427578e-07,0.8047217089915648,0.8047219169966411
49,1.659791450947523e-07,0.4299242499982938,0.4299244159774389
49,1.6702688299119473e-07,0.5540468750114087,0.5540470420382917
49,1.66997779160738e-07,0.38837070800946094,0.3883708750072401
49,1.66997779160738e-07,0.4670904169906862,0.46709058398846537
49,2.0800507627427578e-07,0.5341232499922626,0.5341234579973388
49,8.399365469813347e-08,0.5103360840003006,0.5103361679939553
49,2.500019036233425e-07,0.3992869580106344,0.39928720801253803
49,1.2500095181167126e-07,1.1090600829920731,1.109060207993025
49,2.500019036233425e-07,0.8322788329969626,0.8322790829988662
49,1.66997779160738e-07,0.8107125830138102,0.8107127500115894
49,1.2500095181167126e-07,0.6192399159772322,0.619240040978184
49,1.2500095181167126e-07,1.0807126250001602,1.080712750001112
49,4.1996827349066734e-08,0.8410679170046933,0.8410679590015206
49,8.300412446260452e-08,0.4152431249967776,0.4152432080009021
49,1.66997779160738e-07,0.41682504198979586,0.416825208987575
49,1.66997779160738e-07,0.44366087499656714,0.4436610419943463
49,2.0899460650980473e-07,0.5384272079973016,0.5384274169919081
49,1.6702688299119473e-07,0.5097136670083273,0.5097138340352103
50,8.399365469813347e-08,0.5862172500055749,0.5862173339992296
50,8.399365469813347e-08,0.4230489580077119,0.4230490420013666
49,2.0797597244381905e-07,0.8467499590187799,0.8467501669947524
49,1.2500095181167126e-07,1.09414170900709,1.0941418340080418
50,2.910092007368803e-07,0.4274239999940619,0.4274242910032626
50,2.500019036233425e-07,0.4436922089953441,0.44369245899724774
50,1.2500095181167126e-07,0.49256174999754876,0.49256187499850057
50,1.6600824892520905e-07,0.6352161660033744,0.6352163320116233
50,2.0800507627427578e-07,0.5317259170114994,0.5317261250165757
50,1.6600824892520905e-07,0.46077933299238794,0.46077949900063686
50,1.66997779160738e-07,0.6160353329905774,0.6160354999883566
50,1.6600824892520905e-07,0.46051020798040554,0.46051037398865446
50,4.1996827349066734e-08,0.48055329199996777,0.4805533339967951
49,1.6600824892520905e-07,1.124211959016975,1.124212125025224
50,1.2500095181167126e-07,0.44226583297131583,0.44226595797226764
50,1.6600824892520905e-07,0.40450837498065084,0.40450854098889977
50,2.500019036233425e-07,0.4399735420010984,0.439973792003002
50,2.0899460650980473e-07,0.4032976250164211,0.4032978340110276
50,2.500019036233425e-07,0.5517569999792613,0.5517572499811649
50,2.0899460650980473e-07,0.37368195797898807,0.3736821669735946
50,2.0899460650980473e-07,1.0881055000063498,1.0881057090009563
50,2.500019036233425e-07,0.34085737500572577,0.3408576250076294
50,1.6702688299119473e-07,0.4010263329837471,0.4010265000106301
50,1.66997779160738e-07,0.6322911249881145,0.6322912919858936
50,2.910092007368803e-07,0.7907888329937123,0.790789124002913
50,2.499727997928858e-07,1.1100443330069538,1.1100445829797536
50,1.6600824892520905e-07,0.5629203339922242,0.5629205000004731
50,1.6600824892520905e-07,0.39331220800522715,0.3933123740134761
50,8.300412446260452e-08,0.7944817079987843,0.7944817910029087
50,2.0800507627427578e-07,0.548603750008624,0.5486039580137003
50,1.2500095181167126e-07,0.36493591699399985,0.36493604199495167
50,2.0800507627427578e-07,0.3908767499960959,0.39087695800117217
50,1.2500095181167126e-07,0.7149891659792047,0.7149892909801565
50,2.0899460650980473e-07,0.8277925419970416,0.8277927509916481
50,3.33995558321476e-07,0.6517899169994052,0.6517902509949636
50,2.0800507627427578e-07,0.4498365420149639,0.4498367500200402
50,1.6600824892520905e-07,0.8050252080138307,0.8050253740220796
50,8.300412446260452e-08,0.3902315000013914,0.39023158300551586
50,2.500019036233425e-07,0.3659372080001049,0.3659374580020085
50,3.33995558321476e-07,0.6154841670067981,0.6154845010023564
50,1.2500095181167126e-07,1.1461375840008259,1.1461377090017777
50,2.0800507627427578e-07,0.42268895800225437,0.42268916600733064
50,2.0797597244381905e-07,0.5576883330068085,0.557688540982781
50,1.66997779160738e-07,0.4058196670084726,0.40581983400625177
50,2.9199873097240925e-07,0.5027129579975735,0.5027132499963045
50,8.300412446260452e-08,0.5070990000094753,0.5070990830135997
50,1.6600824892520905e-07,0.4248135829984676,0.42481374900671653
50,8.399365469813347e-08,0.5068975420144852,0.5068976260081399
50,1.6600824892520905e-07,0.5306662090006284,0.5306663750088774
50,4.1996827349066734e-08,0.7238528750021942,0.7238529169990215
50,8.300412446260452e-08,1.0928760840033647,1.0928761670074891
50,1.2500095181167126e-07,0.3971482499910053,0.3971483749919571
50,1.66997779160738e-07,0.4327696249820292,0.43276979197980836
50,2.500019036233425e-07,0.5512594169995282,0.5512596670014318
50,2.500019036233425e-07,0.3604286250192672,0.3604288750211708
50,2.0800507627427578e-07,0.5922218749765307,0.592222082981607
50,2.500019036233425e-07,0.52164333302062,0.5216435830225237
50,1.6600824892520905e-07,0.6941123750002589,0.6941125410085078
50,2.0797597244381905e-07,0.5989023339934647,0.5989025419694372
50,1.66997779160738e-07,0.6114143329905346,0.6114144999883138
50,4.202593117952347e-08,0.6516436249949038,0.651643667020835
50,2.500019036233425e-07,0.6821305000048596,0.6821307500067633
50,1.6600824892520905e-07,0.9470509999955539,0.9470511660038028
50,2.0800507627427578e-07,0.6950712089892477,0.695071416994324
50,2.0800507627427578e-07,0.9034075409872457,0.903407748992322
50,1.66997779160738e-07,0.9947077080141753,0.9947078750119545
50,1.2500095181167126e-07,1.4012278750014957,1.4012280000024475
50,2.0899460650980473e-07,1.0652484579768497,1.0652486669714563
50,1.66997779160738e-07,0.6417131249909289,0.6417132919887081
50,2.0800507627427578e-07,0.615428916993551,0.6154291249986272
50,8.300412446260452e-08,1.0125486660108436,1.012548749014968
50,1.2500095181167126e-07,0.5228551250183955,0.5228552500193473
50,1.66997779160738e-07,0.5771194999979343,0.5771196669957135
50,1.66997779160738e-07,0.8555615000077523,0.8555616670055315
50,9.590003173798323e-07,0.46186116701574065,0.461862126016058
50,1.6600824892520905e-07,0.5525982910185121,0.552598457026761
50,2.9098009690642357e-07,0.6433922080032062,0.6433924989833031
50,8.300412446260452e-08,1.3755162909801584,1.3755163739842828
50,2.0797597244381905e-07,0.5967140829889104,0.5967142909648828
50,1.6600824892520905e-07,0.7547532499884255,0.7547534159966744
50,2.0797597244381905e-07,0.48449991701636463,0.4845001249923371
50,1.2500095181167126e-07,1.3909425830061082,1.39094270800706
50,1.2500095181167126e-07,0.4496574579970911,0.4496575829980429
50,1.6600824892520905e-07,0.6435457920015324,0.6435459580097813
50,1.66997779160738e-07,0.4773165000078734,0.47731666700565256
50,1.6600824892520905e-07,0.5364151660178322,0.5364153320260812
50,1.2500095181167126e-07,0.5255818329751492,0.525581957976101
50,1.2500095181167126e-07,0.6196700420114212,0.619670167012373
50,8.40227585285902e-08,0.7725898749777116,0.7725899590004701
50,1.66997779160738e-07,0.7553173329797573,0.7553174999775365
50,1.66997779160738e-07,0.48726283299038187,0.487262999988161
50,2.9199873097240925e-07,1.2644461669842713,1.2644464589830022
50,2.0899460650980473e-07,0.6632129589852411,0.6632131679798476
50,2.0800507627427578e-07,0.9107025830016937,0.91070279100677
50,1.2500095181167126e-07,1.210990583000239,1.2109907080011908
50,2.0899460650980473e-07,0.4946733750111889,0.4946735840057954
50,1.66997779160738e-07,0.5693655830109492,0.5693657500087284
50,1.6600824892520905e-07,0.49711233298876323,0.49711249899701215
50,4.1996827349066734e-08,0.6305719579977449,0.6305719999945723
51,2.0800507627427578e-07,0.6259205829992425,0.6259207910043187
50,3.3300602808594704e-07,0.8689971249841619,0.86899745799019
51,1.2500095181167126e-07,0.5680717920185998,0.5680719170195516
50,2.500019036233425e-07,0.7015002499974798,0.7015004999993835
51,1.6600824892520905e-07,0.6740092089748941,0.6740093749831431
50,2.0800507627427578e-07,1.215520416997606,1.2155206250026822
51,1.2500095181167126e-07,0.5410674590093549,0.5410675840103067
51,8.399365469813347e-08,0.5505871670029592,0.5505872509966139
51,8.300412446260452e-08,0.5584863330004737,0.5584864160045981
51,1.66997779160738e-07,0.6263414169952739,0.6263415839930531
51,1.66997779160738e-07,0.7452450410055462,0.7452452080033254
51,2.0800507627427578e-07,0.5422372499888297,0.542237457993906
51,1.2500095181167126e-07,0.6392867919930723,0.6392869169940241
51,4.169996827840805e-07,0.48655612498987466,0.48655654198955745
51,1.6600824892520905e-07,0.5840816250129137,0.5840817910211626
50,1.6600824892520905e-07,1.3237802500079852,1.323780416016234
51,2.0899460650980473e-07,0.6130810829927213,0.6130812919873279
51,2.0800507627427578e-07,0.6626647080120165,0.6626649160170928
51,4.100729711353779e-08,0.502218541019829,0.5022185820271261
51,1.6600824892520905e-07,0.5874808749940712,0.5874810410023201
51,1.2500095181167126e-07,0.360140707984101,0.36014083298505284
51,2.500019036233425e-07,1.3211606249969918,1.3211608749988955
51,2.9098009690642357e-07,0.38550500001292676,0.38550529099302366
51,8.300412446260452e-08,0.5857169999799225,0.585717082984047
51,3.33995558321476e-07,0.8613794170087203,0.8613797510042787
51,2.0800507627427578e-07,1.1493729169887956,1.149373124993872
51,1.2500095181167126e-07,0.5097478750103619,0.5097480000113137
51,2.0800507627427578e-07,0.6011673750181217,0.601167583023198
51,1.66997779160738e-07,0.7514835000038147,0.7514836670015939
51,1.66997779160738e-07,0.4245042089896742,0.4245043759874534
51,1.66997779160738e-07,0.4148255840118509,0.41482575100963004
51,1.66997779160738e-07,0.56626537500415,0.5662655420019291
51,2.0800507627427578e-07,0.4061293749837205,0.40612958298879676
51,2.500019036233425e-07,0.7787640420137905,0.7787642920156941
51,2.0800507627427578e-07,0.5607721249980386,0.5607723330031149
51,1.66997779160738e-07,0.7600917079835199,0.760091874981299
51,1.659791450947523e-07,0.3791934170003515,0.37919358297949657
51,2.0800507627427578e-07,0.8133977499965113,0.8133979580015875
51,8.40227585285902e-08,0.33938845901866443,0.33938854304142296
51,2.0800507627427578e-07,0.3504482079879381,0.35044841599301435
51,2.0800507627427578e-07,0.5240119170048274,0.5240121250099037
51,2.9199873097240925e-07,1.1090741659863852,1.1090744579851162
51,1.659791450947523e-07,0.3323556670220569,0.332355833001202
51,1.66997779160738e-07,0.40128575000562705,0.4012859170034062
51,1.66997779160738e-07,0.3652189589920454,0.36521912598982453
51,1.66997779160738e-07,0.4253805829794146,0.4253807499771938
51,2.0800507627427578e-07,0.3751540830126032,0.3751542910176795
51,8.399365469813347e-08,0.5735130000102799,0.5735130840039346
51,1.66997779160738e-07,0.5648387499968521,0.5648389169946313
51,2.9199873097240925e-07,0.3781349170021713,0.37813520900090225
51,1.2500095181167126e-07,0.567075750004733,0.5670758750056848
51,1.6600824892520905e-07,1.1246464159921743,1.1246465820004232
51,1.6600824892520905e-07,0.34527995900134556,0.3452801250095945
51,1.2500095181167126e-07,0.7198135830112733,0.7198137080122251
51,2.500019036233425e-07,0.3300447079818696,0.3300449579837732
51,2.0797597244381905e-07,0.6003302090102807,0.6003304169862531
51,2.500019036233425e-07,0.5792523330019321,0.5792525830038358
51,1.6600824892520905e-07,0.568186374992365,0.5681865410006139
51,1.6600824892520905e-07,0.5369517500221264,0.5369519160303753
51,2.9199873097240925e-07,0.3661386659950949,0.3661389579938259
51,1.66997779160738e-07,0.48269458301365376,0.4826947500114329
51,8.300412446260452e-08,0.4416824579820968,0.4416825409862213
51,1.2500095181167126e-07,1.069149875023868,1.0691500000248197
51,4.159810487180948e-07,0.6146126250096131,0.6146130409906618
51,2.500019036233425e-07,0.7976751670066733,0.7976754170085769
51,8.300412446260452e-08,0.812350249994779,0.8123503329989035
51,1.2500095181167126e-07,0.7982301669835579,0.7982302919845097
51,1.6600824892520905e-07,0.5190154580050148,0.5190156240132637
51,1.2500095181167126e-07,0.8241905829927418,0.8241907079936936
51,8.300412446260452e-08,0.5958627499931026,0.5958628329972271
51,1.66997779160738e-07,0.5212658329983242,0.5212659999961033
51,3.7500285543501377e-07,0.5913722919940483,0.5913726669969037
51,1.66997779160738e-07,0.4429725829977542,0.4429727499955334
51,1.66997779160738e-07,0.5650515409943182,0.5650517079920974
51,1.6702688299119473e-07,1.1973912500252482,1.1973914170521311
51,1.2500095181167126e-07,0.8912504590116441,0.8912505840125959
51,2.500019036233425e-07,0.6982078330183867,0.6982080830202904
51,1.66997779160738e-07,1.1341528329940047,1.1341529999917839
51,1.66997779160738e-07,0.5228163340070751,0.5228165010048542
51,2.910092007368803e-07,0.6975810829899274,0.6975813739991281
51,1.2500095181167126e-07,1.1376985420065466,1.1376986670074984
51,2.500019036233425e-07,0.5365095830056816,0.5365098330075853
51,1.6702688299119473e-07,0.8979762500093784,0.8979764170362614
51,1.66997779160738e-07,0.4179759160033427,0.4179760830011219
51,8.297502063214779e-08,0.47158870901330374,0.4715887919883244
51,4.1996827349066734e-08,0.6361620420066174,0.6361620840034448
51,1.6600824892520905e-07,1.1045365839963779,1.1045367500046268
51,2.0899460650980473e-07,0.43190516700269654,0.43190537599730305
51,1.2497184798121452e-07,0.6387413750053383,0.6387414999771863
51,8.399365469813347e-08,0.507518667000113,0.5075187509937678
51,1.2500095181167126e-07,0.7235239590227138,0.7235240840236656
51,4.1996827349066734e-08,0.4978744999971241,0.4978745419939514
51,8.300412446260452e-08,0.8271868340088986,0.827186917013023
51,2.500019036233425e-07,0.6951834170031361,0.6951836670050398
51,1.2500095181167126e-07,0.37646425000275485,0.37646437500370666
51,1.2500095181167126e-07,0.6270268750085961,0.6270270000095479
51,2.910092007368803e-07,1.1714234999963082,1.171423791005509
51,2.0902371034026146e-07,0.503105207986664,0.5031054170103744
51,2.500019036233425e-07,0.49693987501086667,0.4969401250127703
51,2.0800507627427578e-07,0.5293946249876171,0.5293948329926934
52,2.0797597244381905e-07,0.5110175000154413,0.5110177079914138
51,2.0899460650980473e-07,0.6254997500218451,0.6254999590164516
52,1.66997779160738e-07,0.5603652499848977,0.5603654169826768
51,1.66997779160738e-07,0.8711937500047497,0.8711939170025289
52,2.500019036233425e-07,0.6726210420019925,0.6726212920038961
51,8.300412446260452e-08,1.1713212500035297,1.1713213330076542
52,6.249756552278996e-07,0.6284917080192827,0.6284923329949379
52,1.6600824892520905e-07,0.5404478750133421,0.540448041021591
52,1.2500095181167126e-07,0.5492725000076462,0.549272625008598
52,2.9199873097240925e-07,0.5050686670001596,0.5050689589988906
52,2.910092007368803e-07,0.6357030000071973,0.635703291016398
52,1.659791450947523e-07,0.5975610419991426,0.5975612079782877
52,1.2500095181167126e-07,0.4969710830191616,0.4969712080201134
52,2.500019036233425e-07,0.4545466249983292,0.45454687500023283
52,1.2500095181167126e-07,0.5141111249977257,0.5141112499986775
52,1.2500095181167126e-07,0.42152708300272934,0.42152720800368115
52,1.66997779160738e-07,0.5217557080031838,0.521755875000963
51,2.0797597244381905e-07,1.308409584016772,1.3084097919927444
52,2.0899460650980473e-07,0.4455610000004526,0.44556120899505913
52,1.66997779160738e-07,1.1258976660028566,1.1258978330006357
52,2.0800507627427578e-07,0.6636713329935446,0.6636715409986209
52,8.300412446260452e-08,0.4248514999926556,0.42485158299678005
52,1.6600824892520905e-07,0.42135779099771753,0.42135795700596645
52,2.0800507627427578e-07,0.7665848750039004,0.7665850830089767
52,2.0800507627427578e-07,0.6040726669889409,0.6040728749940172
52,1.659791450947523e-07,0.4571485420165118,0.4571487079956569
52,1.6600824892520905e-07,1.1381299170025159,1.1381300830107648
52,2.0800507627427578e-07,0.38213058302062564,0.3821307910257019
52,2.0800507627427578e-07,0.5921826249978039,0.5921828330028802
52,1.2500095181167126e-07,0.9970317499828525,0.9970318749838043
52,2.0800507627427578e-07,0.46652020898181945,0.4665204169868957
52,1.6600824892520905e-07,0.7305208329926245,0.7305209990008734
52,2.500019036233425e-07,0.7563992500072345,0.7563995000091381
52,1.2500095181167126e-07,0.8548713340132963,0.8548714590142481
52,1.66997779160738e-07,0.5565728340006899,0.5565730009984691
52,8.300412446260452e-08,0.5974232080043294,0.5974232910084538
52,1.66997779160738e-07,0.9010099169972818,0.901010083995061
52,1.2500095181167126e-07,0.9309818750189152,0.930982000019867
52,1.66997779160738e-07,0.5453143749909941,0.5453145419887733
52,2.0800507627427578e-07,0.5285338750109076,0.5285340830159839
52,2.9199873097240925e-07,1.3044977500103414,1.3044980420090724
52,1.6600824892520905e-07,0.7010788329935167,0.7010789990017656
52,2.500019036233425e-07,0.4175121659936849,0.4175124159955885
52,2.500019036233425e-07,0.3693239580024965,0.36932420800440013
52,2.500019036233425e-07,0.4438990839989856,0.4438993340008892
52,4.1996827349066734e-08,0.45706341598997824,0.4570634579868056
52,1.66997779160738e-07,0.6475989999889862,0.6475991669867653
52,2.500019036233425e-07,0.5683612919820007,0.5683615419839043
52,2.0899460650980473e-07,0.5241725419764407,0.5241727509710472
52,8.399365469813347e-08,0.42256895801983774,0.42256904201349244
52,2.500019036233425e-07,0.7332563340023626,0.7332565840042662
52,1.66997779160738e-07,0.42895983401103877,0.4289600010088179
52,2.0800507627427578e-07,0.35024800000246614,0.3502482080075424
52,2.0899460650980473e-07,1.4323586249956861,1.4323588339902926
52,1.659791450947523e-07,0.5973260829923674,0.5973262489715125
52,2.500019036233425e-07,0.5437400410010014,0.543740291002905
52,2.0899460650980473e-07,0.4195357080025133,0.4195359169971198
52,4.1996827349066734e-08,0.47737404200597666,0.477374084002804
52,2.0797597244381905e-07,0.4051489579724148,0.40514916594838724
52,1.66997779160738e-07,0.6238158750056755,0.6238160420034546
52,4.1996827349066734e-08,0.5391936250089202,0.5391936670057476
52,4.1996827349066734e-08,0.4411486250173766,0.44114866701420397
52,2.0797597244381905e-07,0.7528791670047212,0.7528793749806937
52,1.6600824892520905e-07,1.11247595801251,1.112476124020759
52,1.66997779160738e-07,0.49231362499995157,0.49231379199773073
52,8.300412446260452e-08,0.7952424579998478,0.7952425410039723
52,1.2500095181167126e-07,0.5419947089976631,0.5419948339986149
52,2.500019036233425e-07,0.8587346250133123,0.858734875015216
52,2.9199873097240925e-07,0.7921681659936439,0.7921684579923749
52,2.499727997928858e-07,0.7396938750171103,0.73969412498991
52,1.6600824892520905e-07,0.6979014580138028,0.6979016240220517
52,3.33995558321476e-07,0.7201665000175126,0.7201668340130709
52,2.0800507627427578e-07,0.5442911669961177,0.544291375001194
52,2.0800507627427578e-07,0.4697274999925867,0.46972770799766295
52,1.66997779160738e-07,0.6551319159916602,0.6551320829894394
52,1.2500095181167126e-07,1.1774600000062492,1.177460125007201
52,1.2500095181167126e-07,0.6511960419884417,0.6511961669893935
52,8.300412446260452e-08,0.5810457920015324,0.5810458750056569
52,1.2500095181167126e-07,0.6396562499867287,0.6396563749876805
52,1.6600824892520905e-07,0.4632405419833958,0.46324070799164474
52,1.2500095181167126e-07,1.159459832997527,1.1594599579984788
52,1.2500095181167126e-07,0.8230889590049628,0.8230890840059146
52,1.66997779160738e-07,0.5705861669848673,0.5705863339826465
52,1.6600824892520905e-07,0.6672512080112938,0.6672513740195427
52,1.66997779160738e-07,0.4856252080062404,0.4856253750040196
52,1.2500095181167126e-07,0.5149507080204785,0.5149508330214303
52,2.500019036233425e-07,0.43778541701612994,0.43778566701803356
52,8.399365469813347e-08,0.5225724579941016,0.5225725419877563
52,8.297502063214779e-08,0.610923250002088,0.6109233329771087
52,1.2500095181167126e-07,0.7686707910033874,0.7686709160043392
52,2.0902371034026146e-07,0.784946084022522,0.7849462930462323
52,4.1996827349066734e-08,1.2028687499987427,1.20286879199557
52,1.66997779160738e-07,0.5915043749846518,0.591504541982431
52,1.6600824892520905e-07,0.7948279999836814,0.7948281659919303
52,1.2500095181167126e-07,0.5769150419801008,0.5769151669810526
52,1.2500095181167126e-07,1.148277665983187,1.1482777909841388
52,1.66997779160738e-07,0.41254141699755564,0.4125415839953348
52,2.9199873097240925e-07,0.3939473330101464,0.39394762500887737
52,2.0800507627427578e-07,0.4888922079990152,0.4888924160040915
52,1.66997779160738e-07,0.5496067500207573,0.5496069170185365
52,1.2500095181167126e-07,0.5839376249932684,0.5839377499942202
53,2.0800507627427578e-07,0.5953953749849461,0.5953955829900224
53,1.2500095181167126e-07,0.5137869169993792,0.513787042000331
53,1.66997779160738e-07,0.497964750014944,0.49796491701272316
53,1.2500095181167126e-07,0.6428844580077566,0.6428845830087084
52,2.0800507627427578e-07,0.8278995829750784,0.8278997909801546
53,2.0800507627427578e-07,0.4425536659837235,0.44255387398879975
52,3.340246621519327e-07,1.1554267500177957,1.1554270840424579
53,1.66997779160738e-07,0.4987114590185229,0.49871162601630203
53,2.500019036233425e-07,0.5918689999962226,0.5918692499981262
53,8.300412446260452e-08,0.4784605409950018,0.47846062399912626
53,2.0797597244381905e-07,0.5990204999980051,0.5990207079739776
53,2.0800507627427578e-07,0.4138288329995703,0.41382904100464657
53,2.0797597244381905e-07,0.4299596670025494,0.42995987497852184
52,5.00003807246685e-07,1.1664299999829382,1.1664304999867454
53,2.0800507627427578e-07,0.44264308299170807,0.44264329099678434
53,2.9199873097240925e-07,0.42851949998294003,0.428519791981671
53,1.2500095181167126e-07,0.5050602080009412,0.505060333001893
53,2.500019036233425e-07,0.31817108401446603,0.31817133401636966
53,1.66997779160738e-07,1.0644574589969125,1.0644576259946916
53,8.399365469813347e-08,0.592247666005278,0.5922477499989327
53,4.1996827349066734e-08,0.4941645420040004,0.49416458400082774
53,3.7500285543501377e-07,0.7179527089756448,0.7179530839785002
53,1.2500095181167126e-07,0.36425337500986643,0.36425350001081824
53,1.2500095181167126e-07,0.583155208005337,0.5831553330062889
53,1.6600824892520905e-07,0.45831870898837224,0.45831887499662116
53,1.2497184798121452e-07,0.4884382500022184,0.4884383749740664
53,2.0800507627427578e-07,0.644956165982876,0.6449563739879522
53,1.2500095181167126e-07,1.1881438340060413,1.188143959006993
53,1.2500095181167126e-07,0.8274802079831716,0.8274803329841234
53,1.66997779160738e-07,0.5777719169855118,0.5777720839832909
53,2.0800507627427578e-07,0.6604219590080902,0.6604221670131665
53,2.500019036233425e-07,0.7785916250140872,0.7785918750159908
53,8.399365469813347e-08,0.5022592089953832,0.5022592929890379
53,2.0800507627427578e-07,0.4268957909953315,0.42689599900040776
53,2.500019036233425e-07,0.7891114999947604,0.789111749996664
53,1.66997779160738e-07,0.5091890830080956,0.5091892500058748
53,2.910092007368803e-07,0.7534147500118706,0.7534150410210714
53,1.2500095181167126e-07,0.37434116599615663,0.37434129099710844
53,1.2500095181167126e-07,1.1039820419973694,1.1039821669983212
53,8.300412446260452e-08,0.43048729200381786,0.4304873750079423
53,8.300412446260452e-08,0.3537039169750642,0.35370399997918867
53,1.659791450947523e-07,0.3048667909752112,0.3048669569543563
53,2.0797597244381905e-07,0.5448958329798188,0.5448960409557912
53,8.40227585285902e-08,0.5315516670234501,0.5315517510462087
53,1.2500095181167126e-07,0.38626074997591786,0.3862608749768697
53,1.66997779160738e-07,0.4479954589914996,0.4479956259892788
53,8.300412446260452e-08,0.501189583010273,0.5011896660143975
53,1.2500095181167126e-07,1.0685920830001123,1.0685922080010641
53,2.500019036233425e-07,0.531129790993873,0.5311300409957767
53,1.66997779160738e-07,0.5693307920009829,0.5693309589987621
53,8.300412446260452e-08,0.7201302079774905,0.720130290981615
53,3.33995558321476e-07,0.36227791698183864,0.36227825097739697
53,2.0899460650980473e-07,0.3526152909907978,0.3526154999854043
53,8.399365469813347e-08,0.5336386249982752,0.5336387089919299
53,2.0800507627427578e-07,0.43007395800668746,0.43007416601176374
53,1.2500095181167126e-07,0.5817422500113025,0.5817423750122543
53,1.6600824892520905e-07,0.5264292080246378,0.5264293740328867
53,1.6600824892520905e-07,0.3779975409852341,0.377997706993483
53,1.2500095181167126e-07,0.5917759169824421,0.591776041983394
53,2.0899460650980473e-07,0.43254908299422823,0.43254929198883474
53,1.2500095181167126e-07,0.548873416002607,0.5488735410035588
53,2.0800507627427578e-07,0.40954966700519435,0.4095498750102706
53,8.399365469813347e-08,0.7607521249738056,0.7607522089674603
53,1.6600824892520905e-07,0.7411182500072755,0.7411184160155244
53,2.0800507627427578e-07,1.0694402919907589,1.0694404999958351
53,8.300412446260452e-08,0.833978417009348,0.8339785000134725
53,2.0899460650980473e-07,0.7531912910053506,0.7531914999999572
53,2.9199873097240925e-07,0.6075374580104835,0.6075377500092145
53,8.399365469813347e-08,0.5891907500044908,0.5891908339981455
53,1.6600824892520905e-07,0.520181166997645,0.520181333005894
53,1.6600824892520905e-07,0.5267527499818243,0.5267529159900732
53,4.1996827349066734e-08,0.48005041599390097,0.4800504579907283
53,1.2500095181167126e-07,0.7958352499990724,0.7958353750000242
53,0.0003478330036159605,1.0845854999788571,1.084933332982473
53,4.202593117952347e-08,0.4374238750024233,0.4374239170283545
53,1.659791450947523e-07,0.5557605420181062,0.5557607079972513
53,1.66997779160738e-07,0.8100202910136431,0.8100204580114223
53,2.500019036233425e-07,0.3958067499916069,0.39580699999351054
53,2.9199873097240925e-07,0.566089333005948,0.566089625004679
53,1.66997779160738e-07,0.4078991670103278,0.40789933400810696
53,1.2500095181167126e-07,1.1507793749915436,1.1507794999924954
53,1.6600824892520905e-07,0.8208546669920906,0.8208548330003396
53,4.5797787606716156e-07,0.38738966701203026,0.3873901249899063
53,2.0899460650980473e-07,0.39008337500854395,0.39008358400315046
53,1.6600824892520905e-07,0.5466252079932019,0.5466253740014508
53,2.0800507627427578e-07,0.600771416007774,0.6007716240128502
53,2.0800507627427578e-07,0.45022737499675713,0.4502275830018334
53,1.2500095181167126e-07,0.4219847910280805,0.4219849160290323
53,1.2500095181167126e-07,0.43927550001535565,0.43927562501630746
53,1.2500095181167126e-07,0.7603415419871453,0.7603416669880971
53,8.300412446260452e-08,1.1504463749879505,1.150446457992075
53,2.500019036233425e-07,0.7435159580199979,0.7435162080219015
53,2.500019036233425e-07,0.850025583000388,0.8500258330022916
53,1.659791450947523e-07,0.42266937499516644,0.42266954097431153
53,1.6600824892520905e-07,0.618658666004194,0.6186588320124429
53,1.66997779160738e-07,1.117754042003071,1.11775420900085
53,2.0800507627427578e-07,0.5043117089953739,0.5043119170004502
53,2.0899460650980473e-07,0.47262329200748354,0.47262350100209005
53,1.2500095181167126e-07,0.5694955830113031,0.5694957080122549
53,3.3300602808594704e-07,0.7946470419992693,0.7946473750052974
54,1.66997779160738e-07,0.45122479199199006,0.4512249589897692
54,1.2500095181167126e-07,0.5065228330204263,0.5065229580213781
53,1.66997779160738e-07,0.6292138749849983,0.6292140419827774
54,1.6600824892520905e-07,0.5861894169938751,0.586189583002124
54,1.2500095181167126e-07,0.6018980420194566,0.6018981670204084
53,2.0800507627427578e-07,1.0809899999876507,1.080990207992727
54,2.910092007368803e-07,0.4967766659974586,0.49677695700665936
54,1.6702688299119473e-07,0.5390289159840904,0.5390290830109734
54,2.0800507627427578e-07,0.5376371669990476,0.5376373750041239
54,2.500019036233425e-07,0.49770312500186265,0.49770337500376627
54,2.500019036233425e-07,0.6354329999885522,0.6354332499904558
53,3.7500285543501377e-07,1.1618485419894569,1.1618489169923123
54,2.500019036233425e-07,0.517908375011757,0.5179086250136606
54,2.500019036233425e-07,0.5141544580110349,0.5141547080129385
54,1.66997779160738e-07,0.5595096669858322,0.5595098339836113
54,1.66997779160738e-07,0.5827953340194654,0.5827955010172445
54,1.66997779160738e-07,0.5426440839946736,0.5426442509924527
54,8.300412446260452e-08,0.5037006250058766,0.5037007080100011
54,8.297502063214779e-08,1.1637986249988899,1.1637987079739105
54,1.2500095181167126e-07,0.5257342080003582,0.52573433300131
54,1.2500095181167126e-07,0.5763363750011194,0.5763365000020713
54,1.2500095181167126e-07,0.7014177500095684,0.7014178750105202
54,2.92027834802866e-07,0.5382697909954004,0.5382700830232352
54,1.66997779160738e-07,0.864319374988554,0.8643195419863332
54,2.500019036233425e-07,1.1239015409955755,1.123901790997479
54,2.9199873097240925e-07,0.5088572500098962,0.5088575420086272
54,2.0800507627427578e-07,0.5862644589797128,0.5862646669847891
54,1.66997779160738e-07,0.45023320900509134,0.4502333760028705
54,2.0797597244381905e-07,0.8955396670207847,0.8955398749967571
54,2.0899460650980473e-07,0.6201511670078617,0.6201513760024682
54,2.0899460650980473e-07,0.7538976250216365,0.753897834016243
54,8.399365469813347e-08,0.37282950000371784,0.37282958399737254
54,1.2500095181167126e-07,0.5880653749918565,0.5880654999928083
54,2.0800507627427578e-07,0.453387792018475,0.4533880000235513
54,1.6600824892520905e-07,0.7750693749985658,0.7750695410068147
54,8.399365469813347e-08,0.5015778329980094,0.5015779169916641
54,1.66997779160738e-07,0.9293276249954943,0.9293277919932734
54,2.0797597244381905e-07,0.45169904199428856,0.451699249970261
54,1.6600824892520905e-07,0.6062213749974035,0.6062215410056524
54,1.2500095181167126e-07,0.3891160409839358,0.38911616598488763
54,2.0797597244381905e-07,0.5863205420027953,0.5863207499787677
54,1.66997779160738e-07,1.5142236670071725,1.5142238340049516
54,1.66997779160738e-07,0.717341707990272,0.7173418749880511
54,8.399365469813347e-08,0.5996984579833224,0.5996985419769771
54,2.0797597244381905e-07,0.6606686250015628,0.6606688329775352
54,1.66997779160738e-07,0.5741310000012163,0.5741311669989955
54,2.0899460650980473e-07,0.5883175419876352,0.5883177509822417
54,2.500019036233425e-07,0.7347542919742409,0.7347545419761445
54,2.500019036233425e-07,0.9342913329892326,0.9342915829911362
54,8.40227585285902e-08,0.7773614999896381,0.7773615840123966
54,1.66997779160738e-07,0.6530524170084391,0.6530525840062182
54,1.2500095181167126e-07,1.380206708010519,1.3802068330114707
54,2.500019036233425e-07,0.7974284169904422,0.7974286669923458
54,2.0800507627427578e-07,0.45750520800356753,0.4575054160086438
54,2.0800507627427578e-07,0.45525008300319314,0.4552502910082694
54,1.66997779160738e-07,0.6586837920185644,0.6586839590163436
54,2.0800507627427578e-07,0.629895416990621,0.6298956249956973
54,2.500019036233425e-07,0.42027208299259655,0.4202723329945002
54,8.300412446260452e-08,0.663964749983279,0.6639648329874035
54,2.0800507627427578e-07,0.5568111250177026,0.5568113330227789
54,1.2500095181167126e-07,0.8034349580120761,0.8034350830130279
54,1.66997779160738e-07,0.42506933299591765,0.4250694999936968
54,2.0800507627427578e-07,0.7860520829854067,0.786052290990483
54,2.0800507627427578e-07,0.5051087089814246,0.5051089169865008
54,1.6600824892520905e-07,1.3731395829818211,1.37313974899007
54,1.66997779160738e-07,0.523771999985911,0.5237721669836901
54,1.66997779160738e-07,0.976308292010799,0.9763084590085782
54,2.0797597244381905e-07,0.8188111670024227,0.8188113749783952
54,2.0800507627427578e-07,0.4829986250260845,0.48299883303116076
54,8.300412446260452e-08,0.7707074579957407,0.7707075409998652
54,2.0899460650980473e-07,0.6002502499904949,0.6002504589851014
54,2.500019036233425e-07,1.1642349580070004,1.164235208008904
54,1.659791450947523e-07,0.7010867909993976,0.7010869569785427
54,1.66997779160738e-07,0.6848265409935266,0.6848267079913057
54,1.6600824892520905e-07,0.8924762500100769,0.8924764160183258
54,1.2500095181167126e-07,0.7171347920084372,0.717134917009389
54,8.300412446260452e-08,1.0413160419848282,1.0413161249889527
54,4.1996827349066734e-08,0.6929353330051526,0.69293537500198
54,1.2500095181167126e-07,0.5956462920003105,0.5956464170012623
54,2.0902371034026146e-07,0.8964770419988781,0.8964772510225885
54,1.2500095181167126e-07,1.213197917008074,1.2131980420090258
54,2.0902371034026146e-07,0.5873115830181632,0.5873117920418736
54,1.2500095181167126e-07,0.7537385830073617,0.7537387080083136
54,1.66997779160738e-07,0.6635667079826817,0.6635668749804609
54,1.2500095181167126e-07,0.8249279159936123,0.8249280409945641
54,1.2500095181167126e-07,0.71804104099283,0.7180411659937818
54,3.3300602808594704e-07,0.6077677080174908,0.6077680410235189
54,2.0902371034026146e-07,1.295063958998071,1.2950641680217814
54,1.2500095181167126e-07,0.8822124160069507,0.8822125410079025
54,2.9199873097240925e-07,0.8735452080145478,0.8735455000132788
54,1.66997779160738e-07,0.7493035839870572,0.7493037509848364
54,2.0899460650980473e-07,0.5952829160087276,0.5952831250033341
54,1.2500095181167126e-07,0.754198999988148,0.7541991249890998
54,2.0800507627427578e-07,0.35401479198480956,0.35401499998988584
54,2.0800507627427578e-07,1.2795381249743514,1.2795383329794277
54,1.66997779160738e-07,0.4807478330039885,0.48074800000176765
54,1.66997779160738e-07,0.5772368749894667,0.5772370419872459
54,2.500019036233425e-07,0.8438411669922061,0.8438414169941097
55,2.500019036233425e-07,0.6159672089852393,0.6159674589871429
54,1.66997779160738e-07,0.789746250025928,0.7897464170237072
54,2.0797597244381905e-07,1.2916382080002222,1.2916384159761947
55,1.2500095181167126e-07,0.7905213750200346,0.7905215000209864
55,1.2500095181167126e-07,0.7168008330045268,0.7168009580054786
55,1.2500095181167126e-07,0.8200361249910202,0.820036249991972
54,8.300412446260452e-08,0.8582011249964125,0.858201208000537
55,1.659791450947523e-07,0.5354130420018919,0.535413207981037
54,2.0800507627427578e-07,1.1018989580043126,1.1018991660093889
55,2.500019036233425e-07,0.6834324999945238,0.6834327499964274
55,1.2500095181167126e-07,0.5579923749901354,0.5579924999910872
55,8.297502063214779e-08,0.7381591250014026,0.7381592079764232
55,1.2500095181167126e-07,0.5669366670190357,0.5669367920199875
55,1.6702688299119473e-07,0.49842391602578573,0.4984240830526687
55,2.0800507627427578e-07,0.6985500419978052,0.6985502500028815
55,4.1996827349066734e-08,0.6477453330007847,0.6477453749976121
55,2.9199873097240925e-07,0.5694865419936832,0.5694868339924142
54,2.9199873097240925e-07,1.5094382500101347,1.5094385420088656
55,2.0899460650980473e-07,0.75390625,0.7539064589946065
55,2.500019036233425e-07,0.8231197919812985,0.8231200419832021
55,2.500019036233425e-07,0.9276690830010921,0.9276693330029957
55,4.169996827840805e-07,0.6431172500015236,0.6431176670012064
55,3.7497375160455704e-07,1.6627378329867497,1.6627382079605013
55,1.66997779160738e-07,0.8197904999833554,0.8197906669811346
55,1.6600824892520905e-07,1.2870180000027176,1.2870181660109665
55,4.1996827349066734e-08,0.8147527079854626,0.81475274998229
55,2.910092007368803e-07,0.6029505000042263,0.6029507910134271
55,1.66997779160738e-07,0.7104278330225497,0.7104280000203289
55,1.66997779160738e-07,0.9404322080081329,0.940432375005912
55,1.66997779160738e-07,0.8942674580030143,0.8942676250007935
55,8.399365469813347e-08,0.7387176250049379,0.7387177089985926
55,2.0800507627427578e-07,0.6885147920111194,0.6885150000161957
55,1.66997779160738e-07,0.6703320829838049,0.670332249981584
55,2.500019036233425e-07,1.037928292003926,1.0379285420058295
55,2.910092007368803e-07,0.8972296659776475,0.8972299569868483
55,8.399365469813347e-08,1.2859587499988265,1.2859588339924812
55,2.9199873097240925e-07,0.7682724169862922,0.7682727089850232
55,2.9199873097240925e-07,1.0854728749836795,1.0854731669824105
55,2.0899460650980473e-07,0.8401032919937279,0.8401035009883344
55,1.6702688299119473e-07,1.546128415997373,1.546128583024256
55,2.499727997928858e-07,1.3464407910068985,1.3464410409796983
55,1.2500095181167126e-07,0.771655542019289,0.7716556670202408
55,1.2500095181167126e-07,0.7018019579991233,0.7018020830000751
55,2.0800507627427578e-07,0.6059489579929505,0.6059491659980267
55,2.9199873097240925e-07,0.570778083987534,0.570778375986265
55,8.300412446260452e-08,0.6370283750002272,0.6370284580043517
55,2.500019036233425e-07,0.8105985829897691,0.8105988329916727
55,2.500019036233425e-07,1.5415476249763742,1.5415478749782778
55,2.92027834802866e-07,0.6853182089980692,0.685318501025904
55,1.2500095181167126e-07,0.630596458009677,0.6305965830106288
55,1.66997779160738e-07,0.845601875014836,0.8456020420126151
55,8.300412446260452e-08,0.8174832919903565,0.817483374994481
55,1.6600824892520905e-07,0.7378884579811711,0.73788862398942
55,1.6600824892520905e-07,0.5601809590007178,0.5601811250089668
55,1.66997779160738e-07,0.6630895420094021,0.6630897090071812
55,1.66997779160738e-07,0.4443398749863263,0.4443400419841055
55,1.2500095181167126e-07,0.45419916600803845,0.45419929100899026
55,8.399365469813347e-08,0.866317165986402,0.8663172499800567
55,2.0899460650980473e-07,0.597830291982973,0.5978305009775795
55,1.659791450947523e-07,0.45230933401035145,0.45230949998949654
55,2.0800507627427578e-07,0.6330503749777563,0.6330505829828326
55,2.500019036233425e-07,1.212479624984553,1.2124798749864567
55,8.297502063214779e-08,0.6101198749965988,0.6101199579716194
55,4.169996827840805e-07,0.6033428750233725,0.6033432920230553
55,1.2500095181167126e-07,0.8259766249975655,0.8259767499985173
55,2.500019036233425e-07,0.5861504999920726,0.5861507499939762
55,8.300412446260452e-08,0.8640502920025028,0.8640503750066273
55,1.659791450947523e-07,1.05582675000187,1.0558269159810152
55,1.2500095181167126e-07,0.9239923330023885,0.9239924580033403
55,4.1996827349066734e-08,0.8138289590133354,0.8138290010101628
55,1.6600824892520905e-07,0.5852128750120755,0.5852130410203245
55,2.0800507627427578e-07,0.7903497499937657,0.790349957998842
55,2.0800507627427578e-07,0.7038589580042753,0.7038591660093516
55,1.66997779160738e-07,0.9152598750079051,0.9152600420056842
55,1.2500095181167126e-07,0.5041621669952292,0.504162291996181
55,2.0899460650980473e-07,0.6690973330114502,0.6690975420060568
55,1.2500095181167126e-07,1.298622250003973,1.2986223750049248
55,8.297502063214779e-08,0.866971041978104,0.8669711249531247
55,1.6600824892520905e-07,0.7525275419757236,0.7525277079839725
55,2.500019036233425e-07,0.6445312919968273,0.644531541998731
55,8.399365469813347e-08,0.5095603749796283,0.509560458973283
55,2.500019036233425e-07,0.8726730000053067,0.8726732500072103
55,2.0899460650980473e-07,0.504987207998056,0.5049874169926625
55,2.910092007368803e-07,0.5675732500094455,0.5675735410186462
55,2.9098009690642357e-07,0.47419020801316947,0.4741904989932664
55,8.300412446260452e-08,0.5176313749980181,0.5176314580021426
55,2.0902371034026146e-07,1.539925792021677,1.5399260010453872
55,1.2500095181167126e-07,0.7791471670207102,0.779147292021662
55,1.2500095181167126e-07,0.7472899999993388,0.7472901250002906
55,1.2500095181167126e-07,0.5953058339946438,0.5953059589955956
55,1.66997779160738e-07,0.5235469170147553,0.5235470840125345
55,8.399365469813347e-08,0.5393776250130031,0.5393777090066578
55,2.0800507627427578e-07,0.42358549998607486,0.42358570799115114
55,1.2500095181167126e-07,1.0015138339949772,1.001513958995929
55,4.1996827349066734e-08,1.396607792004943,1.3966078340017702
55,1.6600824892520905e-07,1.1737844579911325,1.1737846239993814
55,1.2500095181167126e-07,0.7260373750177678,0.7260375000187196
55,2.0800507627427578e-07,0.6054353750078008,0.605435583012877
55,1.2500095181167126e-07,1.1136669169936795,1.1136670419946313
55,1.2500095181167126e-07,0.5829505829897244,0.5829507079906762
55,2.0797597244381905e-07,0.5882956669956911,0.5882958749716636
55,8.399365469813347e-08,0.8703926669841167,0.8703927509777714
56,1.6600824892520905e-07,0.6639908340002876,0.6639910000085365
55,2.7250003768131137e-05,0.6995749580091797,0.6996022080129478
56,2.9199873097240925e-07,0.5984976249746978,0.5984979169734288
56,2.500019036233425e-07,0.6811853749968577,0.6811856249987613
56,1.6702688299119473e-07,0.7002363330102526,0.7002365000371356
56,2.500019036233425e-07,0.49569833299028687,0.4956985829921905
55,3.6541983718052506e-05,1.3548762919963337,1.3549128339800518
56,1.659791450947523e-07,0.5778595000156201,0.5778596659947652
56,1.2500095181167126e-07,0.5661561249871738,0.5661562499881256
56,2.500019036233425e-07,0.524970290978672,0.5249705409805756
56,1.66997779160738e-07,0.6232259169919416,0.6232260839897208
56,1.66997779160738e-07,0.45183850001194514,0.4518386670097243
56,7.500057108700275e-07,0.5366433750023134,0.5366441250080243
56,1.66997779160738e-07,0.5837879170139786,0.5837880840117577
55,1.2500095181167126e-07,1.370413125026971,1.370413250027923
56,1.2500095181167126e-07,0.5192684999783523,0.5192686249793041
56,2.500019036233425e-07,1.1915716670046095,1.191571917006513
56,1.66997779160738e-07,0.5511872499773744,0.5511874169751536
56,1.2500095181167126e-07,0.6424451250059064,0.6424452500068583
56,2.0899460650980473e-07,0.4753364589996636,0.4753366679942701
56,1.2500095181167126e-07,0.601482500002021,0.6014826250029728
56,1.2500095181167126e-07,0.7433020830212627,0.7433022080222145
56,1.6600824892520905e-07,0.928939208999509,0.9289393750077579
56,8.399365469813347e-08,0.5104682089877315,0.5104682929813862
56,2.500019036233425e-07,0.6156493330199737,0.6156495830218773
56,2.0800507627427578e-07,1.2986174169927835,1.2986176249978598
56,1.6600824892520905e-07,0.9556010839878581,0.9556012499961071
56,1.66997779160738e-07,0.700699542008806,0.7006997090065852
56,2.9199873097240925e-07,0.5689522079774179,0.5689524999761488
56,2.0800507627427578e-07,0.7266687079973053,0.7266689160023816
56,2.910092007368803e-07,0.8007184579910245,0.8007187490002252
56,1.2500095181167126e-07,0.6142316670157015,0.6142317920166533
56,2.0899460650980473e-07,0.8155308330024127,0.8155310419970192
56,1.6600824892520905e-07,0.4399288339773193,0.4399289999855682
56,2.0902371034026146e-07,0.8366613330144901,0.8366615420382004
56,1.66997779160738e-07,0.46155320800608024,0.4615533750038594
56,2.0800507627427578e-07,0.5809239999798592,0.5809242079849355
56,2.0800507627427578e-07,0.584588875004556,0.5845890830096323
56,2.500019036233425e-07,1.2579634170106146,1.2579636670125183
56,1.6600824892520905e-07,0.49180645900196396,0.4918066250102129
56,2.0800507627427578e-07,0.5121084169950336,0.5121086250001099
56,2.0797597244381905e-07,0.4902448750217445,0.49024508299771696
56,1.6600824892520905e-07,0.5155369999993127,0.5155371660075616
56,1.66997779160738e-07,0.5003737920196727,0.5003739590174519
56,1.2500095181167126e-07,0.6470823750132695,0.6470825000142213
56,2.0797597244381905e-07,0.5997824170044623,0.5997826249804348
56,1.2500095181167126e-07,0.43646175001049414,0.43646187501144595
56,2.0800507627427578e-07,0.6520504580112174,0.6520506660162937
56,1.2500095181167126e-07,0.630500083003426,0.6305002080043778
56,1.66997779160738e-07,1.3175739579892252,1.3175741249870043
56,1.66997779160738e-07,0.8538046249886975,0.8538047919864766
56,8.399365469813347e-08,0.469685666001169,0.4696857499948237
56,1.2500095181167126e-07,0.4983846670074854,0.4983847920084372
56,1.2500095181167126e-07,0.6247190000140108,0.6247191250149626
56,2.0800507627427578e-07,0.6533573750057258,0.653357583010802
56,1.6702688299119473e-07,0.5362240000104066,0.5362241670372896
56,1.2500095181167126e-07,0.7227545829955488,0.7227547079965007
56,1.2500095181167126e-07,0.7626495420117863,0.7626496670127381
56,6.250047590583563e-07,0.5587260420143139,0.5587266670190729
56,1.2500095181167126e-07,0.6879597499791998,0.6879598749801517
56,1.2500095181167126e-07,1.193957000010414,1.1939571250113659
56,8.399365469813347e-08,0.8380194999917876,0.8380195839854423
56,2.0800507627427578e-07,0.864085334003903,0.8640855420089792
56,1.2500095181167126e-07,0.6483948749955744,0.6483949999965262
56,2.0800507627427578e-07,1.002669458015589,1.0026696660206653
56,1.6600824892520905e-07,0.904117166006472,0.9041173320147209
56,2.500019036233425e-07,0.9117665419762488,0.9117667919781525
56,2.910092007368803e-07,0.8095319169806316,0.8095322079898324
56,1.2500095181167126e-07,0.9178233749989886,0.9178234999999404
56,1.6600824892520905e-07,0.6734677089843899,0.6734678749926388
56,1.2500095181167126e-07,0.779914540995378,0.7799146659963299
56,4.202593117952347e-08,0.6952443330083042,0.6952443750342354
56,2.0899460650980473e-07,0.5651734169805422,0.5651736259751488
56,1.6600824892520905e-07,1.4161908749956638,1.4161910410039127
56,2.500019036233425e-07,0.801499708002666,0.8014999580045696
56,1.2500095181167126e-07,0.9042458750191145,0.9042460000200663
56,1.2500095181167126e-07,0.45624433300690725,0.45624445800785907
56,2.9199873097240925e-07,0.7169422089937143,0.7169425009924453
56,1.659791450947523e-07,1.0791947499965318,1.0791949159756768
56,1.66997779160738e-07,1.3153212089964654,1.3153213759942446
56,1.6600824892520905e-07,0.9259033749985974,0.9259035410068464
56,2.500019036233425e-07,0.6322287079819944,0.632228957983898
56,1.6600824892520905e-07,0.6269401250174269,0.6269402910256758
56,1.66997779160738e-07,0.48158216700539924,0.4815823340031784
56,2.0899460650980473e-07,0.45051674998831004,0.45051695898291655
56,2.0800507627427578e-07,0.6647164580062963,0.6647166660113726
56,2.9098009690642357e-07,0.5007017920142971,0.500702082994394
56,1.2500095181167126e-07,0.8064266250003129,0.8064267500012647
56,2.0800507627427578e-07,0.4865727079741191,0.4865729159791954
56,2.0800507627427578e-07,0.5247221250028815,0.5247223330079578
56,1.2500095181167126e-07,0.8077981249953154,0.8077982499962673
56,2.500019036233425e-07,1.4500025419984013,1.450002792000305
56,1.2500095181167126e-07,0.6446553330169991,0.6446554580179509
56,1.66997779160738e-07,0.5219597090035677,0.5219598760013469
56,1.6600824892520905e-07,1.0066932089976035,1.0066933750058524
56,3.33995558321476e-07,0.5850077499926556,0.5850080839882139
56,8.297502063214779e-08,1.308697625005152,1.3086977079801727
56,1.2500095181167126e-07,0.5438410000060685,0.5438411250070203
56,2.500019036233425e-07,0.6570288749935571,0.6570291249954607
56,1.2500095181167126e-07,0.9054679580149241,0.9054680830158759
56,2.9199873097240925e-07,1.2124637089727912,1.2124640009715222
57,1.66997779160738e-07,0.7319464999891352,0.7319466669869144
56,1.2500095181167126e-07,0.7889490000088699,0.7889491250098217
57,4.1996827349066734e-08,0.5865610000037123,0.5865610420005396
57,2.9199873097240925e-07,0.7193830420146696,0.7193833340134006
57,1.6600824892520905e-07,0.6106852079974487,0.6106853740056977
57,2.500019036233425e-07,0.5577418750035577,0.5577421250054613
57,2.500019036233425e-07,0.6237711670110002,0.6237714170129038
57,1.6600824892520905e-07,0.6419496669841465,0.6419498329923954
57,1.66997779160738e-07,0.6287557090108749,0.628755876008654
57,1.2500095181167126e-07,0.537963332986692,0.5379634579876438
57,1.66997779160738e-07,0.43442429197602905,0.4344244589738082
56,1.66997779160738e-07,1.27893575001508,1.2789359170128591
57,2.0899460650980473e-07,0.4722583749971818,0.4722585839917883
57,1.2500095181167126e-07,0.5208193329744972,0.520819457975449
57,1.2500095181167126e-07,0.5985572499921545,0.5985573749931064
57,1.2500095181167126e-07,0.5491943749948405,0.5491944999957923
57,2.500019036233425e-07,0.8016534580092411,0.8016537080111448
57,1.2500095181167126e-07,1.2750357090262696,1.2750358340272214
57,1.2500095181167126e-07,0.5391510000044946,0.5391511250054464
57,1.66997779160738e-07,0.6552531250054017,0.6552532920031808
57,1.66997779160738e-07,0.5557030829950236,0.5557032499928027
57,2.0902371034026146e-07,0.5904882080212701,0.5904884170449805
57,1.2500095181167126e-07,0.9261522079759743,0.9261523329769261
57,8.399365469813347e-08,0.4860948749992531,0.4860949589929078
57,1.6600824892520905e-07,0.713622834009584,0.713623000017833
57,1.2500095181167126e-07,1.3285255420196336,1.3285256670205854
57,1.2500095181167126e-07,0.903241291991435,0.9032414169923868
57,1.66997779160738e-07,0.4491067919880152,0.44910695898579434
57,8.300412446260452e-08,0.448640125017846,0.44864020802197047
57,1.2500095181167126e-07,0.4990692500141449,0.49906937501509674
57,1.2500095181167126e-07,0.8182998750125989,0.8183000000135507
57,1.66997779160738e-07,0.5367999169975519,0.5368000839953311
57,8.300412446260452e-08,0.7434604580048472,0.7434605410089716
57,1.66997779160738e-07,0.793025166989537,0.7930253339873161
57,1.2500095181167126e-07,0.7475285829859786,0.7475287079869304
57,1.659791450947523e-07,0.8950550409790594,0.8950552069582045
57,1.6600824892520905e-07,1.1968400419864338,1.1968402079946827
57,1.2500095181167126e-07,0.43231699999887496,0.4323171249998268
57,2.500019036233425e-07,0.5594647499965504,0.559464999998454
57,1.2500095181167126e-07,0.5500247910094913,0.5500249160104431
57,1.66997779160738e-07,0.4989202500146348,0.49892041701241396
57,1.66997779160738e-07,0.5298292499792296,0.5298294169770088
57,2.9199873097240925e-07,0.6202435000159312,0.6202437920146622
57,1.66997779160738e-07,0.5292284580064006,0.5292286250041798
57,1.2500095181167126e-07,0.492401666007936,0.4924017910088878
57,2.0902371034026146e-07,0.47318925001309253,0.4731894590368029
57,2.0899460650980473e-07,1.1727261659980286,1.172726374992635
57,2.0800507627427578e-07,0.727240084001096,0.7272402920061722
57,2.0800507627427578e-07,0.5829233749827836,0.5829235829878598
57,1.6600824892520905e-07,0.4947594169934746,0.4947595830017235
57,1.2500095181167126e-07,0.6197982919984497,0.6197984169994015
57,1.2500095181167126e-07,0.9865009580098558,0.9865010830108076
57,2.500019036233425e-07,0.479812083998695,0.47981233400059864
57,8.300412446260452e-08,0.6643985830014572,0.6643986660055816
57,2.0899460650980473e-07,0.4927422500040848,0.4927424589986913
57,8.300412446260452e-08,0.5027574580162764,0.5027575410204008
57,8.399365469813347e-08,0.6466425419785082,0.6466426259721629
57,2.9199873097240925e-07,0.6122717499965802,0.6122720419953112
57,1.6600824892520905e-07,0.5568103750119917,0.5568105410202406
57,1.6600824892520905e-07,0.5168335420021322,0.5168337080103811
57,1.2497184798121452e-07,0.8924890420166776,0.8924891669885255
57,1.659791450947523e-07,1.3279870000260416,1.3279871660051867
57,1.6600824892520905e-07,0.6532886250060983,0.6532887910143472
57,1.2500095181167126e-07,0.9899767499882728,0.9899768749892246
57,4.1996827349066734e-08,0.6761823330016341,0.6761823749984615
57,1.2500095181167126e-07,1.0352520419983193,1.0352521669992711
57,2.0800507627427578e-07,0.8837808329844847,0.883781040989561
57,1.66997779160738e-07,0.9100017090095207,0.9100018760072999
57,1.659791450947523e-07,0.5290169169893488,0.5290170829684939
57,8.399365469813347e-08,0.785704749985598,0.7857048339792527
57,2.0800507627427578e-07,0.7735782079980709,0.7735784160031471
57,2.0800507627427578e-07,1.211324500007322,1.2113247080123983
57,1.2500095181167126e-07,0.6621519580075983,0.6621520830085501
57,3.3300602808594704e-07,0.9549025000014808,0.9549028330075089
57,1.2500095181167126e-07,0.6822753339947667,0.6822754589957185
57,4.169996827840805e-07,0.6349516250193119,0.6349520420189947
57,1.66997779160738e-07,1.1565082499873824,1.1565084169851616
57,1.2497184798121452e-07,0.8572337080258876,0.8572338329977356
57,2.500019036233425e-07,0.6979622909857426,0.6979625409876462
57,2.0800507627427578e-07,0.9260171669884585,0.9260173749935348
57,2.500019036233425e-07,0.6116294999956153,0.611629749997519
57,1.66997779160738e-07,0.5542189579864498,0.554219124984229
57,1.659791450947523e-07,0.7714373330236413,0.7714374990027864
57,5.1670067477971315e-06,0.5020762079802807,0.5020813749870285
57,1.6600824892520905e-07,0.674720624985639,0.6747207909938879
57,8.300412446260452e-08,0.574520832975395,0.5745209159795195
57,1.66997779160738e-07,0.5893934589985292,0.5893936259963084
57,1.2500095181167126e-07,0.9131782080221456,0.9131783330230974
57,1.2500095181167126e-07,0.9624881250201724,0.9624882500211243
57,4.1996827349066734e-08,0.7211118750274181,0.7211119170242455
57,1.66997779160738e-07,1.3967212080024183,1.3967213750001974
57,1.2500095181167126e-07,0.603265416022623,0.6032655410235748
57,1.6600824892520905e-07,0.8777282499941066,0.8777284160023555
57,1.66997779160738e-07,0.5137530830106698,0.513753250008449
57,1.66997779160738e-07,0.5347747920022812,0.5347749590000603
57,2.0899460650980473e-07,0.6103994169970974,0.6103996259917039
57,1.2500095181167126e-07,1.50047737499699,1.5004774999979418
57,1.66997779160738e-07,0.6178492910112254,0.6178494580090046
58,1.66997779160738e-07,0.6061100840161089,0.606110251013888
57,2.0899460650980473e-07,0.8709983330045361,0.8709985419991426
58,1.66997779160738e-07,0.6565517919952981,0.6565519589930773
58,1.66997779160738e-07,0.688190457993187,0.6881906249909662
57,1.2500095181167126e-07,1.2427185000269674,1.2427186250279192
58,2.92027834802866e-07,0.5777373750170227,0.5777376670448575
57,8.300412446260452e-08,0.8334951249998994,0.8334952080040239
58,1.6600824892520905e-07,0.5634211249998771,0.563421291008126
58,1.66997779160738e-07,0.6106452500098385,0.6106454170076177
58,2.500019036233425e-07,0.7442725000146311,0.7442727500165347
58,1.2500095181167126e-07,0.8565973340009805,0.8565974590019323
58,1.2500095181167126e-07,0.6798712919990066,0.6798714169999585
58,2.500019036233425e-07,0.7929791670176201,0.7929794170195237
58,1.2500095181167126e-07,0.6392098749929573,0.6392099999939092
58,1.2500095181167126e-07,0.6202771249809302,0.620277249981882
57,1.66997779160738e-07,1.4338737499783747,1.4338739169761539
58,1.66997779160738e-07,0.6618168340064585,0.6618170010042377
58,1.2500095181167126e-07,0.6310687079967465,0.6310688329976983
58,1.66997779160738e-07,0.8148271249956451,0.8148272919934243
58,2.0899460650980473e-07,1.4200815839867573,1.4200817929813638
58,1.66997779160738e-07,0.6952307500177994,0.6952309170155786
58,2.500019036233425e-07,0.3959435839788057,0.3959438339807093
58,1.66997779160738e-07,0.5037190830043983,0.5037192500021774
58,1.6600824892520905e-07,0.6797684580087662,0.6797686240170151
58,1.2500095181167126e-07,0.5292800409952179,0.5292801659961697
58,1.659791450947523e-07,1.1130522080056835,1.1130523739848286
58,1.2500095181167126e-07,1.4041485830093734,1.4041487080103252
58,1.659791450947523e-07,0.4032280000101309,0.403228165989276
58,1.66997779160738e-07,0.7567984580236953,0.7567986250214744
58,1.66997779160738e-07,0.884160708024865,0.8841608750226442
58,1.2500095181167126e-07,0.8639616669970565,0.8639617919980083
58,1.2500095181167126e-07,0.7148000420129392,0.714800167013891
58,1.659791450947523e-07,0.8693709170038346,0.8693710829829797
58,1.66997779160738e-07,0.44564575000549667,0.4456459170032758
58,1.6702688299119473e-07,0.4422946250124369,0.4422947920393199
58,2.0800507627427578e-07,0.6674203329894226,0.6674205409944989
58,1.2500095181167126e-07,0.7992399589857087,0.7992400839866605
58,2.500019036233425e-07,0.5125663749931846,0.5125666249950882
58,1.2500095181167126e-07,0.5186594169936143,0.5186595419945661
58,1.2500095181167126e-07,1.1890868339978624,1.1890869589988142
58,1.6702688299119473e-07,0.45701145799830556,0.45701162502518855
58,8.399365469813347e-08,0.46286495801177807,0.46286504200543277
58,1.2500095181167126e-07,0.4123110829968937,0.4123112079978455
58,2.500019036233425e-07,0.4201303749869112,0.4201306249888148
58,1.6600824892520905e-07,0.631299582979409,0.631299748987658
58,1.66997779160738e-07,0.4112222919939086,0.41122245899168774
58,1.66997779160738e-07,0.5222122910199687,0.5222124580177478
58,1.66997779160738e-07,0.5579081249888986,0.5579082919866778
58,1.66997779160738e-07,0.6339100839977618,0.633910250995541
58,3.329769242554903e-07,0.6896072500094306,0.6896075829863548
58,1.2500095181167126e-07,0.4361741669999901,0.43617429200094193
58,4.1996827349066734e-08,0.6452958750014659,0.6452959169982933
58,1.6600824892520905e-07,0.5181995839811862,0.5181997499894351
58,2.9199873097240925e-07,1.2326092910079751,1.232609583006706
58,1.2500095181167126e-07,0.5476637919782661,0.5476639169792179
58,1.2500095181167126e-07,0.4143179589882493,0.4143180839892011
58,1.2500095181167126e-07,0.36588641701382585,0.36588654201477766
58,8.300412446260452e-08,0.5316547919937875,0.531654874997912
58,1.66997779160738e-07,0.35925149999093264,0.3592516669887118
58,1.66997779160738e-07,0.5642226250201929,0.5642227920179721
58,2.0797597244381905e-07,0.47727658299845643,0.4772767909744289
58,2.0800507627427578e-07,0.5655812909826636,0.5655814989877399
58,2.910092007368803e-07,0.43898266699397936,0.4389829580031801
58,1.2500095181167126e-07,1.0800558329792693,1.0800559579802211
58,1.2500095181167126e-07,0.7934629169758409,0.7934630419767927
58,2.0800507627427578e-07,0.7893717919941992,0.7893719999992754
58,2.9199873097240925e-07,0.5476853330037557,0.5476856250024866
58,8.300412446260452e-08,0.7880086669756565,0.788008749979781
58,1.66997779160738e-07,0.8710101670003496,0.8710103339981288
58,1.2500095181167126e-07,0.5988228330097627,0.5988229580107145
58,4.1996827349066734e-08,0.43218020800850354,0.4321802500053309
58,2.910092007368803e-07,0.8283317500026897,0.8283320410118904
58,2.500019036233425e-07,0.5452989580226131,0.5452992080245167
58,2.0800507627427578e-07,0.5900076249963604,0.5900078330014367
58,1.66997779160738e-07,0.5548835840018,0.5548837509995792
58,1.2500095181167126e-07,0.4927023329946678,0.4927024579956196
58,8.399365469813347e-08,0.8403089579951484,0.8403090419888031
58,2.500019036233425e-07,1.1715614589920733,1.171561708993977
58,1.2500095181167126e-07,0.3912060000002384,0.39120612500119023
58,2.500019036233425e-07,0.5880728750198614,0.588073125021765
58,8.399365469813347e-08,0.7443129160092212,0.7443130000028759
58,2.0899460650980473e-07,1.1244927090010606,1.124492917995667
58,1.2500095181167126e-07,0.5727948329877108,0.5727949579886626
58,2.0800507627427578e-07,0.3561549999867566,0.35615520799183287
58,2.500019036233425e-07,0.5667612079996616,0.5667614580015652
58,8.399365469813347e-08,0.38153233300545253,0.3815324169991072
58,1.6600824892520905e-07,0.3883447079861071,0.388344873994356
58,1.2500095181167126e-07,0.4450707919895649,0.4450709169905167
58,1.2500095181167126e-07,0.5561426249914803,0.5561427499924321
58,1.2500095181167126e-07,0.4956323749793228,0.4956324999802746
58,8.300412446260452e-08,0.7996562499902211,0.7996563329943456
58,2.500019036233425e-07,1.1654514580150135,1.165451708016917
58,1.66997779160738e-07,0.7706033749855123,0.7706035419832915
58,2.500019036233425e-07,0.4589488340134267,0.4589490840153303
58,2.0800507627427578e-07,0.9021547920128796,0.9021550000179559
58,2.500019036233425e-07,0.5310668750025798,0.5310671250044834
58,8.300412446260452e-08,1.1246306249813642,1.1246307079854887
58,1.2500095181167126e-07,0.4484365410171449,0.44843666601809673
58,2.0800507627427578e-07,0.5314217499981169,0.5314219580031931
58,2.500019036233425e-07,0.45400125000742264,0.45400150000932626
58,2.500019036233425e-07,0.7690824579913169,0.7690827079932205
59,2.500019036233425e-07,0.39544729099725373,0.39544754099915735
59,2.0800507627427578e-07,0.4149245830194559,0.41492479102453217
58,1.2500095181167126e-07,0.5992119160073344,0.5992120410082862
59,2.9199873097240925e-07,0.4912612499902025,0.49126154198893346
59,1.66997779160738e-07,0.5914824589854106,0.5914826259831898
59,1.6702688299119473e-07,0.4523269159835763,0.4523270830104593
59,8.300412446260452e-08,0.43883358300081454,0.438833666004939
58,1.2500095181167126e-07,1.16932195899426,1.1693220839952119
59,1.2500095181167126e-07,0.6595819169888273,0.6595820419897791
59,2.9199873097240925e-07,0.5560699579946231,0.5560702499933541
59,2.0800507627427578e-07,0.5559589579934254,0.5559591659985017
58,8.399365469813347e-08,1.090227375010727,1.0902274590043817
59,1.6702688299119473e-07,0.43112925000605173,0.4311294170329347
59,1.66997779160738e-07,0.4011820839950815,0.40118225099286065
59,1.66997779160738e-07,0.3817945829941891,0.3817947499919683
59,1.659791450947523e-07,0.4558974579849746,0.4558976239641197
59,2.9199873097240925e-07,0.40383658299106173,0.4038368749897927
59,2.500019036233425e-07,0.3458078329858836,0.3458080829877872
59,2.0800507627427578e-07,0.4098565409949515,0.4098567490000278
59,1.6600824892520905e-07,0.6244869999936782,0.6244871660019271
59,1.66997779160738e-07,0.5109360420028679,0.5109362090006471
59,2.0800507627427578e-07,1.149314417009009,1.1493146250140853
59,2.500019036233425e-07,0.40889929101103917,0.4088995410129428
59,2.0800507627427578e-07,0.3729181659873575,0.37291837399243377
59,1.66997779160738e-07,0.7624022090167273,0.7624023760145064
59,4.1996827349066734e-08,1.0635311660007574,1.0635312079975847
59,2.0797597244381905e-07,0.5379086670000106,0.537908874975983
59,1.659791450947523e-07,0.8202489580144174,0.8202491239935625
59,2.0800507627427578e-07,0.42822075000731274,0.428220958012389
59,2.0902371034026146e-07,0.40287054202053696,0.4028707510442473
59,3.3300602808594704e-07,0.5972977500059642,0.5972980830119923
59,8.300412446260452e-08,0.5278678330068942,0.5278679160110187
59,2.0800507627427578e-07,0.3336284999968484,0.3336287080019247
59,2.0800507627427578e-07,0.4621402909979224,0.4621404990029987
59,2.500019036233425e-07,0.8197320839972235,0.8197323339991271
59,1.6600824892520905e-07,0.7616829999897163,0.7616831659979653
59,1.6600824892520905e-07,0.3786402090045158,0.3786403750127647
59,2.0800507627427578e-07,0.7891136659891345,0.7891138739942107
59,1.2500095181167126e-07,0.3280576249817386,0.32805774998269044
59,1.2500095181167126e-07,0.5563589169760235,0.5563590419769753
59,1.2500095181167126e-07,0.35496229099226184,0.35496241599321365
59,1.6702688299119473e-07,1.136403040989535,1.136403208016418
59,3.329769242554903e-07,0.34977962501579896,0.3497799579927232
59,2.500019036233425e-07,0.43989583299844526,0.4398960830003489
59,2.500019036233425e-07,0.5852627080166712,0.5852629580185749
59,2.0899460650980473e-07,0.5060991249920335,0.50609933398664
59,1.2500095181167126e-07,0.4320025420165621,0.4320026670175139
59,1.66997779160738e-07,0.618277166999178,0.6182773339969572
59,4.100729711353779e-08,1.0791644160053693,1.0791644570126664
59,1.2500095181167126e-07,0.613206749985693,0.6132068749866448
59,1.66997779160738e-07,0.459037458000239,0.45903762499801815
59,2.910092007368803e-07,0.6369011250208132,0.6369014160300139
59,2.500019036233425e-07,1.1376594169996679,1.1376596670015715
59,2.9199873097240925e-07,0.9164825410116464,0.9164828330103774
59,1.66997779160738e-07,0.7272999999986496,0.7273001669964287
59,2.500019036233425e-07,0.9083755830070004,0.908375833008904
59,1.66997779160738e-07,0.7173015000007581,0.7173016669985373
59,3.7500285543501377e-07,0.9015244159963913,0.9015247909992468
59,1.659791450947523e-07,0.895432792021893,0.8954329580010381
59,1.2500095181167126e-07,0.8816599999845494,0.8816601249855012
59,1.6702688299119473e-07,0.9994499169988558,0.9994500840257388
59,2.500019036233425e-07,0.9936869170051068,0.9936871670070104
59,2.0797597244381905e-07,0.5102282089937944,0.5102284169697668
59,2.0800507627427578e-07,1.0471037499955855,1.0471039580006618
59,2.0899460650980473e-07,0.5785152089956682,0.5785154179902747
59,2.0899460650980473e-07,1.5331454999977723,1.5331457089923788
59,4.1996827349066734e-08,0.5724785000202246,0.572478542017052
59,2.0797597244381905e-07,1.0450835000083316,1.045083707984304
59,2.500019036233425e-07,0.6507150000252295,0.6507152500271332
59,1.6702688299119473e-07,0.39309120798134245,0.39309137500822544
59,2.500019036233425e-07,0.8074927910056431,0.8074930410075467
59,8.399365469813347e-08,0.5140620000020135,0.5140620839956682
59,2.9199873097240925e-07,0.5530657500203233,0.5530660420190543
59,1.6600824892520905e-07,0.791927084006602,0.7919272500148509
59,1.66997779160738e-07,0.5904734999930952,0.5904736669908743
59,8.40227585285902e-08,0.6694846670143306,0.6694847510370892
59,2.500019036233425e-07,0.5115839579957537,0.5115842079976574
59,1.2500095181167126e-07,1.3523864579910878,1.3523865829920396
59,1.2500095181167126e-07,0.7254024589783512,0.725402583979303
59,1.6600824892520905e-07,0.43385004199808463,0.43385020800633356
59,1.2500095181167126e-07,0.8159097919997294,0.8159099170006812
59,2.9199873097240925e-07,0.386049249995267,0.386049541993998
59,2.0899460650980473e-07,0.38168845800100826,0.38168866699561477
59,1.2500095181167126e-07,0.6153017499891575,0.6153018749901094
59,2.9199873097240925e-07,1.3559699170000385,1.3559702089987695
59,1.66997779160738e-07,0.40766512500704266,0.4076652920048218
59,2.0899460650980473e-07,0.48650841700145975,0.48650862599606626
59,1.66997779160738e-07,0.6643044579832349,0.6643046249810141
59,4.1996827349066734e-08,0.7952797079924494,0.7952797499892768
59,2.9199873097240925e-07,0.5011965419980697,0.5011968339968007
59,2.500019036233425e-07,1.1746898329874966,1.1746900829894003
59,2.9199873097240925e-07,0.8706045419967268,0.8706048339954577
59,2.0797597244381905e-07,0.37410825002007186,0.3741084579960443
59,1.66997779160738e-07,0.7963600830116775,0.7963602500094566
59,8.399365469813347e-08,0.560881084005814,0.5608811679994687
59,3.3300602808594704e-07,0.5037829579960089,0.503783291002037
59,5.00003807246685e-07,1.1989407500077505,1.1989412500115577
59,1.6600824892520905e-07,0.4674836669873912,0.4674838329956401
59,1.66997779160738e-07,0.5534027920220979,0.553402959019877
60,2.0899460650980473e-07,0.4716937089979183,0.4716939179925248
59,1.6600824892520905e-07,0.802315874985652,0.802316040993901
59,1.2500095181167126e-07,0.580140540987486,0.5801406659884378
60,2.0899460650980473e-07,0.5940197089803405,0.594019917974947
60,1.6600824892520905e-07,0.38666099999682046,0.3866611660050694
60,1.66997779160738e-07,0.4526687079924159,0.45266887499019504
60,1.2500095181167126e-07,0.5037399999855552,0.503740124986507
59,2.0800507627427578e-07,1.1894941659993492,1.1894943740044255
60,1.2500095181167126e-07,0.4674610829970334,0.4674612079979852
60,1.66997779160738e-07,0.39597449998836964,0.3959746669861488
60,1.2500095181167126e-07,0.3879603329987731,0.3879604579997249
60,1.66997779160738e-07,0.5762062499998137,0.5762064169975929
60,3.7500285543501377e-07,0.6165979169891216,0.616598291991977
60,3.7500285543501377e-07,0.4046937500243075,0.40469412502716295
60,1.2500095181167126e-07,0.3945950829947833,0.3945952079957351
59,2.0800507627427578e-07,1.1912408749922179,1.1912410829972941
60,8.399365469813347e-08,0.4328402079991065,0.4328402919927612
60,2.9199873097240925e-07,0.5387604999996256,0.5387607919983566
60,1.2500095181167126e-07,0.5870960839965846,0.5870962089975365
60,2.500019036233425e-07,0.48252175000379793,0.48252200000570156
60,2.9199873097240925e-07,1.1041966670018155,1.1041969590005465
60,2.500019036233425e-07,0.7503509160014801,0.7503511660033837
60,1.659791450947523e-07,0.5332726670021657,0.5332728329813108
60,1.66997779160738e-07,0.46135070800664835,0.4613508750044275
60,1.2500095181167126e-07,0.537156916980166,0.5371570419811178
60,4.169996827840805e-07,0.6537750839779619,0.6537755009776447
60,2.500019036233425e-07,0.7342532080074307,0.7342534580093343
60,2.0800507627427578e-07,1.2209066250070464,1.2209068330121227
60,1.66997779160738e-07,0.5586673750076443,0.5586675420054235
60,2.910092007368803e-07,0.5594947919889819,0.5594950829981826
60,8.300412446260452e-08,0.7171563750016503,0.7171564580057748
60,1.66997779160738e-07,0.44729887499124743,0.4472990419890266
60,1.2500095181167126e-07,0.36634987499564886,0.3663499999966007
60,4.202593117952347e-08,0.7555339590180665,0.7555340010439977
60,2.500019036233425e-07,0.7731910409929696,0.7731912909948733
60,2.500019036233425e-07,0.4226093749748543,0.4226096249767579
60,1.66997779160738e-07,0.7948744589812122,0.7948746259789914
60,8.399365469813347e-08,0.4503971670055762,0.4503972509992309
60,1.66997779160738e-07,0.41570508398581296,0.4157052509835921
60,1.66997779160738e-07,0.33430079199024476,0.3343009589880239
60,1.66997779160738e-07,1.1460594169911928,1.146059583988972
60,2.0899460650980473e-07,0.3818273329816293,0.3818275419762358
60,2.0800507627427578e-07,0.5546740419813432,0.5546742499864195
60,1.66997779160738e-07,0.3672882500104606,0.3672884170082398
60,2.500019036233425e-07,0.34680183400632814,0.34680208400823176
60,1.2500095181167126e-07,0.5512532499851659,0.5512533749861177
60,8.300412446260452e-08,0.4987533329986036,0.49875341600272804
60,2.9199873097240925e-07,0.5099366659997031,0.5099369579984341
60,1.659791450947523e-07,0.5983533750113565,0.5983535409905016
60,4.1996827349066734e-08,0.582086333015468,0.5820863750122953
60,1.2500095181167126e-07,0.3876161669904832,0.387616291991435
60,2.0800507627427578e-07,1.1191985000041313,1.1191987080092076
60,1.2500095181167126e-07,0.7666739170090295,0.7666740420099813
60,1.66997779160738e-07,0.37969791700015776,0.3796980839979369
60,1.6600824892520905e-07,0.37309175002155825,0.3730919160298072
60,1.2500095181167126e-07,0.547449042001972,0.5474491670029238
60,8.399365469813347e-08,0.4604598750011064,0.4604599589947611
60,2.500019036233425e-07,0.40831583400722593,0.40831608400912955
60,1.2500095181167126e-07,0.5628276659990661,0.5628277910000179
60,1.2500095181167126e-07,0.6452306249993853,0.6452307500003371
60,3.3300602808594704e-07,0.37988154200138524,0.3798818750074133
60,2.0800507627427578e-07,1.0014374169986695,1.0014376250037458
60,1.659791450947523e-07,0.47285854097572155,0.47285870695486665
60,2.0800507627427578e-07,0.6014851669897325,0.6014853749948088
60,1.2500095181167126e-07,0.5390335000120103,0.5390336250129621
60,1.66997779160738e-07,0.7747156669793185,0.7747158339770976
60,1.66997779160738e-07,0.7881157500087284,0.7881159170065075
60,8.300412446260452e-08,0.8310187080060132,0.8310187910101376
60,1.66997779160738e-07,0.7930736250127666,0.7930737920105457
60,1.6600824892520905e-07,0.9062915419926867,0.9062917080009356
60,1.2500095181167126e-07,0.7473057500028517,0.7473058750038035
60,1.66997779160738e-07,0.5753568329964764,0.5753569999942556
60,1.6600824892520905e-07,0.5053507080010604,0.5053508740093093
60,1.6600824892520905e-07,0.6917654169956222,0.6917655830038711
60,1.2500095181167126e-07,0.8326046250003856,0.8326047500013374
60,1.66997779160738e-07,0.6359989579941612,0.6359991249919403
60,1.659791450947523e-07,0.5753810000023805,0.5753811659815256
60,1.66997779160738e-07,1.228931333986111,1.2289315009838901
60,1.2500095181167126e-07,0.6820775409869384,0.6820776659878902
60,1.6600824892520905e-07,0.49744370800908655,0.4974438740173355
60,8.40227585285902e-08,0.8188127920147963,0.8188128760375548
60,1.2500095181167126e-07,0.48257254099007696,0.48257266599102877
60,2.500019036233425e-07,1.241061249980703,1.2410614999826066
60,2.0800507627427578e-07,0.49725929100532085,0.4972594990103971
60,2.0899460650980473e-07,0.48232058400753886,0.48232079300214536
60,2.0800507627427578e-07,0.6590953749837354,0.6590955829888117
60,2.0899460650980473e-07,0.534711625019554,0.5347118340141606
60,2.0899460650980473e-07,0.5235080830170773,0.5235082920116838
60,1.2500095181167126e-07,0.5212868750095367,0.5212870000104886
60,2.910092007368803e-07,0.730475624994142,0.7304759160033427
60,1.66997779160738e-07,0.8832871670019813,0.8832873339997604
60,2.0800507627427578e-07,0.8451043340028264,0.8451045420079026
60,1.2500095181167126e-07,0.9828118330042344,0.9828119580051862
60,1.66997779160738e-07,1.42256241600262,1.4225625830003992
60,1.66997779160738e-07,0.40485804199124686,0.404858208989026
60,8.300412446260452e-08,0.4737880419997964,0.47378812500392087
60,2.500019036233425e-07,0.6334177500102669,0.6334180000121705
60,2.9199873097240925e-07,0.4274991250131279,0.4274994170118589
60,2.0899460650980473e-07,1.2084530829743017,1.2084532919689082
60,1.66997779160738e-07,0.5280605840089265,0.5280607510067057
61,1.66997779160738e-07,0.5052912090031896,0.5052913760009687
60,1.2500095181167126e-07,0.9245891659811605,0.9245892909821123
61,2.0899460650980473e-07,0.5775877079868224,0.5775879169814289
60,1.2500095181167126e-07,0.7243741249840241,0.7243742499849759
61,1.6600824892520905e-07,0.4791457499959506,0.47914591600419953
60,2.500019036233425e-07,1.1771633330208715,1.1771635830227751
61,2.0797597244381905e-07,0.5347285830066539,0.5347287909826264
61,1.6600824892520905e-07,0.6582294999971054,0.6582296660053544
61,2.0800507627427578e-07,0.7166772079945076,0.7166774159995839
61,2.0800507627427578e-07,0.6116455000010319,0.6116457080061082
61,2.0899460650980473e-07,0.7620684590074234,0.7620686680020299
61,4.169996827840805e-07,0.7878328340011649,0.7878332510008477
61,8.399365469813347e-08,0.5638587080175057,0.5638587920111604
60,8.399365469813347e-08,1.3006994999886956,1.3006995839823503
61,1.2500095181167126e-07,0.6218440830125473,0.6218442080134992
61,2.500019036233425e-07,0.6086475829943083,0.608647832996212
61,1.2500095181167126e-07,0.65681395799038,0.6568140829913318
61,1.2500095181167126e-07,0.5914400840119924,0.5914402090129443
61,2.2920139599591494e-06,0.6828846670105122,0.6828869590244722
61,1.2497184798121452e-07,0.42909787502139807,0.42909799999324605
61,3.329769242554903e-07,0.59120462500141,0.5912049579783343
61,2.0800507627427578e-07,1.3121962919831276,1.3121964999882039
61,1.6600824892520905e-07,0.5729382919962518,0.5729384580045007
61,2.0797597244381905e-07,0.4289267089916393,0.42892691696761176
61,2.500019036233425e-07,0.5538088750035968,0.5538091250055004
61,8.399365469813347e-08,1.0378483329841401,1.0378484169777948
61,3.3300602808594704e-07,0.7985774999833666,0.7985778329893947
61,8.399365469813347e-08,1.3063202909834217,1.3063203749770764
61,8.300412446260452e-08,0.6422808749775868,0.6422809579817113
61,1.66997779160738e-07,0.48327374999644235,0.4832739169942215
61,1.66997779160738e-07,0.6038744999968912,0.6038746669946704
61,1.66997779160738e-07,0.6110146249993704,0.6110147919971496
61,1.2500095181167126e-07,0.7730232500180136,0.7730233750189655
61,1.2500095181167126e-07,0.7823148340103216,0.7823149590112735
61,1.659791450947523e-07,0.7924459170026239,0.792446082981769
61,8.297502063214779e-08,0.3917377909820061,0.39173787395702675
61,2.0800507627427578e-07,0.433624667028198,0.4336248750332743
61,1.2500095181167126e-07,0.43639341701054946,0.43639354201150127
61,1.6600824892520905e-07,0.3354744579992257,0.33547462400747463
61,1.6600824892520905e-07,0.4222881250025239,0.4222882910107728
61,2.0797597244381905e-07,1.1488578749995213,1.1488580829754937
61,2.9098009690642357e-07,0.38278275000629947,0.3827830409863964
61,2.9199873097240925e-07,0.6587473750114441,0.6587476670101751
61,8.300412446260452e-08,0.5751667080039624,0.5751667910080869
61,8.399365469813347e-08,0.40502029098570347,0.40502037497935817
61,1.2500095181167126e-07,0.44369654200272635,0.44369666700367816
61,1.66997779160738e-07,0.42906466699787416,0.4290648339956533
61,8.300412446260452e-08,0.4728899170004297,0.47289000000455417
61,8.300412446260452e-08,0.5002124999882653,0.5002125829923898
61,1.2500095181167126e-07,0.5834198749798816,0.5834199999808334
61,2.0800507627427578e-07,1.2240382909949403,1.2240384990000166
61,1.66997779160738e-07,0.7565922499925364,0.7565924169903155
61,1.2500095181167126e-07,0.4445855839876458,0.4445857089885976
61,2.0800507627427578e-07,0.5857833749905694,0.5857835829956457
61,8.297502063214779e-08,0.3791104579868261,0.3791105409618467
61,4.169996827840805e-07,0.4275752090034075,0.4275756260030903
61,1.6702688299119473e-07,0.5526214580168016,0.5526216250436846
61,2.0800507627427578e-07,0.6585920419893228,0.658592249994399
61,1.2500095181167126e-07,0.4687183339847252,0.468718458985677
61,2.0800507627427578e-07,0.6203687500092201,0.6203689580142964
61,1.2500095181167126e-07,0.3877770419931039,0.38777716699405573
61,8.297502063214779e-08,1.0973186250193976,1.0973187079944182
61,1.2500095181167126e-07,0.45618895802181214,0.45618908302276395
61,1.66997779160738e-07,0.7727522500208579,0.7727524170186371
61,2.0800507627427578e-07,0.806132208002964,0.8061324160080403
61,8.297502063214779e-08,0.8993542910029646,0.8993543739779852
61,2.0899460650980473e-07,0.780243416025769,0.7802436250203755
61,1.2500095181167126e-07,0.767123708006693,0.7671238330076449
61,1.6600824892520905e-07,0.5697664170002099,0.5697665830084588
61,8.399365469813347e-08,0.5763614999887068,0.5763615839823615
61,1.2500095181167126e-07,0.5173310420068447,0.5173311670077965
61,1.66997779160738e-07,0.39520829101093113,0.3952084580087103
61,2.0899460650980473e-07,1.1578690000169445,1.157869209011551
61,8.300412446260452e-08,0.6180497500172351,0.6180498330213595
61,2.9098009690642357e-07,0.8060045409947634,0.8060048319748603
61,2.0902371034026146e-07,0.467322915996192,0.46732312501990236
61,1.2500095181167126e-07,0.6561660830047913,0.6561662080057431
61,2.500019036233425e-07,0.9439238329941873,0.9439240829960909
61,1.2500095181167126e-07,0.5783545839949511,0.5783547089959029
61,1.2500095181167126e-07,0.49668041698168963,0.49668054198264144
61,1.2500095181167126e-07,0.806871458014939,0.8068715830158908
61,8.399365469813347e-08,0.8338836659968365,0.8338837499904912
61,2.0899460650980473e-07,1.2076032079930883,1.2076034169876948
61,2.0800507627427578e-07,0.4686846670228988,0.46868487502797507
61,2.500019036233425e-07,0.6619251670199446,0.6619254170218483
61,1.6600824892520905e-07,0.5555748750048224,0.5555750410130713
61,8.300412446260452e-08,0.6175123330031056,0.6175124160072301
61,1.2500095181167126e-07,0.5869479579851031,0.5869480829860549
61,1.66997779160738e-07,0.5005764589877799,0.5005766259855591
61,1.659791450947523e-07,0.7860952500195708,0.7860954159987159
61,2.500019036233425e-07,0.6063352920173202,0.6063355420192238
61,1.66997779160738e-07,1.3353106670256238,1.335310834023403
61,1.659791450947523e-07,0.9255925000179559,0.925592665997101
61,8.300412446260452e-08,0.5966225000156555,0.59662258301978
61,2.9098009690642357e-07,0.88579229201423,0.885792582994327
61,1.66997779160738e-07,0.44483608298469335,0.4448362499824725
61,1.6702688299119473e-07,1.2463584160141181,1.2463585830410011
61,3.340246621519327e-07,0.5485841660120059,0.548584500036668
61,2.0800507627427578e-07,0.5238016249786597,0.523801832983736
61,2.0800507627427578e-07,0.5648930419993121,0.5648932500043884
62,1.2500095181167126e-07,0.47857270800159313,0.47857283300254494
62,2.0902371034026146e-07,0.3646160000062082,0.36461620902991854
61,2.0800507627427578e-07,0.6308924590121023,0.6308926670171786
62,1.2500095181167126e-07,0.55252970798756,0.5525298329885118
61,2.0800507627427578e-07,0.9811088750138879,0.9811090830189642
62,1.6702688299119473e-07,0.5722810419974849,0.5722812090243679
62,2.500019036233425e-07,0.6360496249981225,0.6360498750000261
61,1.2500095181167126e-07,1.3079772920173127,1.3079774170182645
62,8.399365469813347e-08,0.531541416014079,0.5315415000077337
62,8.399365469813347e-08,0.5945020829967689,0.5945021669904236
62,1.66997779160738e-07,0.5111922500072978,0.511192417005077
62,3.7500285543501377e-07,0.6385368749906775,0.6385372499935329
61,1.2500095181167126e-07,1.1431605839752592,1.143160708976211
62,1.66997779160738e-07,0.43681887499406,0.4368190419918392
62,1.2500095181167126e-07,0.4635767909931019,0.4635769159940537
62,1.66997779160738e-07,0.3957890000019688,0.395789166999748
62,8.300412446260452e-08,0.493749667017255,0.49374975002137944
62,2.500019036233425e-07,0.56890145901707,0.5689017090189736
62,2.500019036233425e-07,0.47978308401070535,0.479783334012609
62,8.40227585285902e-08,0.4692671250086278,0.4692672090313863
62,1.66997779160738e-07,1.193284125009086,1.1932842920068651
62,2.0800507627427578e-07,0.4827144999871962,0.48271470799227245
62,2.500019036233425e-07,0.44620595799642615,0.4462062079983298
62,1.66997779160738e-07,0.47645495799952187,0.476455124997301
62,3.3300602808594704e-07,0.6197317500191275,0.6197320830251556
62,1.66997779160738e-07,0.8606517080042977,0.8606518750020768
62,1.66997779160738e-07,1.1784594169876073,1.1784595839853864
62,2.0797597244381905e-07,0.7090915419976227,0.7090917499735951
62,1.66997779160738e-07,0.8067197080235928,0.806719875021372
62,1.6600824892520905e-07,0.5272613749839365,0.5272615409921855
62,2.0797597244381905e-07,0.4803887919988483,0.48038899997482076
62,1.66997779160738e-07,0.4842564169957768,0.484256583993556
62,1.2500095181167126e-07,0.43685525000910275,0.43685537501005456
62,1.2500095181167126e-07,0.9334571670042351,0.9334572920051869
62,1.66997779160738e-07,0.7230307499994524,0.7230309169972315
62,2.9199873097240925e-07,0.4792984169907868,0.47929870898951776
62,1.659791450947523e-07,0.8133124160231091,0.8133125820022542
62,1.2500095181167126e-07,0.8872455830278341,0.8872457080287859
62,1.6702688299119473e-07,0.39220087497960776,0.39220104200649075
62,1.6600824892520905e-07,0.4088207079912536,0.4088208739995025
62,1.66997779160738e-07,1.220302207977511,1.2203023749752901
62,8.300412446260452e-08,0.5896310829848517,0.5896311659889761
62,1.2500095181167126e-07,0.4480305420001969,0.4480306670011487
62,1.6600824892520905e-07,0.4331087500031572,0.4331089160114061
62,1.659791450947523e-07,0.4633567910059355,0.4633569569850806
62,8.399365469813347e-08,0.4612237080000341,0.4612237919936888
62,2.0899460650980473e-07,0.6710654589987826,0.6710656679933891
62,1.66997779160738e-07,0.39435491600306705,0.3943550830008462
62,1.66997779160738e-07,0.5587695839931257,0.5587697509909049
62,1.6600824892520905e-07,1.17860929199378,1.178609458002029
62,8.300412446260452e-08,0.4288754579902161,0.42887554099434055
62,4.1996827349066734e-08,0.6293559159967117,0.629355957993539
62,1.66997779160738e-07,0.5066650419903453,0.5066652089881245
62,1.66997779160738e-07,0.8078422500111628,0.807842417008942
62,3.33995558321476e-07,0.3656293749809265,0.36562970897648484
62,1.2500095181167126e-07,0.5477006669971161,0.5477007919980679
62,1.66997779160738e-07,0.42044220899697393,0.4204423759947531
62,8.399365469813347e-08,0.5399654579814523,0.539965541975107
62,8.399365469813347e-08,0.5475147499819286,0.5475148339755833
62,2.0800507627427578e-07,0.3626680409943219,0.3626682489993982
62,2.0800507627427578e-07,0.42425679200096056,0.42425700000603683
62,1.659791450947523e-07,0.5106840420048684,0.5106842079840135
62,1.66997779160738e-07,0.5916947909863666,0.5916949579841457
62,1.2500095181167126e-07,0.7750144169840496,0.7750145419850014
62,1.2500095181167126e-07,0.7446350419777445,0.7446351669786964
62,1.66997779160738e-07,1.1388556659803726,1.1388558329781517
62,1.2500095181167126e-07,0.5273683750128839,0.5273685000138357
62,1.66997779160738e-07,0.8572833750222344,0.8572835420200136
62,8.300412446260452e-08,0.8026214999845251,0.8026215829886496
62,1.2500095181167126e-07,0.5712043750099838,0.5712045000109356
62,1.66997779160738e-07,0.7660352920065634,0.7660354590043426
62,1.66997779160738e-07,0.5579541669867467,0.5579543339845259
62,2.0800507627427578e-07,0.615863332990557,0.6158635409956332
62,2.9199873097240925e-07,0.7479513339931145,0.7479516259918455
62,1.66997779160738e-07,0.9425644169969019,0.942564583994681
62,1.2500095181167126e-07,0.7558152080164291,0.7558153330173809
62,2.9199873097240925e-07,1.4255509590147994,1.4255512510135304
62,3.3300602808594704e-07,0.8765974170237314,0.8765977500297595
62,2.0800507627427578e-07,0.7742286249995232,0.7742288330045994
62,1.659791450947523e-07,0.7370916250220034,0.7370917910011485
62,2.500019036233425e-07,1.2341441670141649,1.2341444170160685
62,2.500019036233425e-07,0.6832074169942643,0.683207666996168
62,1.2500095181167126e-07,1.0648655419936404,1.0648656669945922
62,4.202593117952347e-08,0.632080915995175,0.6320809580211062
62,1.2500095181167126e-07,0.5155979580013081,0.51559808300226
62,1.66997779160738e-07,0.42363554099574685,0.423635707993526
62,2.500019036233425e-07,0.7747323329967912,0.7747325829986949
62,1.2500095181167126e-07,1.2729134999972302,1.272913624998182
62,1.6600824892520905e-07,0.4666022500023246,0.4666024160105735
62,8.399365469813347e-08,0.5265756250009872,0.5265757089946419
62,1.66997779160738e-07,0.4812747079995461,0.48127487499732524
62,1.659791450947523e-07,0.7224082089960575,0.7224083749752026
62,2.0800507627427578e-07,0.7620015419961419,0.7620017500012182
62,1.2500095181167126e-07,0.7132862499856856,0.7132863749866374
62,1.66997779160738e-07,0.5418956249777693,0.5418957919755485
62,8.300412446260452e-08,0.3744934170099441,0.37449350001406856
62,8.300412446260452e-08,1.3631817919958849,1.3631818750000093
62,1.2497184798121452e-07,0.47179070801939815,0.47179083299124613
62,2.910092007368803e-07,0.42434116700314917,0.4243414580123499
62,1.66997779160738e-07,0.5361589170061052,0.5361590840038843
63,1.659791450947523e-07,0.5376729580166284,0.5376731239957735
63,1.2500095181167126e-07,0.5595647500013001,0.5595648750022519
62,1.6702688299119473e-07,0.7780775839928538,0.7780777510197368
63,1.2500095181167126e-07,0.5508470000058878,0.5508471250068396
62,8.300412446260452e-08,0.6109138749889098,0.6109139579930343
63,1.6600824892520905e-07,0.4720769170089625,0.4720770830172114
62,8.300412446260452e-08,1.1678681669873185,1.167868249991443
63,2.0800507627427578e-07,0.6018783749896102,0.6018785829946864
63,2.0797597244381905e-07,0.5674443330208305,0.567444540996803
63,1.66997779160738e-07,0.5815904999908525,0.5815906669886317
63,2.0902371034026146e-07,0.6039000420132652,0.6039002510369755
63,2.0800507627427578e-07,0.3961082079913467,0.396108415996423
63,2.0899460650980473e-07,0.4618291670049075,0.461829375999514
63,2.500019036233425e-07,0.5518753749784082,0.5518756249803118
63,1.66997779160738e-07,0.5788207910081837,0.5788209580059629
62,1.66997779160738e-07,1.2045925419952255,1.2045927089930046
63,1.2500095181167126e-07,0.41054466599598527,0.4105447909969371
63,2.0899460650980473e-07,0.6094565830135252,0.6094567920081317
63,8.40227585285902e-08,0.522971124999458,0.5229712090222165
63,1.2500095181167126e-07,0.47812025001621805,0.47812037501716986
63,1.6702688299119473e-07,0.5277625000162516,0.5277626670431346
63,1.66997779160738e-07,1.2151324170117732,1.2151325840095524
63,3.3300602808594704e-07,0.5000337910023518,0.5000341240083799
63,1.2500095181167126e-07,0.5118109160102904,0.5118110410112422
63,2.499727997928858e-07,0.7801681670243852,0.780168416997185
63,2.0899460650980473e-07,0.48357641699840315,0.48357662599300966
63,1.66997779160738e-07,0.7685858329932671,0.7685859999910463
63,2.9098009690642357e-07,1.2763741670059972,1.276374457986094
63,1.659791450947523e-07,0.7708492499950808,0.7708494159742258
63,1.2500095181167126e-07,0.5461101660039276,0.5461102910048794
63,8.300412446260452e-08,0.7396577080071438,0.7396577910112683
63,2.0800507627427578e-07,0.7729817919898778,0.7729819999949541
63,1.6600824892520905e-07,0.6433116669941228,0.6433118330023717
63,1.66997779160738e-07,0.7268032910069451,0.7268034580047242
63,1.66997779160738e-07,0.5607408339856192,0.5607410009833984
63,1.2500095181167126e-07,0.50971991600818,0.5097200410091318
63,4.169996827840805e-07,1.202422000002116,1.2024224170017987
63,1.2500095181167126e-07,1.0447229590208735,1.0447230840218253
63,8.300412446260452e-08,0.7482595830224454,0.7482596660265699
63,2.9098009690642357e-07,0.5285072920087259,0.5285075829888228
63,1.2500095181167126e-07,0.6794930000032764,0.6794931250042282
63,8.399365469813347e-08,1.0421467080013826,1.0421467919950373
63,1.66997779160738e-07,0.5772409589844756,0.5772411259822547
63,2.0800507627427578e-07,0.8241488329949789,0.8241490410000551
63,1.1250085663050413e-06,0.499934374995064,0.4999355000036303
63,2.0800507627427578e-07,0.5183135000115726,0.5183137080166489
63,1.66997779160738e-07,0.5908275830151979,0.590827750012977
63,8.300412446260452e-08,0.4454582920006942,0.44545837500481866
63,2.500019036233425e-07,0.5987615409831051,0.5987617909850087
63,1.2500095181167126e-07,0.7838442919892259,0.7838444169901777
63,2.0899460650980473e-07,0.8087339579942636,0.8087341669888701
63,4.580069798976183e-07,0.43599462500424124,0.43599508301122114
63,1.66997779160738e-07,0.7297722499934025,0.7297724169911817
63,8.297502063214779e-08,0.46263850000104867,0.4626385829760693
63,1.2500095181167126e-07,0.5466175000183284,0.5466176250192802
63,1.659791450947523e-07,0.5912598750146572,0.5912600409938022
63,2.0899460650980473e-07,0.44936683401465416,0.44936704300926067
63,1.66997779160738e-07,0.5489444170088973,0.5489445840066765
63,1.2500095181167126e-07,0.6523820000002161,0.6523821250011679
63,2.0800507627427578e-07,0.530702833988471,0.5307030419935472
63,2.499727997928858e-07,0.581950790976407,0.5819510409492068
63,8.399365469813347e-08,0.7321179579885211,0.7321180419821758
63,2.9199873097240925e-07,1.1669136669952422,1.1669139589939732
63,2.9199873097240925e-07,0.7913131669920404,0.7913134589907713
63,2.0800507627427578e-07,0.8259996669949032,0.8259998749999795
63,2.0797597244381905e-07,0.5353539999923669,0.5353542079683393
63,1.66997779160738e-07,0.5482959590153769,0.548296126013156
63,3.7497375160455704e-07,0.6119895000010729,0.6119898749748245
63,2.9199873097240925e-07,0.8494075830094516,0.8494078750081826
63,1.2500095181167126e-07,0.4810480419837404,0.4810481669846922
63,2.0902371034026146e-07,0.7729182910115924,0.7729185000353027
63,1.2500095181167126e-07,0.7131993749935646,0.7131994999945164
63,1.66997779160738e-07,0.5711530839907937,0.5711532509885728
63,2.500019036233425e-07,0.6006408329994883,0.600641083001392
63,2.500019036233425e-07,0.5542127499938942,0.5542129999957979
63,1.2500095181167126e-07,0.4768616670044139,0.4768617920053657
63,1.2500095181167126e-07,1.1566846249916125,1.1566847499925643
63,1.66997779160738e-07,0.9077127499913331,0.9077129169891123
63,1.2500095181167126e-07,0.6815573329804465,0.6815574579813983
63,3.3300602808594704e-07,0.5677727500151377,0.5677730830211658
63,1.66997779160738e-07,0.5394046659930609,0.5394048329908401
63,2.0800507627427578e-07,0.8311178339936305,0.8311180419987068
63,2.9199873097240925e-07,1.1945410420012195,1.1945413339999504
63,1.66997779160738e-07,0.5214597499871161,0.5214599169848952
63,8.300412446260452e-08,0.40773591701872647,0.40773600002285093
63,1.6702688299119473e-07,0.434197333001066,0.434197500027949
63,1.66997779160738e-07,0.3702563749975525,0.37025654199533165
63,8.300412446260452e-08,0.6500345829990692,0.6500346660031937
63,2.0800507627427578e-07,0.4266727499780245,0.4266729579831008
63,1.2500095181167126e-07,0.8306904580094852,0.830690583010437
63,2.9199873097240925e-07,1.156598458008375,1.156598750007106
63,1.2500095181167126e-07,0.7834994170116261,0.7834995420125779
63,2.92027834802866e-07,0.4512090840144083,0.4512093760422431
63,2.500019036233425e-07,0.3880923749820795,0.3880926249839831
63,1.2500095181167126e-07,0.4664495830074884,0.4664497080084402
63,2.500019036233425e-07,1.1730207499931566,1.1730209999950603
63,8.300412446260452e-08,0.4020239579840563,0.4020240409881808
63,1.2500095181167126e-07,0.9012760829937179,0.9012762079946697
63,1.6702688299119473e-07,0.5387616670050193,0.5387618340319023
64,1.2500095181167126e-07,0.4177653749939054,0.41776549999485724
63,2.0800507627427578e-07,0.5511386670114007,0.551138875016477
63,1.2497184798121452e-07,0.8046071659773588,0.8046072909492068
64,2.500019036233425e-07,0.5600969590013847,0.5600972090032883
64,3.3300602808594704e-07,0.5155680419993587,0.5155683750053868
64,1.2500095181167126e-07,0.5968475420086179,0.5968476670095697
63,1.66997779160738e-07,0.6206770420249086,0.6206772090226877
64,1.2500095181167126e-07,0.42831766698509455,0.42831779198604636
63,1.2500095181167126e-07,1.11434020800516,1.114340333006112
64,2.0800507627427578e-07,0.45048970900825225,0.4504899170133285
64,2.0800507627427578e-07,0.48596462499699555,0.4859648330020718
64,2.9199873097240925e-07,0.5339824999973644,0.5339827919960953
64,1.66997779160738e-07,0.39765487500699237,0.39765504200477153
64,1.66997779160738e-07,0.4957163750077598,0.49571654200553894
64,1.2500095181167126e-07,0.5683753329794854,0.5683754579804372
64,1.66997779160738e-07,0.6135505409911275,0.6135507079889067
64,1.2500095181167126e-07,0.6278434169944376,0.6278435419953894
64,1.6600824892520905e-07,0.6633211669977754,0.6633213330060244
63,2.9199873097240925e-07,1.3104359580029268,1.3104362500016578
64,8.300412446260452e-08,0.6068412909808103,0.6068413739849348
64,1.659791450947523e-07,0.7947966670035385,0.7947968329826836
64,2.0902371034026146e-07,1.4554286670172587,1.455428876040969
64,1.66997779160738e-07,0.718879249994643,0.7188794169924222
64,2.0899460650980473e-07,0.9330772919929586,0.9330775009875651
64,2.0800507627427578e-07,0.8947734579851385,0.8947736659902148
64,1.659791450947523e-07,0.8406814170011785,0.8406815829803236
64,2.0899460650980473e-07,1.3359671250218526,1.335967334016459
64,1.6600824892520905e-07,0.6374923329858575,0.6374924989941064
64,2.500019036233425e-07,0.7421269159822259,0.7421271659841295
64,1.6600824892520905e-07,0.4721360419935081,0.47213620800175704
64,5.410111043602228e-07,1.172219291998772,1.1722198330098763
64,2.500019036233425e-07,0.8675495409988798,0.8675497910007834
64,4.1996827349066734e-08,0.8762339579989202,0.8762339999957476
64,2.500019036233425e-07,0.843576707993634,0.8435769579955377
64,1.66997779160738e-07,0.4861404169932939,0.48614058399107307
64,2.0899460650980473e-07,0.6655636669893283,0.6655638759839348
64,1.2500095181167126e-07,0.42128408400458284,0.42128420900553465
64,1.6600824892520905e-07,0.42876320899813436,0.4287633750063833
64,1.2500095181167126e-07,0.7234766659967136,0.7234767909976654
64,1.66997779160738e-07,0.3947737089765724,0.39477387597435154
64,2.0800507627427578e-07,0.46287037499132566,0.46287058299640194
64,1.2500095181167126e-07,0.634629957989091,0.6346300829900429
64,8.300412446260452e-08,1.3255671660008375,1.325567249004962
64,8.40227585285902e-08,0.477831458003493,0.47783154202625155
64,2.0800507627427578e-07,0.35937804201967083,0.3593782500247471
64,1.2500095181167126e-07,0.5989536250126548,0.5989537500136066
64,2.500019036233425e-07,0.49009266699431464,0.49009291699621826
64,1.2500095181167126e-07,1.1172632499947213,1.117263374995673
64,1.66997779160738e-07,0.5295689170015976,0.5295690839993767
64,1.66997779160738e-07,0.6247379579872359,0.624738124985015
64,1.66997779160738e-07,0.5652825410070363,0.5652827080048155
64,2.0800507627427578e-07,0.7798192080226727,0.779819416027749
64,2.500019036233425e-07,0.7328791669860948,0.7328794169879984
64,1.66997779160738e-07,0.5842089999932796,0.5842091669910587
64,8.300412446260452e-08,0.5657942919933703,0.5657943749974947
64,2.500019036233425e-07,0.43423362501198426,0.4342338750138879
64,8.300412446260452e-08,0.4858559579879511,0.4858560409920756
64,2.500019036233425e-07,0.6306908330006991,0.6306910830026027
64,1.66997779160738e-07,0.4331955000234302,0.4331956670212094
64,2.0899460650980473e-07,0.6608827910094988,0.6608830000041053
64,8.300412446260452e-08,0.6682535420113709,0.6682536250154953
64,1.2500095181167126e-07,0.46777204200043343,0.46777216700138524
64,1.66997779160738e-07,0.4811216250236612,0.48112179202144034
64,8.40227585285902e-08,0.8359889169805683,0.8359890010033268
64,1.2500095181167126e-07,0.8918382920091972,0.891838417010149
64,1.2500095181167126e-07,1.206800000014482,1.2068001250154339
64,1.6600824892520905e-07,0.9084437919955235,0.9084439580037724
64,2.500019036233425e-07,0.7608679169788957,0.7608681669807993
64,8.300412446260452e-08,0.5600142090115696,0.5600142920156941
64,1.2500095181167126e-07,0.7977883749990724,0.7977885000000242
64,8.40227585285902e-08,0.7471510420145933,0.7471511260373518
64,1.66997779160738e-07,0.6384656250011176,0.6384657919988967
64,1.2500095181167126e-07,0.7159714169974905,0.7159715419984423
64,1.66997779160738e-07,0.5785778749850579,0.578578041982837
64,1.2500095181167126e-07,0.48672641601297073,0.48672654101392254
64,1.6600824892520905e-07,0.6458139159949496,0.6458140820031986
64,1.6600824892520905e-07,0.5765300829953048,0.5765302490035538
64,1.2500095181167126e-07,1.1923663339985069,1.1923664589994587
64,2.0800507627427578e-07,0.48042216699104756,0.48042237499612384
64,1.659791450947523e-07,0.598242708016187,0.598242873995332
64,1.66997779160738e-07,0.711660832981579,0.7116609999793582
64,8.300412446260452e-08,1.1589876670041122,1.1589877500082366
64,1.2500095181167126e-07,0.5012532919936348,0.5012534169945866
64,1.66997779160738e-07,0.821510041016154,0.8215102080139332
64,1.66997779160738e-07,0.3917440829973202,0.3917442499950994
64,1.2500095181167126e-07,0.5811135839903727,0.5811137089913245
64,1.2500095181167126e-07,0.4309064590197522,0.43090658402070403
64,2.9199873097240925e-07,0.45806599999195896,0.45806629199068993
64,1.659791450947523e-07,1.0661963750026189,1.066196540981764
64,2.0800507627427578e-07,0.41597099998034537,0.41597120798542164
64,2.500019036233425e-07,0.6420839590136893,0.6420842090155929
64,1.6600824892520905e-07,0.43483699997887015,0.4348371659871191
64,1.66997779160738e-07,0.7337302500091027,0.7337304170068819
64,2.500019036233425e-07,0.7488317079842091,0.7488319579861127
64,2.0800507627427578e-07,0.8660938749962952,0.8660940830013715
64,1.6600824892520905e-07,0.43648525001481175,0.4364854160230607
64,2.500019036233425e-07,0.43243524999707006,0.4324354999989737
64,2.500019036233425e-07,0.6382816249970347,0.6382818749989383
64,2.500019036233425e-07,1.1560966249962803,1.156096874998184
64,1.2500095181167126e-07,0.4271395000105258,0.4271396250114776
64,1.659791450947523e-07,0.49258570800884627,0.49258587398799136
65,1.66997779160738e-07,0.5582757090160158,0.5582758760137949
64,1.66997779160738e-07,0.5878846250125207,0.5878847920102999
64,1.6600824892520905e-07,0.7961440409999341,0.796144207008183
65,2.0899460650980473e-07,0.5525372910196893,0.5525375000142958
65,2.0800507627427578e-07,0.4606712920067366,0.4606715000118129
65,2.0800507627427578e-07,0.4295534580014646,0.4295536660065409
65,1.6600824892520905e-07,0.4780294999945909,0.4780296660028398
64,1.2500095181167126e-07,1.1076027079834603,1.107602832984412
65,2.0899460650980473e-07,0.5003635409811977,0.5003637499758042
65,1.66997779160738e-07,0.4036843749927357,0.40368454199051484
65,1.6600824892520905e-07,0.5601617080101278,0.5601618740183767
65,1.2500095181167126e-07,0.5520441250118893,0.5520442500128411
65,1.2500095181167126e-07,0.4081675829947926,0.4081677079957444
64,1.6600824892520905e-07,1.10198558299453,1.101985749002779
65,2.910092007368803e-07,0.45557941700099036,0.4555797080101911
65,2.500019036233425e-07,0.38599391700699925,0.3859941670089029
65,1.2500095181167126e-07,0.48841470800107345,0.48841483300202526
65,2.9199873097240925e-07,0.3999950420111418,0.39999533400987275
65,1.6600824892520905e-07,0.42085249998490326,0.4208526659931522
65,4.169996827840805e-07,0.5777127080073114,0.5777131250069942
65,1.66997779160738e-07,0.3632899170042947,0.36329008400207385
65,2.0800507627427578e-07,0.3881825409771409,0.38818274898221716
65,1.66997779160738e-07,1.1594475419842638,1.159447708982043
65,4.1996827349066734e-08,0.5750840410182718,0.5750840830150992
65,1.66997779160738e-07,0.7651927910046652,0.7651929580024444
65,1.2500095181167126e-07,0.4006932920019608,0.4006934170029126
65,2.0899460650980473e-07,0.758168750006007,0.7581689590006135
65,2.0899460650980473e-07,0.6016582919983193,0.6016585009929258
65,1.6600824892520905e-07,1.1404543749813456,1.1404545409895945
65,2.0800507627427578e-07,0.5944579170027282,0.5944581250078045
65,2.910092007368803e-07,0.4431519159988966,0.4431522070080973
65,2.0902371034026146e-07,0.6221183339948766,0.6221185430185869
65,1.2500095181167126e-07,0.7816180829831865,0.7816182079841383
65,1.2500095181167126e-07,0.46160312500433065,0.46160325000528246
65,2.910092007368803e-07,0.7919515419926029,0.7919518330018036
65,2.0800507627427578e-07,0.45570458300062455,0.4557047910057008
65,2.0800507627427578e-07,0.44683016699855216,0.44683037500362843
65,1.2500095181167126e-07,0.8156199999793898,0.8156201249803416
65,2.0899460650980473e-07,0.46334508300060406,0.4633452919952106
65,2.500019036233425e-07,0.4599260830145795,0.4599263330164831
65,8.399365469813347e-08,1.1472379999759141,1.1472380839695688
65,1.6600824892520905e-07,0.5551536669954658,0.5551538330037147
65,2.0899460650980473e-07,0.4198385000054259,0.4198387090000324
65,2.0800507627427578e-07,0.43140466598561034,0.4314048739906866
65,2.0800507627427578e-07,0.4673104580142535,0.4673106660193298
65,1.2500095181167126e-07,0.5715803329949267,0.5715804579958785
65,2.0899460650980473e-07,0.36552470800234005,0.36552491699694656
65,2.500019036233425e-07,0.5197285830217879,0.5197288330236915
65,8.300412446260452e-08,0.58701845901669,0.5870185420208145
65,2.9199873097240925e-07,0.5865309170039836,0.5865312090027146
65,1.66997779160738e-07,1.1621925419894978,1.162192708987277
65,1.6600824892520905e-07,0.39597608300391585,0.39597624901216477
65,2.9098009690642357e-07,0.3254222499963362,0.3254225409764331
65,1.6600824892520905e-07,0.77255262498511,0.7725527909933589
65,2.0902371034026146e-07,0.5401434170198627,0.540143626043573
65,1.6600824892520905e-07,0.3702622909913771,0.370262456999626
65,2.500019036233425e-07,0.5299378329946194,0.529938082996523
65,2.499727997928858e-07,0.36922662501456216,0.36922687498736195
65,1.2500095181167126e-07,0.574078500008909,0.5740786250098608
65,1.66997779160738e-07,0.6689599159872159,0.6689600829849951
65,1.659791450947523e-07,0.466014500008896,0.4660146659880411
65,2.0902371034026146e-07,0.4019709170097485,0.40197112603345886
65,1.6600824892520905e-07,0.7216342079918832,0.7216343740001321
65,8.300412446260452e-08,0.5948849589913152,0.5948850419954397
65,3.3300602808594704e-07,1.0755265829793643,1.0755269159853924
65,1.2500095181167126e-07,0.8187674999935552,0.8187676249945071
65,1.659791450947523e-07,0.754493625019677,0.7544937909988221
65,1.2500095181167126e-07,0.4954741249966901,0.4954742499976419
65,1.2500095181167126e-07,0.7700875420123339,0.7700876670132857
65,2.500019036233425e-07,0.7867150419915561,0.7867152919934597
65,2.0800507627427578e-07,0.6104766250064131,0.6104768330114894
65,1.2500095181167126e-07,0.4774185410060454,0.4774186660069972
65,8.399365469813347e-08,0.5809894579870161,0.5809895419806708
65,1.66997779160738e-07,0.4371115420071874,0.43711170900496654
65,1.66997779160738e-07,0.5585717500071041,0.5585719170048833
65,2.0797597244381905e-07,0.5203049579868093,0.5203051659627818
65,3.329769242554903e-07,1.1619850420102011,1.1619853749871254
65,1.66997779160738e-07,0.618161082995357,0.6181612499931362
65,8.297502063214779e-08,0.8132161249814089,0.8132162079564296
65,4.1996827349066734e-08,0.4893044999917038,0.4893045419885311
65,2.0797597244381905e-07,0.4744832909782417,0.47448349895421416
65,8.399365469813347e-08,0.799652125017019,0.7996522090106737
65,2.9199873097240925e-07,1.1655289999907836,1.1655292919895146
65,3.3300602808594704e-07,0.5618249590042979,0.5618252920103259
65,8.399365469813347e-08,0.4079234589880798,0.4079235429817345
65,1.6600824892520905e-07,0.49595712500740774,0.49595729101565666
65,1.2500095181167126e-07,0.4594228329951875,0.4594229579961393
65,1.2500095181167126e-07,0.4081652919994667,0.40816541700041853
65,1.66997779160738e-07,0.4661317499994766,0.46613191699725576
65,8.300412446260452e-08,1.1827900829957798,1.1827901659999043
65,2.0800507627427578e-07,0.798171958012972,0.7981721660180483
65,1.2500095181167126e-07,0.47544487498817034,0.47544499998912215
65,1.66997779160738e-07,0.8534500840178225,0.8534502510156017
65,1.6702688299119473e-07,0.7577926250232849,0.7577927920501679
65,8.300412446260452e-08,0.39898895798251033,0.3989890409866348
65,2.0800507627427578e-07,0.40344458297477104,0.4034447909798473
65,1.2500095181167126e-07,1.105079041008139,1.1050791660090908
65,1.66997779160738e-07,0.6374120410182513,0.6374122080160305
65,2.500019036233425e-07,0.5238410829915665,0.5238413329934701
65,1.2500095181167126e-07,0.49836125000729226,0.49836137500824407
65,2.500019036233425e-07,0.7850837080040947,0.7850839580059983
65,1.659791450947523e-07,0.5854658750176895,0.5854660409968346
66,1.6600824892520905e-07,0.3935295419942122,0.3935297080024611
66,8.399365469813347e-08,0.5099909580021631,0.5099910419958178
66,8.40227585285902e-08,0.581403207994299,0.5814032920170575
66,2.0800507627427578e-07,0.5874634999781847,0.587463707983261
66,1.2500095181167126e-07,0.5541457909857854,0.5541459159867372
65,2.0800507627427578e-07,1.1064865830121562,1.1064867910172325
66,2.0797597244381905e-07,0.39666308302548714,0.3966632910014596
66,2.0899460650980473e-07,0.5162154580175411,0.5162156670121476
66,1.6600824892520905e-07,0.5815705419809092,0.5815707079891581
66,1.2500095181167126e-07,0.5904060000029858,0.5904061250039376
65,2.0899460650980473e-07,1.0880509999988135,1.08805120899342
66,8.399365469813347e-08,0.3959015420114156,0.3959016260050703
66,1.6600824892520905e-07,0.3911124580190517,0.3911126240273006
66,2.0800507627427578e-07,0.382454249978764,0.38245445798384026
66,2.0800507627427578e-07,0.4698335829889402,0.46983379099401645
66,2.0800507627427578e-07,0.39939812500961125,0.3993983330146875
66,1.659791450947523e-07,1.04815650000819,1.0481566659873351
66,1.2500095181167126e-07,0.49241004200302996,0.49241016700398177
66,3.33995558321476e-07,0.6010887919983361,0.6010891259938944
66,8.300412446260452e-08,0.39251433400204405,0.3925144170061685
66,1.6600824892520905e-07,0.5198860829987098,0.5198862490069587
66,2.500019036233425e-07,0.7560762499924749,0.7560764999943785
66,1.2500095181167126e-07,0.45438699997612275,0.45438712497707456
66,1.66997779160738e-07,0.5001928330166265,0.5001930000144057
66,1.2500095181167126e-07,0.563010249985382,0.5630103749863338
66,1.2500095181167126e-07,1.1626082500151824,1.1626083750161342
66,8.300412446260452e-08,0.4446050419937819,0.4446051249979064
66,2.0899460650980473e-07,0.5163366670021787,0.5163368759967852
66,1.2500095181167126e-07,0.8773311249969993,0.8773312499979511
66,2.0902371034026146e-07,0.7596752920071594,0.7596755010308698
66,2.499727997928858e-07,0.4026201250089798,0.4026203749817796
66,8.297502063214779e-08,0.6675365420232993,0.6675366249983199
66,2.0899460650980473e-07,0.48928912499104626,0.4892893339856528
66,2.500019036233425e-07,0.8211117080063559,0.8211119580082595
66,1.6600824892520905e-07,1.1747644999995828,1.1747646660078317
66,2.0800507627427578e-07,0.9598569580120966,0.9598571660171729
66,1.66997779160738e-07,0.7716325000219513,0.7716326670197304
66,1.66997779160738e-07,0.5513226249895524,0.5513227919873316
66,1.6600824892520905e-07,0.5908254999958444,0.5908256660040934
66,1.2500095181167126e-07,0.7140537920058705,0.7140539170068223
66,1.66997779160738e-07,0.46564070900785737,0.46564087600563653
66,1.66997779160738e-07,0.5492609590000939,0.549261125997873
66,2.0902371034026146e-07,0.5520811669994146,0.5520813760231249
66,2.0800507627427578e-07,0.5635429999965709,0.5635432080016471
66,8.300412446260452e-08,0.33085754202329554,0.33085762502742
66,1.2500095181167126e-07,0.8087511670019012,0.808751292002853
66,4.1996827349066734e-08,0.7433558749908116,0.7433559169876389
66,1.659791450947523e-07,0.4148345419962425,0.4148347079753876
66,2.0800507627427578e-07,1.3806002089986578,1.380600417003734
66,1.66997779160738e-07,0.3894567080133129,0.38945687501109205
66,1.6702688299119473e-07,1.0182534160267096,1.0182535830535926
66,2.9098009690642357e-07,0.5286281250009779,0.5286284159810748
66,1.66997779160738e-07,0.6776051249762531,0.6776052919740323
66,1.66997779160738e-07,0.4243135830038227,0.4243137500016019
66,2.0902371034026146e-07,0.5663510410231538,0.5663512500468642
66,1.66997779160738e-07,0.6173272500163876,0.6173274170141667
66,2.910092007368803e-07,0.5198490000038873,0.5198492910130881
66,1.2500095181167126e-07,0.3389606660057325,0.3389607910066843
66,1.66997779160738e-07,0.45757479200256057,0.45757495900033973
66,1.659791450947523e-07,0.4248602080042474,0.4248603739833925
66,1.6600824892520905e-07,0.6349877090251539,0.6349878750334028
66,1.2500095181167126e-07,0.8038869590091053,0.8038870840100572
66,1.66997779160738e-07,0.862225834018318,0.8622260010160971
66,1.6600824892520905e-07,0.7465554579976015,0.7465556240058504
66,1.6600824892520905e-07,0.4806114590028301,0.480611625011079
66,1.2500095181167126e-07,1.198719624982914,1.1987197499838658
66,1.66997779160738e-07,0.8116446660133079,0.811644833011087
66,8.300412446260452e-08,0.5594017079856712,0.5594017909897957
66,2.500019036233425e-07,0.8144223330018576,0.8144225830037612
66,2.0800507627427578e-07,0.5024753749894444,0.5024755829945207
66,2.0800507627427578e-07,0.4308162499801256,0.43081645798520185
66,1.2500095181167126e-07,0.5966601660184097,0.5966602910193615
66,1.659791450947523e-07,0.8206771250115708,0.8206772909907158
66,8.300412446260452e-08,0.5817175419942942,0.5817176249984186
66,2.0797597244381905e-07,1.1609744589950424,1.1609746669710148
66,2.0797597244381905e-07,0.5985095410142094,0.5985097489901818
66,1.2500095181167126e-07,0.5998237080057152,0.599823833006667
66,1.2500095181167126e-07,0.4562068750092294,0.4562070000101812
66,3.7500285543501377e-07,0.4257816669996828,0.4257820420025382
66,2.500019036233425e-07,0.7576381659891922,0.7576384159910958
66,2.0902371034026146e-07,1.1769512080063578,1.1769514170300681
66,1.66997779160738e-07,0.3603647499985527,0.3603649169963319
66,1.66997779160738e-07,0.388831249991199,0.38883141698897816
66,1.2500095181167126e-07,0.5750450420018751,0.5750451670028269
66,1.2500095181167126e-07,0.38354395801434293,0.38354408301529475
66,2.0899460650980473e-07,0.40106604201719165,0.40106625101179816
66,1.2500095181167126e-07,0.6213220000208821,0.6213221250218339
66,1.2500095181167126e-07,0.44916079100221395,0.44916091600316577
66,8.300412446260452e-08,1.1242700000002515,1.124270083004376
66,1.2500095181167126e-07,0.7635778339754324,0.7635779589763843
66,2.500019036233425e-07,0.8391780420206487,0.8391782920225523
66,2.0800507627427578e-07,0.3609096669824794,0.36090987498755567
66,2.0800507627427578e-07,0.3405182500137016,0.3405184580187779
66,1.66997779160738e-07,0.5870675829937682,0.5870677499915473
66,2.0800507627427578e-07,0.8183038749848492,0.8183040829899255
66,2.0800507627427578e-07,0.47441045800223947,0.47441066600731574
66,1.66997779160738e-07,1.1297603749844711,1.1297605419822503
66,1.66997779160738e-07,0.4471929160063155,0.44719308300409466
66,1.66997779160738e-07,0.5559603750007227,0.5559605419985019
66,2.0800507627427578e-07,0.7597481249831617,0.759748332988238
67,2.500019036233425e-07,0.42679249998764135,0.426792749989545
67,1.2500095181167126e-07,0.545841457991628,0.5458415829925798
67,1.66997779160738e-07,0.37935416601249017,0.37935433301026933
67,2.0800507627427578e-07,0.49449666700093076,0.49449687500600703
67,1.66997779160738e-07,0.5777581669972278,0.577758333995007
66,3.7500285543501377e-07,1.0950543750077486,1.095054750010604
67,2.0797597244381905e-07,0.4650856669759378,0.4650858749519102
67,1.6600824892520905e-07,0.5775029590004124,0.5775031250086613
67,1.2500095181167126e-07,0.5267667089938186,0.5267668339947704
67,2.0797597244381905e-07,0.6830954999895766,0.6830957079655491
67,8.300412446260452e-08,0.4675627090036869,0.46756279200781137
67,1.2497184798121452e-07,0.5350069589912891,0.5350070839631371
67,2.500019036233425e-07,0.5511727079865523,0.5511729579884559
67,8.399365469813347e-08,0.4895327090052888,0.4895327929989435
67,2.500019036233425e-07,0.5398644160013646,0.5398646660032682
67,1.6600824892520905e-07,0.515392332978081,0.5153924989863299
66,2.0902371034026146e-07,1.298982000007527,1.2989822090312373
67,2.0800507627427578e-07,0.675741500017466,0.6757417080225423
67,1.6600824892520905e-07,1.1321760419814382,1.132176207989687
67,1.66997779160738e-07,0.5206386249919888,0.5206387919897679
67,2.0899460650980473e-07,0.5736952919978648,0.5736955009924714
67,2.500019036233425e-07,0.40992637499584816,0.4099266249977518
67,2.500019036233425e-07,0.8753921249881387,0.8753923749900423
67,1.2500095181167126e-07,0.5103343749942724,0.5103344999952242
67,1.2500095181167126e-07,1.2042045000125654,1.2042046250135172
67,1.66997779160738e-07,0.7166990829864517,0.7166992499842308
67,8.300412446260452e-08,0.5850686659978237,0.5850687490019482
67,1.66997779160738e-07,0.3954164169845171,0.3954165839822963
67,2.500019036233425e-07,0.35221716601517983,0.35221741601708345
67,1.66997779160738e-07,0.33481058399775065,0.3348107509955298
67,1.66997779160738e-07,0.6150098749785684,0.6150100419763476
67,1.66997779160738e-07,0.738795166980708,0.7387953339784872
67,2.910092007368803e-07,0.6209403749962803,0.620940666005481
67,8.40227585285902e-08,0.442413792014122,0.44241387603688054
67,2.0899460650980473e-07,0.8078791669977363,0.8078793759923428
67,8.300412446260452e-08,0.7982695829996374,0.7982696660037618
67,2.500019036233425e-07,0.3534432500018738,0.35344350000377744
67,1.2500095181167126e-07,0.4245420410006773,0.4245421660016291
67,1.2500095181167126e-07,1.2169590409903321,1.216959165991284
67,1.6600824892520905e-07,0.4242880829842761,0.42428824899252504
67,1.6600824892520905e-07,0.6193337920121849,0.6193339580204338
67,1.6600824892520905e-07,0.5620527920254972,0.5620529580337461
67,1.6702688299119473e-07,0.37264450002112426,0.37264466704800725
67,8.300412446260452e-08,0.4359737919876352,0.43597387499175966
67,2.500019036233425e-07,0.4931212499795947,0.49312149998149835
67,2.0899460650980473e-07,0.5276524579967372,0.5276526669913437
67,8.300412446260452e-08,0.5120832500106189,0.5120833330147434
67,2.500019036233425e-07,1.1940031250123866,1.1940033750142902
67,1.2500095181167126e-07,0.5273003749898635,0.5273004999908153
67,1.6600824892520905e-07,0.8047731669794302,0.8047733329876792
67,1.66997779160738e-07,0.6503647909848951,0.6503649579826742
67,1.2500095181167126e-07,0.46772995800711215,0.46773008300806396
67,1.66997779160738e-07,0.4412803330051247,0.44128050000290386
67,1.66997779160738e-07,0.4440224999852944,0.4440226669830736
67,8.300412446260452e-08,0.5764407079841476,0.5764407909882721
67,1.6600824892520905e-07,0.55647145799594,0.5564716240041889
67,8.300412446260452e-08,0.42365758400410414,0.4236576670082286
67,1.66997779160738e-07,0.6506652499956544,0.6506654169934336
67,2.0800507627427578e-07,0.3622926250100136,0.36229283301508985
67,2.500019036233425e-07,0.46887849998893216,0.4688787499908358
67,2.9199873097240925e-07,0.817941040993901,0.8179413329926319
67,1.66997779160738e-07,0.5897908750048373,0.5897910420026165
67,1.66997779160738e-07,1.1767749589926098,1.176775125990389
67,1.6600824892520905e-07,0.8577350840205327,0.8577352500287816
67,4.1996827349066734e-08,0.8744241670065094,0.8744242090033367
67,4.1996827349066734e-08,0.5083937919989694,0.5083938339957967
67,1.2500095181167126e-07,0.8792313339945395,0.8792314589954913
67,1.66997779160738e-07,0.6327824580075685,0.6327826250053477
67,1.6600824892520905e-07,0.8045517080172431,0.804551874025492
67,1.2500095181167126e-07,0.39749175001634285,0.39749187501729466
67,2.0800507627427578e-07,0.541595665999921,0.5415958740049973
67,1.6600824892520905e-07,0.5124648330092896,0.5124649990175385
67,1.66997779160738e-07,0.5731650840025395,0.5731652510003187
67,1.66997779160738e-07,0.5451822079776321,0.5451823749754112
67,1.6600824892520905e-07,0.7681900000025053,0.7681901660107542
67,1.2500095181167126e-07,0.5574838339816779,0.5574839589826297
67,8.399365469813347e-08,0.39308662500116043,0.3930867089948151
67,1.66997779160738e-07,1.2953577499720268,1.295357916969806
67,1.6702688299119473e-07,1.102038667013403,1.102038834040286
67,2.500019036233425e-07,0.812088542006677,0.8120887920085806
67,8.399365469813347e-08,0.4669859169807751,0.46698600097442977
67,2.0899460650980473e-07,0.462161041010404,0.4621612500050105
67,4.202593117952347e-08,0.44901045798906125,0.44901050001499243
67,2.910092007368803e-07,0.6271208749967627,0.6271211660059635
67,2.9199873097240925e-07,0.5703798749891575,0.5703801669878885
67,2.500019036233425e-07,0.44826962501974776,0.4482698750216514
67,1.6600824892520905e-07,0.46112337498925626,0.4611235409975052
67,8.300412446260452e-08,0.45959387501352467,0.45959395801764913
67,2.0899460650980473e-07,0.8062745420029387,0.8062747509975452
67,1.66997779160738e-07,0.7600327910040505,0.7600329580018297
67,1.6702688299119473e-07,1.169864833005704,1.169865000032587
67,1.6600824892520905e-07,0.3543199159903452,0.3543200819985941
67,1.66997779160738e-07,0.8060681250062771,0.8060682920040563
67,2.0800507627427578e-07,0.5336118749983143,0.5336120830033906
67,2.500019036233425e-07,0.3835245000082068,0.38352475001011044
67,2.0797597244381905e-07,0.4448311250016559,0.44483133297762834
67,1.66997779160738e-07,1.118601416994352,1.118601583992131
67,2.0800507627427578e-07,0.47985758300637826,0.47985779101145454
68,8.40227585285902e-08,0.4621280000137631,0.4621280840365216
67,1.2500095181167126e-07,0.7855327500146814,0.7855328750156332
68,1.66997779160738e-07,0.36769162499695085,0.36769179199473
67,2.0800507627427578e-07,0.5819526249833871,0.5819528329884633
68,1.6600824892520905e-07,0.44577575000585057,0.4457759160140995
68,2.0899460650980473e-07,0.5726467499916907,0.5726469589862972
68,1.2500095181167126e-07,0.593334875011351,0.5933350000123028
67,2.0899460650980473e-07,1.0886819589941297,1.0886821679887362
68,1.2500095181167126e-07,0.433824583014939,0.4338247080158908
68,8.297502063214779e-08,0.5684125420229975,0.5684126249980181
68,8.300412446260452e-08,0.4742613749986049,0.47426145800272934
68,1.659791450947523e-07,0.36626904201693833,0.3662692079960834
68,2.0797597244381905e-07,0.6260924999951385,0.6260927079711109
68,1.66997779160738e-07,0.37783154199132696,0.3778317089891061
68,2.0800507627427578e-07,0.380736708000768,0.38073691600584425
68,2.9098009690642357e-07,0.46540120799909346,0.46540149897919036
67,1.2500095181167126e-07,1.1359453329932876,1.1359454579942394
68,1.2500095181167126e-07,0.3882255000062287,0.3882256250071805
68,8.300412446260452e-08,0.4424250000156462,0.4424250830197707
68,2.9199873097240925e-07,0.3205275420041289,0.3205278340028599
68,1.6600824892520905e-07,0.5984277919924352,0.5984279580006842
68,1.66997779160738e-07,1.1337044170068111,1.1337045840045903
68,2.500019036233425e-07,0.3801547080220189,0.3801549580239225
68,1.66997779160738e-07,0.7236253330192994,0.7236255000170786
68,1.66997779160738e-07,0.36228075000690296,0.3622809170046821
68,1.2500095181167126e-07,0.5438520000025164,0.5438521250034682
68,1.2500095181167126e-07,0.5725930829939898,0.5725932079949416
68,8.297502063214779e-08,1.1426689579966478,1.1426690409716684
68,2.0800507627427578e-07,0.7693532919802237,0.7693534999853
68,2.0800507627427578e-07,0.39248737500747666,0.39248758301255293
68,2.0800507627427578e-07,0.5377861249726266,0.5377863329777028
68,1.2500095181167126e-07,0.4152795420086477,0.4152796670095995
68,1.66997779160738e-07,0.5670898339885753,0.5670900009863544
68,1.2500095181167126e-07,0.3811777919763699,0.38117791697732173
68,1.6600824892520905e-07,0.42638804198941216,0.4263882079976611
68,4.1996827349066734e-08,0.7940202500030864,0.7940202919999138
68,2.500019036233425e-07,0.7862098749901634,0.786210124992067
68,2.0899460650980473e-07,0.8224757080024574,0.8224759169970639
68,1.2500095181167126e-07,0.35409091698238626,0.3540910419833381
68,3.3300602808594704e-07,0.31350741599453613,0.3135077490005642
68,4.1996827349066734e-08,0.45245670797885396,0.4524567499756813
68,1.2500095181167126e-07,1.1757500839885324,1.1757502089894842
68,8.297502063214779e-08,0.5286427090177312,0.5286427919927519
68,1.66997779160738e-07,0.38394466700265184,0.383944834000431
68,1.2500095181167126e-07,0.47593770900857635,0.47593783400952816
68,2.9098009690642357e-07,0.38284441601717845,0.38284470699727535
68,2.0800507627427578e-07,0.5192007909936365,0.5192009989987127
68,3.3300602808594704e-07,0.3274299580079969,0.327430291014025
68,2.0800507627427578e-07,0.597256417007884,0.5972566250129603
68,1.66997779160738e-07,1.133645499998238,1.133645666996017
68,1.66997779160738e-07,0.7233439589908812,0.7233441259886604
68,1.2500095181167126e-07,0.3244319999939762,0.324432124994928
68,8.300412446260452e-08,0.5526811250019819,0.5526812080061063
68,2.0899460650980473e-07,0.37775683298241347,0.37775704197702
68,1.66997779160738e-07,0.32616579200839624,0.3261659590061754
68,1.6600824892520905e-07,0.5458257909922395,0.5458259570004884
68,4.1996827349066734e-08,0.5469110419799108,0.5469110839767382
68,2.0800507627427578e-07,0.5435562090133317,0.543556417018408
68,1.2500095181167126e-07,0.3251925419899635,0.3251926669909153
68,1.659791450947523e-07,0.5559914580080658,0.5559916239872109
68,1.66997779160738e-07,0.4320757919922471,0.43207595899002627
68,1.66997779160738e-07,0.4012537089874968,0.40125387598527595
68,1.2500095181167126e-07,0.5553637080010958,0.5553638330020476
68,1.659791450947523e-07,0.7494159999769181,0.7494161659560632
68,2.500019036233425e-07,0.7328609589894768,0.7328612089913804
68,3.7500285543501377e-07,0.7758863330236636,0.775886708026519
68,2.0800507627427578e-07,0.5239189580024686,0.5239191660075448
68,2.0800507627427578e-07,0.7488822499872185,0.7488824579922948
68,1.659791450947523e-07,1.2138153330015484,1.2138154989806935
68,2.500019036233425e-07,0.5554963749891613,0.5554966249910649
68,1.6702688299119473e-07,0.7680518749984913,0.7680520420253742
68,2.0899460650980473e-07,0.4616822089883499,0.4616824179829564
68,1.66997779160738e-07,0.5889414170233067,0.5889415840210859
68,1.66997779160738e-07,0.543234292010311,0.5432344590080902
68,2.500019036233425e-07,0.5820937500102445,0.5820940000121482
68,2.9199873097240925e-07,1.1093762920063455,1.1093765840050764
68,8.300412446260452e-08,0.6144976250070613,0.6144977080111858
68,1.6600824892520905e-07,0.8401336249953602,0.8401337910036091
68,1.2500095181167126e-07,0.4395993750076741,0.4395995000086259
68,1.2500095181167126e-07,0.573489915987011,0.5734900409879629
68,1.66997779160738e-07,0.3745959159859922,0.37459608298377134
68,1.2500095181167126e-07,1.1267870840092655,1.1267872090102173
68,2.0797597244381905e-07,0.787453666998772,0.7874538749747444
68,1.66997779160738e-07,0.4122518329822924,0.41225199998007156
68,2.500019036233425e-07,0.34951445800834335,0.349514708010247
68,1.2500095181167126e-07,0.5254506249912083,0.5254507499921601
68,2.0800507627427578e-07,0.38912041700677946,0.38912062501185574
68,1.2500095181167126e-07,0.5515789579949342,0.551579082995886
68,1.66997779160738e-07,0.42927183298161253,0.4292719999793917
68,8.300412446260452e-08,0.4923672080039978,0.49236729100812227
68,2.910092007368803e-07,0.7211145830224268,0.7211148740316276
68,1.66997779160738e-07,0.8170473329955712,0.8170474999933504
68,3.3300602808594704e-07,0.3363292919821106,0.3363296249881387
68,1.66997779160738e-07,1.1406588339887094,1.1406590009864885
68,1.2500095181167126e-07,0.5416940420109313,0.5416941670118831
68,2.0800507627427578e-07,0.8361579999909736,0.8361582079960499
68,2.0797597244381905e-07,0.4733302920067217,0.47333049998269416
68,1.659791450947523e-07,1.10748658402008,1.1074867499992251
68,1.2500095181167126e-07,0.4935245419910643,0.49352466699201614
68,1.66997779160738e-07,0.5041568750166334,0.5041570420144126
68,2.0800507627427578e-07,0.7331881659920327,0.733188373997109
69,8.300412446260452e-08,0.3856435419875197,0.3856436249916442
68,1.2500095181167126e-07,0.5577404999930877,0.5577406249940395
69,2.500019036233425e-07,0.47884625001461245,0.4788465000165161
69,1.66997779160738e-07,0.5663484999968205,0.5663486669945996
69,2.0800507627427578e-07,0.3777469590131659,0.3777471670182422
68,1.6702688299119473e-07,1.0884424170071725,1.0884425840340555
69,1.2500095181167126e-07,0.4191782499838155,0.4191783749847673
69,1.6600824892520905e-07,0.5999423749744892,0.5999425409827381
69,2.0800507627427578e-07,0.46415425001760013,0.4641544580226764
69,1.2500095181167126e-07,0.38375437501235865,0.38375450001331046
69,1.66997779160738e-07,0.5783520830154885,0.5783522500132676
69,2.0800507627427578e-07,0.5672714170068502,0.5672716250119265
69,2.500019036233425e-07,0.396528750017751,0.39652900001965463
68,2.500019036233425e-07,1.1145793339819647,1.1145795839838684
69,1.659791450947523e-07,0.49238020900520496,0.49238037498435006
69,1.66997779160738e-07,0.3848621670040302,0.38486233400180936
69,2.9199873097240925e-07,0.463613833009731,0.463614125008462
69,2.0899460650980473e-07,0.45064041699515656,0.45064062598976307
69,2.0800507627427578e-07,1.0779577920038719,1.0779580000089481
69,1.2500095181167126e-07,0.6188098330167122,0.618809958017664
69,1.6702688299119473e-07,0.38418866600841284,0.38418883303529583
69,1.66997779160738e-07,0.40274595899973065,0.4027461259975098
69,1.2500095181167126e-07,0.5195545419992413,0.5195546670001931
69,1.2500095181167126e-07,0.7373124999867287,0.7373126249876805
69,1.2500095181167126e-07,0.4124882920004893,0.4124884170014411
69,1.2500095181167126e-07,0.5430121249810327,0.5430122499819845
69,8.399365469813347e-08,1.0966908329864964,1.096690916980151
69,1.2500095181167126e-07,0.765922791993944,0.7659229169948958
69,2.9199873097240925e-07,0.4025530829967465,0.4025533749954775
69,1.2500095181167126e-07,0.3990635000227485,0.3990636250237003
69,1.66997779160738e-07,0.5700258330034558,0.5700260000012349
69,1.2500095181167126e-07,0.405320624995511,0.40532074999646284
69,2.0800507627427578e-07,0.5827566669904627,0.582756874995539
69,1.2500095181167126e-07,0.40335429197875783,0.40335441697970964
69,1.66997779160738e-07,0.7046606249932665,0.7046607919910457
69,4.100729711353779e-08,0.7754609170078766,0.7754609580151737
69,1.2500095181167126e-07,0.803641125006834,0.8036412500077859
69,4.1996827349066734e-08,0.42459799998323433,0.4245980419800617
69,1.66997779160738e-07,0.38671470899134874,0.3867148759891279
69,2.0800507627427578e-07,1.0900596250139643,1.0900598330190405
69,1.66997779160738e-07,0.5745978749764618,0.5745980419742409
69,2.0899460650980473e-07,0.45431737499893643,0.45431758399354294
69,3.33995558321476e-07,0.44876274999114685,0.44876308398670517
69,2.0800507627427578e-07,0.5031561669893563,0.5031563749944326
69,1.66997779160738e-07,0.6562387089943513,0.6562388759921305
69,7.080088835209608e-07,1.0148414580035023,1.0148421660123859
69,1.66997779160738e-07,0.5357035000051837,0.5357036670029629
69,1.2500095181167126e-07,0.40767616700031795,0.40767629200126976
69,1.66997779160738e-07,0.6364766249898821,0.6364767919876613
69,1.2500095181167126e-07,0.608871917007491,0.6088720420084428
69,1.66997779160738e-07,0.7101279159833211,0.7101280829811003
69,1.2500095181167126e-07,0.4659022499981802,0.465902374999132
69,2.0800507627427578e-07,0.3641773339768406,0.3641775419819169
69,1.66997779160738e-07,0.5991280830057804,0.5991282500035595
69,3.7500285543501377e-07,0.33123695899848826,0.3312373340013437
69,1.66997779160738e-07,0.5780732080165762,0.5780733750143554
69,6.67001586407423e-07,0.3516616669949144,0.3516623339965008
69,2.0899460650980473e-07,0.5720301670080516,0.5720303760026582
69,1.2500095181167126e-07,0.5475238749932032,0.547523999994155
69,1.66997779160738e-07,0.33392604198888876,0.3339262089866679
69,2.0899460650980473e-07,0.5676820419903379,0.5676822509849444
69,1.2500095181167126e-07,0.4329803330183495,0.4329804580193013
69,2.0797597244381905e-07,0.4983220410067588,0.49832224898273125
69,1.66997779160738e-07,0.7526751669938676,0.7526753339916468
69,1.66997779160738e-07,0.8125594590092078,0.812559626006987
69,8.399365469813347e-08,0.8449899999832269,0.8449900839768816
69,1.66997779160738e-07,1.294037333020242,1.294037500018021
69,2.0899460650980473e-07,0.8390797500032932,0.8390799589978997
69,1.66997779160738e-07,0.5523894999932963,0.5523896669910755
69,1.66997779160738e-07,0.464484583993908,0.4644847509916872
69,4.5899651013314724e-07,0.7663356249977369,0.766336083994247
69,1.2500095181167126e-07,0.5562413340085186,0.5562414590094704
69,1.2500095181167126e-07,0.4026107080280781,0.4026108330290299
69,2.0800507627427578e-07,0.505527000001166,0.5055272080062423
69,1.66997779160738e-07,0.5145498749916442,0.5145500419894233
69,2.9199873097240925e-07,1.108618625003146,1.108618917001877
69,2.500019036233425e-07,0.4059598750027362,0.40596012500463985
69,1.6702688299119473e-07,0.8544279580237344,0.8544281250506174
69,8.300412446260452e-08,0.440270374994725,0.44027045799884945
69,1.659791450947523e-07,0.6577598330040928,0.6577599989832379
69,1.66997779160738e-07,0.7646140000142623,0.7646141670120414
69,2.500019036233425e-07,1.1545289169880562,1.1545291669899598
69,2.0800507627427578e-07,0.4585946659790352,0.4585948739841115
69,1.66997779160738e-07,0.4319202500046231,0.43192041700240225
69,2.500019036233425e-07,0.39618974999757484,0.39618999999947846
69,2.0800507627427578e-07,0.5392592500138562,0.5392594580189325
69,2.500019036233425e-07,0.7021100840065628,0.7021103340084665
69,2.910092007368803e-07,0.3623962080164347,0.3623964990256354
69,1.6702688299119473e-07,0.7109827079984825,0.7109828750253655
69,1.66997779160738e-07,0.4476660839864053,0.44766625098418444
69,2.500019036233425e-07,1.1018912919971626,1.1018915419990662
69,2.500019036233425e-07,0.33299887500470504,0.33299912500660866
69,2.0800507627427578e-07,0.8693717079877388,0.869371915992815
69,1.6600824892520905e-07,0.7887667089817114,0.7887668749899603
69,8.300412446260452e-08,0.5486139999993611,0.5486140830034856
69,2.0800507627427578e-07,0.36678762501105666,0.36678783301613294
69,1.66997779160738e-07,0.3898755839909427,0.38987575098872185
69,8.300412446260452e-08,0.36087266699178144,0.3608727499959059
69,1.66997779160738e-07,1.11651541601168,1.116515583009459
69,2.500019036233425e-07,0.4505967919831164,0.45059704198502004
69,1.6600824892520905e-07,0.6783821669814643,0.6783823329897132
69,1.2500095181167126e-07,0.8873972080182284,0.8873973330191802
69,2.500019036233425e-07,0.7459306249802466,0.7459308749821503
COMPLETED,,,336.300
