eta,gamma,n_reps,r_deg,r_cent,moran,r_sa,r_cent_noseed,r_deg_noseed,n_seed_edges_kept,r_deg_per_rep
-8.0,-0.100000001490117,10,0.06956960152610495,0.06868382756178235,-0.002259958290392328,0.04053942405465924,-0.130786172425768,0.14565594407896965,99.0,0.030609363115179422
-8.0,-0.077551022171975,10,-0.12248343304989506,0.1592595794579208,-0.011592549140896281,-0.10068816607162479,-0.02857145883231442,-0.07813741020546164,99.0,-0.04180559502420714
-8.0,-0.055102042853833,10,-0.015612996068564582,0.11140993388988946,-0.015635764859347465,-0.007081268769769292,-0.05434739349907731,0.041006975876616766,99.0,-0.0034527070772817927
-8.0,-0.032653063535691,10,0.09441263000000577,0.0738901655031155,-0.01773072322777826,0.06190181842831016,-0.09759496190974361,0.1577182067097893,99.0,0.034038925289341174
-8.0,-0.010204084217549,10,-0.04430571378020792,0.19777128851144032,-0.0054305652154079224,-0.03218114802251866,0.06236334833422981,0.007425933683770994,99.0,-0.01841981398461805
-8.0,0.012244895100593,10,-0.09162657492842975,0.1354242235822451,-0.010689471773609219,-0.07005807570960712,-0.06020750893366944,-0.04062981975703988,99.0,-0.030072378561779717
-8.0,0.034693874418735,10,0.0930451642642861,0.15605733877283992,0.0009750174180814495,-0.06960792649936967,-0.046606626634161395,0.19202613729044965,99.0,0.03211741039996115
-8.0,0.057142853736877,10,0.02006089227749637,0.038826158645932474,-0.01230326840206381,-0.022165238952733902,-0.15757934455356498,0.0956909523475164,99.0,0.005556654045364121
-8.0,0.079591833055019,10,-0.12295278194322842,0.23609995413654403,-0.004251087224734044,-0.054423920274657256,0.09924802513861986,-0.09475827756966901,99.0,-0.0473251428271429
-8.0,0.102040812373161,10,-0.09518776759250051,0.11184237919773186,-0.015360331129769738,0.03197905789417708,-0.06060374067320014,-0.060815685923181886,99.0,-0.03754833098724779
-8.0,0.124489791691303,10,0.007903713769562185,0.20203658104469135,-0.012493411177286152,0.09077122409716931,0.05506495704952377,0.08102565018294708,99.0,0.003478069087490613
-8.0,0.146938771009445,10,0.1006998207745277,0.13747320674536434,-0.005578983963855306,0.00725727169079016,-0.01661803614295363,0.18923352367906626,99.0,0.04093346900976195
-8.0,0.169387757778167,10,-0.07402809092764433,0.060164735972344126,-0.005205796137270862,0.10948670628584929,-0.12352542272894551,-0.039637503451857244,99.0,-0.03168723024516999
-8.0,0.191836729645729,10,-0.12165569568859208,0.13376166423881028,-0.004173882392265745,0.03466793402880008,-0.05093570073268528,-0.08919880692036827,99.0,-0.045653195529730385
-8.0,0.21428570151329,10,-0.09307379230036701,0.13902859184926528,-0.004953147600777702,0.06773558569207555,-0.04678055287888648,-0.04387170426081913,99.0,-0.03396124072313691
-8.0,0.236734688282012,10,-0.041643127483175835,0.14565389104918536,-0.014658459838705678,0.048558558217913425,-0.02364591752016118,0.013382366775267447,99.0,-0.01954957294538826
-8.0,0.259183675050735,10,-0.0707030607777372,0.2665013909164565,-0.007222247122196159,-0.12760085408914273,0.12773849294376044,-0.022475501265005318,99.0,-0.02814670825002229
-8.0,0.281632661819458,10,-0.12425518002056268,0.07390023166334306,-0.01687038850971142,-0.004928377171267498,-0.12304880093640824,-0.08211017460345088,99.0,-0.04914649551476167
-8.0,0.304081618785858,10,0.0037309019795831906,0.13834588944951726,-0.02566174202353874,-0.0470295771838803,-0.031054210592154963,0.07257277477155348,99.0,0.0024905063536353267
-8.0,0.32653060555458,10,0.04396314992465035,0.20729724160088445,-0.00896108235404526,-0.05496261414618819,0.05997925306527383,0.12853028343328587,99.0,0.020312315517245008
-8.0,0.348979592323303,10,-0.10989738007621157,0.2756992868247414,-0.0010717942452475662,-0.0997046808153797,0.16251237742901303,-0.08037008574173332,99.0,-0.0437808812005087
-8.0,0.371428549289703,10,-0.14292809828083486,0.09114510344288063,-0.021275953106358166,0.04630831426997008,-0.07509910209972091,-0.12501695322911074,99.0,-0.06158731271870751
-8.0,0.393877536058425,10,0.015889460744588635,0.2806742086897339,-0.010970177745058363,-0.06724780634108846,0.17659906990278468,0.08129673821564283,99.0,0.005716569665454074
-8.0,0.416326522827148,10,-0.10157654005096375,0.2659044784285206,0.002206669580517992,-0.12742999162844032,0.1367582596219774,-0.06615994683767842,99.0,-0.03407135994285583
-8.0,0.438775509595871,10,0.08793103270008676,0.2977498527410588,-5.964415095038922e-05,-0.10776761619281006,0.16167272666373517,0.16384812155618583,99.0,0.03783976793481682
-8.0,0.461224496364593,10,-0.14101859765110958,0.14074065618168,-0.019622664485055688,-0.042453567533169666,-0.03637460976814316,-0.11458004542210143,99.0,-0.05077928644553851
-8.0,0.483673483133316,10,-0.024874160325251263,0.0841322670939855,-0.0084201784360102,-0.05438610235342764,-0.09740525489718499,0.03376643126218381,99.0,-0.012107557046621401
-8.0,0.506122469902038,10,-0.04141462053126736,0.11726118006574957,-0.013217382390164649,0.04130657024625093,-0.04852173816872111,0.01036672454871132,99.0,-0.013148774025354379
-8.0,0.528571426868438,10,-0.01473919304065573,0.23375438591634864,0.0002620617597218881,-0.024060756071355795,0.07495055609104362,0.05470231379993783,99.0,-0.004034454147850052
-8.0,0.551020383834838,10,-0.23969960392984127,0.19632504636151768,0.014993573873166886,-0.14974357136109107,0.06200327821081833,-0.2525436655863188,99.0,-0.10123477432573211
-8.0,0.573469400405883,10,0.03811831870574851,0.24901116071810792,-0.007101307487595331,0.05136931979863858,0.1365685168558839,0.1255828704580965,99.0,0.0131312326253139
-8.0,0.595918357372283,10,-0.14805808316981325,0.18254758284685974,-0.007131920775892279,-0.0017483480401027929,0.03464881033691519,-0.13579123158094059,99.0,-0.06043157147230864
-8.0,0.618367373943328,10,0.11120539620748277,0.23951692964862326,-0.008574096317529971,0.0010365465362320164,0.09979901794038423,0.21774856301963713,99.0,0.04559521857240965
-8.0,0.640816330909729,10,-0.06037857708636629,0.10842031715839588,-0.01231797067481664,0.03202956877864879,-0.06382536415510275,-0.014998963508107907,99.0,-0.024416803050120027
-8.0,0.663265287876129,10,-0.013087743544516556,0.24663321689431686,-0.005850630430572116,-0.06759303058460887,0.14179100705329478,0.04384870250972883,99.0,-0.006630300447982779
-8.0,0.685714304447174,10,-0.07978202674341268,0.15238924186902236,-0.0036529116444316305,0.07585786254506525,-0.010761982304519052,-0.04159141269914468,99.0,-0.03209708019951365
-8.0,0.708163261413574,10,-0.010185807664771701,-0.14577862428178542,-0.013261650949109407,0.0978049082914399,-0.34083268969953007,0.04893559918753962,99.0,-0.003908766020716867
-8.0,0.730612277984619,10,-0.04835681517273528,0.08550611738171289,-0.004569427271972529,0.06056486412519177,-0.11128008764349938,0.010174037029869264,99.0,-0.01689323512276341
-8.0,0.753061234951019,10,-0.01542124619843135,0.2425701271587971,-0.007393619892868015,0.04328080017029333,0.12995913542728665,0.041023482189258484,99.0,-0.004268425104540131
-8.0,0.775510191917419,10,-0.016443266255575746,0.012029786187517391,-0.01623300686614064,0.12731089122934908,-0.18999999315258528,0.04386890687280746,99.0,-0.004015937375525626
-8.0,0.797959208488464,10,-0.11961720372256462,-0.010251813323848967,-0.0014241173095239116,0.019308553944813296,-0.22246710216432009,-0.07001701446585401,99.0,-0.04401589273495891
-8.0,0.820408165454864,10,-0.019462001369044912,0.12406502366222162,-0.013259694142039672,-0.04425777814872624,-0.05014564689409419,0.04334240114725318,99.0,-0.010254135211030996
-8.0,0.842857122421264,10,-0.06082975231518198,0.05404553487703314,-0.021548037207308954,0.05085416839339972,-0.15423783767494342,-0.003798679791436846,99.0,-0.02343098798483107
-8.0,0.865306138992309,10,-0.12669754225290414,0.1468508015309573,-0.004599892083992505,0.05742683471984798,0.0019887092247567115,-0.1052554071248751,99.0,-0.05395553912050138
-8.0,0.887755095958709,10,0.02569681048326583,0.18889555401293728,-0.017159403806182402,0.045775837271999506,0.04917638229728084,0.08995031679392033,99.0,0.01427370598794181
-8.0,0.910204052925109,10,0.005615015813572856,0.13003428525149432,-0.014589126668034337,0.10864480601254323,-0.06791400833900692,0.07903253578428078,99.0,-0.0001419888082826483
-8.0,0.932653069496154,10,-0.05246985475443411,0.17152456847983427,-0.005637548201973958,0.020766209280372466,0.018025372986345718,-0.0027036659527339205,99.0,-0.01989744942186931
-8.0,0.955102026462554,10,-0.014053008366580924,0.17150478537819447,-0.012602298317042172,0.10675598204172757,0.018360098413177813,0.047752395379222365,99.0,-0.00654313625747318
-8.0,0.977551043033599,10,-0.031958401110669686,0.1809805229135065,-0.008615501601633328,-0.07463661694055446,0.006996601884492228,0.027622610288096337,99.0,-0.007684424213966645
-8.0,1.0,10,-0.20035976067658248,0.24717042666779426,0.008193323170727724,-0.0834759403602869,0.0951269015502955,-0.18139419783863114,99.0,-0.07353366170324084
-7.775510311126709,-0.100000001490117,10,-0.12945828234259926,0.16914490650308858,-0.007698135942868977,-0.009242529906706612,0.022344416561986484,-0.10552675255956341,99.0,-0.05522336016249345
-7.775510311126709,-0.077551022171975,10,-0.02523959959773666,0.19045070442336443,-0.008274569857715552,-0.04366840040146513,0.04220770887250065,0.03289253190469857,99.0,-0.010735352114887933
-7.775510311126709,-0.055102042853833,10,0.06516156767448744,0.11777234618173639,-0.019232992915841293,-0.03136720255345294,-0.04782388836747849,0.1588666402912344,99.0,0.02725677240210168
-7.775510311126709,-0.032653063535691,10,-0.03607610437421418,0.23900194802950997,-0.005953595364038693,-0.023877586073017307,0.12132663154353665,0.018606141073785096,99.0,-0.014574471253426657
-7.775510311126709,-0.010204084217549,10,-0.041439368966248544,0.16397808511509715,-0.0005314932602310068,0.020418845747953367,0.01290824630338512,0.010077437219199799,99.0,-0.018830559461632645
-7.775510311126709,0.012244895100593,10,-0.05379512417671131,0.06913636706313826,0.0014641614430947042,0.059885807037697365,-0.13150748083147493,0.0012676349691039812,99.0,-0.021731110505811935
-7.775510311126709,0.034693874418735,10,-0.02133184584627026,0.32194499893875556,0.0013596019319662412,-0.14357596616462842,0.23110329996801132,0.04333107536168186,99.0,-0.009754276879495979
-7.775510311126709,0.057142853736877,10,-0.0773362881705879,0.2110715356552756,-0.0061877186599198705,0.032011621010163305,0.06498123964096812,-0.03401187857226157,99.0,-0.028255825611050923
-7.775510311126709,0.079591833055019,10,0.0561024114026198,0.03137336749175482,-0.019901086206657856,0.024088636860925175,-0.16658876526909502,0.14159013151173844,99.0,0.023855586688569207
-7.775510311126709,0.102040812373161,10,-0.03936397567361989,0.1329280391276046,-0.019814062274920063,0.06646340294149218,-0.039892941235792734,0.01713468116806159,99.0,-0.015863892087440178
-7.775510311126709,0.124489791691303,10,-0.030701836405980426,0.204967162590024,-0.007801260426583635,0.12493402631057632,0.062414975525980416,0.02634323973941889,99.0,-0.0106029305541448
-7.775510311126709,0.146938771009445,10,-0.04383297531590889,0.12442852758965359,-0.010697805640265038,0.0385162725267575,-0.06921354734807644,0.016932170647105768,99.0,-0.016963887635514034
-7.775510311126709,0.169387757778167,10,0.02837373122410887,0.011072080919273329,-0.008971063696789492,-0.0021085304647336447,-0.18953330081704883,0.10460237623222149,99.0,0.009324397860271266
-7.775510311126709,0.191836729645729,10,-0.0912395467500562,0.09413424293463943,-0.0113672029032758,0.04443523876284874,-0.0898717380541905,-0.05355468283631443,99.0,-0.03493417737849321
-7.775510311126709,0.21428570151329,10,-0.03494614053386617,0.08744546224285712,-0.010455273799180355,-0.07000870557346901,-0.09682038783675688,0.021929734949952748,99.0,-0.01423532397807609
-7.775510311126709,0.236734688282012,10,-0.026107810458598925,0.30685914544724313,0.005043565803924748,0.024284191658676277,0.1731762212594522,0.034379297996082324,99.0,-0.007629814866841132
-7.775510311126709,0.259183675050735,10,-0.04454182272944931,0.18147966740871502,-0.016264654461439838,0.04328191831368368,0.01636692277597962,0.011402454528497488,99.0,-0.01847000621035423
-7.775510311126709,0.281632661819458,10,-0.1365241296753392,0.17990056154420472,-0.0048381990430130615,0.1383407191316485,0.02941345584566235,-0.1191008957570471,99.0,-0.05464730260173388
-7.775510311126709,0.304081618785858,10,-0.12038918725140281,0.07509739374906788,-0.005217329819482317,0.05853246513818561,-0.10982040971755666,-0.09557860601896691,99.0,-0.04727848164214691
-7.775510311126709,0.32653060555458,10,-0.042644844525951506,0.33968781900779965,-0.00016861501922978047,-0.0587879440200242,0.24714582920482353,0.006386933682537288,99.0,-0.016979704055396626
-7.775510311126709,0.348979592323303,10,-0.087649659333187,0.18823223043609677,-0.008376336054209831,0.00857950124484387,0.044664456769643465,-0.05131104537823879,99.0,-0.03628197781700811
-7.775510311126709,0.371428549289703,10,-0.03130502184364104,0.2349799514597554,-0.0007950891863065423,0.18540344336656797,0.07810946270643802,0.02466619806597739,99.0,-0.01131354585192581
-7.775510311126709,0.393877536058425,10,-0.05363642901041882,0.16463901269684622,-0.011742354022516652,-0.0313398242207342,0.012055565595897513,-0.005222586418185848,99.0,-0.021777188624200187
-7.775510311126709,0.416326522827148,10,-0.06445778970574903,0.18002506603990104,-0.008760612724494816,-0.09821311118400446,0.01435857837316011,-0.013223590903764557,99.0,-0.02638896585603436
-7.775510311126709,0.438775509595871,10,0.10424186870116403,0.21044090877054716,-0.013225430117115767,-0.05873460614450919,0.04283486337071957,0.19881357481433387,99.0,0.03597987593669386
-7.775510311126709,0.461224496364593,10,-0.19272982797476446,0.21275954700294988,0.0017741462776066875,0.04339612038418529,0.074623946422723,-0.1950110077679516,99.0,-0.07640743316601639
-7.775510311126709,0.483673483133316,10,-0.09778436801876186,0.12066332498123634,-0.005247150182318547,0.09863500712404652,-0.05940386580692453,-0.04947485307315189,99.0,-0.038204616995596574
-7.775510311126709,0.506122469902038,10,-0.09404516568084872,0.19157966586753022,-0.008051707035387835,-0.09141484877070463,0.02991087140420927,-0.05134022800954523,99.0,-0.03739789178849813
-7.775510311126709,0.528571426868438,10,-0.05304472095981483,0.23394120365638063,-0.0021658542660946234,-0.035851049698080215,0.10679886006119318,-0.0032556402770191756,99.0,-0.022515003490027316
-7.775510311126709,0.551020383834838,10,-0.1314496964428277,0.21787945528948566,0.0006213102877277019,0.09192610262556872,0.10264910174619402,-0.1175915134098076,99.0,-0.05744340952337009
-7.775510311126709,0.573469400405883,10,-0.007847220502984796,-0.038227192256259174,-0.008870291282609638,0.03009224315050191,-0.23615495470651435,0.049908142724306714,99.0,-0.0015864263914939446
-7.775510311126709,0.595918357372283,10,-0.04757491996947333,0.16074428717144434,-0.013022357072702488,-0.10780738054726857,-0.004581448258585065,0.0060102886075666315,99.0,-0.01875155398094954
-7.775510311126709,0.618367373943328,10,-0.03610959664949269,0.1878303926897215,-0.00546980661770159,-0.09520661407625555,0.02243041755834918,0.02221745021746338,99.0,-0.014980584232099487
-7.775510311126709,0.640816330909729,10,-0.10301850913227471,0.1468613449294447,-0.01999630412748929,0.04871429936146366,-0.016154916549226517,-0.06661250079481908,99.0,-0.03765158360544522
-7.775510311126709,0.663265287876129,10,0.02200510770165929,-0.0023333051267184005,-0.010787493876997711,0.052821183659956944,-0.22080440771516313,0.09835890935815539,99.0,0.0069862073590604545
-7.775510311126709,0.685714304447174,10,0.0157082244351847,0.14890241412653585,-0.007166055286560879,0.08603727951600312,-0.022172419512814904,0.09187052034972448,99.0,0.003655952637060857
-7.775510311126709,0.708163261413574,10,-0.17157307382295345,0.14555407464317452,-0.010749458327378537,0.1250654064721643,-0.024001758832775402,-0.15462703110875098,99.0,-0.06622525157854824
-7.775510311126709,0.730612277984619,10,0.06169165616595333,0.1787240993286369,-0.004912713059978264,0.16635707513304654,0.008909936750769863,0.14439416870210464,99.0,0.023141792163529427
-7.775510311126709,0.753061234951019,10,-0.02105091948561366,0.13277617949931414,-0.013520424915015894,0.1076956505876114,-0.027853815129425717,0.03487014110114677,99.0,-0.00878332625541249
-7.775510311126709,0.775510191917419,10,-0.04462911111644402,0.13587319825294272,-0.005988778290675018,-0.008831220711152755,-0.016068707294717773,0.003550268422781902,99.0,-0.019122580812694124
-7.775510311126709,0.797959208488464,10,-0.09164941409083618,0.11253461103994312,-0.016081959254574008,-0.012298919210046423,-0.07062925336355844,-0.05360471558851194,99.0,-0.037217285542412964
-7.775510311126709,0.820408165454864,10,-0.06843809635344744,0.14889124492007702,-0.013044136017960362,0.04466965071735937,-0.028110661163506148,-0.01896242148997654,99.0,-0.025746151078309777
-7.775510311126709,0.842857122421264,10,-0.08162985401342025,0.2080182221951244,-0.015650225137269932,-0.10523378502346084,0.08354852642612078,-0.04803087696781512,99.0,-0.03379181161230636
-7.775510311126709,0.865306138992309,10,-0.0013455999838824784,0.11263867143006787,-0.00010003539919910982,0.08634739645598354,-0.05829498195946785,0.06528085012532558,99.0,-0.002714360082719658
-7.775510311126709,0.887755095958709,10,-0.11787151098646644,0.2873897137117981,0.005431961430611833,-0.03183725267562325,0.15648685592019873,-0.08285705726526016,99.0,-0.0457327714393067
-7.775510311126709,0.910204052925109,10,-0.04854232962413581,0.13581118038229656,-0.011453220806296769,0.12060743267202331,-0.002902254268757825,-0.006895591127289706,99.0,-0.023176928047415814
-7.775510311126709,0.932653069496154,10,-0.08418816249619188,0.20438594571309154,-0.00940354569363981,-0.11054708562938673,0.06936553466926006,-0.047786097405705254,99.0,-0.03478564533214655
-7.775510311126709,0.955102026462554,10,-0.0950864046037752,0.005008547362436,-0.019311170092179537,-0.05966520276560877,-0.22107758318495863,-0.051407658817812014,99.0,-0.03661750158022472
-7.775510311126709,0.977551043033599,10,0.03644231999087928,0.15457939994706926,-0.00888064798658619,0.018628920367215127,0.004027281554861338,0.11837317226440022,99.0,0.017174411106558627
-7.775510311126709,1.0,10,-0.04501494621852889,0.19223773103667335,-0.005441443615559646,0.10627111911493214,0.03571330455744844,0.010523440718941951,99.0,-0.01745309240470489
-7.551020622253418,-0.100000001490117,10,-0.07988762269954064,0.20832595926477288,-0.008925091936109979,-0.11229010248367562,0.08201063934519265,-0.04391519569948364,99.0,-0.03724151372434762
-7.551020622253418,-0.077551022171975,10,-0.11523905240021423,0.04050872852235808,-0.010129909444359562,0.11047453371217139,-0.13349382729075338,-0.08080462746857389,99.0,-0.053291552660853655
-7.551020622253418,-0.055102042853833,10,-0.02019250001799297,0.20348617277267955,-0.014858414764885695,0.006128676788943112,0.0757156813630562,0.04035222551366957,99.0,-0.008974997370320512
-7.551020622253418,-0.032653063535691,10,0.06501004372321953,0.12380807437967783,-0.02070755017993235,-0.03641542614040846,-0.05810641598058454,0.15038455820545388,99.0,0.023635404416837404
-7.551020622253418,-0.010204084217549,10,-0.11290324303629024,0.2824542634839352,-0.0010070463278697359,0.022067068329407677,0.15372341485485408,-0.07747632453047315,99.0,-0.04544339462341075
-7.551020622253418,0.012244895100593,10,-0.19290820631549174,0.2617025170986534,-0.011333374370894484,-0.03907666050002054,0.12992480270505247,-0.19524587743508434,99.0,-0.06879914466054951
-7.551020622253418,0.034693874418735,10,-0.1871501049727741,0.09153929732036908,-0.007995148125006235,-0.04301075761316732,-0.10905612960866184,-0.16725574228464749,99.0,-0.0687446860825637
-7.551020622253418,0.057142853736877,10,-0.016297671180577664,0.1791555923754839,-0.006070858055140404,-0.0182010775295572,0.03333168627220005,0.046272734071130285,99.0,-0.009991852547455115
-7.551020622253418,0.079591833055019,10,-0.04139038637321251,0.28403617140133297,-0.006969294100045242,-0.012363277000533145,0.17691555080873278,0.008909376185323434,99.0,-0.012721563974572142
-7.551020622253418,0.102040812373161,10,-0.05627196894548858,0.2157172168394313,-0.0008099787052937133,-0.04082555178819914,0.10929290664772717,-0.017433022618393898,99.0,-0.026939815620989398
-7.551020622253418,0.124489791691303,10,-0.02802502536812415,0.054673381891797164,-0.013734752596788464,0.17171813596098107,-0.1389880959488893,0.030577944070459988,99.0,-0.010692093838068139
-7.551020622253418,0.146938771009445,10,-0.16412716831905705,0.1008870313625474,-0.01311252079283299,-0.05914813608892842,-0.06793899006859841,-0.15887658164746488,99.0,-0.07078353682950131
-7.551020622253418,0.169387757778167,10,-0.03082455577509041,0.025428252314467506,-0.009406434514907639,0.041607593884891284,-0.1546115491820798,0.020446348837021032,99.0,-0.016068272256361787
-7.551020622253418,0.191836729645729,10,-0.0478998025325153,0.18192684759766165,0.004104499267866065,-0.021886911497134877,0.030061411369752086,0.0035208857672301558,99.0,-0.02022061353892705
-7.551020622253418,0.21428570151329,10,-0.1751908497847765,0.14801247710064713,-0.011706700310176225,-0.08329384323122796,-0.01322579421957049,-0.15602491502878696,99.0,-0.07039874439080472
-7.551020622253418,0.236734688282012,10,-0.04424874250647723,0.16272254625796545,-0.003467000844195609,-0.035576962120093765,0.02655901063709606,0.0019464648000099838,99.0,-0.0181089961239783
-7.551020622253418,0.259183675050735,10,-0.21167069848790704,0.2608708378385499,-0.0012295803240149523,-0.03328312325420012,0.15950427689346372,-0.23507974157513253,99.0,-0.08815503451549604
-7.551020622253418,0.281632661819458,10,-0.11751674077993937,0.26314546621298895,-0.005397442671738408,0.029796552399200274,0.13913052915351565,-0.08926102366115155,99.0,-0.04465474418738992
-7.551020622253418,0.304081618785858,10,0.016909644301922946,0.08451645107749507,-0.007978914738452178,0.029326085709016264,-0.1042161414599771,0.09483584270645523,99.0,0.0030810823648943137
-7.551020622253418,0.32653060555458,10,-0.2871781005713076,0.19775548053984315,-0.008337609781755418,-0.03406047599529253,0.05555588117563341,-0.30475163227423036,99.0,-0.12052279326040756
-7.551020622253418,0.348979592323303,10,0.05623151920842008,0.12259756943305108,-0.004750957841580368,0.1846736042572187,-0.04561484794074172,0.13232571445265695,99.0,0.025168040994241005
-7.551020622253418,0.371428549289703,10,-0.24142720452242727,0.12217808601141371,-0.012888929845168649,-0.0650514942634586,-0.03179005545136462,-0.25224306815665315,99.0,-0.09875986644595061
-7.551020622253418,0.393877536058425,10,-0.027637958992148607,0.23128665997498632,-0.01579845662750983,0.011433461764162309,0.10958933971580946,0.031352534871982106,99.0,-0.009077562845910875
-7.551020622253418,0.416326522827148,10,-0.014902972781500795,0.18914873856845035,-0.007666293360914802,0.07984752864484185,0.042060532327831475,0.04199920211189428,99.0,-0.0045338820823368235
-7.551020622253418,0.438775509595871,10,0.07492174709163572,0.15009709099253254,-0.005973400396344503,0.07087568879726333,-0.017569056445192473,0.1761603794551383,99.0,0.027603060479403658
-7.551020622253418,0.461224496364593,10,-0.12010456606709141,-0.04956939055802679,-0.015704644577574693,-0.07213727667019959,-0.2399573764811413,-0.07837263905980944,99.0,-0.04689642555301245
-7.551020622253418,0.483673483133316,10,0.11063134649506792,0.2538275731788986,-0.0014514924996263151,-0.06742484415738964,0.1303284842481603,0.19358282896707302,99.0,0.05200269104995221
-7.551020622253418,0.506122469902038,10,0.08474347871931677,0.10956542836454686,-0.010154920012454613,-0.00925833176094392,-0.051282667954342796,0.16863329258371787,99.0,0.0326594063429586
-7.551020622253418,0.528571426868438,10,-0.09017865395396156,0.1600534452086657,-0.01656420810167877,0.09060711868384963,0.006049256318425199,-0.05440482374096844,99.0,-0.03560870334728629
-7.551020622253418,0.551020383834838,10,-0.18077458956838557,0.04995999174219626,-0.01752160155252544,-0.04327046023527584,-0.13059172771159888,-0.15666172823886346,99.0,-0.07192031032465444
-7.551020622253418,0.573469400405883,10,0.05381732549542163,-0.03641618413756503,-0.014195863051223454,0.026636234812849206,-0.2385647811353514,0.12674535836601092,99.0,0.02331995124416087
-7.551020622253418,0.595918357372283,10,0.03194584820018051,0.26691267514188577,-0.0022655909576169892,-0.00941340792069191,0.12435828424283887,0.0993165806434507,99.0,0.011199059950016183
-7.551020622253418,0.618367373943328,10,-0.08541860395011341,0.14082664885951654,-0.007569416589274523,-0.11330211555848216,-0.019451416443623,-0.047624974955182225,99.0,-0.03404666861934797
-7.551020622253418,0.640816330909729,10,0.0028385321508189454,0.13789440482514292,-0.014441986489749127,-0.06196816620201127,-0.035065175715020984,0.07314043683254426,99.0,0.00027985143552655966
-7.551020622253418,0.663265287876129,10,0.052480257752811635,0.08908901495981561,-0.007132044851300322,0.12652633864758073,-0.11371583503566354,0.14940147803854764,99.0,0.022165849317491777
-7.551020622253418,0.685714304447174,10,-0.061802341841874456,0.24501374313921426,-0.014087185275194586,0.07133646410089672,0.11495562402407779,-0.01581757203155376,99.0,-0.02427742426074787
-7.551020622253418,0.708163261413574,10,0.01759801265408885,0.10475740007120102,-0.006543272675318311,0.09541957639883628,-0.06962285069408229,0.08547748840504638,99.0,0.009477176888521214
-7.551020622253418,0.730612277984619,10,-0.0009123020581278778,0.19449033409101518,-0.010219801392530536,-0.025305446755053827,0.0466193024989274,0.06448332710481573,99.0,0.0018943845973635742
-7.551020622253418,0.753061234951019,10,-0.07289552227605747,0.2936187749665166,-0.006991058150814198,-0.17121365526007518,0.14034547312288734,-0.019105867854288833,99.0,-0.02670867857558047
-7.551020622253418,0.775510191917419,10,-0.0355351181025399,0.10495876102996395,-0.006160129987097853,0.013226041013096261,-0.08076082170029403,0.02339049997264092,99.0,-0.010710888465799909
-7.551020622253418,0.797959208488464,10,-0.07356183270942242,0.13942850449221264,-0.0174517854778737,-0.05270268653442456,0.0020891004672912855,-0.03865910642464314,99.0,-0.030000219982975213
-7.551020622253418,0.820408165454864,10,-0.056761118880100075,0.23420383102777542,-0.008073573758820672,0.1009325040304083,0.12108750864745085,-0.01460055539635495,99.0,-0.026090833229988585
-7.551020622253418,0.842857122421264,10,-0.09997262729687673,0.007726954524076887,-0.007873919346290382,0.060019462692350076,-0.18852687450961636,-0.0736213390910796,99.0,-0.044264225711956824
-7.551020622253418,0.865306138992309,10,0.05625028494203389,0.19787847170828865,-0.013083017045353718,-0.09791285721592762,0.0440253937473946,0.12331398264555787,99.0,0.02056856254275414
-7.551020622253418,0.887755095958709,10,0.023992712854357633,0.12542825530240695,-0.00351337937553915,0.10615552538749079,-0.04072749518692174,0.09869312132915664,99.0,0.011599581342288324
-7.551020622253418,0.910204052925109,10,0.04026254273979174,0.12961617402621864,-0.008270211729761334,0.07269830195989122,-0.04263244328409539,0.10528215599946966,99.0,0.014602869655079351
-7.551020622253418,0.932653069496154,10,0.04009045178966489,0.2649884904614765,-0.003862275445756564,0.03579515562866186,0.1094315063372378,0.11357301490645458,99.0,0.011753826458493705
-7.551020622253418,0.955102026462554,10,0.08342719900071272,0.07174717595999118,-0.008170366772644818,0.11645474507951752,-0.11810569777233361,0.18696995923906132,99.0,0.03228874461999252
-7.551020622253418,0.977551043033599,10,0.024254068961381044,0.10595003791786839,-0.01231458153664824,0.08663289801146537,-0.0894176309122891,0.10509661621081837,99.0,0.007788184876987637
-7.551020622253418,1.0,10,0.02357500537859078,0.28032910007174244,-0.002141390813208384,-0.029248941494137023,0.13678689965958893,0.09979591747636696,99.0,0.006249540785944705
-7.326530456542969,-0.100000001490117,10,-0.08760799901758748,0.07717982692033687,-0.010449578611636277,0.06165332552996231,-0.09019647476155122,-0.05535554372659465,99.0,-0.0372868453796037
-7.326530456542969,-0.077551022171975,10,0.032905253776714855,-0.010866791307903988,0.0021401186265178266,0.14560743493443268,-0.2182689177234274,0.10756306030706103,99.0,0.01240265569309806
-7.326530456542969,-0.055102042853833,10,0.01602070777230637,0.17707636488854817,-0.0017455497152488219,-0.08879389306736424,0.029982817011358312,0.0791648233560997,99.0,0.0068998358611119665
-7.326530456542969,-0.032653063535691,10,-0.05785533641039138,0.15556053980097725,-0.005479768309518192,-0.15313511407334254,-0.022319350806772303,-0.003128564132634362,99.0,-0.024998847803939777
-7.326530456542969,-0.010204084217549,10,0.11749897751231325,0.31196998040916907,-0.001704111809802325,-0.010453613097704248,0.2046478555945549,0.2106489066559113,99.0,0.05202571321299626
-7.326530456542969,0.012244895100593,10,0.07311158769190268,0.09325304655027483,-0.0046237767914712935,0.1162083612833426,-0.08156012554222129,0.1631187003113861,99.0,0.029370165021107154
-7.326530456542969,0.034693874418735,10,-0.06277847947379307,0.23576916235968587,-0.009342476188937864,-0.07943348985124382,0.104782973286357,-0.016573778401565077,99.0,-0.027502660516158284
-7.326530456542969,0.057142853736877,10,-0.08128939273712191,0.1929255617377205,-0.005275136611293341,-0.13119427217709678,0.0494313746001573,-0.04102762916600405,99.0,-0.03272890830519669
-7.326530456542969,0.079591833055019,10,0.03215273146350353,0.23825811386260967,-0.0021654875898736844,0.060061067995611506,0.13078564030396192,0.10585463191180014,99.0,0.012715885578113062
-7.326530456542969,0.102040812373161,10,-0.13788781559289948,0.1342769716402104,-0.01804835460453087,-0.05810017536882043,-0.04118559909324423,-0.11084573889376695,99.0,-0.05233611865061636
-7.326530456542969,0.124489791691303,10,-0.08122326073021315,0.1893150038972335,-0.015528484104481469,-0.06848222847474461,0.05301337931307564,-0.0472513433675556,99.0,-0.035440544417670944
-7.326530456542969,0.146938771009445,10,0.036132229491157755,0.14347864502556174,-0.0038968039147548963,0.036672374731808205,0.011863214265150447,0.11138436457654742,99.0,0.019369578082876603
-7.326530456542969,0.169387757778167,10,0.08143770968351172,0.1926414689785766,-0.012845060427641072,0.030899400713953955,0.043372821180817284,0.16355055790971262,99.0,0.0319484517598413
-7.326530456542969,0.191836729645729,10,-0.053390084837339355,0.11493374424381138,-0.006822856788854654,0.0020289592474370503,-0.06704609559633341,0.0011874642281788778,99.0,-0.02293695762716625
-7.326530456542969,0.21428570151329,10,-0.02047404402428929,0.03400733615935014,-0.007217720456962201,0.16165560280285413,-0.15850566622365264,0.03781861180718799,99.0,-0.010261091437785816
-7.326530456542969,0.236734688282012,10,-0.0963590769036914,0.35517556512802306,-0.0019666205278994486,-0.043172340413856064,0.28899277879940355,-0.06974195257748766,99.0,-0.04165143639034462
-7.326530456542969,0.259183675050735,10,-0.1456905096849136,0.08251879360771602,-0.012921200237193602,-0.005550379098466705,-0.08956787753575739,-0.11534484664197439,99.0,-0.055971525160487576
-7.326530456542969,0.281632661819458,10,0.0016059453837557053,0.17462894492139686,-0.014172214444716105,-0.07120444477488694,0.018675519315062457,0.06476441696804013,99.0,-0.0006389129016195552
-7.326530456542969,0.304081618785858,10,0.015416213736663131,0.2518274004846607,-0.005755550362704192,-0.012020785715210522,0.11257803593921192,0.08147576673180143,99.0,0.0040431296865464025
-7.326530456542969,0.32653060555458,10,-0.05875248527309136,0.2118859019532902,-0.004997775297025668,0.04682809880012556,0.06979350293322353,-0.01025929364892005,99.0,-0.024369816128843064
-7.326530456542969,0.348979592323303,10,-0.036895662755982515,0.03551076823647244,-0.011770660855073034,0.04715752113937769,-0.14368971008703013,0.014788230523707084,99.0,-0.010129044947735167
-7.326530456542969,0.371428549289703,10,-0.09503144309002136,0.28717288370609384,-0.003429368846944181,0.04290529160124416,0.13297358143720778,-0.04647706494470221,99.0,-0.03640487499592493
-7.326530456542969,0.393877536058425,10,-0.023820789054276162,0.14872090030209023,-0.010748570149103286,0.08286013012277983,-0.025990335041016686,0.03869241232073781,99.0,-0.010131698279895877
-7.326530456542969,0.416326522827148,10,-0.06136699074676851,0.13231470566096648,-0.00604531243407608,-0.020596006578368985,-0.029754269276546074,-0.017404385549734686,99.0,-0.025354219165276092
-7.326530456542969,0.438775509595871,10,-0.0891473765708881,0.008930203535654886,-0.003978423441816622,0.012454289703086513,-0.19281324615627016,-0.03917798735570253,99.0,-0.03325321805944355
-7.326530456542969,0.461224496364593,10,-0.12496145836812816,0.10831962873474149,-0.009996214183058735,-0.040012918813978185,-0.06842889482028078,-0.09923939288997563,99.0,-0.05000872638131949
-7.326530456542969,0.483673483133316,10,-0.018517771700347435,0.20902121322956882,-0.02118187549394862,-0.04674811883293195,0.04088035296780401,0.043172010732976177,99.0,-0.0047053048189663795
-7.326530456542969,0.506122469902038,10,-0.12006787887232338,0.08443371199873514,-0.0010018820475418838,0.0414488199652109,-0.11606386180895817,-0.08923924275026171,99.0,-0.04589060506811135
-7.326530456542969,0.528571426868438,10,-0.07730835816807043,0.15649904426574252,-0.011484251188794573,0.01567963186690151,-0.0037685951784372923,-0.03350972896357368,99.0,-0.031563601225426854
-7.326530456542969,0.551020383834838,10,-0.04491768259139815,0.19033968483033267,-0.011671817487870335,0.10944806996586447,0.056270072295537224,0.004229332023656364,99.0,-0.018671888842848858
-7.326530456542969,0.573469400405883,10,-0.018057519461158036,0.138976355196611,-0.0025250713197414692,0.12494219637524806,-0.03286261249037134,0.04353111555304536,99.0,-0.009431511761401268
-7.326530456542969,0.595918357372283,10,-0.10234724876866963,0.07052649541081246,-0.018785176377758655,0.0377760568857267,-0.12386731261047222,-0.07154710852683872,99.0,-0.03880963004784229
-7.326530456542969,0.618367373943328,10,-0.07148235916575986,0.08765309496059631,-0.006369230152133173,0.08668584465246322,-0.07455484488842215,-0.034997834305964766,99.0,-0.0336868275706228
-7.326530456542969,0.640816330909729,10,-0.04926572749263381,0.3341985107958577,-0.00434620201958857,-0.1649990252669284,0.23941360351333407,0.0015408253914493027,99.0,-0.021672987536625783
-7.326530456542969,0.663265287876129,10,-0.00788135217514848,0.06355227119308768,-0.012872198444522134,0.06826097394286054,-0.1378656433680686,0.059927516599519545,99.0,-0.0035063481212487925
-7.326530456542969,0.685714304447174,10,-0.055642718097476396,0.1274204090788221,-0.011171594281277933,-0.04330537437945235,-0.040397438472420125,-0.006117523623073388,99.0,-0.022366440640807554
-7.326530456542969,0.708163261413574,10,-0.23402330415468076,0.22702559958104224,-0.010913946107467293,-0.04559170723468502,0.0667313070603815,-0.20969677129290948,99.0,-0.08748771460190302
-7.326530456542969,0.730612277984619,10,-0.18526634946059384,0.2703428858470227,-0.005270772738484228,-0.1232872986962526,0.14238501536188924,-0.179870407515456,99.0,-0.07043130358304713
-7.326530456542969,0.753061234951019,10,-0.00635245107967574,0.1922029654954787,0.0003242765479525062,0.00548630557624025,0.019783340327259848,0.06360473633490876,99.0,-0.002848519328534057
-7.326530456542969,0.775510191917419,10,-0.1209271599742506,0.045159437362704204,-0.014946062747251318,0.014527826046911788,-0.17242447180848575,-0.09839502408446035,99.0,-0.04609828871190569
-7.326530456542969,0.797959208488464,10,-0.035303624753923846,0.29090255845705015,-0.004707011202818818,0.07052987272546518,0.20312646529359424,0.014968264277105233,99.0,-0.017791292728501606
-7.326530456542969,0.820408165454864,10,-0.18951535281683893,0.11113419190060644,-0.01005862556551743,-0.0247829895516388,-0.06543829336278767,-0.1969766812822007,99.0,-0.07394439313249516
-7.326530456542969,0.842857122421264,10,-0.05907196362284856,0.3528180450553353,0.0070684872005048185,-0.06838486731547559,0.19852113582729586,2.7755575615628914e-17,99.0,-0.018812774437101085
-7.326530456542969,0.865306138992309,10,-0.08311007525899233,0.13895513830607736,-0.004539617325545186,0.025174566172797192,-0.04840276468103133,-0.03722602911441307,99.0,-0.03130998151015427
-7.326530456542969,0.887755095958709,10,-0.004289161111674489,0.2466128553504742,-0.014544919250282392,0.009216390119570678,0.11645955715384636,0.05950491392198905,99.0,-0.004976022754737877
-7.326530456542969,0.910204052925109,10,-0.042744223860787134,0.23621591644494358,-0.010623375413175299,-0.06247546672267948,0.08246059954661694,0.0154867287576917,99.0,-0.016104455704043823
-7.326530456542969,0.932653069496154,10,0.0053209040294868865,0.18061889353216065,-0.018996658478989722,-0.0172546892680705,0.03942555472592727,0.08112997568653564,99.0,0.005090213215202673
-7.326530456542969,0.955102026462554,10,-0.03139741845912104,0.07318477431206617,0.0004826703505544691,0.0870338103467132,-0.10813352525945728,0.023899891228458467,99.0,-0.015340209744790608
-7.326530456542969,0.977551043033599,10,-0.030410864786762838,0.19601913891481165,-0.009935372671525004,0.08813342153590203,0.06856936766824986,0.02598973707445984,99.0,-0.015340008940403552
-7.326530456542969,1.0,10,0.01895839939636327,0.11922110850267142,-0.013622010212032219,0.11851744985970998,-0.02618720345687113,0.07955842625687504,99.0,0.005883648178435044
-7.102040767669678,-0.100000001490117,10,0.03701511496754316,0.08952327053260715,-0.005159927105838893,0.027364772360407498,-0.08753001239389653,0.11198923533461601,99.0,0.01926740570651204
-7.102040767669678,-0.077551022171975,10,-0.20465665277017356,0.10338151493661654,0.005525408410477758,0.049896156560568464,-0.0964339067447977,-0.19555276831342663,99.0,-0.07552494302387502
-7.102040767669678,-0.055102042853833,10,0.047975642735749356,0.21960313880526136,0.0009219751706207615,0.07768964804021375,0.08034178630695474,0.11829446828069182,99.0,0.01931870474358124
-7.102040767669678,-0.032653063535691,10,0.04928109481051546,0.21901218222273133,-0.009754200375311455,0.09405707892322035,0.05019017510350538,0.138549924328113,99.0,0.015441288685353974
-7.102040767669678,-0.010204084217549,10,0.07683689360683822,0.13245001750775348,-0.018278938912668376,0.003933662865882814,-0.02917732832827294,0.17458134788544807,99.0,0.02933507240789669
-7.102040767669678,0.012244895100593,10,-0.02367110659835696,0.19963782455345488,-0.007193313006463254,-0.030535636342178984,0.0762311360237935,0.029687769124570808,99.0,-0.008219102968424524
-7.102040767669678,0.034693874418735,10,-0.02694419749535895,0.15504459451738953,-0.01142636924398093,0.0296735225188167,-0.0014777741754863488,0.03259528303426888,99.0,-0.0120657438188125
-7.102040767669678,0.057142853736877,10,-0.021815820274310897,0.2993687149044841,-0.004186258077347315,-0.12394528895289107,0.16823218888194963,0.03734898535234186,99.0,-0.00625265691785164
-7.102040767669678,0.079591833055019,10,-0.11089542550075211,0.13798654424413076,-0.013685239578095152,0.117052787302587,-0.0427529636471885,-0.07209490581201347,99.0,-0.040205556157329986
-7.102040767669678,0.102040812373161,10,-0.12057048042542896,0.22058246427318112,-0.011943592242421227,0.06952833570230513,0.047168866946762325,-0.07367569490045281,99.0,-0.04172215656332708
-7.102040767669678,0.124489791691303,10,-0.04648366407588904,0.313909653812929,0.005162703104058205,-0.011112340995654335,0.24322329856919606,-0.0027905870311190663,99.0,-0.021908693474961626
-7.102040767669678,0.146938771009445,10,-0.056852299828973406,0.18873782340472764,-0.016080495105261997,-0.038556105841312416,0.03289276898107768,-0.006077122675653961,99.0,-0.023988911081066138
-7.102040767669678,0.169387757778167,10,-0.10960532992620164,0.1815932011601801,-0.011952460879345251,0.006578911301051052,0.03395559020283809,-0.07881371528175671,99.0,-0.0487492744997674
-7.102040767669678,0.191836729645729,10,-0.04867599461741093,0.050812477647057805,-0.006847878164416248,0.1165974312651427,-0.1474882576049783,-9.71445146547012e-17,99.0,-0.015449677483920071
-7.102040767669678,0.21428570151329,10,-0.010108842469454055,0.0739441293774341,-0.019856349483898292,0.04754843187449426,-0.11390954198042913,0.05431710630658913,99.0,-0.006327702266991806
-7.102040767669678,0.236734688282012,10,-0.20007952097925405,0.1904885177596487,-0.004310946580408133,0.05854494622817062,0.01459896178301004,-0.1655764591437317,99.0,-0.06871304285484246
-7.102040767669678,0.259183675050735,10,0.012394244447582747,0.15172160858235337,-0.018226916103096943,-0.03869585035903602,-0.0028449738081858453,0.0821627808406608,99.0,0.00627588606018626
-7.102040767669678,0.281632661819458,10,0.013894347220820821,0.04242360132287117,-0.013611223169622377,0.028936308895415687,-0.1510534003366314,0.08320702872129984,99.0,0.0064502539205198
-7.102040767669678,0.304081618785858,10,-0.15758555193438434,0.021713619825706732,-0.004152349780275469,-0.021649472217310353,-0.19077135139870177,-0.15870793357709395,99.0,-0.06666557042818237
-7.102040767669678,0.32653060555458,10,0.003633824570146202,0.04577636015597671,-0.01941412710151868,0.0034019101078550593,-0.14368312956939566,0.0672744037370225,99.0,0.003002142994369776
-7.102040767669678,0.348979592323303,10,-0.05764275711903911,0.279016829746585,-0.0071977541770778045,-0.03142764555776722,0.1522026594048916,-0.007132976718701695,99.0,-0.02058794363179047
-7.102040767669678,0.371428549289703,10,0.0035564128861167305,0.117566146966797,-0.005746523945549728,0.10363407638369669,-0.04388607966082239,0.06283830627821682,99.0,0.0007829707313968051
-7.102040767669678,0.393877536058425,10,-0.005195867388487312,0.11796414780971842,-0.00724691573290828,0.07240740117675593,-0.047154794707381195,0.06213842698587258,99.0,0.0008870013329276616
-7.102040767669678,0.416326522827148,10,-0.07556566888183364,0.09449803867379328,-0.01219783375201502,-0.012960792021688285,-0.08218668661670081,-0.03229239383114263,99.0,-0.03187621063115472
-7.102040767669678,0.438775509595871,10,-0.11871487763238782,0.16982343453132237,-0.004369393109271337,-0.027843409843400172,-0.004347507242939183,-0.07769213253896579,99.0,-0.04266617905509833
-7.102040767669678,0.461224496364593,10,0.08683226613604822,0.2137746251077018,-0.005879352845267894,0.03255261946406279,0.06347223402773944,0.1724694114307861,99.0,0.034045362817482494
-7.102040767669678,0.483673483133316,10,-0.058855403145878296,0.1270511078628584,-0.006913076471116044,0.01823441116485773,-0.04931048101219444,-0.004350088384540839,99.0,-0.020790954455340634
-7.102040767669678,0.506122469902038,10,-0.063967136698528,0.18299289882728853,0.007667204969051612,-0.02915973387727088,0.05887048517731011,-0.026416308000134836,99.0,-0.031175855949985176
-7.102040767669678,0.528571426868438,10,-0.053147454925133335,0.08109499149849339,-0.01244297119783085,-0.04257718997546222,-0.0938548107245301,-0.00452330694604277,99.0,-0.017545590104064385
-7.102040767669678,0.551020383834838,10,-0.09651205148953186,0.15792790298149909,-0.01907541425006694,-0.17953034131098008,0.009374816058096341,-0.06327618013315005,99.0,-0.04331209761523881
-7.102040767669678,0.573469400405883,10,-0.10318250698017477,0.1502863569734333,-0.012964728635564401,0.025455383082898207,-0.019418479277637107,-0.0653309965974513,99.0,-0.04182487204401123
-7.102040767669678,0.595918357372283,10,-0.01864495003342917,0.13800077276727787,-0.015682372517166476,-0.03572139054780545,0.002051694725614811,0.03255112750134023,99.0,-0.007561205831850004
-7.102040767669678,0.618367373943328,10,-0.1243805972740723,0.14799141542863903,-0.004286646391317525,-0.031381231458724027,-0.008900465829759285,-0.09580502985689773,99.0,-0.05092375724664526
-7.102040767669678,0.640816330909729,10,0.2151279225910579,-0.03129595291827814,-0.0019023776975477652,0.23434643766140306,-0.22454664687927334,0.32579084885165926,99.0,0.09085428328871645
-7.102040767669678,0.663265287876129,10,-0.038468539535480226,0.07777324408063878,-0.007109135775696177,0.12927400444738332,-0.11219287432976635,0.01891485626621873,99.0,-0.011372092150324392
-7.102040767669678,0.685714304447174,10,-0.2018928406219028,0.25965616565939553,-0.0037835401687859728,0.07901634195364396,0.1251882715623776,-0.1991512739378275,99.0,-0.0725969620513488
-7.102040767669678,0.708163261413574,10,-0.00643047932248049,0.12459932261775028,0.0025802725535517715,-0.05169051405858345,-0.06577536177937057,0.061489967803011726,99.0,-0.0014257788621329453
-7.102040767669678,0.730612277984619,10,-0.06706118905865979,0.12681337838970425,0.005512633222870413,0.21278186969842383,-0.030818119390215802,-0.02419473839367075,99.0,-0.02743919732857638
-7.102040767669678,0.753061234951019,10,0.09758847272473367,-0.012296969610385948,-0.006496254631775714,0.1694224320860778,-0.20501792219478293,0.17936389546999743,99.0,0.04004978253541873
-7.102040767669678,0.775510191917419,10,0.0071061255224049436,0.37707308863922373,0.012129349286577242,-0.05697442919159301,0.29125929340735435,0.0775818379440435,99.0,0.007428681744548117
-7.102040767669678,0.797959208488464,10,-0.1455981964213706,0.16612464668254623,-0.009247442159866122,0.05400608621024318,0.004839370700030481,-0.1236671862459035,99.0,-0.060411019170791266
-7.102040767669678,0.820408165454864,10,0.04693856210500115,0.16009242095541462,-0.004891765623442237,-0.047720394036885425,-0.022235419139170823,0.1268641983759647,99.0,0.016848831963213972
-7.102040767669678,0.842857122421264,10,-0.0776631633958136,0.15717070246787207,0.0013961446495415512,-0.04857945337263948,0.0008923596116245224,-0.03593272168616171,99.0,-0.028604086476138525
-7.102040767669678,0.865306138992309,10,-0.013312270109191435,0.2510265789781887,-0.009538538866462287,-0.018176219187173645,0.13070011486139715,0.04623501829191845,99.0,-0.003994627180085889
-7.102040767669678,0.887755095958709,10,-0.09429486851483931,0.058603848742366266,0.003976300197369086,-0.03725750187021668,-0.11513759350136295,-0.06581450090060043,99.0,-0.0408053001059172
-7.102040767669678,0.910204052925109,10,-0.1710886592399976,0.2667259230806973,-0.008295066444616988,-0.05301072780252724,0.13688480949055667,-0.15374631248422638,99.0,-0.0696321677388408
-7.102040767669678,0.932653069496154,10,-0.02648663787419262,-0.0316365343701042,-0.008909003550076663,0.3042007181875733,-0.23785861842489342,0.031232730193455932,99.0,-0.01091461298485121
-7.102040767669678,0.955102026462554,10,-0.20963205790165407,0.235296292990613,-0.009790622718297757,0.0005381550465763385,0.10817743628830614,-0.2276614773793618,99.0,-0.08360323024066782
-7.102040767669678,0.977551043033599,10,0.09254883524776794,0.09722058432393624,-0.013191715292011325,0.08255039889829399,-0.07032141200175997,0.1905683716711058,99.0,0.039309794502771674
-7.102040767669678,1.0,10,-0.16064816737131427,0.077137123517208,-0.014492317120524805,0.06414604820976591,-0.10622365185935298,-0.15396895193016802,99.0,-0.06232519223713594
-6.877551078796387,-0.100000001490117,10,-0.0874472914910722,0.18298508945252792,-0.002652644454865245,0.02007165582292684,0.03401210382396838,-0.04620887619775514,99.0,-0.03339751347406861
-6.877551078796387,-0.077551022171975,10,0.02696196387440611,0.15350273297471273,-0.017302034156173728,0.07948200869187541,-0.02684997943514092,0.09609360337290936,99.0,0.01088522515893825
-6.877551078796387,-0.055102042853833,10,-0.0994247100105966,0.07669492992994137,-0.010012237927382636,0.023528905244100673,-0.1013606886328789,-0.07181108659535344,99.0,-0.04028111859765937
-6.877551078796387,-0.032653063535691,10,0.05277452276173199,0.14181443776517894,-0.02229278318515842,-0.0658421186409394,-0.04377237899108806,0.14790685861335545,99.0,0.02074050212705531
-6.877551078796387,-0.010204084217549,10,-0.05449789211439398,0.31295586933954533,0.00013204849595888868,0.06024313602869957,0.1795496226921594,-0.0020274964127323034,99.0,-0.019367884838221446
-6.877551078796387,0.012244895100593,10,0.03504867106661064,0.18299434105131793,-0.009189188451987861,0.0456340063567882,0.03137699459235159,0.10831734284112085,99.0,0.014032532062481057
-6.877551078796387,0.034693874418735,10,-0.07727906033668047,0.04567434983295776,-0.010088096608297003,-0.036754716280388885,-0.15276339704049896,-0.024626144298888906,99.0,-0.029597871683837772
-6.877551078796387,0.057142853736877,10,0.1296452425859834,0.24970352963299586,0.002528919088609712,-0.09956504803833471,0.12170891576318998,0.23686925904067638,99.0,0.0500342340615797
-6.877551078796387,0.079591833055019,10,0.15749499737666883,0.19367994789980972,-0.0040005903470309145,-0.011394996001566904,0.030371146243534097,0.2541594938583203,99.0,0.05899554211938703
-6.877551078796387,0.102040812373161,10,0.027824076696728345,0.15964728335956307,-0.020228626557971464,0.038336977964220184,0.014314315179860336,0.0992494081626164,99.0,0.008733255146650937
-6.877551078796387,0.124489791691303,10,-0.07753899842369727,0.10691217749038279,-0.013770337220786107,0.017690229044065385,-0.04359974938459482,-0.04325645506599321,99.0,-0.03581219657123785
-6.877551078796387,0.146938771009445,10,-0.17746058130894485,0.15309023984397138,-0.015540265915791813,0.04231174906449505,-0.008609682075927688,-0.16766996894006314,99.0,-0.06890921646115494
-6.877551078796387,0.169387757778167,10,0.022426717409084473,0.04147466901254604,-0.0022545010628115445,0.10171995018680241,-0.15669383792696617,0.09822938082624534,99.0,0.007797439819511786
-6.877551078796387,0.191836729645729,10,-0.09113964360855877,0.2068159654238263,-0.009642689627495989,-0.05616957214845941,0.06303575652984553,-0.053905099482493536,99.0,-0.03459968457094641
-6.877551078796387,0.21428570151329,10,-0.19027953798695962,0.1321999012481871,-0.004492956557516174,0.04478454400814871,-0.033245593127216304,-0.19167015235683046,99.0,-0.07358505153018359
-6.877551078796387,0.236734688282012,10,-0.036819296682981804,0.14523746817142713,-0.012750504080911733,0.10371880605244979,0.004918785286087191,0.01070757218719099,99.0,-0.016071134020680295
-6.877551078796387,0.259183675050735,10,-0.022379348530815177,0.09366973356937625,-0.009846571554674326,0.08527988324852998,-0.0640225297961392,0.030022916814015765,99.0,-0.008988866247059848
-6.877551078796387,0.281632661819458,10,-0.06210703321132984,0.040654238391006806,-0.01814674787825237,0.11465540267693193,-0.14583314959132243,-0.015610212427330294,99.0,-0.02220067523829116
-6.877551078796387,0.304081618785858,10,-0.14285803789275217,0.015406048635084671,-0.006993291193190042,0.10428581923823503,-0.18766692593905718,-0.10463327112230426,99.0,-0.05043445344409041
-6.877551078796387,0.32653060555458,10,0.11028878062571645,0.15851347367348745,-0.013213983378124688,0.03530641635318731,-0.010596247809615253,0.19540592934523532,99.0,0.042798802018660445
-6.877551078796387,0.348979592323303,10,-0.1266661716754905,0.12275162733803144,-0.011483885305836621,0.12534407389741065,-0.04151542598717532,-0.09467012416025522,99.0,-0.04874742192480795
-6.877551078796387,0.371428549289703,10,-0.09106290792663535,0.10357335952365163,0.007720574003313421,0.1402897287747926,-0.0604473883913281,-0.05504367426548984,99.0,-0.036465336224971445
-6.877551078796387,0.393877536058425,10,-0.07299647604652773,0.008629534644493269,-0.005849937431932511,0.049125589627265515,-0.23171049579641878,-0.013603692537217209,99.0,-0.023670235959963697
-6.877551078796387,0.416326522827148,10,-0.016671564768287322,0.09129324627505297,-0.01594477034963184,-0.15768487360298186,-0.08249511988405558,0.042113204086448336,99.0,-0.003596705954089406
-6.877551078796387,0.438775509595871,10,-0.18244343312901562,0.16201209032273434,-0.011091683479619236,0.021863296154386647,-0.006313520449338007,-0.16774591957065157,99.0,-0.0729320190682448
-6.877551078796387,0.461224496364593,10,0.04725445385842524,0.1515535065452503,-0.010841917925950068,0.09128290993926624,-0.009323435847079696,0.1279819836612342,99.0,0.017769326967677825
-6.877551078796387,0.483673483133316,10,-0.10279602517480474,0.11539390216677509,-0.011303955847656243,0.13736101015335694,-0.05558362350587011,-0.06602117435883392,99.0,-0.03730332054570947
-6.877551078796387,0.506122469902038,10,0.0016802467697521577,0.15004816054004985,0.004814741513100215,0.01804721681815355,-0.021503278672855102,0.07031656119203433,99.0,0.002225540080086322
-6.877551078796387,0.528571426868438,10,-0.11199887232294892,0.19063648977873282,-0.006519961404783003,0.13241587524126358,0.03803046161841516,-0.07892189163751989,99.0,-0.038232897197847525
-6.877551078796387,0.551020383834838,10,-0.18882456609903034,0.28911729324805946,-0.002235884851731197,-0.1339047836818662,0.1566071658161518,-0.1771369248648692,99.0,-0.07232406684130063
-6.877551078796387,0.573469400405883,10,-0.12092767791492054,0.22955967646449288,0.00224627716502602,-0.018906416703208855,0.11479030787364362,-0.1018272093415821,99.0,-0.05369109185772662
-6.877551078796387,0.595918357372283,10,-0.02264178148695354,0.10898901391143917,-0.012168668332951974,0.07405701700608217,-0.05116967926503389,0.03267705898318748,99.0,-0.007771012272920081
-6.877551078796387,0.618367373943328,10,-0.0072299509765017325,0.20059805487611357,-0.003257309845052374,-0.019482617024715092,0.017567662320809127,0.06345305397958417,99.0,-0.003442004897442219
-6.877551078796387,0.640816330909729,10,-0.15645734734027936,0.16605149941466102,-0.003554195112652927,0.0664340968821312,-0.012750952190490283,-0.13258317867393865,99.0,-0.05399422700819643
-6.877551078796387,0.663265287876129,10,-0.09104148846706442,0.22786613614796192,0.009377269591464999,-0.0353078113810998,0.08846731601497515,-0.051073076504048916,99.0,-0.036525650723181716
-6.877551078796387,0.685714304447174,10,0.031929124950142385,0.15225150724070646,-0.006783724461524715,0.07613613249435969,-0.03133155396530156,0.10972338735424858,99.0,0.00678214727117977
-6.877551078796387,0.708163261413574,10,0.09346510392853075,0.12810693656706013,-0.017694236485000712,0.04872262932532892,-0.04699101648443005,0.18278647944091353,99.0,0.03815896766685977
-6.877551078796387,0.730612277984619,10,-0.17911986134666677,0.18219049428603196,-0.0002700547625776831,0.13117619002454511,0.04088541796377798,-0.16673373496385258,99.0,-0.07461630017153782
-6.877551078796387,0.753061234951019,10,-0.20643309789293032,0.2780900833316163,-0.006835927298853454,-0.20243591980981457,0.14528062294429217,-0.1902091376714666,99.0,-0.08075142101455299
-6.877551078796387,0.775510191917419,10,-0.11501091590401238,0.20189632963944004,-0.0044091315175374,0.04171517248345952,0.062345602186797015,-0.09117829018892737,99.0,-0.04043688055373046
-6.877551078796387,0.797959208488464,10,-0.002530384044528003,0.1326025330817317,-0.006656812875976888,-0.03271599259725698,-0.03557007019614303,0.06323256743863104,99.0,0.0003199393805575983
-6.877551078796387,0.820408165454864,10,-0.11209906430771623,0.11541838457085671,-0.010849412518285525,0.06847665360166562,-0.05850832297573165,-0.08225504836332351,99.0,-0.042713125726819644
-6.877551078796387,0.842857122421264,10,-0.2125147585116216,0.25403137808052995,-0.006127357900748267,-0.11273660419384975,0.13392146636901947,-0.20945408537093113,99.0,-0.08891491991917193
-6.877551078796387,0.865306138992309,10,-0.014042704479324222,0.23280658218761452,-0.008111526872075444,0.03563947553054968,0.0849486092172141,0.05610326566416657,99.0,-0.0011543243475524352
-6.877551078796387,0.887755095958709,10,0.0950920799771652,0.14508369528503012,-0.01165810745118865,-0.03759579316637854,-0.020601203341078365,0.20120506580084663,99.0,0.036132633821006385
-6.877551078796387,0.910204052925109,10,-0.044524893004433574,0.12484269370081486,-0.01574480565094368,-0.06292370704926696,-0.05661817639531197,0.011740019569650609,99.0,-0.02012013130091826
-6.877551078796387,0.932653069496154,10,-0.03913653579599198,0.22138168784953458,-0.003870619743142455,0.1095293398029668,0.10627874383815054,0.008551255285762012,99.0,-0.020151777193274996
-6.877551078796387,0.955102026462554,10,-0.0666029992068782,0.13772193112402992,-0.016183754312147126,0.08536447376759512,-0.03877716794105965,-0.01682918312174008,99.0,-0.02137041264517467
-6.877551078796387,0.977551043033599,10,-0.08429325851244396,0.12870904544979533,0.0003998854700519481,0.06074871432601793,-0.02600943544407064,-0.053594867056058954,99.0,-0.04097833583113532
-6.877551078796387,1.0,10,-0.10053653208267234,0.22028594296374795,-0.002460694114678869,-0.04421045703187278,0.0919321075482516,-0.07299986903507019,99.0,-0.04112594171368401
-6.653061389923096,-0.100000001490117,10,0.019565464862999857,0.22909315222964133,0.005950553627265533,0.0016693465306686223,0.09173276088147872,0.10523141867874765,99.0,0.007770144893882934
-6.653061389923096,-0.077551022171975,10,-0.05191247469919516,0.03881668922946485,-0.003807209147952033,0.03960067785845042,-0.15089424745800017,-0.005266992770300752,99.0,-0.022208306020501077
-6.653061389923096,-0.055102042853833,10,-0.09078319867725942,0.14983336838149144,-0.009224444877827316,0.023411437188109223,-0.03470543610288017,-0.05096071458083444,99.0,-0.034272955343721614
-6.653061389923096,-0.032653063535691,10,-0.023392231299128485,0.1731212375401498,-0.011168955249897403,0.010741125228830181,0.03129083015228525,0.02748931443730649,99.0,-0.009586398600283343
-6.653061389923096,-0.010204084217549,10,0.016652773438153495,0.21042543729635005,-0.010131582256640695,0.007533627074714874,0.0605595295162648,0.09337238283979046,99.0,0.007037311514476061
-6.653061389923096,0.012244895100593,10,-0.020739118705834933,0.22483776177449866,0.0022179208881233435,-0.00965645080725152,0.070439718701741,0.04783522677054491,99.0,-0.005737208206895611
-6.653061389923096,0.034693874418735,10,-0.16848167990867186,0.15701889426426427,-0.009349836332990606,-0.05335408764686139,-0.0163778023846675,-0.1501659743292489,99.0,-0.0647363811358593
-6.653061389923096,0.057142853736877,10,-0.037896133379332744,0.18998077875042713,-0.010407183736546378,2.437623204257222e-05,0.03308372554222224,0.018021049857273354,99.0,-0.013407339088180875
-6.653061389923096,0.079591833055019,10,-0.10652822245662842,0.17262533541005998,0.008957289397742587,-0.03706940114238491,0.004652049771997294,-0.06213855351434764,99.0,-0.04093743018679963
-6.653061389923096,0.102040812373161,10,-0.017337694081727327,0.13736047632125398,-0.008093251409792633,0.03755111071357925,-0.03219208067760035,0.04376554987010629,99.0,-0.007557603456326302
-6.653061389923096,0.124489791691303,10,0.024028348816137746,0.13465627897781124,-0.01139839853955995,0.02543619970036119,-0.02681960789168245,0.09844767973941101,99.0,0.010532473834191595
-6.653061389923096,0.146938771009445,10,-0.08714438518494733,0.24613627884522588,-0.014875904172736808,-0.08460201078565936,0.12253643047047802,-0.04969024995875472,99.0,-0.03814766265249061
-6.653061389923096,0.169387757778167,10,0.045516180763083385,0.13525849903776815,-0.007841789967342732,0.16557181767051093,-0.02810308891019933,0.12560862976000664,99.0,0.018038325597614924
-6.653061389923096,0.191836729645729,10,-0.1732270157983084,0.018985889710944878,-0.009377367956639928,0.12115251039066884,-0.18889118616635875,-0.16778828068518226,99.0,-0.06861008963778141
-6.653061389923096,0.21428570151329,10,-0.06992114920440534,0.165604584830885,-0.006366079276455802,-0.025842687156565708,-0.010666861417639902,-0.016271916899377115,99.0,-0.022637024910307075
-6.653061389923096,0.236734688282012,10,-0.0063444563340610965,0.264632281708698,-0.00901643965649962,-0.04844922961595309,0.1340269753242867,0.054998392932326626,99.0,-0.003347429529262427
-6.653061389923096,0.259183675050735,10,-0.09936622935876306,0.1905196097589479,-0.006024520002043757,0.10822171664157436,0.03262175855350964,-0.058640568813887774,99.0,-0.03617459450415969
-6.653061389923096,0.281632661819458,10,0.007947301075042351,0.1267325863076977,-0.018917345595529766,-0.0501426725745959,-0.0531971112622936,0.08031528330589699,99.0,0.0029510104069463993
-6.653061389923096,0.304081618785858,10,-0.08684659781117822,0.08346177561871962,-0.004105226366650416,0.045869661516083335,-0.08823418564759374,-0.0527807231126988,99.0,-0.03704617557208826
-6.653061389923096,0.32653060555458,10,-0.04771554450729558,0.15450373731641823,0.0016238210547096386,0.006539658743209109,-0.006148009384148698,0.003979094026641303,99.0,-0.01945011309438454
-6.653061389923096,0.348979592323303,10,-0.14129562803536797,0.15775757699275447,-0.011288753907355908,-0.03555295607109207,-0.009066628460968201,-0.10974037625042664,99.0,-0.052340612642253384
-6.653061389923096,0.371428549289703,10,-0.012025670032891358,0.23673919204450686,-0.01070307978818699,0.033295564535086045,0.0904777465481256,0.05808400877895989,99.0,-0.00385413538863527
-6.653061389923096,0.393877536058425,10,-0.08896516752707016,0.109464004479606,-0.009743540339169033,-0.07270482076661194,-0.04717054951823266,-0.0644129769489005,99.0,-0.04147545398518128
-6.653061389923096,0.416326522827148,10,0.04242379218298272,0.07251362760389449,-0.021003977250795766,0.09353273899807081,-0.12351704867494893,0.11649149573480788,99.0,0.013108853171765225
-6.653061389923096,0.438775509595871,10,-0.07373791909487554,0.10344626011466761,-0.015752204618438546,0.056516762148741455,-0.06870127517346253,-0.03294611555670825,99.0,-0.0293068956280645
-6.653061389923096,0.461224496364593,10,-0.0987726795055425,0.11566856708198196,-0.010586695236523499,-0.036908019674578144,-0.06613123810907826,-0.0524841296603816,99.0,-0.035204666948192465
-6.653061389923096,0.483673483133316,10,-0.16678155046305781,0.2689736434993595,-0.0066198872172087055,0.08644212050297831,0.1409788221347224,-0.14792867801875942,99.0,-0.06564737488369803
-6.653061389923096,0.506122469902038,10,0.06775687896966805,0.1380442751418144,-0.008198723325798822,0.09410343707036807,-0.019944128948450997,0.16144201758328214,99.0,0.02799510154804924
-6.653061389923096,0.528571426868438,10,-0.0042372064236267035,0.2245017866608746,-0.012779279452436319,0.05984865132278371,0.07629181286576474,0.06019231864945096,99.0,-0.003778683925553167
-6.653061389923096,0.551020383834838,10,-0.12522945785052172,0.17623217070127167,-0.015210079806608018,0.02646053040319206,0.027125806270700333,-0.09520597508835277,99.0,-0.05318680679229289
-6.653061389923096,0.573469400405883,10,-0.10411194163826501,0.1155259403215791,-0.013562490550689438,0.005239979574973096,-0.05038809055002142,-0.07830388161407574,99.0,-0.04522345190204258
-6.653061389923096,0.595918357372283,10,-0.1501353585520656,0.06131595359242646,-0.0038106177266007965,0.07558776267028691,-0.12043765751615851,-0.124754496228597,99.0,-0.056663602296687175
-6.653061389923096,0.618367373943328,10,-0.01448258211087345,0.031918632762483266,-0.019476602376541387,0.03927018683288346,-0.1468843824501282,0.041585596319148585,99.0,-0.005890060304473555
-6.653061389923096,0.640816330909729,10,-0.0333988875252156,0.29895413261618986,-0.0066440409336405186,0.07327012453692036,0.1907668989714314,0.02121221466009357,99.0,-0.016523559419493353
-6.653061389923096,0.663265287876129,10,-0.12058340684190699,0.30272518544059096,0.0012592417976587543,-0.14109114612027604,0.21155371479028345,-0.10102029760899464,99.0,-0.051785869170106566
-6.653061389923096,0.685714304447174,10,-0.13684303288716043,0.26584874739167974,0.002129074947890884,-0.042951247369897486,0.129411633073445,-0.10865708747178585,99.0,-0.051481841720188715
-6.653061389923096,0.708163261413574,10,-0.08554341551581804,0.13837395912435987,-0.008573535532639518,0.15195362941115997,-0.029228972598362706,-0.040823549393067204,99.0,-0.03687899600981351
-6.653061389923096,0.730612277984619,10,-0.08612100269059077,0.03481707489392995,-0.008102866141605354,0.13026996906638555,-0.16744697733742037,-0.054809350744203025,99.0,-0.03763231610333926
-6.653061389923096,0.753061234951019,10,0.15836530167445872,0.0884760967508808,-0.011800381520308207,0.05472456266602094,-0.09272332080650059,0.25270160904507316,99.0,0.0598842942490567
-6.653061389923096,0.775510191917419,10,0.010476501920934418,0.2172876577968641,-0.004350671638244068,-0.05415038647323042,0.08121850712618378,0.0781215611953152,99.0,0.004607670966880706
-6.653061389923096,0.797959208488464,10,-0.017152768832488615,0.2719680592579779,-0.0035896246561820167,0.014987501609362845,0.17020955882182248,0.043662528424412234,99.0,-0.008781674305668574
-6.653061389923096,0.820408165454864,10,-0.13646217181370318,0.09429626029484137,0.0064935177394228735,-0.04596957090152194,-0.08952399942076666,-0.11818614062756559,99.0,-0.05920101142910787
-6.653061389923096,0.842857122421264,10,-0.18545653429997377,0.2013375241748033,0.0013672551197289,0.07737185019336476,0.07833585025396547,-0.201317450827852,99.0,-0.07552976733469315
-6.653061389923096,0.865306138992309,10,-0.15740283674897598,0.1835938713604296,-0.014127304864158844,0.0317807197956041,0.04104892370356321,-0.1629366548696779,99.0,-0.06259129991303666
-6.653061389923096,0.887755095958709,10,-0.06779894984246393,0.03539381398016394,-0.004814156059085726,0.11114548045278103,-0.1580491931564464,-0.020696962505809637,99.0,-0.027314195152846832
-6.653061389923096,0.910204052925109,10,0.014863599156460891,0.09713784586284913,-0.013706205444906215,0.09895875360302121,-0.08231130430884903,0.08502238899278994,99.0,0.005612095516704135
-6.653061389923096,0.932653069496154,10,0.018874730055108625,0.11399727674145445,-0.014184912625919895,0.16353939753666005,-0.08479859889625885,0.10702036214642774,99.0,0.0053876382775784205
-6.653061389923096,0.955102026462554,10,-0.06644947730910365,0.1423444023263879,-0.006946819759780652,0.0021049928725322756,-0.027859769015672116,-0.019113879744101975,99.0,-0.02398721098011387
-6.653061389923096,0.977551043033599,10,-0.056780167000039516,0.27417295747203296,-0.011001811877115148,0.023531468342301617,0.15729536660239601,-0.009261172153272719,99.0,-0.022840833006089595
-6.653061389923096,1.0,10,-0.07649529917358938,0.23925955997218074,-0.0072730208043344435,-0.021324584081242322,0.1168442045932326,-0.03742617592659958,99.0,-0.03252566785918744
-6.428571224212646,-0.100000001490117,10,-0.040228766729402225,0.24195179546520684,-0.0024164328778133503,-0.1292483504091016,0.10006134068830136,0.01530984203349111,99.0,-0.01801356009732346
-6.428571224212646,-0.077551022171975,10,0.05319347274338492,0.1341156694938011,-0.009423031926133677,0.0759521129500863,-0.045690652655106495,0.13817158893661388,99.0,0.01883248717251347
-6.428571224212646,-0.055102042853833,10,0.026426030937352366,0.22435248576394987,0.004461471753695691,-0.05877695563465766,0.08897157729483074,0.09626909464845321,99.0,0.010731557865818312
-6.428571224212646,-0.032653063535691,10,0.08333375472022696,0.1357682130882801,-0.009985947538577535,0.009858713301649266,-0.0068017424337403695,0.16862402735188178,99.0,0.0382892531130331
-6.428571224212646,-0.010204084217549,10,0.018150583784509046,0.12052932819424331,-0.01767339660717706,0.025815264674581312,-0.05870081924376254,0.08845349696815165,99.0,0.005609706155809341
-6.428571224212646,0.012244895100593,10,-0.06662051657857798,0.1735468490435088,-0.015409495070289646,-0.031692229986074405,0.008572415916316058,-0.016523381590045422,99.0,-0.02395900871775455
-6.428571224212646,0.034693874418735,10,-0.0666299914914511,0.11095796321879925,-0.011313458654548818,0.07961703616160382,-0.06390495721229922,-0.017413356669472017,99.0,-0.024532809004060234
-6.428571224212646,0.057142853736877,10,-0.09588330590788033,0.173566633167777,-0.010194275379826551,0.13275214572141192,0.029445156905915953,-0.06508352720503781,99.0,-0.04055687852270888
-6.428571224212646,0.079591833055019,10,0.023058455585904344,0.17714111032966978,-0.002281640723338461,0.03814019939354692,0.04275077762439061,0.09949169424453339,99.0,0.013046802300539836
-6.428571224212646,0.102040812373161,10,0.07957535852077884,0.22278665133232092,-0.002437724001891368,0.07469565928817054,0.07120600548092158,0.1718204382529784,99.0,0.03372905411056583
-6.428571224212646,0.124489791691303,10,-0.12488621041444394,0.2953427770760024,-0.0020089563372435036,0.05119836401423561,0.15669161794565575,-0.0875310997402125,99.0,-0.04918932984385198
-6.428571224212646,0.146938771009445,10,-0.05298602650977564,0.16088812048931161,-0.006618778987221656,0.07437428187086884,0.006343603432685682,-0.00413883874784295,99.0,-0.024550246914604928
-6.428571224212646,0.169387757778167,10,-0.12718734634340634,0.0932074885433004,-0.013576300405690312,-0.11109641762777543,-0.10740553562702827,-0.09459660676177084,99.0,-0.04419328123506867
-6.428571224212646,0.191836729645729,10,-0.12304459993542485,0.25708642244259655,-0.0035638946142488156,0.06604629500568557,0.1334635324683805,-0.09583093737189208,99.0,-0.051796882934883604
-6.428571224212646,0.21428570151329,10,0.10597734934150085,0.1742278102662785,-0.011589860351132773,-0.024192627576475542,0.015854242732095642,0.18157393269638689,99.0,0.04231059775482449
-6.428571224212646,0.236734688282012,10,0.03590492904518103,0.17541139418256146,-0.013499669570097298,-0.06186683998569799,0.03012427088076637,0.12011825269185358,99.0,0.01742338728394412
-6.428571224212646,0.259183675050735,10,-0.019196120680242672,0.22137980590086107,-0.0012960487565711947,0.05814008050943211,0.1012411585218253,0.038985599192501365,99.0,-0.005191531795289965
-6.428571224212646,0.281632661819458,10,-0.012021551511577064,0.18394934061462792,-0.009212622699297283,0.03144768351378389,0.04590313480700012,0.04710845251035097,99.0,-0.002922766996186963
-6.428571224212646,0.304081618785858,10,-0.014924942954547937,0.013892325529337935,-0.012515043287868413,0.03734890570851371,-0.18441439545796862,0.04449492378832734,99.0,-0.007133982581114305
-6.428571224212646,0.32653060555458,10,-0.06484658415060957,0.1760387989365108,-0.01874082070209281,0.041936786708920454,0.02883033487481359,-0.021280831741849037,99.0,-0.027899261398473523
-6.428571224212646,0.348979592323303,10,-0.0731908781468147,0.11765207648980715,-0.013027082533224116,0.021289565895480894,-0.04012543985842713,-0.035112178202377935,99.0,-0.028426396375341174
-6.428571224212646,0.371428549289703,10,-0.07613344047500313,0.16683007539085823,-0.016718729897753495,0.0002480203840462235,0.02983671904196721,-0.0454189226691578,99.0,-0.02889807557690955
-6.428571224212646,0.393877536058425,10,-0.06191974422381409,0.19432106699253854,-0.004785266638951979,0.17322695491281137,0.03817197511382542,-0.012027658737647842,99.0,-0.023944084402982534
-6.428571224212646,0.416326522827148,10,-0.048031421899729546,0.11199288886287508,-0.005376014702500366,0.04374694771744727,-0.05985410983498185,0.0015820305556166724,99.0,-0.019665673014020047
-6.428571224212646,0.438775509595871,10,0.012349268495000659,0.2580480076053387,-0.0012224940824779394,-0.07031972013748662,0.1221844136757769,0.09001898741021819,99.0,0.0060903789570228364
-6.428571224212646,0.461224496364593,10,-0.003846432911627118,0.07383110623527703,-0.008580986515161565,-0.0901805473744135,-0.09605292128587054,0.05604372340309219,99.0,-0.0015870930747469343
-6.428571224212646,0.483673483133316,10,-0.01165105523512247,0.19801157226617022,-0.006212934387674673,-0.08415614669543378,0.04947743361467028,0.04930021994546147,99.0,-0.005530851033873038
-6.428571224212646,0.506122469902038,10,-0.0346265079095402,0.22025416132424014,4.604719640431915e-05,-0.015412998238725759,0.08906520963357659,0.020520965453201735,99.0,-0.011778037354592855
-6.428571224212646,0.528571426868438,10,-0.1650285420587133,0.07592590355710935,-0.01011432424723128,0.04970999481922122,-0.10344748756024205,-0.1535356543062511,99.0,-0.07109932766974604
-6.428571224212646,0.551020383834838,10,-0.025512964017248188,0.11348476684683308,-0.006592975487788418,0.07772246304393535,-0.05773904424822828,0.03224842867279602,99.0,-0.008872870232538795
-6.428571224212646,0.573469400405883,10,-0.020780941087547022,0.0939434745863342,-0.014949045636697281,0.06513830123669931,-0.11103915073129893,0.04728100121264312,99.0,-0.004342640900701598
-6.428571224212646,0.595918357372283,10,-0.11101516239949236,0.142876323596041,-0.01632364752962853,0.0355935476717297,-0.019003720757905768,-0.08491576083035457,99.0,-0.043469035970439066
-6.428571224212646,0.618367373943328,10,0.005631380537204231,0.08974988455441456,-0.001053139786285456,0.07788608906619994,-0.08047941752653393,0.06699787893996262,99.0,0.0027087824908863314
-6.428571224212646,0.640816330909729,10,-0.15071158738986334,0.0889737802292872,-0.010617556538109862,-0.05737573332684254,-0.11065590327847241,-0.09218486888782867,99.0,-0.04716851226326062
-6.428571224212646,0.663265287876129,10,-0.050700421380467146,0.21796586779609559,-0.010271987110216247,0.08217105520846663,0.05083424724277367,0.007290060156567774,99.0,-0.016120689655457716
-6.428571224212646,0.685714304447174,10,0.02363200981497232,0.06698884444898684,-0.005186366038828812,0.07311542030216488,-0.12092606624600508,0.08741991628640867,99.0,0.009807032105876013
-6.428571224212646,0.708163261413574,10,-0.02547504962917479,0.1961092569149138,-0.011656270606670183,-0.08902581543811779,0.061704592480931214,0.03306048844624505,99.0,-0.012067791331463264
-6.428571224212646,0.730612277984619,10,0.151530193892056,0.10723681037330643,5.021114407340384e-05,0.1647906786217717,-0.0655630808856163,0.2692803965857525,99.0,0.06607959351220415
-6.428571224212646,0.753061234951019,10,-0.11400288800746872,0.16112390117153008,-0.022660548410949933,0.0035191707702514202,-0.032174609505347694,-0.059312659508019734,99.0,-0.03894935012060727
-6.428571224212646,0.775510191917419,10,-0.20958119571045494,0.02114428842284733,-0.007276583861550415,0.08702555368439346,-0.1670691074592402,-0.21175294298741562,99.0,-0.08485125610009309
-6.428571224212646,0.797959208488464,10,0.013438048564340568,0.15340417982234428,-0.008740093709267118,-0.05789587197354966,-0.009891526886619713,0.08385093318304629,99.0,0.0043050959521860705
-6.428571224212646,0.820408165454864,10,-0.06653081796055114,0.03479738534887053,-0.00993108022541224,0.1338491210263259,-0.1595755344548283,-0.01779147296923675,99.0,-0.027971058283367812
-6.428571224212646,0.842857122421264,10,-0.0336110671231109,0.20031267252184068,-0.003142921943566007,0.004688756485375867,0.045962693694537794,0.027071305914269664,99.0,-0.011866730443751116
-6.428571224212646,0.865306138992309,10,-0.07190311621896167,0.21321321531127915,-0.007090383540668947,-0.057679933310376255,0.07513767629743369,-0.029106447368080143,99.0,-0.028538770414944365
-6.428571224212646,0.887755095958709,10,-0.10562066645656715,0.2054019969730399,0.004021650403240424,0.18721125447715242,0.05247414633635062,-0.06690498299525498,99.0,-0.03983670397290131
-6.428571224212646,0.910204052925109,10,0.015868421798900884,0.16575283286159564,-0.009177816949892684,0.01754249480472006,0.008223990425640119,0.09349251021745432,99.0,0.008702949599480812
-6.428571224212646,0.932653069496154,10,0.11602031766965235,0.12992221047755353,-0.009576692349950285,0.039079993522417256,-0.020042968514369514,0.21868457247674528,99.0,0.04951492146390054
-6.428571224212646,0.955102026462554,10,-0.09323602668987019,0.27317302161188217,-0.012799347253594617,-0.0479731009072079,0.1767543093616935,-0.06471561770301726,99.0,-0.04098872447637668
-6.428571224212646,0.977551043033599,10,0.022047250726941713,0.2837475315614675,-0.012591393198178938,-0.04873596889669998,0.14181231723802393,0.09324485721994383,99.0,0.0074290330266227195
-6.428571224212646,1.0,10,0.05877047472058214,0.056567793913721645,0.002922200416155597,0.18033616018222767,-0.1292990464283048,0.1383168446309856,99.0,0.023001915541724986
-6.204081535339355,-0.100000001490117,10,0.09295983691542654,0.19278080096895686,0.004341528320617391,-0.17629652937482626,0.015710837097566207,0.17778216590806772,99.0,0.0328194336459843
-6.204081535339355,-0.077551022171975,10,-0.05570135403039847,0.1125586452358236,-0.0005177794351495752,-0.1694195555075109,-0.048044824003989434,-0.010349441024719089,99.0,-0.020185707472038232
-6.204081535339355,-0.055102042853833,10,-0.05143966066544864,0.2194289724160261,0.00034822937944600855,-0.06337127911531011,0.07608536356616555,6.938893903907228e-17,99.0,-0.0232728548027848
-6.204081535339355,-0.032653063535691,10,0.014706435373496213,0.20057611169282485,-0.0011557673165914055,0.050781912894078296,0.08175396509074875,0.09196887343263493,99.0,0.004366001703561895
-6.204081535339355,-0.010204084217549,10,-0.07235078762615323,0.11610931591403184,-0.013081203177180464,-0.17972570163402818,-0.04563224122621452,-0.03151228472183548,99.0,-0.029309904828498566
-6.204081535339355,0.012244895100593,10,0.08505626553946487,0.15416745284563263,-0.012672551724887645,-0.10311706677034899,-0.03576107029147642,0.16261536090091347,99.0,0.02935749187155164
-6.204081535339355,0.034693874418735,10,-0.04282237952811701,0.17083948678051825,-0.009422757318421446,-0.034017256325435966,0.013511011073347241,0.01036944726039278,99.0,-0.014362110681118243
-6.204081535339355,0.057142853736877,10,-0.11085989174542119,0.11675947496300428,-0.001669489927932953,0.08232159491514782,-0.06104596372300411,-0.07289438727092108,99.0,-0.04265840087335072
-6.204081535339355,0.079591833055019,10,-0.0386937847087059,0.20431185903095328,-0.00892034362787863,0.036010712536615586,0.04038267561022827,0.020728974461729686,99.0,-0.014787928130271388
-6.204081535339355,0.102040812373161,10,-0.05554679024238912,0.19759105435510793,-0.0009254303880205174,-0.03462834637343322,0.045915644056360685,-0.004656196812268511,99.0,-0.020089028516013914
-6.204081535339355,0.124489791691303,10,-0.06606807100406031,0.1221810242246351,-0.01526037371943584,0.035369086870966224,-0.0415780808750674,-0.020825655963928914,99.0,-0.029928534620049175
-6.204081535339355,0.146938771009445,10,-0.039327261032219354,0.1688771076321766,-0.010623015489951275,0.002664921222505501,0.03243003367282664,0.00918969884896828,99.0,-0.015962929718362863
-6.204081535339355,0.169387757778167,10,0.043757340909708016,0.13402723761894947,-0.01361380041916808,-0.13170171776144546,-0.04719771258442319,0.11775729670033466,99.0,0.018480121245691893
-6.204081535339355,0.191836729645729,10,-0.0733642784576029,0.2663006038132555,0.00010905088042191377,0.1634236890998065,0.14214847557082605,-0.028910266152244762,99.0,-0.02744423519238588
-6.204081535339355,0.21428570151329,10,0.005534794537668513,0.20855715111150677,0.0032292869046579784,0.08906690827936364,0.08110928522725273,0.07068594971713865,99.0,-7.92122035608786e-05
-6.204081535339355,0.236734688282012,10,-0.049504482941783834,0.207787820609868,-0.011358083609165513,-0.03724307679881449,0.08770514207705776,-0.0034109043659881905,99.0,-0.02115618192443184
-6.204081535339355,0.259183675050735,10,-0.06886396560709382,0.18273178341495763,-0.009324562003531536,-0.040644665463786624,0.018541343060380966,-0.018608916404612295,99.0,-0.0243091842891824
-6.204081535339355,0.281632661819458,10,-0.1301761877142948,0.2330153900256955,-0.007921057255106969,0.0029434321020310045,0.09161582275560062,-0.10484520133466407,99.0,-0.044971523909480116
-6.204081535339355,0.304081618785858,10,0.02680082160333419,0.10345195813646299,-0.009356716143348105,0.02239648515505953,-0.07562971305847213,0.0978391105162413,99.0,0.01214062749832609
-6.204081535339355,0.32653060555458,10,-0.08196696915592606,0.15561620921506214,-0.006438056180866242,-0.07467750527817357,0.014937877306294308,-0.05010438793116148,99.0,-0.0370185978263932
-6.204081535339355,0.348979592323303,10,-0.02971685148190227,0.16905662356929507,-0.01599437723962626,-0.09271000318441994,0.011770482099649163,0.028262751517090783,99.0,-0.012643478297334093
-6.204081535339355,0.371428549289703,10,-0.03875493453902938,0.23341513168397468,-0.00407805636193257,0.09975396447957527,0.10160668148315438,0.01798769482202496,99.0,-0.013769461101986397
-6.204081535339355,0.393877536058425,10,-0.06155661212872557,0.0719038962446271,-0.009662342852348432,0.015416311698160837,-0.10434770288241801,-0.012562488265228242,99.0,-0.02624330295868027
-6.204081535339355,0.416326522827148,10,0.057780026798102305,0.18020349221189813,-0.01219881848287678,-0.07927408478918319,0.016962333108669694,0.1390290217977732,99.0,0.024364659332195
-6.204081535339355,0.438775509595871,10,-0.10042009056324663,-0.0358053378138393,-0.013378541560133374,0.044867393169858466,-0.2503965212875231,-0.07327951320303898,99.0,-0.04172566431642221
-6.204081535339355,0.461224496364593,10,0.0820233828423009,0.22413566643901783,-0.004506074126693785,-0.07278264831448703,0.06656131236692088,0.19348643094521856,99.0,0.029703987998846555
-6.204081535339355,0.483673483133316,10,-0.011628054836621986,0.23107019225756653,-0.0029091800018309494,-0.09360999816305754,0.0726272504550647,0.058376844547810544,99.0,-0.005520779868989377
-6.204081535339355,0.506122469902038,10,-0.07841770721073543,0.18344098923571783,-0.009187255029086145,0.0045083057482397,0.009774042070829405,-0.02686706785647234,99.0,-0.03018724076720396
-6.204081535339355,0.528571426868438,10,0.015519361916412348,0.21496907004675064,-0.012180814619418582,-0.0008567265515670858,0.07247469578325169,0.08516935781823284,99.0,0.007128185273017997
-6.204081535339355,0.551020383834838,10,-0.038808094513752105,0.15539290953976204,-0.014836501704882281,0.011964579794538816,0.007824111569935883,0.012833432664090427,99.0,-0.017095076650086874
-6.204081535339355,0.573469400405883,10,0.03988269893918979,0.12096816040815887,-0.013634001380828618,0.033581492220354656,-0.0633932841212504,0.13074514243462265,99.0,0.013452553751351942
-6.204081535339355,0.595918357372283,10,-0.09329350393320662,0.2754048514140648,0.0037248903589015736,-0.033039242765643184,0.1543944951305724,-0.05629470740253325,99.0,-0.037943783546083465
-6.204081535339355,0.618367373943328,10,0.08469624938963091,0.16905054691897337,-0.006482340632533817,0.13944816366384585,-0.012220994333587067,0.1849689181186962,99.0,0.03498217330978326
-6.204081535339355,0.640816330909729,10,-0.15451740704205824,0.1441113461503079,-0.0054243107653872006,0.09141681655453036,-0.011867621781955537,-0.14457856474809833,99.0,-0.06254177303313878
-6.204081535339355,0.663265287876129,10,-0.06339927382443634,0.16123764404200314,-0.011325301843775124,-0.011432678355911694,0.017512630948933225,-0.02247878403742691,99.0,-0.030404930144800967
-6.204081535339355,0.685714304447174,10,-0.09349426893880593,0.04918589346314855,-0.004771346042355813,0.035898527357116794,-0.16961659509758925,-0.056126122380780255,99.0,-0.03561129425901265
-6.204081535339355,0.708163261413574,10,-0.004218010059523623,0.3353707103516069,0.002843801363934257,-0.13163207251766668,0.2165170626963302,0.0600106429695587,99.0,-0.0014691085810808531
-6.204081535339355,0.730612277984619,10,0.044806142161144716,0.24137780915614937,-0.006295651996899603,-0.007624371550213081,0.11828419120090512,0.13371961288007123,99.0,0.01912257747986657
-6.204081535339355,0.753061234951019,10,0.06535729470289517,0.06573966439098666,-0.015766731008145456,0.021519121713480277,-0.12125573046214137,0.1498384277439226,99.0,0.027146734918619353
-6.204081535339355,0.775510191917419,10,-0.03104962300361,0.0787416905802649,-0.008468682499177843,0.049302054178553746,-0.1111856361182355,0.028098908098751124,99.0,-0.011098866863361357
-6.204081535339355,0.797959208488464,10,-0.08398164540811445,0.15946340295047295,-0.007568740706051749,-0.06210418738877804,-0.0165101399119926,-0.03931745665501073,99.0,-0.03106930460403693
-6.204081535339355,0.820408165454864,10,0.04022160525021208,0.20221739305663425,-0.003028329663955911,0.009686136369209924,0.050491163301809694,0.11729295260540704,99.0,0.01760910574821942
-6.204081535339355,0.842857122421264,10,-0.09729576465911716,0.19008934024039728,-0.01642265472939857,-0.09414446465501092,0.05084506937960315,-0.06595799611755086,99.0,-0.04116162490197506
-6.204081535339355,0.865306138992309,10,0.002973261458304278,0.0731166171421679,0.004310777987117545,0.13259865596157386,-0.11652083489954261,0.06815753637828242,99.0,0.001001894355106031
-6.204081535339355,0.887755095958709,10,-0.03800992631406101,0.09680023574399975,-0.015302686786137705,-0.014655741475349301,-0.08818605834819598,0.018283115913841807,99.0,-0.015631753531455815
-6.204081535339355,0.910204052925109,10,-0.10907353798824114,0.18044345994133326,-0.0009953164846033394,0.05237626721586014,0.032711485704843044,-0.08318019455831968,99.0,-0.04663750589180532
-6.204081535339355,0.932653069496154,10,0.026942746795724455,0.08740689721755088,-0.0055282267002082245,-0.0029908940409814552,-0.09767086326289169,0.09958916193211409,99.0,0.01059131897405462
-6.204081535339355,0.955102026462554,10,-0.1266587785469372,0.06445020601723109,-0.009257552012176564,0.05654350402921436,-0.1382311338074135,-0.10411619083656143,99.0,-0.04682078056633896
-6.204081535339355,0.977551043033599,10,-0.0970676576175388,0.26582669416822,-0.0036032090932459097,-0.17462039842380184,0.18908976066293978,-0.07839314240956083,99.0,-0.0464524692220121
-6.204081535339355,1.0,10,-0.04253062752004756,0.09396529344826937,-0.0008042482633217504,0.06812530041789165,-0.08402075321418911,0.011469008003403058,99.0,-0.018297875785535184
-5.979591846466064,-0.100000001490117,10,0.030837707596102232,0.2975230929319463,0.02565373215276247,-0.14825926765712505,0.18614082462503265,0.10278290766380228,99.0,0.016028449596658535
-5.979591846466064,-0.077551022171975,10,0.011259385158271878,0.2710002577996182,0.008925129719619238,-0.04703133690889646,0.1332500864059683,0.08667141108071288,99.0,0.0051651344572040256
-5.979591846466064,-0.055102042853833,10,-4.163336342344337e-17,0.2548246210701183,-0.0014106663441547285,0.11913125926994403,0.11831925491675202,0.06932534590116926,99.0,-0.0002832381325563474
-5.979591846466064,-0.032653063535691,10,0.010457942136436735,0.31788228817301606,0.008831979013821968,-0.09945918120888839,0.20945511559902225,0.07983904707650133,99.0,0.0017881189039649832
-5.979591846466064,-0.010204084217549,10,0.02738597168906101,0.36662952949334215,0.005243316180184713,-0.08165036539934954,0.27151279053827837,0.10070729530516624,99.0,0.012969283788075964
-5.979591846466064,0.012244895100593,10,-0.019084176761026007,0.23644120380410147,-0.01327958451118803,-0.09524807905439303,0.08499998643656045,0.03886166600205447,99.0,-0.007260210251246542
-5.979591846466064,0.034693874418735,10,-0.013354004140789362,0.29042707891977965,0.006175981403189595,-0.0677883424531523,0.2021459095976483,0.03972006133303143,99.0,-0.007287001669280829
-5.979591846466064,0.057142853736877,10,-0.011433475179006638,0.12709437762969555,-0.012381279190799482,-0.017460266575245287,-0.02244910288421208,0.04475924817905223,99.0,-0.004921472776773976
-5.979591846466064,0.079591833055019,10,0.062014893474060376,0.1504813582575615,-0.009569808579052753,-0.09765845842643989,-0.010257276081733657,0.15529765042518084,99.0,0.02415900024815382
-5.979591846466064,0.102040812373161,10,0.042869444298437,0.06676031571470196,-0.013712875567726202,0.055745796774059955,-0.10455051581736827,0.11280152076491157,99.0,0.016377527323800833
-5.979591846466064,0.124489791691303,10,-0.0655819281031519,0.2096509782933417,-0.009147360365493268,0.04373746603747611,0.06934440761401967,-0.020230731945912142,99.0,-0.02375117775889894
-5.979591846466064,0.146938771009445,10,-0.157623165242423,0.2544566060180328,0.02131404976567799,0.06629157135276623,0.10817576028141869,-0.12491600872722658,99.0,-0.06497952111069252
-5.979591846466064,0.169387757778167,10,-0.03729811673309641,0.21581160368968608,-0.0008333836690228191,0.02396512563859693,0.09317368664468109,0.013260302808796389,99.0,-0.016005341315397388
-5.979591846466064,0.191836729645729,10,-0.01222552451542025,0.1431702548046408,0.004031360050245112,0.07393994005968343,-0.008235447193628485,0.04918920202158418,99.0,-0.00821368183702002
-5.979591846466064,0.21428570151329,10,-0.1402355372960658,0.20539539116290323,0.0008672337200946865,-0.06952699241652018,0.05597712200856493,-0.11841422596308261,99.0,-0.05353807328528838
-5.979591846466064,0.236734688282012,10,0.12266503793243529,0.21447711061239128,0.0031171944663151586,-0.01211990292571848,0.0964978223905788,0.23196327274500386,99.0,0.05546107266401414
-5.979591846466064,0.259183675050735,10,-0.14976335570659893,0.11446692238845509,-0.008219594162409367,0.04889136714956478,-0.03663022793417031,-0.13982595634341038,99.0,-0.06479037149218272
-5.979591846466064,0.281632661819458,10,-0.14061938876291305,0.18268288216797957,-0.011458522988018405,-0.11568186713639424,0.023080227878639573,-0.11059226886133189,99.0,-0.050787511117471075
-5.979591846466064,0.304081618785858,10,-0.08322346751388562,0.1862264649959156,-0.006547132390288493,0.12350588909619743,0.04746469360084188,-0.04913405566948993,99.0,-0.030312288654197002
-5.979591846466064,0.32653060555458,10,-0.04228631553616934,0.2520720972154678,-0.00020225222994222156,-0.03019386082652132,0.133475338842382,0.006602852474790102,99.0,-0.020981679609554365
-5.979591846466064,0.348979592323303,10,-0.07702016794927502,0.11662433601339993,-0.012438765007093344,0.0009506032902081574,-0.060435020109809834,-0.037597904678401704,99.0,-0.029074482831625486
-5.979591846466064,0.371428549289703,10,0.010416052204477756,0.200194065834282,-0.003884593847016128,0.06133944600306587,0.05956178209442922,0.07695900346966969,99.0,0.006944454490327978
-5.979591846466064,0.393877536058425,10,0.0743092180293585,0.1003215474437007,-0.012922791930929538,0.03199639226573156,-0.07745723539840663,0.17252908754664653,99.0,0.028760027181971144
-5.979591846466064,0.416326522827148,10,0.001213644928582544,0.1951530311520367,0.0010733058262518858,-0.061375851476784496,0.038169704077559395,0.07959546968201048,99.0,-0.0014977262051118225
-5.979591846466064,0.438775509595871,10,-0.11927996552685668,0.16634971970640078,-0.01321308936370798,-0.062162270295127595,-0.009731248347913616,-0.07896547232805147,99.0,-0.04449933544209496
-5.979591846466064,0.461224496364593,10,-0.044154678015929136,0.19818647045012452,-0.012215682477737905,-0.00012159067906173868,0.04438993583467997,0.010150246871581621,99.0,-0.01898127575544107
-5.979591846466064,0.483673483133316,10,-0.17957135580670325,0.044631619474832046,-0.012814857990821108,0.1011818674980856,-0.16130347657517116,-0.1411629895528836,99.0,-0.0642534078684818
-5.979591846466064,0.506122469902038,10,0.03487065770220762,0.2072311934025492,-0.0045403479901897645,-0.023996752884335403,0.05010175240603062,0.10687261903299629,99.0,0.014051976422415107
-5.979591846466064,0.528571426868438,10,-0.03665482574149437,0.1715168296481141,-0.014497198600525618,-0.05788780928191406,0.021086735686469522,0.018410099410673668,99.0,-0.01566189930991114
-5.979591846466064,0.551020383834838,10,-0.1308762015371616,0.23532153631950764,-0.008953459104389556,0.07304677720878655,0.08757252988821047,-0.09415458144136224,99.0,-0.05450864207807542
-5.979591846466064,0.573469400405883,10,0.012765019197767728,0.10005962860326958,-0.004924902351089836,0.08032896791219377,-0.09491055970526208,0.09331776630112773,99.0,0.0071379464303709325
-5.979591846466064,0.595918357372283,10,0.006753860360366976,0.21959402978643247,-0.01463318437917562,-0.04205090595889034,0.08710802574729096,0.07831973497380582,99.0,-0.00048606239991662303
-5.979591846466064,0.618367373943328,10,-0.0355104408690211,0.22759357837004812,-0.008609190472849708,0.06185961864242714,0.06860536094619392,0.023492258122749403,99.0,-0.015266086575309543
-5.979591846466064,0.640816330909729,10,-0.08469528610531654,0.2192255778093179,-0.010787183043157688,-0.0774687418742166,0.08662371360287609,-0.04640302319682587,99.0,-0.03175332453721967
-5.979591846466064,0.663265287876129,10,-0.06744626670313864,0.18645017447770973,-0.008083858488980787,-0.04188148589571819,0.05080947541840811,-0.027323101909991376,99.0,-0.026091308230332018
-5.979591846466064,0.685714304447174,10,-0.005346629902939118,0.08426979395574384,-0.015946722778014278,0.040719985838943734,-0.09474630877188343,0.056683338258878696,99.0,-0.00165645393737903
-5.979591846466064,0.708163261413574,10,-0.07447035472682242,0.28577094646383505,0.0069145038407102954,-0.1752014224364039,0.15956486774220324,-0.028295599231409233,99.0,-0.02616975868174437
-5.979591846466064,0.730612277984619,10,0.0493327786470351,0.12352315831257085,-0.006374324916546238,-0.05154579337182019,-0.06321467259325515,0.12741765287918388,99.0,0.01877512034442747
-5.979591846466064,0.753061234951019,10,-0.10191808025573124,0.10894152764114559,-0.0003438293329214256,0.007288951357276419,-0.06156391253933693,-0.06617010997300457,99.0,-0.0433150659750008
-5.979591846466064,0.775510191917419,10,-0.068355359712267,0.2214804305301893,-0.0028655163605546307,-0.015896759542025095,0.09599004750159972,-0.027509698355591874,99.0,-0.029240627462425707
-5.979591846466064,0.797959208488464,10,-0.006889842906174087,0.2894305094805921,-0.003555657161055555,0.020249457504292856,0.18488054992882622,0.050558034800032854,99.0,0.002697060239151644
-5.979591846466064,0.820408165454864,10,-0.10897461345993721,0.1486315003773749,-0.012658707644935287,0.030294083273615227,-0.009084700325326142,-0.08177545299723968,99.0,-0.0422017659754393
-5.979591846466064,0.842857122421264,10,-0.019276136885232463,0.14167443926405565,-0.01076587194179893,-0.10070937348903887,-0.041800211003798354,0.046908649441980504,99.0,-0.005360890381891726
-5.979591846466064,0.865306138992309,10,-0.055745386100750006,0.1880714922899963,-0.007012261087099106,-0.013102669132385265,0.07259394462305478,-0.01711282012130079,99.0,-0.024300599337230954
-5.979591846466064,0.887755095958709,10,-0.17552397398302885,0.20527399841102725,-0.009197849286924903,0.06314576375148141,0.029647964511550974,-0.14103515979656825,99.0,-0.061954177754963466
-5.979591846466064,0.910204052925109,10,-0.054908062267767885,0.08708825679126098,-0.012086625503620508,0.05147338110412176,-0.09000741789172081,-0.003927697212957541,99.0,-0.01963242693794456
-5.979591846466064,0.932653069496154,10,-0.146829248795734,0.0018677411678592638,-0.0036716210042190673,0.10350814691695344,-0.20880131734206417,-0.13010748577739076,99.0,-0.06019937749579357
-5.979591846466064,0.955102026462554,10,0.030831197685431543,0.17225518118364752,-0.0068714048786729705,-0.053369553439471,0.02385224090732864,0.11317321676613001,99.0,0.012843119644564544
-5.979591846466064,0.977551043033599,10,-0.08491101341401128,0.10670014514906609,-0.009139649187894902,0.00736096010835581,-0.07547450573934927,-0.040306964958229705,99.0,-0.031770565732172795
-5.979591846466064,1.0,10,-0.028546487317014917,0.2713268992833849,-0.004729947150654768,-0.05244930597805825,0.1490872018829687,0.03114212890298916,99.0,-0.010792522880127605
-5.755102157592773,-0.100000001490117,10,-0.061167144981780455,0.33578158282595677,0.029157507049737005,-0.19931890105393119,0.22076798537191603,-0.015370336194541864,99.0,-0.023934129544392384
-5.755102157592773,-0.077551022171975,10,0.013535986404661332,0.4673152273401927,0.021423299062366806,-0.1144519882848211,0.3894825571097632,0.07980409922242536,99.0,0.009897331333862355
-5.755102157592773,-0.055102042853833,10,-0.04592957851656987,0.3620746769895594,0.02938531552193944,-0.14815542121295475,0.2767403764906463,-0.0007697251512603243,99.0,-0.01965159564226263
-5.755102157592773,-0.032653063535691,10,-0.0848155976915397,0.3645226346801633,0.008363261268265901,-0.08432581545671643,0.28496400508584274,-0.050079929518674265,99.0,-0.0394000602397742
-5.755102157592773,-0.010204084217549,10,0.018864972157153118,0.4006767781563599,0.0050038672780105325,-0.08103036075662565,0.31198056318732426,0.0922032678563323,99.0,0.012504040043830576
-5.755102157592773,0.012244895100593,10,-0.08279907340859427,0.3065973626481202,0.005876062439828619,-0.09525430071087226,0.1857392526714838,-0.03975869286945952,99.0,-0.03304740322573031
-5.755102157592773,0.034693874418735,10,-0.07287227590364725,0.17311661317437488,0.004499390501885556,0.0429683210306282,0.02702126361815406,-0.03407239725823742,99.0,-0.03461298919625905
-5.755102157592773,0.057142853736877,10,-0.07424412795180338,0.15815837527639015,-0.010883290760969501,0.13243922059627947,0.017943056526277257,-0.03706120048105836,99.0,-0.03256375905692325
-5.755102157592773,0.079591833055019,10,-0.12712260606205122,0.29970326042662515,0.0057920858941495216,-0.02269861572099609,0.20691034070177827,-0.10811573560914028,99.0,-0.05186048417197074
-5.755102157592773,0.102040812373161,10,-0.09638636232411629,0.1201046678850114,-0.010853301104508696,0.020952165905271464,-0.03733036130717548,-0.06508844972041786,99.0,-0.03872141251698093
-5.755102157592773,0.124489791691303,10,0.11118653950310456,0.3023267428168209,0.005204870229710916,0.055058313869700955,0.19942299596956425,0.20056813819071556,99.0,0.04906696869790596
-5.755102157592773,0.146938771009445,10,-0.0647642804942298,0.09562947860023832,-0.010205442789377857,-0.08116911402760049,-0.08034287168704218,-0.01544371440415036,99.0,-0.028786778466233863
-5.755102157592773,0.169387757778167,10,0.07689955502769472,0.2458681641961062,-0.006157369163095968,0.05418334020288265,0.12971023862080838,0.17302806588493488,99.0,0.03153336675888352
-5.755102157592773,0.191836729645729,10,-0.07024367747798735,0.1433997759576268,-0.009086426078088858,-0.052019063932820644,-0.002094297081495264,-0.03360925855189498,99.0,-0.02959600357138073
-5.755102157592773,0.21428570151329,10,0.0023074670221641808,0.18142255870347904,-0.005384913456101806,-0.05858727593465202,0.04889453535613796,0.06712218319675842,99.0,0.0005593018356550808
-5.755102157592773,0.236734688282012,10,-0.016967641205350478,0.3044187388429259,0.009257702854396086,-0.007601541677848208,0.22028696020992572,0.04361749228202579,99.0,-0.00847537987535305
-5.755102157592773,0.259183675050735,10,0.011950499843306428,0.2421284923500412,0.000258512502355856,-0.015831240171088102,0.1307313807343808,0.07626051740867981,99.0,0.0024741197097382676
-5.755102157592773,0.281632661819458,10,-0.027966582949514263,0.2343099211662961,0.014908721364476822,-0.13321696931673768,0.12176736928765773,0.02430208555403343,99.0,-0.009492850529771774
-5.755102157592773,0.304081618785858,10,-0.005193864546373446,0.14538866509432102,-0.012080609212952766,-0.08556804576944782,-0.02529415948216482,0.06378869805122407,99.0,-0.004640038846226045
-5.755102157592773,0.32653060555458,10,-0.03362336386954389,0.21659885255807754,-0.009677447134568546,0.09706912403966325,0.10580983302744237,0.018871977487648198,99.0,-0.015926004188683573
-5.755102157592773,0.348979592323303,10,0.02970858764432679,0.20508333860620315,-0.006892651913452316,0.04571559049020529,0.06450330316139935,0.11225003433538039,99.0,0.011545423242520258
-5.755102157592773,0.371428549289703,10,0.01912544528300142,0.14707393263884164,0.017330631416428828,-0.03268630560513002,-0.005097643663654991,0.08578162363928134,99.0,0.006579935414548152
-5.755102157592773,0.393877536058425,10,0.021657566172102877,0.15729426780340217,-0.00800282374480196,0.001943029526361953,0.0131587074224183,0.09336181817971513,99.0,0.006536387395650971
-5.755102157592773,0.416326522827148,10,0.03900711071801725,0.010191559401334975,-0.01333568845462535,0.10425136204411312,-0.1937784204823776,0.10921750806835206,99.0,0.017243322521278002
-5.755102157592773,0.438775509595871,10,-0.1450244727293149,0.1783775982250519,-0.006610299455057994,-0.04312283626244159,0.03637422308976005,-0.12367913563930508,99.0,-0.06094826010078863
-5.755102157592773,0.461224496364593,10,-0.10254536914966092,0.34697470589195567,-0.0026991398736668534,0.019310488534685984,0.2171963668184278,-0.05937156823377719,99.0,-0.03763540283123944
-5.755102157592773,0.483673483133316,10,0.002307706549972567,0.0702148448588667,-0.010834816506266227,0.03629804803966911,-0.11897897103076077,0.07061858788662523,99.0,-0.0013424275109556439
-5.755102157592773,0.506122469902038,10,0.03888610263142905,0.102755317661231,-0.014457887673898783,-0.03511444189823116,-0.06740166556707848,0.11498801083638924,99.0,0.015306663587416697
-5.755102157592773,0.528571426868438,10,0.030717905638063522,0.1583010818090021,-0.017480951752415198,-0.02470691437149089,-0.011789146860922785,0.10119274435407531,99.0,0.011806089088666472
-5.755102157592773,0.551020383834838,10,-0.14156736278600365,0.17164786125976603,0.0063640840462194275,0.1029639360024268,0.026879568489649036,-0.129327389703349,99.0,-0.0582409609160748
-5.755102157592773,0.573469400405883,10,0.030447847736741702,0.23580466729562594,0.0038540448735611198,0.03919225227894821,0.08808399134584192,0.10921299288426083,99.0,0.012831332355592251
-5.755102157592773,0.595918357372283,10,0.024584433923234037,0.24882389714405606,-0.005269222759784187,-0.06560075896687528,0.11529173637983728,0.09351677326797843,99.0,0.009298763433060232
-5.755102157592773,0.618367373943328,10,-0.048396105993027044,0.17726360939129432,-0.008464383284135235,0.06642631765126993,0.029838654662080424,0.0005392369579568894,99.0,-0.018159917096740006
-5.755102157592773,0.640816330909729,10,-0.07785161855228048,0.2332630842619306,-0.008085447226553409,-0.020106783911609395,0.12283451292904185,-0.04412643052353998,99.0,-0.032581277361748484
-5.755102157592773,0.663265287876129,10,-0.19246538917448502,0.18396610008787886,-0.00476434383699465,-0.0379713327713084,-0.002725900742460201,-0.17171412198152924,99.0,-0.06790654935052269
-5.755102157592773,0.685714304447174,10,-0.09127314334529152,0.25465940841912094,-0.015465750432311704,-0.10812945404649449,0.08942084107993167,-0.04076262939623422,99.0,-0.034049782821005674
-5.755102157592773,0.708163261413574,10,-0.10842377660914995,0.05869510123874807,0.00689420352869909,0.2164796605687448,-0.1356272422356416,-0.0715741834823811,99.0,-0.04496988735634785
-5.755102157592773,0.730612277984619,10,-0.046752900243926504,0.2737299496140273,-0.0036289632728637657,-0.11886570956429349,0.14062132188717127,0.00613071506399359,99.0,-0.021744613291093347
-5.755102157592773,0.753061234951019,10,-0.12213769743481424,0.2845996954823286,-0.0058477283731521645,0.0182551494995615,0.17759876912736075,-0.09786869767675219,99.0,-0.05216866422138459
-5.755102157592773,0.775510191917419,10,-0.12735449136514332,0.10253234989326811,0.001079893718422042,0.006433254346398777,-0.07008616427976591,-0.10259827021941942,99.0,-0.052085882624165594
-5.755102157592773,0.797959208488464,10,-0.07543092621203924,0.2986367699314755,0.0032169768209145974,-0.13378930257718116,0.18912602175123888,-0.03230892777133411,99.0,-0.02662705251346161
-5.755102157592773,0.820408165454864,10,-0.1162094987295892,0.27641380678470584,-0.00934588432471326,-0.04126808125824978,0.17390722964157643,-0.09576506533395772,99.0,-0.04244910815830168
-5.755102157592773,0.842857122421264,10,0.06874384176546078,0.028897376198057795,-0.00848121040727465,-0.03877611791124362,-0.15282089522670836,0.1485124861020632,99.0,0.029939826637562634
-5.755102157592773,0.865306138992309,10,-0.17489811988448947,0.15199350564578273,-0.0037670739318297264,-0.018361637054337555,0.013102905361929405,-0.17037050600358294,99.0,-0.07924454860667232
-5.755102157592773,0.887755095958709,10,-0.28912900759542864,0.3368779628647198,-0.00445328889783203,-0.15440241139729402,0.2629140512146381,-0.3348059006882271,99.0,-0.12514596357423352
-5.755102157592773,0.910204052925109,10,-0.07886028501213237,0.1856984198715168,-0.0042197738643380295,-0.03516742988363421,0.04338931742948493,-0.042174981361396635,99.0,-0.03261295490100395
-5.755102157592773,0.932653069496154,10,-0.06421641701007824,0.04468830964271142,-0.013375577493643813,0.162316200413411,-0.16013130740767392,-0.018564607683663296,99.0,-0.022221980870546734
-5.755102157592773,0.955102026462554,10,-0.022274001073972732,0.09847682059004162,0.0034654260603336757,0.09449370991659017,-0.10128231112633419,0.045312067325588096,99.0,-0.009728237331202436
-5.755102157592773,0.977551043033599,10,-0.07935255311466621,0.2506965665247966,0.0024184125667201053,-0.008394563964930345,0.15740172742393743,-0.049318948654739236,99.0,-0.03871930823662957
-5.755102157592773,1.0,10,-0.034346485782360214,0.12485565754835645,-0.018213521995149595,0.03796228040443983,-0.05179418265179127,0.023532843683883992,99.0,-0.012797223627820703
-5.530612468719482,-0.100000001490117,10,-0.0647401740566497,0.542233040977457,0.06841536411883421,-0.260433227084495,0.4882289362591843,-0.024671073819547105,99.0,-0.028278589737761622
-5.530612468719482,-0.077551022171975,10,-0.07110228817576528,0.5017148679602499,0.0741821976905256,-0.24681467585831818,0.4299624069529876,-0.03401117613437648,99.0,-0.03167586259405343
-5.530612468719482,-0.055102042853833,10,-0.008028723558266754,0.41145732648015143,0.039317984316021314,-0.1388271934867563,0.3198165472782345,0.042963634364913475,99.0,-0.003295495466784011
-5.530612468719482,-0.032653063535691,10,-0.01802868222695092,0.4417703122029439,0.046797983553420644,-0.21526640140185094,0.37016157613215683,0.036544543345318925,99.0,-0.007958358642568306
-5.530612468719482,-0.010204084217549,10,-0.13786423226639777,0.5542535393454682,0.04966454203472236,-0.1748889536204395,0.5000016360702966,-0.11180914407664194,99.0,-0.06510534174842571
-5.530612468719482,0.012244895100593,10,-0.034786912705675584,0.29266187524049037,0.025004576623557703,-0.0658208026137026,0.1841333913571581,0.015145074378670485,99.0,-0.01731170617118844
-5.530612468719482,0.034693874418735,10,0.016153731980584812,0.4064411066494982,0.030595742097751143,-0.10134700810568059,0.33922765065153115,0.0753812518532353,99.0,0.008671182612845902
-5.530612468719482,0.057142853736877,10,-0.015326043293874424,0.24098913548376272,0.01286938366358758,-0.013848866944985092,0.12522250617390357,0.038018842295599965,99.0,-0.009070353378187374
-5.530612468719482,0.079591833055019,10,-0.07964614484363007,0.29676748541084774,0.02038539621295471,-0.12701589304637673,0.17542546747114762,-0.038226163861869784,99.0,-0.03325167772457715
-5.530612468719482,0.102040812373161,10,-0.06795114104091135,0.2601406506358944,0.029657417812809474,-0.0595895849356468,0.1616826165295422,-0.03131902182513492,99.0,-0.034051215612874705
-5.530612468719482,0.124489791691303,10,-0.018105506996100154,0.31300379053385796,0.023801346237987082,-0.009447131782229275,0.2269925073714124,0.03788366453681677,99.0,-0.009663823984823383
-5.530612468719482,0.146938771009445,10,0.013193401423729711,0.3654489209602497,0.037086767358474285,-0.11401978146156977,0.32381032380590163,0.06843584787874143,99.0,0.006454027472983409
-5.530612468719482,0.169387757778167,10,0.06223041446681564,0.32583133673292763,0.00780981800933073,-0.16226183899076269,0.26876769857153693,0.14557274262536726,99.0,0.03151666135554586
-5.530612468719482,0.191836729645729,10,-0.03003265625664199,0.26746336357138684,0.013007166470042035,-0.06999426435806749,0.1578806750770636,0.021564526555381477,99.0,-0.012718592092811436
-5.530612468719482,0.21428570151329,10,-0.0562512818038791,0.2660848834217824,0.0025505204552994016,-0.09810347621805016,0.0954617348566806,0.005910493733982485,99.0,-0.022007200593180096
-5.530612468719482,0.236734688282012,10,0.016705005714723845,0.28373992605935355,0.008026958272838435,0.07764752010112763,0.22431396331340125,0.08254924990348,99.0,0.007714886671633195
-5.530612468719482,0.259183675050735,10,-0.08369644639909687,0.2908873073288287,0.008087893805788988,-0.03692499908107073,0.15373848617992403,-0.03697544222436832,99.0,-0.029893307842706586
-5.530612468719482,0.281632661819458,10,-0.004136423169569262,0.3723151639196882,0.009122871072084449,-0.11145105767064259,0.3313312683317813,0.05572788123012659,99.0,-0.006023049884486792
-5.530612468719482,0.304081618785858,10,-0.15527232744720953,0.2692734943267358,-0.004152833276880793,-0.10765004043786963,0.15979302221363553,-0.14116285070133,99.0,-0.06366219920621087
-5.530612468719482,0.32653060555458,10,-0.011415084545827778,0.2543485578293893,0.003039539623939064,-0.1149733601646443,0.119538647691488,0.052134577581041855,99.0,-0.000343100388895308
-5.530612468719482,0.348979592323303,10,-0.01682634096221245,0.4194522039947901,0.010951936050169843,-0.11041076694208256,0.3929542626262902,0.035998883891906294,99.0,-0.006972030934796619
-5.530612468719482,0.371428549289703,10,0.0029239502207690435,0.276971909684114,0.005868775886477088,0.06779036116352376,0.14122121177987618,0.07483792824351902,99.0,0.0030781080045638063
-5.530612468719482,0.393877536058425,10,0.11577691878140685,0.28412117186907965,-0.001593273688122336,-0.0019505414622964373,0.16110569376611567,0.21130004258364712,99.0,0.04683359339487882
-5.530612468719482,0.416326522827148,10,-0.09269169451058253,0.27278404731528216,-0.0031303676121228444,0.06477294869450861,0.13462213281523128,-0.04966441593400106,99.0,-0.036623640955448365
-5.530612468719482,0.438775509595871,10,0.06293688917111982,0.3111346772064834,-0.001681780637103222,-0.11039016016064926,0.207487690175661,0.1445362799978749,99.0,0.02498404901496356
-5.530612468719482,0.461224496364593,10,0.006505946021724121,0.2613098958118361,0.0075098928479789715,-0.00981981543358735,0.14143106604516126,0.06991033922678579,99.0,0.0035827094121585064
-5.530612468719482,0.483673483133316,10,0.05182952019204062,0.1958932465217481,-0.00552299119414048,-0.0363935423092329,0.05096865436605479,0.1322779705945985,99.0,0.021834898760552425
-5.530612468719482,0.506122469902038,10,-0.026859176044625344,0.27807153721186595,0.01169800295947735,-0.17583866321268396,0.20807004442365928,0.02382586535511798,99.0,-0.013325284752699274
-5.530612468719482,0.528571426868438,10,-0.15094524588928346,0.2642700082542264,0.008579623412382099,-0.13647107328513175,0.15938039233104925,-0.14398461979483537,99.0,-0.05795621048216343
-5.530612468719482,0.551020383834838,10,-0.04872494615545388,0.3152378034695817,0.0010012417125997183,0.031166126066090566,0.19931052005433067,0.006915022493761573,99.0,-0.02050153924812667
-5.530612468719482,0.573469400405883,10,0.045200355881239704,0.12721332896866377,-0.0009621369367137006,-0.03110147993668887,-0.009657270246424005,0.11159248075094871,99.0,0.022174031812923108
-5.530612468719482,0.595918357372283,10,0.07480916567559552,0.2792186960733132,-0.00034737025077144165,-0.012003916942416582,0.1476496258784573,0.16797875590097205,99.0,0.03314833228506097
-5.530612468719482,0.618367373943328,10,-0.019871155161539894,0.25402073675215747,-0.0035733698662848896,-0.06966595110366913,0.14255565403183412,0.03375893610521106,99.0,-0.008749325145551375
-5.530612468719482,0.640816330909729,10,-0.00800631344111584,0.2555028894359536,0.007215816021025417,0.043032793960664846,0.13285273763140132,0.0544625131986453,99.0,-0.002967555230762503
-5.530612468719482,0.663265287876129,10,-0.06021800531360817,0.1698408808520273,-0.009689077785280545,0.013851224042143302,0.010742435294106227,-0.011242676949959618,99.0,-0.023467796986114058
-5.530612468719482,0.685714304447174,10,0.08732811304966473,0.27131840746669666,-0.0026767193746038693,0.028338229778712795,0.15233593255082326,0.1837269404850927,99.0,0.03312555385210843
-5.530612468719482,0.708163261413574,10,-0.02160461127012779,0.2237474199074387,-0.0067545585696922456,0.04809402597785055,0.09836462000341571,0.035242883436827736,99.0,-0.008411257254807798
-5.530612468719482,0.730612277984619,10,-0.10714689758341868,0.2044910627594837,0.0007008850783366895,-0.04848193335006025,0.08301298154823655,-0.08452910583988248,99.0,-0.047590818513325486
-5.530612468719482,0.753061234951019,10,0.03607666100293172,0.08719976910329977,-0.003896848751751366,-0.052850850074649985,-0.08270149926469264,0.1080090336481743,99.0,0.016789212086263456
-5.530612468719482,0.775510191917419,10,0.01877031628199321,0.29388173898259523,-0.0030473924641318275,-0.005249474286938886,0.1675264978123483,0.09308008120126335,99.0,0.008406036044631068
-5.530612468719482,0.797959208488464,10,0.004147234254571159,0.27566238628110984,-0.015842073080752035,0.005569935534419174,0.1445663584687314,0.06921150710317683,99.0,-0.0003022311056137851
-5.530612468719482,0.820408165454864,10,0.06460698755956854,0.17037599371243262,-0.008856477681733593,0.04475563821950062,0.025142865360383668,0.15242173107212909,99.0,0.02937622308192677
-5.530612468719482,0.842857122421264,10,0.05611974553880003,0.1932891614680763,-0.003878320218156887,-0.09141606887794555,0.07885679627322059,0.145458477445969,99.0,0.020421554891469823
-5.530612468719482,0.865306138992309,10,0.011409414182184822,0.21520321691659644,0.005455089768151151,0.05098760403739828,0.07520031122834311,0.08249227926782904,99.0,0.0015768849431052946
-5.530612468719482,0.887755095958709,10,-0.02308660323598931,0.07749558208253762,-0.0050353865737445365,-0.0062753618787473875,-0.10174149218806211,0.034652004935778025,99.0,-0.009406492003770806
-5.530612468719482,0.910204052925109,10,0.09228589212429991,0.08023004164647016,-0.007283477671680007,0.08025880347732922,-0.11026690452230584,0.1887433930386412,99.0,0.04189928205639546
-5.530612468719482,0.932653069496154,10,-0.03025914016367528,0.08391185794629846,-0.010306427989739077,0.09496051039007196,-0.08319920741942437,0.022565553939551827,99.0,-0.012195056803255099
-5.530612468719482,0.955102026462554,10,-0.1363502367261143,0.18930979108692805,-0.008976262985929384,-0.10301951560691992,0.038242333472068527,-0.11347300325489376,99.0,-0.055958934823583106
-5.530612468719482,0.977551043033599,10,0.05577842543194392,0.16435129563179013,-0.004635130972772723,-0.14123234730187423,0.014223189268544177,0.1422914730171523,99.0,0.027702180228756607
-5.530612468719482,1.0,10,-0.032488637362375,0.2228171676168264,-0.00020219072211327829,-0.19889524545368598,0.10366704869601003,0.02237364635003851,99.0,-0.01498044917502626
-5.306122303009033,-0.100000001490117,10,-0.043470983142901695,0.6387089804688708,0.08381021344806981,-0.3883107365503045,0.5887001347012304,-0.007312641455276367,99.0,-0.023857960298663983
-5.306122303009033,-0.077551022171975,10,-0.03359359536307896,0.5092275595756126,0.0643168233216811,-0.23050155891323676,0.4739555867586154,0.0016836018317411758,99.0,-0.017847618208987164
-5.306122303009033,-0.055102042853833,10,-0.025769681206976418,0.5943717284037043,0.059435963093449055,-0.2359510658489841,0.5406389810290425,0.013464491113976046,99.0,-0.016826638475664787
-5.306122303009033,-0.032653063535691,10,0.04484379249226876,0.41503386456302105,0.061930623680504164,-0.2282958656719647,0.3453565218555429,0.10753247375987472,99.0,0.023300074488218407
-5.306122303009033,-0.010204084217549,10,-0.03782955380188058,0.4256106290962226,0.07604460749070159,-0.15591621418326726,0.326805955446298,0.004381725137384718,99.0,-0.01960824494472383
-5.306122303009033,0.012244895100593,10,0.05026918155326246,0.5680512786945975,0.05479522659552117,-0.1627487525492206,0.5104710018305754,0.10780654115433236,99.0,0.024248174702798934
-5.306122303009033,0.034693874418735,10,-0.06203519040477017,0.4266845639429817,0.027112350371243796,-0.09347396785916956,0.3683958357126077,-0.025753126331413766,99.0,-0.029490742050078768
-5.306122303009033,0.057142853736877,10,-0.04904894277056124,0.4057683786034029,0.06638432937644567,-0.24276522507892234,0.36508876295552284,-0.01139050717901876,99.0,-0.022924183893308674
-5.306122303009033,0.079591833055019,10,0.03794554527097942,0.4136017483387523,0.023930532145736046,-0.09980049679988137,0.3491476156061798,0.0946344696445407,99.0,0.01418801487534268
-5.306122303009033,0.102040812373161,10,-0.030609524624437848,0.2944456575448947,0.02507401298113448,-0.13393565930487522,0.2192852582509951,0.014412845104526728,99.0,-0.014646466579607192
-5.306122303009033,0.124489791691303,10,-0.010652334800815271,0.44005295810565676,0.03433934134983271,-0.08349411323450479,0.3470159785902784,0.03924584075703719,99.0,-0.0031560146471463733
-5.306122303009033,0.146938771009445,10,0.03650433745994418,0.3360535963161627,0.021146682570854603,-0.14536650696357364,0.27212688470344226,0.103160555051083,99.0,0.023328864826587168
-5.306122303009033,0.169387757778167,10,-0.03969307275317626,0.31397655610987857,0.01331699417605613,0.08967517160334688,0.2281774438834909,0.005970695236978747,99.0,-0.019272459764951684
-5.306122303009033,0.191836729645729,10,-0.06390355490459879,0.40832151788294757,0.03377871554317941,-0.16040199921959536,0.3854342765591486,-0.032919163215937366,99.0,-0.034036508965436266
-5.306122303009033,0.21428570151329,10,-0.1252817840419804,0.3429449310616638,0.02294483770763221,-0.04621809602956852,0.2813960943058202,-0.11223127040265526,99.0,-0.05108553433527581
-5.306122303009033,0.236734688282012,10,0.10064771412356097,0.37629298580886983,0.03435328037621167,-0.1613899279177955,0.31336078589859495,0.18232749638260756,99.0,0.04632918244012779
-5.306122303009033,0.259183675050735,10,0.051621429146825035,0.31536354992189636,0.014134541504941618,-0.024169549398972145,0.2287788680819683,0.12777504139975904,99.0,0.025108411275748123
-5.306122303009033,0.281632661819458,10,-0.020095395549116418,0.27284341095915704,0.0046817307472999834,-0.037999953492618345,0.16314890618974912,0.03484005092110644,99.0,-0.010401071352750636
-5.306122303009033,0.304081618785858,10,-0.10031267499827533,0.29949393951668396,0.009925542011782954,-0.14478711443662326,0.21420460811930922,-0.07443287465934322,99.0,-0.045378805319319454
-5.306122303009033,0.32653060555458,10,-0.047718567364505346,0.45008082308100716,0.0429638593674595,-0.15842714334054087,0.42128135612430745,-0.007305647647026625,99.0,-0.020764968995238255
-5.306122303009033,0.348979592323303,10,-0.12335311505261705,0.2485100551132592,-0.00028403176816770346,-0.06662120392614233,0.11254522337000168,-0.0907652013528304,99.0,-0.04619977728348318
-5.306122303009033,0.371428549289703,10,-0.021394263307314074,0.2649168976636569,0.01147130432914372,-0.1495173019184254,0.1743119137158813,0.03094372938310123,99.0,-0.00944775608785969
-5.306122303009033,0.393877536058425,10,-0.09168759324598708,0.25079409362930216,0.011606303487097762,-0.08865502763843372,0.1369632938143293,-0.05872953942637128,99.0,-0.039410079417326736
-5.306122303009033,0.416326522827148,10,0.01416981830703877,0.2867949285200526,0.010729632004636079,-0.07939524677491334,0.20530972871426473,0.07110565548987027,99.0,0.006523143591604738
-5.306122303009033,0.438775509595871,10,-0.07261322039725751,0.12877691216070689,0.017303105911607736,-0.004620349690630736,-0.04228042986859945,-0.028806969978863756,99.0,-0.027912377544903076
-5.306122303009033,0.461224496364593,10,0.05341290025226206,0.27596622103265206,0.017152077049636096,-0.16958674526537842,0.1607906647252755,0.12640004128308988,99.0,0.01733666478033223
-5.306122303009033,0.483673483133316,10,-0.05770990217549795,0.38125819240920095,0.015938659051092048,-0.185989704104656,0.3220388292918139,-0.013559068167716182,99.0,-0.021664306194067555
-5.306122303009033,0.506122469902038,10,-0.0195636132324501,0.29373607624691805,-0.0003163281354623175,-0.14643036540280657,0.20869736344723597,0.03729778528119505,99.0,-0.010415116428425495
-5.306122303009033,0.528571426868438,10,0.1078713887058311,0.23155987109623924,0.014540634761596963,-0.07668666448894587,0.09936713012890734,0.19389745035437023,99.0,0.044964787475253995
-5.306122303009033,0.551020383834838,10,0.06422269715076986,0.1404516069701512,-0.001814140337989167,0.050095387978489135,0.003775906175051212,0.15348647542282684,99.0,0.02426931879606125
-5.306122303009033,0.573469400405883,10,-0.0006181293022399434,0.18922700369180356,0.003210611240855011,-0.07492190809752623,0.06727679249428689,0.06599695081068305,99.0,0.004223342382979456
-5.306122303009033,0.595918357372283,10,-0.15108566490835465,0.3973512242062633,0.00804963607404449,-0.15137107048042794,0.31537608619475666,-0.13135238759049062,99.0,-0.06106266298242972
-5.306122303009033,0.618367373943328,10,-0.18566343973811184,0.29532433837311545,-0.00425406943306979,0.049617614610580014,0.21273558133813053,-0.1896907916521837,99.0,-0.08387278813956145
-5.306122303009033,0.640816330909729,10,-0.09756354658689873,0.4050402184967532,0.027323003145231176,-0.04932759145208861,0.33682574193665016,-0.0659501880286436,99.0,-0.04230713351414199
-5.306122303009033,0.663265287876129,10,0.02936096617449041,0.36808944406327304,0.007764327656541862,-0.027033573300554704,0.28526920697841507,0.1097722172118617,99.0,0.012297740832615724
-5.306122303009033,0.685714304447174,10,-0.030897130436118882,0.2502472734367957,-0.014062077558319038,0.07300860016281799,0.12593652897848917,0.031322460088006696,99.0,-0.011244784521198196
-5.306122303009033,0.708163261413574,10,0.15146467485405932,0.2837205669930981,0.008463158332536788,-0.10926406085653795,0.16797577149422982,0.2548991775503644,99.0,0.06003520568248442
-5.306122303009033,0.730612277984619,10,-0.04585928315002623,0.29272894483169665,0.01080085180313722,-0.10812449211155975,0.15550832148374757,0.009198998546425974,99.0,-0.018924409707607576
-5.306122303009033,0.753061234951019,10,-0.07154498372808554,0.35909086739168916,0.0016613761187374498,-0.05637452350816653,0.29789764934247387,-0.037277131586471245,99.0,-0.030413645957953865
-5.306122303009033,0.775510191917419,10,-0.1281949886382167,0.27361949674890507,-0.00273997415743382,-0.09554067329841262,0.1641689627847971,-0.10852229272353525,99.0,-0.05663551365111906
-5.306122303009033,0.797959208488464,10,0.1236074254781791,0.17699386330434277,0.001158097088028808,0.0767745456128113,0.02972822752545043,0.2178215010916498,99.0,0.05026491193481849
-5.306122303009033,0.820408165454864,10,-0.1322684615829024,0.2371831498129399,0.0004604245637261432,-0.05598905520486701,0.12467251999909391,-0.11376307008419535,99.0,-0.05740594135551088
-5.306122303009033,0.842857122421264,10,-0.13996161767495796,0.18157431468209528,0.00922161677291956,0.06444722444751512,0.054183146298418396,-0.12847015688158983,99.0,-0.05982055803354325
-5.306122303009033,0.865306138992309,10,0.11616147895469012,0.19280698293521673,0.0012068575898800114,-0.03205273749740417,0.0676038255604251,0.2204846739361449,99.0,0.05117194203978288
-5.306122303009033,0.887755095958709,10,-0.03122109650630847,0.16493287715051733,-0.004598530293012249,-0.01964016324718286,-0.006520771424565114,0.03234900227648361,99.0,-0.013767415915781784
-5.306122303009033,0.910204052925109,10,-0.035151143479110636,0.2659454263083298,0.008844636439657763,-0.0530504641950128,0.1469815254534193,0.01939120964564163,99.0,-0.012525942234115479
-5.306122303009033,0.932653069496154,10,0.14583629098370507,0.21560242687513337,0.005494680255653341,-0.17789763047847418,0.07836618353130584,0.2690991308411578,99.0,0.058992176436173605
-5.306122303009033,0.955102026462554,10,-0.03593541664159566,0.31387972999096947,0.004585769514149486,-0.13317133895096783,0.22713622337333206,0.0168517238462738,99.0,-0.01405222592544777
-5.306122303009033,0.977551043033599,10,-0.08404382699746434,0.2666553633636164,0.012429512103481331,-0.02506558370380351,0.17439184317620177,-0.05423763522859115,99.0,-0.0420438070057375
-5.306122303009033,1.0,10,-0.010091151244440814,0.24245925431860696,0.00790222861550027,-0.15517132596344785,0.12218927115188342,0.060074423560511694,99.0,-0.0037017987914509643
-5.081632614135742,-0.100000001490117,10,-0.025205960997169617,0.6813097413228935,0.09591961369611121,-0.3212038912865779,0.6543698071878337,0.008498436195550796,99.0,-0.013974148239505038
-5.081632614135742,-0.077551022171975,10,-0.06309497220328526,0.7105783491099946,0.10397247903602026,-0.3320773151009436,0.6694692712618541,-0.03371375928761608,99.0,-0.03704206292428392
-5.081632614135742,-0.055102042853833,10,-0.06927474795629113,0.7169285987592384,0.09355776031636578,-0.346598113835921,0.6926617490381539,-0.04101192354178037,99.0,-0.038290974620839316
-5.081632614135742,-0.032653063535691,10,-0.050934400567225084,0.5787144534488163,0.09375130735171344,-0.3309209927275067,0.5463237851228224,-0.017497480112251704,99.0,-0.03003656564549393
-5.081632614135742,-0.010204084217549,10,-0.029139418923753713,0.5690336202612365,0.09831215696380151,-0.2587352623156137,0.5328055081235425,0.0063073285848911816,99.0,-0.016876184709665742
-5.081632614135742,0.012244895100593,10,-0.014686132053267797,0.5273684182249887,0.06143723022484518,-0.2041232971324317,0.49141734660211556,0.022032214238889472,99.0,-0.007790776399674816
-5.081632614135742,0.034693874418735,10,-0.03021757733791741,0.5958022231677316,0.08535143615016291,-0.2900735545839676,0.5908297107586286,0.005508889718588657,99.0,-0.01861313412317715
-5.081632614135742,0.057142853736877,10,-0.025456001227397426,0.517927580709621,0.08739116621242699,-0.19101691919836278,0.4786859099857852,0.012745203528275604,99.0,-0.015223391315571658
-5.081632614135742,0.079591833055019,10,0.031224023861357107,0.5176483469372468,0.06676294536482011,-0.29085327406525263,0.5161215916243117,0.08090872437302932,99.0,0.016290477755996385
-5.081632614135742,0.102040812373161,10,0.0077262268610564025,0.43357831269778707,0.0559890092291782,-0.18521049055343697,0.41310385379994785,0.05323432890559576,99.0,0.004054083519446816
-5.081632614135742,0.124489791691303,10,-0.029142125749614514,0.4052212731603201,0.04465409221484516,-0.12251760320650468,0.36325833960991083,0.01195437413302839,99.0,-0.014149970676130242
-5.081632614135742,0.146938771009445,10,-0.15292333607730646,0.5340194469122946,0.05159710672212364,-0.20247009985726944,0.5243079165035258,-0.14509942262834477,99.0,-0.07485005273990211
-5.081632614135742,0.169387757778167,10,-0.0656228586232173,0.4265162722011825,0.033355261886825624,-0.10054722742139001,0.3863912102327101,-0.03458271291415618,99.0,-0.035344635864853355
-5.081632614135742,0.191836729645729,10,0.01749786202415195,0.399744461147692,0.04913915421030728,-0.1695226912868969,0.370295162384627,0.06964287436257832,99.0,0.005720132934769072
-5.081632614135742,0.21428570151329,10,-0.08192333402888749,0.4591322957649216,0.048864477393854036,-0.15085755563815853,0.4473582003562343,-0.05773029083804883,99.0,-0.041077010784455865
-5.081632614135742,0.236734688282012,10,0.01924150547805554,0.47876795167687314,0.06105281802064157,-0.17954740257161764,0.4657125100323699,0.065939767986525,99.0,0.010748693803304942
-5.081632614135742,0.259183675050735,10,-0.024308109611728912,0.36924094348960845,0.04360949423618077,-0.18690768833917493,0.3025058360098092,0.018979641536820063,99.0,-0.013027495345392636
-5.081632614135742,0.281632661819458,10,-0.021181573308841413,0.4110293340623866,0.04473881829806024,-0.10932873986075531,0.38570370799354503,0.02162001630837438,99.0,-0.005820167813246296
-5.081632614135742,0.304081618785858,10,-0.039710769438424456,0.3311116189878519,0.0437539699150519,-0.1146946387564148,0.2783775394372005,-0.002035323328882531,99.0,-0.020173598533681343
-5.081632614135742,0.32653060555458,10,-0.1273306900430581,0.5014706946490695,0.040702925302447346,-0.20366941418922635,0.4636091755176214,-0.10732814315144984,99.0,-0.056890121888664824
-5.081632614135742,0.348979592323303,10,-0.03842695866829661,0.36467796544725284,0.047269787107732296,-0.1848705360908247,0.3178599429926288,-3.469446951953614e-18,99.0,-0.022053693965311726
-5.081632614135742,0.371428549289703,10,-0.05285942363486346,0.4182852822503661,0.05340119266671212,-0.24159004474683632,0.38594085247155163,-0.014897677042997562,99.0,-0.023397611910142713
-5.081632614135742,0.393877536058425,10,0.049503330345178696,0.4126955064677227,0.04712443756468351,-0.26473115569819605,0.36096991247989046,0.11054973930978002,99.0,0.023915630813954404
-5.081632614135742,0.416326522827148,10,-0.1000501189534269,0.4037703291041518,0.04459463938419992,-0.01003240230349639,0.37012022420989577,-0.08135957176506763,99.0,-0.05239238719704822
-5.081632614135742,0.438775509595871,10,-0.012119538227209917,0.40385385527913115,0.034026797067712826,-0.08028411160760035,0.3669492206267918,0.034999461309373925,99.0,-0.005098941717083872
-5.081632614135742,0.461224496364593,10,0.06316324541307665,0.3732308962468186,0.01373773332068036,-0.0706888637010655,0.3015927243087007,0.13670493881849702,99.0,0.02912533797816888
-5.081632614135742,0.483673483133316,10,-0.06723324275561127,0.4638114786619327,0.03442191231382497,-0.16322547397201997,0.47679441417588775,-0.03889124200711862,99.0,-0.030118804440307272
-5.081632614135742,0.506122469902038,10,-0.014832611824026315,0.4438295070377293,0.030352681569643714,-0.1680628376023393,0.4216178925669013,0.03612981491030759,99.0,-0.005716265207274196
-5.081632614135742,0.528571426868438,10,-0.07155584719039748,0.34387217255421165,0.043203447021818685,-0.08868435707711525,0.2605063512004536,-0.03543512716970427,99.0,-0.030920968513750768
-5.081632614135742,0.551020383834838,10,-0.07157170336005701,0.4030052277748595,0.031181089980712284,-0.1006422524478786,0.3401172290915048,-0.03635700659983648,99.0,-0.03403066749474935
-5.081632614135742,0.573469400405883,10,-0.14344050146571433,0.4568683899350934,0.04346744855041898,-0.20590784851177962,0.39354302019982845,-0.12266684393332093,99.0,-0.06443461708309653
-5.081632614135742,0.595918357372283,10,0.012883725177731578,0.4012741494894464,0.021373508238253937,-0.08801926186771361,0.33406361902636295,0.06568489560645961,99.0,0.005707637940351352
-5.081632614135742,0.618367373943328,10,-0.11538089754038303,0.3984040846183438,0.02694838679826625,-0.12239853785089433,0.35952401688015734,-0.09916678285942634,99.0,-0.051558935845613184
-5.081632614135742,0.640816330909729,10,-0.03911356147488387,0.32850551071640494,0.01766251249801457,-0.12315855298730924,0.26726751671174337,-0.0006711987203525185,99.0,-0.0222988097316283
-5.081632614135742,0.663265287876129,10,-0.004655830648711272,0.2770049772385784,0.031443273032769094,-0.06160111405921005,0.19630842662504827,0.053043729382683355,99.0,-0.00040311121840605203
-5.081632614135742,0.685714304447174,10,0.05326326033182798,0.38776856540148297,0.02071664300101475,-0.12692538262239916,0.3133885642272321,0.11294613448313053,99.0,0.025480961643786566
-5.081632614135742,0.708163261413574,10,0.03356534439338714,0.3652039524272747,0.026330987751461032,-0.145046367792313,0.32260799574570803,0.10663402322149237,99.0,0.015571181926814065
-5.081632614135742,0.730612277984619,10,-0.15073568328015272,0.5233252501127135,0.044798348497576315,-0.19627016664396185,0.4884950992322469,-0.13555191710335684,99.0,-0.07199637091886063
-5.081632614135742,0.753061234951019,10,0.02084810621684685,0.3367393850869219,0.007899614029573267,0.048693126878626744,0.27642214638194484,0.09151626524700762,99.0,0.008958878382558136
-5.081632614135742,0.775510191917419,10,-0.017574802898847747,0.269051064184858,0.014508922003131822,-0.06673269462184922,0.16057936502502862,0.04013108400808851,99.0,-0.008492053797327526
-5.081632614135742,0.797959208488464,10,-0.0461858092190076,0.26433184842377044,0.01798578352117407,-0.011485916585458195,0.18946550714521693,-0.006801928149014636,99.0,-0.021265669421295746
-5.081632614135742,0.820408165454864,10,-0.06709997346857742,0.3792881470360955,0.016490260897010417,-0.07750726879070964,0.32154408331741946,-0.02980636997735321,99.0,-0.030815984355857612
-5.081632614135742,0.842857122421264,10,-0.043872444426452606,0.40776823476241447,0.018681305990632033,-0.0006833220687042507,0.35202305617636515,0.0036686944448660504,99.0,-0.017424987202582932
-5.081632614135742,0.865306138992309,10,-0.026085424263546153,0.35148328258374095,0.013274737367404726,-0.09538053243378775,0.2757592584260343,0.022906313787224436,99.0,-0.010910455765799581
-5.081632614135742,0.887755095958709,10,-0.15013549625380432,0.32613568854697983,0.014085489182722443,-0.08894917575384602,0.26294639044275947,-0.14661387628543393,99.0,-0.06495449346443881
-5.081632614135742,0.910204052925109,10,-0.11616809161528144,0.39790326277832766,0.012884232202697445,-0.07135797053429882,0.3697941207481076,-0.10309913950357974,99.0,-0.05710571588148927
-5.081632614135742,0.932653069496154,10,-0.17601414253950398,0.32408821693138934,0.008273708259330161,-0.21438205103140257,0.21546376545010712,-0.15620540183080972,99.0,-0.07650858386967622
-5.081632614135742,0.955102026462554,10,-0.09160822752788741,0.3351707950267753,-0.0015404581288290195,0.013151765783901457,0.22496648074390202,-0.05198057509817755,99.0,-0.034968554022721
-5.081632614135742,0.977551043033599,10,0.01746925441827056,0.4190985067722806,0.015147977168802932,-0.10677851081195151,0.3313037852427385,0.08173576121295589,99.0,0.005515220541020801
-5.081632614135742,1.0,10,-0.08990708742111203,0.37229577368251465,0.02231495018884922,-0.0817009706579632,0.27372279215561746,-0.051076768012910424,99.0,-0.037903413814008774
-4.857142925262451,-0.100000001490117,10,-0.004133402952122278,0.7748428228319255,0.1177258406789589,-0.36784124048988964,0.7568656286935012,0.02711479015374331,99.0,-0.003265098539120358
-4.857142925262451,-0.077551022171975,10,-0.0075477990503010385,0.7773999199680797,0.11603877367716448,-0.30090083253999167,0.7354412428056404,0.02609098864256669,99.0,-0.005775070649289187
-4.857142925262451,-0.055102042853833,10,-0.053614775207385265,0.7073244514205018,0.1222222441495339,-0.37356472246390987,0.6820305478439499,-0.026201962685776518,99.0,-0.03228783385383028
-4.857142925262451,-0.032653063535691,10,-0.06395918639100256,0.6856350818670507,0.11181926944072136,-0.3737423498705793,0.6588647416633134,-0.037018296626298956,99.0,-0.03797987078814507
-4.857142925262451,-0.010204084217549,10,-0.0383983035684292,0.7017043841582302,0.1046506764309121,-0.33826959303912324,0.6863215344909841,-0.011964179461207383,99.0,-0.025377724768635875
-4.857142925262451,0.012244895100593,10,-0.04380561329264511,0.5880180829943921,0.07970699201707418,-0.28086379646430826,0.5944794005069738,-0.015970402772084606,99.0,-0.028173347097432376
-4.857142925262451,0.034693874418735,10,-0.08132556374684657,0.6676605806683524,0.09050427331505785,-0.25957274524331214,0.6585460323199255,-0.058109868658175357,99.0,-0.04965333121936598
-4.857142925262451,0.057142853736877,10,0.0011936312018394,0.5755936808936627,0.09724766819146019,-0.2802454554650099,0.565208779856945,0.03582131180941211,99.0,-0.0005784782399751651
-4.857142925262451,0.079591833055019,10,-0.11428963933257108,0.608683451789122,0.09078892287133243,-0.29765191158259563,0.5942091760877549,-0.09602484147444575,99.0,-0.0661920615823314
-4.857142925262451,0.102040812373161,10,-0.03987345744941498,0.6375918268296545,0.09426236531966524,-0.316946948058364,0.6427670391733777,-0.010607507965549861,99.0,-0.022738691057643895
-4.857142925262451,0.124489791691303,10,-0.04545231799590042,0.5911168837167182,0.08220784066795306,-0.22552214152112504,0.5871964245356436,-0.01859297376176325,99.0,-0.02642306491012464
-4.857142925262451,0.146938771009445,10,-0.012288416046402267,0.6123018780729588,0.0851415359775552,-0.20340821456219071,0.605070641660726,0.022441671351950934,99.0,-0.007202681074749981
-4.857142925262451,0.169387757778167,10,-0.048991033364642,0.5499844609418427,0.06360075735038909,-0.2774265309715114,0.5685724952300766,-0.02250351269663029,99.0,-0.029359442254289207
-4.857142925262451,0.191836729645729,10,-0.09346402003340953,0.49442663764403416,0.062101091182943255,-0.23308658550595357,0.4771784465868102,-0.07347811988437353,99.0,-0.0531779759109857
-4.857142925262451,0.21428570151329,10,-0.04339227661435151,0.49196665785964483,0.06284591630798529,-0.2079636620111846,0.49870830873968697,-0.015450349946811229,99.0,-0.024648743707702862
-4.857142925262451,0.236734688282012,10,-0.07998879540527762,0.4529038479519687,0.06252872270645336,-0.27408457056987884,0.4289869054457679,-0.057303193348600664,99.0,-0.04459199961993198
-4.857142925262451,0.259183675050735,10,-0.049116704371111826,0.4977394891514194,0.0653191507838394,-0.23183265447920232,0.49218285765577424,-0.01795842838138848,99.0,-0.027175921791644585
-4.857142925262451,0.281632661819458,10,-0.013324054623813794,0.5213520299294904,0.06334818873921592,-0.1440837215350663,0.5156109670001956,0.02259435708247838,99.0,-0.007107668397222372
-4.857142925262451,0.304081618785858,10,-0.04182205573551728,0.5219904051139755,0.0684305640790503,-0.18526451584679493,0.5147732024322765,-0.010250139105920616,99.0,-0.020716657395605763
-4.857142925262451,0.32653060555458,10,0.013102531148380836,0.5463650320135551,0.09505523884652665,-0.27403365643487354,0.5370194963625552,0.051141911420895046,99.0,0.00588760299362352
-4.857142925262451,0.348979592323303,10,-0.07468110305143029,0.5240907506929107,0.06242552781182214,-0.2212895555729169,0.5253086468571817,-0.05251425385533558,99.0,-0.04287832499239605
-4.857142925262451,0.371428549289703,10,0.03102330064592715,0.4701599015999687,0.07060447199638036,-0.17227906621065792,0.4455681979182696,0.07952104222406706,99.0,0.015080644203689144
-4.857142925262451,0.393877536058425,10,0.021637143133075742,0.4814431224467603,0.07650431681179772,-0.19904450723651995,0.470619280220027,0.06625237077000908,99.0,0.012217107264387725
-4.857142925262451,0.416326522827148,10,-0.030912937242972567,0.5359558336851524,0.05496612517920319,-0.16933701450180075,0.5105103345867544,0.006048836795144917,99.0,-0.01862945458454591
-4.857142925262451,0.438775509595871,10,-0.04480836424074827,0.45995336851347896,0.0382351400610904,-0.17399000909960705,0.43868798295533334,-0.009483632157992777,99.0,-0.020854633506217593
-4.857142925262451,0.461224496364593,10,-0.02982920220757586,0.4697407671704362,0.06097071864323113,-0.29214320745159983,0.43963655686834624,0.01217160558680767,99.0,-0.01663481897638601
-4.857142925262451,0.483673483133316,10,0.0074820119985346545,0.6131663923172845,0.08660738941848208,-0.3389268318189158,0.6164712224643626,0.05373422162146417,99.0,0.0029631028626163234
-4.857142925262451,0.506122469902038,10,-0.027613808305995986,0.5005960099136657,0.055718284420837316,-0.24944692267002083,0.47516726818516486,0.01209857274474438,99.0,-0.015421356852805787
-4.857142925262451,0.528571426868438,10,-0.09422050527923029,0.5814364585017149,0.06151223566316719,-0.19816298403026736,0.5611882850688079,-0.06929023132114119,99.0,-0.05019351062867472
-4.857142925262451,0.551020383834838,10,-0.03993436834629952,0.44865066114152213,0.056641691073850954,-0.15499851635537193,0.4311602680265086,-0.006392071589114541,99.0,-0.020476026877495508
-4.857142925262451,0.573469400405883,10,0.03952656352950011,0.45631920703516193,0.06279203589993741,-0.27870003709068053,0.4456285305130496,0.09953109258008858,99.0,0.025646953078996552
-4.857142925262451,0.595918357372283,10,-0.038451286177181604,0.403181444444061,0.04614739213650234,-0.2406667276635469,0.3531601177867491,-0.0031384802465059397,99.0,-0.02089205552889447
-4.857142925262451,0.618367373943328,10,-0.15540524767802155,0.4736439408742461,0.056928313802915846,-0.18621964677519554,0.45574300737447054,-0.15109121752038385,99.0,-0.06753694817662848
-4.857142925262451,0.640816330909729,10,0.03815735871372289,0.5149111007831537,0.049950655350694075,-0.15779297267973424,0.4749491068505056,0.0963220870978771,99.0,0.01886198544414533
-4.857142925262451,0.663265287876129,10,-0.10433640519964879,0.48964834543544,0.049108254012696334,-0.1259945739379667,0.4662552041510466,-0.08274120719678853,99.0,-0.050149476763219694
-4.857142925262451,0.685714304447174,10,-0.009688075843110586,0.49040743256676805,0.05347735317984884,-0.10935311002704996,0.4910157210984293,0.03303998101294641,99.0,-0.0037754228953317077
-4.857142925262451,0.708163261413574,10,0.013437599135045702,0.4806533365376604,0.06000623294792478,-0.15966441639262632,0.47322057052867583,0.059814421757773274,99.0,0.006918077304569449
-4.857142925262451,0.730612277984619,10,-0.09578539473657345,0.5437162750863217,0.03817798357562729,-0.1365660223143953,0.48265801019718596,-0.060463651707197565,99.0,-0.040466880055221775
-4.857142925262451,0.753061234951019,10,0.06205492362333554,0.38949713173101275,0.04640810776383815,-0.14562491740394096,0.33902779674128236,0.12851437170069765,99.0,0.028453451714981128
-4.857142925262451,0.775510191917419,10,-0.15178248399241906,0.485816307017242,0.05114617238179591,-0.1537053482708455,0.4422591500475015,-0.13708737081012395,99.0,-0.07511582806178692
-4.857142925262451,0.797959208488464,10,-0.06694627095625427,0.42956058119011586,0.03758423062542751,-0.10635906238224399,0.411865369880292,-0.0380067336781883,99.0,-0.034182438310602
-4.857142925262451,0.820408165454864,10,-0.0326615988965506,0.49681456156185166,0.05289054594115178,-0.2035765423863846,0.4815117751247112,0.010849188163416953,99.0,-0.016889334179091976
-4.857142925262451,0.842857122421264,10,-0.050315325241765935,0.41962951670519566,0.041369617740346795,-0.04493654200865228,0.3920169672658138,-0.013350094214407672,99.0,-0.024486068325062
-4.857142925262451,0.865306138992309,10,-0.02048623399627024,0.378474028951856,0.03342478223196742,-0.191834431478819,0.3130929759123763,0.022921220197703304,99.0,-0.011309117646023114
-4.857142925262451,0.887755095958709,10,-0.06812729261373125,0.3681250484900043,0.05564356654394315,-0.10083659984855799,0.32046769954249044,-0.03990503371552829,99.0,-0.03112609088217269
-4.857142925262451,0.910204052925109,10,-0.09787627602152588,0.39934283646444146,0.029529356584168283,-0.08630483781348985,0.3552376033616853,-0.07355300186127664,99.0,-0.045296639533296365
-4.857142925262451,0.932653069496154,10,-0.017339908058208908,0.33479957557260837,0.02491269245129809,-0.15839708256377086,0.2630686470397924,0.034192249230415334,99.0,-0.009133848234722745
-4.857142925262451,0.955102026462554,10,-0.006354248213433555,0.36730272066593406,0.05002647090714437,-0.12690294909039462,0.29831903175147023,0.046504601854526276,99.0,-0.0014618662561333145
-4.857142925262451,0.977551043033599,10,-0.02538945753636225,0.37556447883981225,0.025913160564997203,-0.1475868911208459,0.29745221229402286,0.02559094627515251,99.0,-0.013312984889891022
-4.857142925262451,1.0,10,-0.10472127397780359,0.4065585835257524,0.04044713661859003,-0.2762316898699407,0.33182382358484025,-0.07470498221365648,99.0,-0.046128043015947154
-4.63265323638916,-0.100000001490117,10,-0.026866188783779173,0.8098451690796145,0.11418926630929448,-0.3859086015470222,0.7928361617947115,-0.0002617899495583973,99.0,-0.020701254698637477
-4.63265323638916,-0.077551022171975,10,-0.026155177021794807,0.8317427797530457,0.14651450727860663,-0.41322385683204804,0.8051067368190669,-0.00025049480496844995,99.0,-0.01828329435217269
-4.63265323638916,-0.055102042853833,10,-0.05225267696149116,0.8287040791856333,0.13779481944652364,-0.39080201610264365,0.8127083333296004,-0.02796302763474723,99.0,-0.0377760789682624
-4.63265323638916,-0.032653063535691,10,-0.0631051351574101,0.7726582848836947,0.13215830761106864,-0.4081732378919252,0.7579167617284017,-0.04103795093965609,99.0,-0.04481434905083927
-4.63265323638916,-0.010204084217549,10,-0.00602856513046774,0.7124894697256068,0.13245371426718133,-0.35081212288021824,0.6891445437586299,0.02149423414811487,99.0,-0.001743320611246487
-4.63265323638916,0.012244895100593,10,-0.04062427872908124,0.7130634064365728,0.11396811452861828,-0.33516910687283463,0.7021213898704607,-0.01626597920063185,99.0,-0.028312860572898224
-4.63265323638916,0.034693874418735,10,-0.04399195581514933,0.7290387808835403,0.11718485890861888,-0.3600328914457881,0.725184706941964,-0.021121966483513548,99.0,-0.0315863283466981
-4.63265323638916,0.057142853736877,10,-0.05345565154186302,0.7160169425779703,0.10157219396566516,-0.3149813543100541,0.7133473578446079,-0.0317436386633298,99.0,-0.03550995753260835
-4.63265323638916,0.079591833055019,10,-0.049860083816358355,0.6532041074069576,0.11231273603363533,-0.3409296603081138,0.6345327278873502,-0.026727011140863892,99.0,-0.035489179351613484
-4.63265323638916,0.102040812373161,10,-0.00580966823370728,0.677995400551739,0.10252074575267928,-0.26060089022818356,0.6842873258423323,0.024266891709718005,99.0,-0.003152312981218858
-4.63265323638916,0.124489791691303,10,-0.07453383836020464,0.6461508151985146,0.09551195372931758,-0.26342707371512697,0.6500812891095964,-0.05695727016587888,99.0,-0.05041612763372103
-4.63265323638916,0.146938771009445,10,-0.06874567935123772,0.5965016542341435,0.08110216166648938,-0.28684145740453815,0.6075133982411556,-0.050141941559158736,99.0,-0.04419870663561536
-4.63265323638916,0.169387757778167,10,-0.05134814336415683,0.5890261998313066,0.0663933607300322,-0.19787114172508008,0.6128863971128573,-0.030578782458266583,99.0,-0.03436850819868186
-4.63265323638916,0.191836729645729,10,-0.07035719308126516,0.6305278098245222,0.09809109776441956,-0.30120129645068794,0.6328129231928414,-0.051202012528169416,99.0,-0.04643646965030105
-4.63265323638916,0.21428570151329,10,-0.10266587028551712,0.6023882704500503,0.09271751604749696,-0.296516030537323,0.6008030372033817,-0.08743411999314402,99.0,-0.0630450650279242
-4.63265323638916,0.236734688282012,10,-0.09958846541065672,0.6088587090828204,0.10764787898554988,-0.3328698651666174,0.6123261912770884,-0.08464471907721595,99.0,-0.06037738276495354
-4.63265323638916,0.259183675050735,10,-0.03881802039779031,0.5654481030116253,0.10025596221132632,-0.2632631580099321,0.5608072323111545,-0.013582377608991295,99.0,-0.024187378871512635
-4.63265323638916,0.281632661819458,10,-0.001304958724174998,0.6077833345515162,0.08781664417474937,-0.25643181757517614,0.6304700127029208,0.030042034204434236,99.0,-0.0012449671897724556
-4.63265323638916,0.304081618785858,10,-0.039540828588813096,0.6449568640900545,0.10608065292815418,-0.3032251503254499,0.6551249874419509,-0.014190119487087028,99.0,-0.025774196469847112
-4.63265323638916,0.32653060555458,10,-0.12227971034228637,0.5399647279551084,0.10657388583554689,-0.2562524242755938,0.539585737193934,-0.11297059688838026,99.0,-0.0807620467216285
-4.63265323638916,0.348979592323303,10,-0.07532520939899731,0.5658253251055374,0.08921108158627335,-0.2433011239551129,0.5695996655488768,-0.056014460150500635,99.0,-0.046029924359141064
-4.63265323638916,0.371428549289703,10,-0.04217815294573457,0.5781490393437958,0.09313220323334041,-0.3070372803783449,0.5724185077376195,-0.017939674935041762,99.0,-0.022645783914485268
-4.63265323638916,0.393877536058425,10,-0.06466367958429436,0.5234350283391631,0.09271981339937818,-0.28956305020821926,0.5332318146637388,-0.044324962701948994,99.0,-0.04219986445397071
-4.63265323638916,0.416326522827148,10,-0.037999439129588884,0.5386183115442368,0.08299837971671509,-0.2692302715177506,0.5430099231429091,-0.014471509561491347,99.0,-0.02228229537286031
-4.63265323638916,0.438775509595871,10,-0.10715292664223378,0.6707798984346327,0.0920668479091893,-0.2563116304151575,0.6778279554717783,-0.09152160790808868,99.0,-0.06909829810006288
-4.63265323638916,0.461224496364593,10,-0.034865376892781186,0.5967390284910747,0.08515334302775213,-0.23927847197069438,0.6090049751675901,-0.00694636346463413,99.0,-0.02230591653151317
-4.63265323638916,0.483673483133316,10,-0.09530468680693716,0.5239606070039345,0.0877792995333612,-0.23313710292243195,0.5154116963824591,-0.07818457544938145,99.0,-0.05662687850930217
-4.63265323638916,0.506122469902038,10,-0.09881164120862633,0.49057318740807376,0.07634130898988421,-0.2499910102747263,0.4955636426784531,-0.08629012288848895,99.0,-0.06024696268357812
-4.63265323638916,0.528571426868438,10,-0.021910105465117763,0.5589236996886964,0.08769162182878398,-0.2535963766982379,0.5677564005598571,0.006882627409396755,99.0,-0.013973089038319661
-4.63265323638916,0.551020383834838,10,-0.08726160279669956,0.6094196682704228,0.08769006079703116,-0.2992203362174177,0.6387935698019285,-0.07179730505797496,99.0,-0.05036181190036739
-4.63265323638916,0.573469400405883,10,-0.0709942625560325,0.5071831886900058,0.07714010747817854,-0.21839044632385451,0.4942458476425052,-0.04896543309139036,99.0,-0.04230801581776687
-4.63265323638916,0.595918357372283,10,-0.06364852788433738,0.48850043811589144,0.0709052093245878,-0.2286122065147911,0.4841443777034421,-0.03955673019405001,99.0,-0.038158100510220935
-4.63265323638916,0.618367373943328,10,0.026255429970438053,0.5128345495428291,0.06685134736773313,-0.17413539724154595,0.5101790123685985,0.06729219673407935,99.0,0.014210018136821212
-4.63265323638916,0.640816330909729,10,-0.03476614524391825,0.543411586547704,0.08571847829628527,-0.3008377653781391,0.5403808464759615,-0.005557010933330636,99.0,-0.019673802325868094
-4.63265323638916,0.663265287876129,10,-0.041834755229893064,0.5738352672771735,0.08839715750845042,-0.29941810245146033,0.556743153529254,-0.010912714234794889,99.0,-0.023605533507902905
-4.63265323638916,0.685714304447174,10,-0.045361987591838994,0.5211447989223537,0.06299493040629132,-0.22887314793891106,0.525504934015997,-0.011777498435125978,99.0,-0.023677048449370675
-4.63265323638916,0.708163261413574,10,-0.07009645312660023,0.4588568699380928,0.07604176794238127,-0.23200069026069525,0.4427485457440272,-0.04628181789855398,99.0,-0.04301840070924512
-4.63265323638916,0.730612277984619,10,-0.03004949487128626,0.5632111935569007,0.08429196954229755,-0.24324061995842297,0.5693512008241303,0.002108157648855021,99.0,-0.0157347366109399
-4.63265323638916,0.753061234951019,10,-0.010956767253002556,0.558887605861535,0.07263223835468008,-0.24656117820300194,0.5523493111771139,0.02919787536166125,99.0,-0.005490542298122585
-4.63265323638916,0.775510191917419,10,-0.06582069069384913,0.564710839198817,0.06992038499637881,-0.19822019341751135,0.5486001405107264,-0.039708911841911276,99.0,-0.03667890296901665
-4.63265323638916,0.797959208488464,10,-0.05301046292336677,0.5573490728211732,0.07776647755877494,-0.2505526571668518,0.5333649366051,-0.017625829648669197,99.0,-0.02534549790904616
-4.63265323638916,0.820408165454864,10,-0.08233807143394398,0.5489794396196356,0.0763694536878475,-0.30136454092702814,0.530184056873112,-0.05928610825403738,99.0,-0.045906599987463055
-4.63265323638916,0.842857122421264,10,-0.14271631605613394,0.43373734473776937,0.06867003954035805,-0.2729995537042862,0.4001920934996659,-0.1329051189341825,99.0,-0.07871851745550167
-4.63265323638916,0.865306138992309,10,0.04228224751713676,0.4919592986787124,0.07132635954922299,-0.20385180852327955,0.4944046570423971,0.09471378559119106,99.0,0.02392263850805393
-4.63265323638916,0.887755095958709,10,-0.09930945325008078,0.5271378282124177,0.07467784437047408,-0.28007835854694857,0.548803157208626,-0.08624705937780805,99.0,-0.055816684201311195
-4.63265323638916,0.910204052925109,10,-0.05918755275229873,0.5470679281872163,0.06317220258905519,-0.17841045492972402,0.5670199101002088,-0.033274560907822874,99.0,-0.035119237951029926
-4.63265323638916,0.932653069496154,10,-0.027845417504799845,0.4344195396613949,0.04157991481674484,-0.1231359468939833,0.39930987601435636,0.006743044260413174,99.0,-0.01557877760434058
-4.63265323638916,0.955102026462554,10,-0.037444575467401944,0.46019026382285544,0.06155245661276522,-0.1824313876284479,0.4375746040284685,-0.0016422857068161545,99.0,-0.018559312297023643
-4.63265323638916,0.977551043033599,10,-0.04187321208693382,0.5251581732422094,0.05886697276702267,-0.2931163901854437,0.5012189823863347,-0.003502320837619602,99.0,-0.018594966708067574
-4.63265323638916,1.0,10,0.009201859108204619,0.4778910271565738,0.06077118633985728,-0.19532427815772863,0.45392138039028856,0.05384258510611359,99.0,0.004308387788001673
-4.408163070678711,-0.100000001490117,10,-0.05478192323458302,0.8453217735378116,0.13262377620374344,-0.41573569664793275,0.8195093847839834,-0.03174831935113231,99.0,-0.040155236003945785
-4.408163070678711,-0.077551022171975,10,-0.04925747868590204,0.8215010501148885,0.12089484818109009,-0.42026156488516353,0.7876861809020077,-0.02483698995198809,99.0,-0.03492834863334206
-4.408163070678711,-0.055102042853833,10,-0.01724015602151909,0.8092318022450423,0.13944487133339126,-0.4231674334409836,0.7762958070103514,0.007391986782305987,99.0,-0.013702142238554565
-4.408163070678711,-0.032653063535691,10,-0.03467115308459166,0.799827474088143,0.1311175810587952,-0.44643111745305053,0.7663151913813875,-0.012243736820184106,99.0,-0.025376574693751035
-4.408163070678711,-0.010204084217549,10,-0.027033318469895613,0.7871275477758495,0.14078999493944194,-0.4102456469732073,0.7805802566221096,-0.0046890186563479305,99.0,-0.019731005227991046
-4.408163070678711,0.012244895100593,10,-0.013652179844901125,0.7837944150172595,0.1241233645763502,-0.43533120849585055,0.7678209505332695,0.010640396988096847,99.0,-0.008775708527253023
-4.408163070678711,0.034693874418735,10,-0.03119562529636393,0.7586760239081899,0.13961104388063952,-0.4183750961748332,0.7528384567025929,-0.009216421676178196,99.0,-0.021724527808198467
-4.408163070678711,0.057142853736877,10,-0.026051019822407373,0.7083905024596124,0.12827643620326792,-0.3922908925547239,0.6936246603830775,-0.004134616455179246,99.0,-0.017560255667397367
-4.408163070678711,0.079591833055019,10,-0.07713360112177008,0.6919058352476937,0.13432815961010022,-0.4492143267169008,0.6754703179617235,-0.059633399046215826,99.0,-0.05677633859740592
-4.408163070678711,0.102040812373161,10,-0.022169079126445893,0.7091819972336175,0.12079203444185632,-0.3812721132582671,0.7192101754580535,-0.0006539749710903868,99.0,-0.01657269036385369
-4.408163070678711,0.124489791691303,10,0.01698107901186845,0.745507009958172,0.11994068245505397,-0.35111380032885453,0.7467252493439298,0.042265554197019696,99.0,0.009585133165231439
-4.408163070678711,0.146938771009445,10,-0.041124566345499644,0.6986122242869359,0.10557038836498189,-0.35502986083734756,0.7259334786067266,-0.021652811786174196,99.0,-0.02935466347183622
-4.408163070678711,0.169387757778167,10,-0.029690277794168635,0.676764109562622,0.11786866364675468,-0.35430795208203053,0.6804672051121734,-0.008156992406846725,99.0,-0.021750256607230494
-4.408163070678711,0.191836729645729,10,-0.07067845626105805,0.6551338283096008,0.1215880416631293,-0.3883621813182209,0.6512197539635448,-0.05506799587153449,99.0,-0.0529726908154862
-4.408163070678711,0.21428570151329,10,-0.08367922264665803,0.6688799642000869,0.11230087713753842,-0.34504620959550847,0.6839311132104013,-0.07142086994139972,99.0,-0.06329519589718793
-4.408163070678711,0.236734688282012,10,-0.09614456541871708,0.6356080774759792,0.10689296520236277,-0.36606133961920084,0.6412204136039032,-0.08359427420714625,99.0,-0.07076892008304753
-4.408163070678711,0.259183675050735,10,-0.028019047115553933,0.6267424142958106,0.1073480257835484,-0.3110329751099383,0.6317636337491221,-0.007336741511745192,99.0,-0.020980745523694368
-4.408163070678711,0.281632661819458,10,-0.11186898770701598,0.649320495440791,0.1013599155351614,-0.33065031227728126,0.6510207714451864,-0.10096615660464395,99.0,-0.07935934847565795
-4.408163070678711,0.304081618785858,10,-0.06285925849032416,0.6166481587277606,0.11362156246790357,-0.3249010925865375,0.6220577542903438,-0.04671811810858589,99.0,-0.046339266069438646
-4.408163070678711,0.32653060555458,10,-0.09609302237219253,0.6004616774604361,0.11311158729546592,-0.3781437930712097,0.5988962756616057,-0.08381755042353854,99.0,-0.06698876802116746
-4.408163070678711,0.348979592323303,10,-0.04876780573228024,0.6348812477299424,0.11213485090006584,-0.314512484742721,0.6363711994561453,-0.027996171602768034,99.0,-0.033297651094707094
-4.408163070678711,0.371428549289703,10,-0.043163854063768506,0.6456569535112286,0.1255393054485416,-0.39933020859568347,0.6438263274142599,-0.022761151166375816,99.0,-0.03116681826360653
-4.408163070678711,0.393877536058425,10,-0.09927460838876392,0.6384917161103845,0.11103286982481855,-0.39709456711660035,0.6419127005359547,-0.08707327472698376,99.0,-0.0720757878074048
-4.408163070678711,0.416326522827148,10,-0.05803885842050037,0.6159454307074383,0.10758007601182874,-0.36323078322244345,0.6235692931235725,-0.040310962838649635,99.0,-0.04287594448988894
-4.408163070678711,0.438775509595871,10,-0.05520812277748636,0.6473961969007915,0.10079690490651758,-0.3083979712230478,0.6597074635777893,-0.03764105451820314,99.0,-0.03849296324263317
-4.408163070678711,0.461224496364593,10,-0.018078354384225448,0.5912265645589161,0.09640217069073397,-0.34704116677855684,0.5836178931647593,0.006904309482642186,99.0,-0.01220541427870148
-4.408163070678711,0.483673483133316,10,-0.06828322468663109,0.6922083568948256,0.10071416765201374,-0.3350441016114546,0.7053450010863811,-0.05131274404705881,99.0,-0.048388672136971456
-4.408163070678711,0.506122469902038,10,-0.05887552374634129,0.6020297988519918,0.09628823129059429,-0.3240265926753333,0.622242576867303,-0.041488538886370226,99.0,-0.03997195322593032
-4.408163070678711,0.528571426868438,10,-0.05470614617273793,0.5620359954332597,0.09887815472638732,-0.303068266948911,0.5603326835236827,-0.03593113377627506,99.0,-0.03707576509786418
-4.408163070678711,0.551020383834838,10,-0.05842224416140372,0.6291376361250889,0.10453724212815554,-0.28310782821290753,0.6211501509306523,-0.0388562824921279,99.0,-0.04145586745906764
-4.408163070678711,0.573469400405883,10,-0.08028505098515132,0.5783050245572342,0.09026442312663616,-0.3161487063663939,0.5948042944768333,-0.0667180536903987,99.0,-0.05512797563029583
-4.408163070678711,0.595918357372283,10,-0.062754071293573,0.629583149398243,0.09710327755971229,-0.3213587140307695,0.64607217992193,-0.04402465993339852,99.0,-0.03748240051494016
-4.408163070678711,0.618367373943328,10,-0.0509981760399066,0.6265934870399668,0.09853669164784921,-0.29394990497492357,0.6393428058218742,-0.032037084521369524,99.0,-0.032934458153761136
-4.408163070678711,0.640816330909729,10,0.04287651134026253,0.5963893548308087,0.10873096888274765,-0.3517692188925634,0.6112816663438914,0.08038527060747455,99.0,0.02878503427056266
-4.408163070678711,0.663265287876129,10,-0.04955952330722381,0.6422749001570822,0.09295196711990765,-0.3435209061956121,0.6600713137442269,-0.029352618690206986,99.0,-0.0330892555245625
-4.408163070678711,0.685714304447174,10,-0.10239262185704738,0.579654279670099,0.08221991999770198,-0.2704365766813845,0.5871213731794779,-0.09074026398640027,99.0,-0.0692124503018371
-4.408163070678711,0.708163261413574,10,-0.046488252882043765,0.665361603925236,0.10638892023203785,-0.3783264148516753,0.6768084754322443,-0.025267264993216458,99.0,-0.029259377783739417
-4.408163070678711,0.730612277984619,10,-0.026907153418788302,0.5707351726171301,0.09716970268983553,-0.34814699681649636,0.5737330817080539,-0.0029313549353034343,99.0,-0.02022139728716258
-4.408163070678711,0.753061234951019,10,-0.11244846927142149,0.5740136295629826,0.0788421439341334,-0.24627969049505405,0.5850895013346646,-0.10269212866976311,99.0,-0.07780274007660135
-4.408163070678711,0.775510191917419,10,-0.10398848296854364,0.6303475767946496,0.08633076671104227,-0.27288289009887257,0.6478019928437633,-0.09228184393610508,99.0,-0.06995979593183392
-4.408163070678711,0.797959208488464,10,-0.04502166194982074,0.6586914579480903,0.09653907948130949,-0.3242047255309386,0.6755105691096588,-0.022510180370675058,99.0,-0.028018998838434346
-4.408163070678711,0.820408165454864,10,-0.056343215097594164,0.5058739467304099,0.07758330872717376,-0.21393254462896882,0.4962382232906506,-0.03443776935562884,99.0,-0.03677866500675004
-4.408163070678711,0.842857122421264,10,-0.055541263937145736,0.5713220632555316,0.11712898077392418,-0.38078589894112436,0.5455456332948017,-0.030623425235040923,99.0,-0.03534961100379278
-4.408163070678711,0.865306138992309,10,-0.030103489142708995,0.5830708559590241,0.1041552601196508,-0.3277502424762788,0.5784045919454901,-0.0054983346292942145,99.0,-0.02128735485066111
-4.408163070678711,0.887755095958709,10,-0.06960086015867384,0.5684627852066775,0.0931575324226014,-0.2812548990828039,0.5778058430238606,-0.050854838284430916,99.0,-0.044939206231331234
-4.408163070678711,0.910204052925109,10,-0.004357237539549464,0.6045984635119963,0.08121724168655572,-0.24762384017931027,0.6068168804941969,0.028360093670321638,99.0,-0.0026245369932542235
-4.408163070678711,0.932653069496154,10,0.0014450965129548382,0.5164322546432552,0.08710258267472495,-0.2343459070178883,0.517335539804454,0.03368964366896755,99.0,0.002870410827546127
-4.408163070678711,0.955102026462554,10,0.01722684017133705,0.558259768433135,0.093686793604477,-0.2688983370765735,0.5330699229079752,0.05234977594564524,99.0,0.009125171006603082
-4.408163070678711,0.977551043033599,10,-0.11448416465746916,0.5487606500385516,0.0796403622273888,-0.274118188290897,0.5459869822215888,-0.10282022442197664,99.0,-0.07198643389620948
-4.408163070678711,1.0,10,-0.08584471716850592,0.4912427429106302,0.08837778019462014,-0.20379549909556077,0.4741992654247449,-0.06818841527559752,99.0,-0.055607445209569985
-4.18367338180542,-0.100000001490117,10,-0.011132154996784872,0.8365004609003621,0.13771422135767852,-0.3899693271741786,0.8114931815934768,0.014242346268532689,99.0,-0.007688713862528983
-4.18367338180542,-0.077551022171975,10,-0.03884236374135395,0.8527553774030613,0.12720649848930363,-0.39670325155244646,0.8423741920280556,-0.016525870206776087,99.0,-0.030868588351548813
-4.18367338180542,-0.055102042853833,10,-0.04064017950907349,0.8354037964127727,0.1291241147932202,-0.4082892376647308,0.8185364993758466,-0.018173899941722683,99.0,-0.03383108981021511
-4.18367338180542,-0.032653063535691,10,-0.009260533718468314,0.8043157752163903,0.1483370836215259,-0.45354719610888866,0.7725814094347256,0.014039941123335058,99.0,-0.01141190091019219
-4.18367338180542,-0.010204084217549,10,-0.02108208540111412,0.8076601975180935,0.13734042205228467,-0.44239819408334274,0.790144008474511,0.0015208874275767711,99.0,-0.01652547186810784
-4.18367338180542,0.012244895100593,10,-0.03911875781875523,0.8127212309965652,0.14347094716117464,-0.4636973230515023,0.8065838253118056,-0.019638541046911685,99.0,-0.030896563261142374
-4.18367338180542,0.034693874418735,10,-0.05786020734845773,0.7836733413608465,0.13504553684193124,-0.3805826392455889,0.7768631584629329,-0.03951526357595028,99.0,-0.04519355836221186
-4.18367338180542,0.057142853736877,10,-0.03479815794884633,0.7411713392419043,0.1334150955934202,-0.43918877835643283,0.7411515335271812,-0.014419792209808959,99.0,-0.02564699561338757
-4.18367338180542,0.079591833055019,10,-0.022943876400952565,0.748204345898256,0.13426378877179362,-0.4218356529397541,0.7642040571736374,-0.0038131383276843664,99.0,-0.019165199209990835
-4.18367338180542,0.102040812373161,10,-0.049981182051294315,0.7149526435814751,0.12744268725777905,-0.4145372597198828,0.7223719917344491,-0.0325334946898479,99.0,-0.03668422939259258
-4.18367338180542,0.124489791691303,10,-0.08120870714646304,0.699266426968959,0.11815356373335709,-0.40313398418920304,0.7025253919163001,-0.06755298460985516,99.0,-0.06412663904775315
-4.18367338180542,0.146938771009445,10,-0.1172496526142989,0.708056731406776,0.1232376270865757,-0.39834764503700637,0.7247309925282936,-0.10977215442629393,99.0,-0.09125511690309081
-4.18367338180542,0.169387757778167,10,-0.05399526743560716,0.7129006785780447,0.13278674713114988,-0.4095357328983642,0.7181862570628359,-0.03956998312033764,99.0,-0.04481068506897683
-4.18367338180542,0.191836729645729,10,-0.07578940505112519,0.7043879560862414,0.1286127327525532,-0.43597694285430977,0.7055318064495446,-0.0625328345223376,99.0,-0.06098970129265624
-4.18367338180542,0.21428570151329,10,-0.09504676157785164,0.7008226455564278,0.11858684098800122,-0.37299788132195744,0.7150727787332626,-0.08495033492201819,99.0,-0.07529460160197747
-4.18367338180542,0.236734688282012,10,-0.09276564641880927,0.6655622918648836,0.12588113864671796,-0.4273018744187336,0.665930563845948,-0.08106474568698233,99.0,-0.07340874340425041
-4.18367338180542,0.259183675050735,10,-0.10210171746215965,0.6615700332029326,0.13188146849808613,-0.3893566429963231,0.6673356642629742,-0.09231588283584692,99.0,-0.08164521709327274
-4.18367338180542,0.281632661819458,10,-0.12453349822168054,0.684500893187577,0.131969273808399,-0.4290399684418197,0.6872316967114601,-0.1161796258967174,99.0,-0.09866492154157958
-4.18367338180542,0.304081618785858,10,-0.048546880967339806,0.6773952384488792,0.11644280575660206,-0.3645120400283767,0.6861579346727459,-0.03183090911825662,99.0,-0.03659126190526725
-4.18367338180542,0.32653060555458,10,-0.10607776121675924,0.64428518374708,0.11324015105803918,-0.3864061250857837,0.6461816848986806,-0.09626909464845326,99.0,-0.08152387493873099
-4.18367338180542,0.348979592323303,10,-0.059197087732346956,0.6238640860594831,0.126481118287321,-0.42160503237954083,0.6235393529697636,-0.04390728656606208,99.0,-0.04624008275597202
-4.18367338180542,0.371428549289703,10,-0.13451443061177057,0.6589891477433187,0.10368260681263025,-0.3672716351612323,0.6690719727069366,-0.12897036436304657,99.0,-0.1061762677421461
-4.18367338180542,0.393877536058425,10,-0.1584287943950311,0.6455004209761132,0.11845502508169144,-0.37727501040082595,0.6512711936833648,-0.15472214672959583,99.0,-0.12165989842541239
-4.18367338180542,0.416326522827148,10,-0.14583641313368767,0.6667927619297493,0.10683076538087334,-0.3528765626563783,0.6778316802899156,-0.14136334605517384,99.0,-0.11196662351841995
-4.18367338180542,0.438775509595871,10,-0.06726519699113687,0.633080156799081,0.11616214066878704,-0.38078264050117994,0.6386361007359185,-0.05387747189066848,99.0,-0.050898962017367766
-4.18367338180542,0.461224496364593,10,-0.1026180881754132,0.6721992735067898,0.1236921648218868,-0.3704368964252398,0.6751973098999309,-0.09160046045620326,99.0,-0.07820465577288233
-4.18367338180542,0.483673483133316,10,-0.03009662384044533,0.6680202393023045,0.10439080007384312,-0.3738730178944196,0.6639764822505368,-0.01113117013192771,99.0,-0.02143480127764911
-4.18367338180542,0.506122469902038,10,-0.11039354021266257,0.6483852028310078,0.10388170289903832,-0.32652432245313767,0.6616345314476334,-0.10203168626228647,99.0,-0.08349235935344493
-4.18367338180542,0.528571426868438,10,-0.07161434389235238,0.6670458763145641,0.11653293787004576,-0.3922426174179815,0.6768582806745502,-0.05852804540570713,99.0,-0.055527096200789085
-4.18367338180542,0.551020383834838,10,-0.07426272671683648,0.6320174889779311,0.101905973908423,-0.34575590078378104,0.6405961426575033,-0.060607775927890836,99.0,-0.05490270399727892
-4.18367338180542,0.573469400405883,10,-0.10507909862739567,0.6329798082786139,0.12698201789055127,-0.43448263446236646,0.6282498356683481,-0.09395740187134546,99.0,-0.08033299047570662
-4.18367338180542,0.595918357372283,10,-0.0896253627034345,0.6541862755902397,0.10211142041860684,-0.3876086089088194,0.6581933507809296,-0.07694056110308069,99.0,-0.06854742945867875
-4.18367338180542,0.618367373943328,10,-0.07802822794585315,0.6094147580173443,0.11743329763554099,-0.3931184191247226,0.6036556120786403,-0.06394094610261047,99.0,-0.060665174974788585
-4.18367338180542,0.640816330909729,10,-0.06174892496062954,0.638172841267722,0.11168444737688654,-0.3715740509918052,0.6414753718782792,-0.04662080304467177,99.0,-0.04967526408336508
-4.18367338180542,0.663265287876129,10,-0.048296249412288716,0.6459510304179548,0.11504614064356973,-0.33982287072741624,0.6577777775313132,-0.031832960968231586,99.0,-0.03782987673852022
-4.18367338180542,0.685714304447174,10,-0.030278239554874208,0.6376278830722844,0.1136953066528568,-0.39022797123010977,0.6300759931094606,-0.01131862373694124,99.0,-0.023924777971911934
-4.18367338180542,0.708163261413574,10,-0.04155564824407326,0.6271010334329541,0.12379412340620759,-0.3917910308346958,0.6176990860593132,-0.02353496289329174,99.0,-0.030705703142723372
-4.18367338180542,0.730612277984619,10,-0.0780893463274099,0.6712482250565945,0.11714218770351939,-0.3911006020393966,0.6634501696261093,-0.06238477047645971,99.0,-0.05888493324197941
-4.18367338180542,0.753061234951019,10,-0.08483739330500259,0.6204698251676346,0.10084165458868108,-0.37326777408647943,0.625735381468394,-0.07122695858866336,99.0,-0.05912542249812207
-4.18367338180542,0.775510191917419,10,-0.11938578032720222,0.5776956117657889,0.09616832644044969,-0.33785695111352315,0.5817038324684708,-0.11143965594619493,99.0,-0.08755567256002514
-4.18367338180542,0.797959208488464,10,-0.044026739361872874,0.675837587270655,0.11682938415603883,-0.4220483980800059,0.6905937367170039,-0.026046396694955586,99.0,-0.032695455468650644
-4.18367338180542,0.820408165454864,10,-0.0491413474305082,0.6308392781788781,0.10840696634380775,-0.31348723586657956,0.6293795655156096,-0.029657779755812866,99.0,-0.03502409743389855
-4.18367338180542,0.842857122421264,10,-0.04727343854153704,0.6000313773782702,0.11085632830656951,-0.3039593223890299,0.5964514427747196,-0.027646518150633362,99.0,-0.03342724995648928
-4.18367338180542,0.865306138992309,10,-0.024959576576762385,0.6135913936209164,0.12263691115653794,-0.36159188810338283,0.6048811174322704,-0.0032037631858438526,99.0,-0.020219205430413324
-4.18367338180542,0.887755095958709,10,-0.12404280391426734,0.5973322710713014,0.10119352532166412,-0.33685754572509063,0.6157625403885933,-0.119111882202658,99.0,-0.091008238310991
-4.18367338180542,0.910204052925109,10,-0.07389043271823593,0.6373278105937237,0.10666493998931305,-0.33928244792508905,0.6434935039606644,-0.05853336084174797,99.0,-0.056249376159429654
-4.18367338180542,0.932653069496154,10,-0.10948137463196034,0.6323640668273082,0.12122358884844582,-0.4150970585313174,0.6333967077320557,-0.09770819212021556,99.0,-0.0776022576949462
-4.18367338180542,0.955102026462554,10,0.001251727383173376,0.6561585403507404,0.11044197998410492,-0.29365329156907216,0.6629868102825601,0.02772669454551005,99.0,0.002692984435766895
-4.18367338180542,0.977551043033599,10,0.0068759141301092674,0.5952968763547329,0.10215922318982319,-0.38706933652678877,0.5968828986967665,0.0333383108870168,99.0,0.004515634811027817
-4.18367338180542,1.0,10,-0.027962261120991344,0.6059965392222314,0.10926618803580952,-0.3380846271064832,0.6087354998052843,-0.00585364246816732,99.0,-0.020387183358887163
-3.959183692932129,-0.100000001490117,10,-0.05348665923510511,0.8671411500172332,0.12941682238124816,-0.41261358943755516,0.8519020438969152,-0.030612854101092435,99.0,-0.04110991476759213
-3.959183692932129,-0.077551022171975,10,-0.09775039456329901,0.872060703718395,0.12748829321151606,-0.38135966569948865,0.8400913402820847,-0.07764275914774554,99.0,-0.07482155560220108
-3.959183692932129,-0.055102042853833,10,-0.06279967893314445,0.8488328137607198,0.14334421665616845,-0.4352474075373484,0.8262514823555531,-0.04249538687438796,99.0,-0.049670848898745776
-3.959183692932129,-0.032653063535691,10,-0.048900704263396946,0.8586197367867401,0.14237778955397387,-0.417664921357212,0.8486127908260612,-0.028757465186568555,99.0,-0.036606294823449737
-3.959183692932129,-0.010204084217549,10,-0.046050488149782375,0.8383888087424267,0.1373378854305284,-0.4111902361821908,0.8271358019712728,-0.027309644270426855,99.0,-0.03769301250864489
-3.959183692932129,0.012244895100593,10,-0.006893842690604644,0.8084531847462466,0.14688813312876628,-0.4541569650543633,0.7918504282975056,0.014680478621351696,99.0,-0.0044058639035826404
-3.959183692932129,0.034693874418735,10,-0.020941707389433264,0.76901685459804,0.14384509453413732,-0.4477561216485701,0.7572553879300183,-0.0010596323605371744,99.0,-0.016350560962022788
-3.959183692932129,0.057142853736877,10,-0.10851847189639571,0.79322317391598,0.14958564219256998,-0.45177004898006273,0.7922996879874769,-0.09616439737851103,99.0,-0.08748314889204865
-3.959183692932129,0.079591833055019,10,-0.027964366227043683,0.7376601608920053,0.13877934848447362,-0.4442399321903319,0.7381393192442084,-0.009146266367821086,99.0,-0.018152875018619546
-3.959183692932129,0.102040812373161,10,-0.06062087478745177,0.7481983626641484,0.14001640116070943,-0.4437025407493983,0.7435756811720439,-0.0453857915283508,99.0,-0.04882087682526357
-3.959183692932129,0.124489791691303,10,-0.029513271740977162,0.7295968279302152,0.13636446683610498,-0.46587455555857965,0.7298008077176528,-0.01273074412422735,99.0,-0.02299451858572534
-3.959183692932129,0.146938771009445,10,-0.04898625711271518,0.7207040452479421,0.13627087377926167,-0.44522180467154543,0.7242514476409578,-0.034155044064464776,99.0,-0.03824565027015414
-3.959183692932129,0.169387757778167,10,-0.07265853069979131,0.6961865640746678,0.12703319775277436,-0.3981017234062178,0.6945845306617489,-0.05890567885995082,99.0,-0.05914619454720275
-3.959183692932129,0.191836729645729,10,-0.08338194426797593,0.6799797161420053,0.11374162350878614,-0.38700492930845465,0.6842908769557393,-0.0715945961451462,99.0,-0.0649632890602352
-3.959183692932129,0.21428570151329,10,-0.1020216554918541,0.7060947710649929,0.13928792425863779,-0.4299324005305728,0.7056686443790805,-0.0919691185067441,99.0,-0.0853778031322256
-3.959183692932129,0.236734688282012,10,-0.11907822159974653,0.6886174762564152,0.12025716389127881,-0.40344167411710935,0.6995692252856568,-0.11282119671813855,99.0,-0.10019175939759577
-3.959183692932129,0.259183675050735,10,-0.062338294055955076,0.6283517810316004,0.13477826253747763,-0.42819733578651026,0.6271563509026599,-0.05021287029161417,99.0,-0.05057836602392005
-3.959183692932129,0.281632661819458,10,-0.11564527456815807,0.6599981514196581,0.11660598322755887,-0.39546929196058284,0.6611190185504907,-0.10789272498704944,99.0,-0.09657727334785712
-3.959183692932129,0.304081618785858,10,-0.0852023836328579,0.6588246532558435,0.12322405234954212,-0.41866427550630925,0.666667046273808,-0.07492999592619179,99.0,-0.06893112183603918
-3.959183692932129,0.32653060555458,10,-0.16459299667580435,0.6495372687621812,0.11324299067218058,-0.3904078325496113,0.657390539760196,-0.16264960806031897,99.0,-0.13749849731927358
-3.959183692932129,0.348979592323303,10,-0.11925575030602556,0.6242135600121839,0.10491811696980938,-0.47328428795240773,0.62401550591682,-0.11176725855666211,99.0,-0.09806397411810551
-3.959183692932129,0.371428549289703,10,-0.12142381579495698,0.6842613563532214,0.11687086061813225,-0.4049387256935747,0.6913052677770553,-0.11425635047574957,99.0,-0.09801742051832597
-3.959183692932129,0.393877536058425,10,-0.14230479964692505,0.6440741764540602,0.11895008103083692,-0.41063132771735916,0.6535871336319039,-0.13865757618804514,99.0,-0.11790382123042079
-3.959183692932129,0.416326522827148,10,-0.11791791722968298,0.6953890134419043,0.10634291508407942,-0.4189279366571633,0.7063481796325297,-0.11096938757973837,99.0,-0.0945286136812084
-3.959183692932129,0.438775509595871,10,-0.13192965861213213,0.6326693035789799,0.13081953535381974,-0.45741692796366495,0.6319942199097447,-0.12535872406643495,99.0,-0.11110707111943505
-3.959183692932129,0.461224496364593,10,-0.11216685814411712,0.6394650961468407,0.11949105189462114,-0.45373794270242274,0.6394030532246268,-0.10385522206286016,99.0,-0.09362439446883594
-3.959183692932129,0.483673483133316,10,-0.09154041721303152,0.6636542173885464,0.12591423643729419,-0.40793033367812204,0.6634619743936312,-0.08063720719134435,99.0,-0.0725828913815149
-3.959183692932129,0.506122469902038,10,-0.115388429701473,0.609607830931306,0.13431488553174803,-0.4520184307665873,0.6011341632199765,-0.10584833622014628,99.0,-0.09237322171487802
-3.959183692932129,0.528571426868438,10,-0.07418040916464674,0.6882777686288772,0.13254382396126604,-0.4533381572546892,0.6877184652246495,-0.06188598854704385,99.0,-0.06104440192512421
-3.959183692932129,0.551020383834838,10,-0.09645273096975224,0.6587372994562807,0.11529620817832001,-0.41125281645306183,0.6619994642484588,-0.0869896331888931,99.0,-0.07933456759012028
-3.959183692932129,0.573469400405883,10,-0.07640874713397455,0.6497020673354221,0.10555785426446009,-0.3553217248121224,0.6566012295271948,-0.06470354839147499,99.0,-0.05977471897422397
-3.959183692932129,0.595918357372283,10,-0.08527819770732309,0.6924929852408543,0.12573518986341248,-0.3884403349330652,0.7031241788161062,-0.07429020118545865,99.0,-0.06432576812034105
-3.959183692932129,0.618367373943328,10,-0.1298765397593692,0.6533972573285554,0.12329272678246846,-0.3521699414985094,0.66231469707623,-0.12432528095976089,99.0,-0.10295174274204892
-3.959183692932129,0.640816330909729,10,-0.10886315932816489,0.662598189592345,0.1291362299075753,-0.41271884377269624,0.6638368327133016,-0.09971983510725121,99.0,-0.0887153665920942
-3.959183692932129,0.663265287876129,10,-0.09052647897662841,0.6554983856586019,0.11694391939712911,-0.43310054043150226,0.662782336890281,-0.08070329909348259,99.0,-0.07332489635524053
-3.959183692932129,0.685714304447174,10,-0.089226386884465,0.6593238728016259,0.11119075929642189,-0.41413139110031527,0.6729109839020211,-0.07976494005223872,99.0,-0.07174797219162939
-3.959183692932129,0.708163261413574,10,-0.08248879600549144,0.6561854515792205,0.12139562139573386,-0.4349235225888497,0.6552619750033819,-0.07014197841797591,99.0,-0.06569610094308438
-3.959183692932129,0.730612277984619,10,-0.0827027035962075,0.6432083614461264,0.12559252683182864,-0.3926178208985156,0.6449031937539009,-0.07175190089924022,99.0,-0.06754883826350194
-3.959183692932129,0.753061234951019,10,-0.07618387735945498,0.6954402883956834,0.1173200863322762,-0.3946372455119824,0.6995236895363073,-0.06286436438169485,99.0,-0.06159001432576185
-3.959183692932129,0.775510191917419,10,-0.08228766229240979,0.6223534658815416,0.10998141603324128,-0.3684455498962502,0.6284284449997891,-0.0712658024578819,99.0,-0.06700250519678967
-3.959183692932129,0.797959208488464,10,-0.05491945469119529,0.6626208909236082,0.1246695901823446,-0.38132482050334615,0.6710417113242492,-0.040712100470986994,99.0,-0.04456231868161649
-3.959183692932129,0.820408165454864,10,-0.057957216708438196,0.617882060609827,0.12136544917891214,-0.39653648747194953,0.615095723639072,-0.04309995030658151,99.0,-0.04536829565926807
-3.959183692932129,0.842857122421264,10,-0.06966174115892884,0.6493273539576444,0.1193953571907696,-0.42560931640918875,0.6479780146602817,-0.055656944223029504,99.0,-0.0558147599290237
-3.959183692932129,0.865306138992309,10,-0.09171734647414552,0.6570888525355362,0.1280428496957213,-0.45594261539340203,0.6567853966634315,-0.08062669125101084,99.0,-0.07376872906118943
-3.959183692932129,0.887755095958709,10,-0.11319545080434654,0.6254168843897094,0.11002072009887665,-0.4061662165004455,0.6302243605786325,-0.1052118054286014,99.0,-0.08831377002961296
-3.959183692932129,0.910204052925109,10,-0.09312355487893703,0.6634566158852198,0.10671265917804731,-0.3442258710867346,0.6829354413998638,-0.08330801689692813,99.0,-0.07119074757714153
-3.959183692932129,0.932653069496154,10,-0.10631145019746928,0.6213981737979566,0.11291450797447082,-0.3881888284641989,0.6218424636166069,-0.0967521846236073,99.0,-0.08613882162653592
-3.959183692932129,0.955102026462554,10,-0.08701451283379,0.626257064255375,0.10321581366488068,-0.40292911086483646,0.6323534536805463,-0.07595432052820265,99.0,-0.07049237726867992
-3.959183692932129,0.977551043033599,10,-0.06151154101077004,0.6638472028687357,0.11337645553577134,-0.3949518197340396,0.6735416219738319,-0.04630225311211036,99.0,-0.0477537493678626
-3.959183692932129,1.0,10,-0.07619198977231842,0.6592777269503319,0.12701543756136105,-0.4412504749095748,0.6537086521661366,-0.062131123149447395,99.0,-0.05800284847184491
-3.734694004058838,-0.100000001490117,10,-0.061482723488933876,0.882613460463125,0.12552890893405447,-0.3647505296662201,0.8607496221789679,-0.037842984205470734,99.0,-0.04903005736874131
-3.734694004058838,-0.077551022171975,10,0.010614740834061644,0.8612829108805141,0.13860329886206124,-0.38887809509078897,0.828012367855621,0.037745261263648765,99.0,0.006002133734133712
-3.734694004058838,-0.055102042853833,10,0.018413708521759643,0.8401674784419145,0.14981250429454543,-0.44009924053666494,0.8061319515606968,0.044404713198769485,99.0,0.01622421054542972
-3.734694004058838,-0.032653063535691,10,-0.0060654938041390626,0.8449798584438504,0.15567196907020256,-0.4886278651549141,0.8228746447327568,0.015453566888140549,99.0,-0.004950031697667549
-3.734694004058838,-0.010204084217549,10,-0.033053701978460054,0.8323943863610799,0.14411042888941547,-0.43430745708291285,0.8193733683837852,-0.012159446979112573,99.0,-0.025582524550858902
-3.734694004058838,0.012244895100593,10,-0.035960259385201816,0.8506491922555395,0.14349043521726895,-0.4007842095794796,0.8480415277723267,-0.018217322740821086,99.0,-0.029126802483064217
-3.734694004058838,0.034693874418735,10,-0.028034033621132746,0.8195810706811081,0.13695402826935735,-0.45860134516516304,0.8148886463115375,-0.00971194880498815,99.0,-0.02296889563460496
-3.734694004058838,0.057142853736877,10,0.011201985549825435,0.8105521659209601,0.1429236263520483,-0.4474727532651979,0.8129723281290895,0.0319878126572548,99.0,0.007875835357779299
-3.734694004058838,0.079591833055019,10,-0.04368295099649381,0.7871616900332403,0.13668241911718848,-0.47004803777954396,0.789718051373616,-0.02756646667874249,99.0,-0.03523188035974295
-3.734694004058838,0.102040812373161,10,-0.08513433465881408,0.7609509729228138,0.1343412807285149,-0.45259418747726043,0.7607284811073319,-0.0722723222776972,99.0,-0.07012865955078158
-3.734694004058838,0.124489791691303,10,-0.08369520168576386,0.7516132152194841,0.14704317941219142,-0.4502630024085911,0.7602793527416398,-0.07263054080450371,99.0,-0.06920687771714569
-3.734694004058838,0.146938771009445,10,-0.10756221587717152,0.7140818811830922,0.14168196469708372,-0.4817413660331825,0.7155454193573905,-0.09809750436389886,99.0,-0.08958200070676646
-3.734694004058838,0.169387757778167,10,-0.08541583717681679,0.724336142775782,0.14194940571433012,-0.4739071723715093,0.7321892185362191,-0.07482770214677986,99.0,-0.0717354409324733
-3.734694004058838,0.191836729645729,10,-0.0546200988062117,0.7072350539864722,0.1471374138036873,-0.4739323396878892,0.7102064281122079,-0.04229445734878416,99.0,-0.04662199774709388
-3.734694004058838,0.21428570151329,10,-0.10590964802236631,0.6889126344407778,0.12597419391095152,-0.42972465544902927,0.6924414087400618,-0.09751342187067463,99.0,-0.08738072549210589
-3.734694004058838,0.236734688282012,10,-0.11666201905804391,0.6714164743062325,0.13520162261750412,-0.4152540021149622,0.6767457928328608,-0.10968097449746675,99.0,-0.09537356639117095
-3.734694004058838,0.259183675050735,10,-0.12175906559207698,0.662061564670735,0.12298835725639003,-0.428161889464155,0.6666903599570198,-0.11509502296309189,99.0,-0.09799336385683032
-3.734694004058838,0.281632661819458,10,-0.10803765801019624,0.7034379881994227,0.1286415273404342,-0.4263090294013405,0.709010075990373,-0.09966817721496277,99.0,-0.09124222363203782
-3.734694004058838,0.304081618785858,10,-0.1092060565039316,0.6840460138856815,0.13659465047931274,-0.45243118700988516,0.6878758540781521,-0.1014380450019257,99.0,-0.0939042095277912
-3.734694004058838,0.32653060555458,10,-0.09908440051281284,0.6382705782873515,0.1309855373460792,-0.40176713257574925,0.63851019516835,-0.09072679629334209,99.0,-0.08588847286860211
-3.734694004058838,0.348979592323303,10,-0.132251130134132,0.6739611596682933,0.14136073278909453,-0.47381530043903497,0.6743350353030095,-0.12587674158674322,99.0,-0.11337308167547895
-3.734694004058838,0.371428549289703,10,-0.12101726171483138,0.6325424180287218,0.12064393723947654,-0.4548239071149204,0.6327036317344121,-0.11428047219177748,99.0,-0.10239553578185896
-3.734694004058838,0.393877536058425,10,-0.08788613263105101,0.6419577808846435,0.13624341293265543,-0.4528609148095044,0.6425161526546876,-0.07854641638199134,99.0,-0.07559060481924347
-3.734694004058838,0.416326522827148,10,-0.07470106844458825,0.6449621772769185,0.12494529774119106,-0.4386747477595063,0.6431001185098998,-0.06340932693839262,99.0,-0.0633465616387131
-3.734694004058838,0.438775509595871,10,-0.1163493690370194,0.6288514054052016,0.12473395706492603,-0.40898116862142697,0.6301485378983438,-0.10947956721027544,99.0,-0.1001089250884097
-3.734694004058838,0.461224496364593,10,-0.08449846662784477,0.6752607588522912,0.1337714286190966,-0.452272243623748,0.6752508208346937,-0.07377526111616142,99.0,-0.07125056733252437
-3.734694004058838,0.483673483133316,10,-0.1112760062294975,0.6747031609551268,0.12876329044360707,-0.4487783862430334,0.6751553182810984,-0.10290470910479359,99.0,-0.09245331420022232
-3.734694004058838,0.506122469902038,10,-0.08878750663477622,0.6639267148838116,0.1364078369678016,-0.47160437730421534,0.6648019245763317,-0.07911638117306177,99.0,-0.07544210750303787
-3.734694004058838,0.528571426868438,10,-0.11198367039778304,0.624088008823861,0.1276462273144237,-0.47474064576201586,0.6207408621242352,-0.1036015694513431,99.0,-0.0945967316852793
-3.734694004058838,0.551020383834838,10,-0.13077515511427337,0.6316243743162275,0.11129177970113785,-0.42601853055813566,0.6311619705116507,-0.12451117580924757,99.0,-0.11077115758555336
-3.734694004058838,0.573469400405883,10,-0.1250651820895276,0.6421897266019143,0.11702980137460617,-0.4127813337862436,0.6464060899648993,-0.11929986817462933,99.0,-0.10709378069322446
-3.734694004058838,0.595918357372283,10,-0.1621798814891241,0.6358773545077494,0.12853465792442514,-0.46771585566785384,0.6393601395073485,-0.15960939658895654,99.0,-0.1392465828131832
-3.734694004058838,0.618367373943328,10,-0.12543115271647332,0.621432650772195,0.13058339051144915,-0.41817033622326605,0.6185288074661768,-0.11827232081211991,99.0,-0.10408657525858442
-3.734694004058838,0.640816330909729,10,-0.08795679785430321,0.6561142373977336,0.1382406621882873,-0.4540310153010306,0.657530633376219,-0.07824590151760054,99.0,-0.07297239820444257
-3.734694004058838,0.663265287876129,10,-0.15483863224532182,0.6729524056704805,0.125379128920533,-0.405086152621559,0.6739284464791541,-0.15014125717428933,99.0,-0.13212470521506037
-3.734694004058838,0.685714304447174,10,-0.07708043991612694,0.6690165522738873,0.11775251679045513,-0.44770890575681405,0.6727779500362092,-0.06603049584180071,99.0,-0.06393952855722121
-3.734694004058838,0.708163261413574,10,-0.10991439701880586,0.6341021007185578,0.12927308487994849,-0.4466735269863191,0.6349284532231015,-0.10202353052778418,99.0,-0.09370057352907943
-3.734694004058838,0.730612277984619,10,-0.11186414355636969,0.6422497791257865,0.13365411547467257,-0.4263951302031868,0.6426930160654286,-0.10373641797217115,99.0,-0.09368331002719257
-3.734694004058838,0.753061234951019,10,-0.09583393287394128,0.6248637312171277,0.1155019867264097,-0.4393771103504647,0.6216571971448447,-0.086131281844359,99.0,-0.08060635009147231
-3.734694004058838,0.775510191917419,10,-0.12272947004526405,0.6355016515355871,0.11708113890149625,-0.3798719324116156,0.6402739328902541,-0.1166085782808941,99.0,-0.10093060901803823
-3.734694004058838,0.797959208488464,10,-0.12796695829338955,0.6470968454313745,0.11915588594733272,-0.43019940316751637,0.6513952270919431,-0.12162241088200593,99.0,-0.10553701332063081
-3.734694004058838,0.820408165454864,10,-0.09002057976976267,0.6269486538819129,0.11788637383303655,-0.42502277997137416,0.6285937856718644,-0.07993246637540287,99.0,-0.07565129687946426
-3.734694004058838,0.842857122421264,10,-0.05282780255545835,0.6417201526193355,0.12431262302448956,-0.4702379712267943,0.6405796355024215,-0.03997019859225332,99.0,-0.044047335403803525
-3.734694004058838,0.865306138992309,10,-0.09862376173131077,0.6591714845209152,0.12602942171817977,-0.44702543183929033,0.6627947283676638,-0.08988662842974109,99.0,-0.08359358407571786
-3.734694004058838,0.887755095958709,10,-0.10240281316071985,0.6426973987794309,0.133413983283049,-0.45942407025438825,0.6403182145260772,-0.09330184459316693,99.0,-0.0851659096366412
-3.734694004058838,0.910204052925109,10,-0.09704987087184598,0.6206105874385369,0.10900850943074038,-0.39041762858723783,0.6211905449662517,-0.0880472501567336,99.0,-0.0833065668219135
-3.734694004058838,0.932653069496154,10,-0.10820688134387316,0.6738213617789133,0.13431019467666197,-0.47309177401112096,0.6758352413774322,-0.09913075904686576,99.0,-0.08955063464248347
-3.734694004058838,0.955102026462554,10,-0.10987406954768872,0.6492189066487841,0.11837030975887938,-0.4187584498849965,0.6516884450674271,-0.1015618410084253,99.0,-0.09054278054799086
-3.734694004058838,0.977551043033599,10,-0.12498240826412561,0.6232093346213112,0.1086983247132558,-0.39577560431198033,0.6242854595140915,-0.11818106661169571,99.0,-0.10230213793952576
-3.734694004058838,1.0,10,-0.10381524079378017,0.6264528116373344,0.1355669430923705,-0.4438922480414457,0.6220647453874651,-0.09473954529548609,99.0,-0.08761378634884032
-3.510204076766968,-0.100000001490117,10,-0.04611531103239186,0.8694451560758046,0.12923755393786512,-0.3520122750311707,0.8230495365331487,-0.020169895326258902,99.0,-0.032568473901407956
-3.510204076766968,-0.077551022171975,10,-0.1002058697866073,0.8792248860366091,0.13484016663468962,-0.45245672131046977,0.847596430979768,-0.07969429060585324,99.0,-0.07512305321993888
-3.510204076766968,-0.055102042853833,10,-0.05449994093459094,0.8538914961848352,0.13332696633218866,-0.41116328506456523,0.8342613097056799,-0.032623978211223925,99.0,-0.03969598377942858
-3.510204076766968,-0.032653063535691,10,0.005366765947327691,0.843618478690656,0.14146354747584516,-0.41781931208336764,0.832857263335711,0.029495716035889866,99.0,0.005117545540049398
-3.510204076766968,-0.010204084217549,10,-0.03997464913443058,0.8177339816062628,0.135291927781737,-0.40231136388234734,0.8099732920200795,-0.019849180870837077,99.0,-0.031197007123257993
-3.510204076766968,0.012244895100593,10,-0.012448483280227289,0.7889910025645234,0.1424889084799672,-0.4282344640531679,0.786130219895518,0.008700082216165417,99.0,-0.00883862930159933
-3.510204076766968,0.034693874418735,10,-0.041637532343721195,0.8147860963383742,0.15683125942189224,-0.4762176581600433,0.8082528121932151,-0.02439353108529175,99.0,-0.035148431484679464
-3.510204076766968,0.057142853736877,10,-0.056626680486899894,0.789868599420549,0.1380351237848859,-0.45541125963392887,0.7926640811676664,-0.0407399753137331,99.0,-0.042044942112914985
-3.510204076766968,0.079591833055019,10,-0.012469682664435468,0.7869174721973157,0.14203707094583884,-0.44927887356818924,0.7832398870886994,0.005526206651027108,99.0,-0.010188865133683762
-3.510204076766968,0.102040812373161,10,-0.09796394360852352,0.7434108123340837,0.13225168738899676,-0.4498514116502476,0.7611526399190001,-0.08869046331637674,99.0,-0.07851599452629923
-3.510204076766968,0.124489791691303,10,-0.11102462730337632,0.7558800609703344,0.13281009216649753,-0.4374096290412518,0.7673822912853518,-0.10218824735235074,99.0,-0.08934695862869685
-3.510204076766968,0.146938771009445,10,-0.0981523396761895,0.7453400549747767,0.13729393861476843,-0.43448470243354886,0.7527404783158127,-0.08821806702323653,99.0,-0.08080781554250557
-3.510204076766968,0.169387757778167,10,-0.1583888108240142,0.7246726709118196,0.14190091110586897,-0.47734207366234016,0.7266151279599005,-0.1535696700537565,99.0,-0.13567633930823142
-3.510204076766968,0.191836729645729,10,-0.07866759031536796,0.7461001074693945,0.14498855667328908,-0.476806205078839,0.7525613364578859,-0.06837965535828044,99.0,-0.06563160543370172
-3.510204076766968,0.21428570151329,10,-0.09653419627578552,0.7212629035019615,0.15023737098139228,-0.4881772854463851,0.7227150667962938,-0.08730658202874478,99.0,-0.08605684570970247
-3.510204076766968,0.236734688282012,10,-0.1252560810534707,0.6702776802176138,0.1336975859822219,-0.44124303853438274,0.669970036045068,-0.1186138349454689,99.0,-0.10791630344278917
-3.510204076766968,0.259183675050735,10,-0.08071869266215997,0.6663569703907113,0.12641818245688635,-0.44197223562723686,0.6684702368359511,-0.07059326317901862,99.0,-0.06864920263616078
-3.510204076766968,0.281632661819458,10,-0.128783503168317,0.6564162661129386,0.12611610894274566,-0.4505891853779604,0.6574881066624115,-0.12244555330066313,99.0,-0.10935504280560489
-3.510204076766968,0.304081618785858,10,-0.11741841545649714,0.6420714153324257,0.13875810145803394,-0.4222643649540498,0.6411261136056511,-0.11033576098073171,99.0,-0.10263534194260267
-3.510204076766968,0.32653060555458,10,-0.1504771041891907,0.6444035749336168,0.13487995542324563,-0.4552632516937868,0.6445897712128051,-0.14628694774543338,99.0,-0.13506589308704467
-3.510204076766968,0.348979592323303,10,-0.07417122472884811,0.647866176386223,0.13852005984579097,-0.4738445056737866,0.6442638648026489,-0.06358415024262676,99.0,-0.06666344548334745
-3.510204076766968,0.371428549289703,10,-0.12487741092494575,0.6221330783507599,0.1270577563812428,-0.44166558349570145,0.6226183907286454,-0.11895983460834347,99.0,-0.10826056458309681
-3.510204076766968,0.393877536058425,10,-0.14546374856695135,0.6682337367820593,0.12359990395942468,-0.4112965230208693,0.6746168703354475,-0.1415889533352893,99.0,-0.1258856309923046
-3.510204076766968,0.416326522827148,10,-0.16195634122822117,0.6374548137338859,0.12089637491874611,-0.46141960103146273,0.6376030910431463,-0.15865251166885141,99.0,-0.13866168177948565
-3.510204076766968,0.438775509595871,10,-0.1309573169371393,0.6567911434210836,0.13169181027284327,-0.4435913360907622,0.6599452130466692,-0.1257378458916285,99.0,-0.11650416289374232
-3.510204076766968,0.461224496364593,10,-0.1145361728494628,0.6649496334567153,0.1443887430621141,-0.47837039757210564,0.6663839663602573,-0.10748910686690462,99.0,-0.09930606709441367
-3.510204076766968,0.483673483133316,10,-0.14448068759600036,0.638264427125071,0.12056195123456594,-0.4458183352092308,0.6373250936763681,-0.1396662589769782,99.0,-0.12515820691777965
-3.510204076766968,0.506122469902038,10,-0.09982028397601196,0.6468149376845882,0.1250012285817592,-0.43671472812557355,0.646205011654762,-0.0913120869733238,99.0,-0.08636288919524861
-3.510204076766968,0.528571426868438,10,-0.11425175626538008,0.6491215417173162,0.1282218752526012,-0.4485779349843111,0.6482596780033072,-0.10701002043288282,99.0,-0.09908619904874352
-3.510204076766968,0.551020383834838,10,-0.13874172160308224,0.6545721254284307,0.13692650482021682,-0.47892413870874384,0.6526913337325365,-0.1330015548373706,99.0,-0.11908679021576125
-3.510204076766968,0.573469400405883,10,-0.07035585137466058,0.6403856309279614,0.12967947531727358,-0.46055894256071617,0.6393996070864894,-0.05944069064303441,99.0,-0.06326989657533287
-3.510204076766968,0.595918357372283,10,-0.12756041380243843,0.6639439823518951,0.13168295872990599,-0.44065131345749864,0.6653812064675856,-0.12143936169382283,99.0,-0.1119356036093011
-3.510204076766968,0.618367373943328,10,-0.09238008550383943,0.6339667343990596,0.1326404978009869,-0.46471235053739357,0.6321128318318096,-0.08341503158582828,99.0,-0.07722141010411568
-3.510204076766968,0.640816330909729,10,-0.11097046729952373,0.6265791797786144,0.12440183407473822,-0.4561092857927248,0.6268047385379173,-0.10375920131773611,99.0,-0.09755505830915914
-3.510204076766968,0.663265287876129,10,-0.11139807298217756,0.6531237088685495,0.12645692382188384,-0.45659036057017643,0.649292971314303,-0.10297564539593619,99.0,-0.09633619209123162
-3.510204076766968,0.685714304447174,10,-0.09487442657527372,0.638341878390909,0.1275090858455908,-0.4573087666371227,0.6374114429614044,-0.08615766332998613,99.0,-0.08270153130615562
-3.510204076766968,0.708163261413574,10,-0.16506755268084752,0.637452737314185,0.11793904462296564,-0.43317017423565085,0.6405873664631542,-0.16272433418473478,99.0,-0.14386066962401214
-3.510204076766968,0.730612277984619,10,-0.13121360503760549,0.6187305233910072,0.12942807229551787,-0.4779640803876222,0.6216946467386526,-0.12640527489102524,99.0,-0.11534240580312416
-3.510204076766968,0.753061234951019,10,-0.09346848769043967,0.6406585925213925,0.12546822230890703,-0.44902620080328537,0.6450287654385193,-0.08505393180176946,99.0,-0.08049507472737041
-3.510204076766968,0.775510191917419,10,-0.09642586470961265,0.6460015867069853,0.13454923051019813,-0.46437762880883987,0.6443803116244073,-0.08706552985634652,99.0,-0.08416128253472281
-3.510204076766968,0.797959208488464,10,-0.13248514829909078,0.6211932294810294,0.13195531452975215,-0.46115901257704006,0.6185091185214014,-0.1265015859317007,99.0,-0.11416060435381872
-3.510204076766968,0.820408165454864,10,-0.11841363237484494,0.6643032272681455,0.11597900318396528,-0.42928235861177166,0.6621965394290423,-0.11066848401392612,99.0,-0.10127665730960833
-3.510204076766968,0.842857122421264,10,-0.11766422014448885,0.6264927633940326,0.12780183494903735,-0.47896961141621563,0.621101494326935,-0.10953294670133215,99.0,-0.09924233322773633
-3.510204076766968,0.865306138992309,10,-0.1406747794891138,0.6508315447048771,0.1278712813624536,-0.46586482444583405,0.6537206378188711,-0.13580066638765925,99.0,-0.1203495258183394
-3.510204076766968,0.887755095958709,10,-0.09481982459846298,0.6344630667666094,0.11992349721127259,-0.45062687750660024,0.6367322446660643,-0.08624662706517551,99.0,-0.08236698457399423
-3.510204076766968,0.910204052925109,10,-0.12446356955872093,0.582852273516625,0.12133039511375697,-0.45863484943014843,0.573737064475528,-0.11704041795210679,99.0,-0.10673070320130855
-3.510204076766968,0.932653069496154,10,-0.0766062796515344,0.6203738871345044,0.12364691565075864,-0.46073451063502474,0.6151812217836183,-0.06571545435727717,99.0,-0.0665155933007249
-3.510204076766968,0.955102026462554,10,-0.14888178021290985,0.6085156093516195,0.12486947423703032,-0.4659273187828502,0.6028403289936646,-0.1436094532454868,99.0,-0.12880216874851572
-3.510204076766968,0.977551043033599,10,-0.14090528979733324,0.6280980035775551,0.11307665880008841,-0.3913079699856469,0.6256361071388838,-0.13536872174534106,99.0,-0.12323478911922292
-3.510204076766968,1.0,10,-0.0648334634510535,0.6049216958083881,0.12566343497321195,-0.4889063093213553,0.6011474957803555,-0.05302747808047623,99.0,-0.05535711501710572
-3.285714387893677,-0.100000001490117,10,-0.027354562236766654,0.8949463579561612,0.12882506479434927,-0.44569118414954745,0.8703603809736697,0.0004035810399711931,99.0,-0.020869228613847917
-3.285714387893677,-0.077551022171975,10,-0.007873795022988583,0.8441084009983761,0.11528502013306181,-0.38996322048636944,0.8223811743106473,0.021073130834162,99.0,-0.004473236052851473
-3.285714387893677,-0.055102042853833,10,-0.02246962683286155,0.8316060932167122,0.14807594259930484,-0.4197871218615032,0.7944072083156752,0.0013470217563735648,99.0,-0.01970089234051591
-3.285714387893677,-0.032653063535691,10,-0.05371762744089617,0.8703769914766473,0.12864245716859224,-0.3941185924129449,0.8495938776692415,-0.031890151180363334,99.0,-0.04114954707975525
-3.285714387893677,-0.010204084217549,10,-0.022822982653320334,0.8226744786459768,0.12740361392802993,-0.3771854088678097,0.8238107304442546,-0.0009715437188870905,99.0,-0.017586659707797467
-3.285714387893677,0.012244895100593,10,-0.02373777375880247,0.8360951110450723,0.1484025400121104,-0.4021159268034219,0.8170835345188819,-0.0035050526756066833,99.0,-0.01909695901312462
-3.285714387893677,0.034693874418735,10,-0.019266623758635096,0.8096656373466126,0.13380125081036517,-0.45913310704729327,0.8052638430733156,0.0018399463487462943,99.0,-0.016777122110023888
-3.285714387893677,0.057142853736877,10,-0.016713370709936823,0.8248279241485581,0.14246740720064657,-0.41005830572219093,0.8283787546013304,0.0031667789940770796,99.0,-0.013196093542858977
-3.285714387893677,0.079591833055019,10,-0.04849815157699723,0.769464911754566,0.14431106682943454,-0.4770049382881665,0.7669419512988713,-0.03224496512879134,99.0,-0.039363002339274464
-3.285714387893677,0.102040812373161,10,-0.08041319633351757,0.7509026144387039,0.13445575245194608,-0.4283222243249861,0.7594856167767698,-0.06857260316745761,99.0,-0.06704429928740888
-3.285714387893677,0.124489791691303,10,-0.030280619622792448,0.7537746434800481,0.134169923054706,-0.4565973317909954,0.7562839177470009,-0.014491714806882931,99.0,-0.024052200380620076
-3.285714387893677,0.146938771009445,10,-0.03783165150357229,0.75288155590639,0.1397441028417217,-0.43706517853718396,0.7635834530577725,-0.023958259161493422,99.0,-0.0308995839531938
-3.285714387893677,0.169387757778167,10,-0.046492928671690505,0.7249839804864557,0.1416861992793469,-0.4836501735758682,0.7326212101536529,-0.03325956794091087,99.0,-0.03758371154149812
-3.285714387893677,0.191836729645729,10,-0.12967616885550623,0.7294561080449382,0.13963405876826174,-0.43987683297362745,0.7392036287005606,-0.12378030824907327,99.0,-0.10973494330801747
-3.285714387893677,0.21428570151329,10,-0.09521787222886849,0.7518945984562347,0.13721825454573708,-0.45572883003896003,0.7576481432794369,-0.08584890865019948,99.0,-0.07678870906652346
-3.285714387893677,0.236734688282012,10,-0.11729138629224377,0.6818877783662857,0.13558315994948258,-0.47145092691319024,0.6860778643921892,-0.11028540428935239,99.0,-0.09841828917408443
-3.285714387893677,0.259183675050735,10,-0.09866650867061266,0.681382426158646,0.14140100348151918,-0.44938861617276227,0.6878669926726714,-0.09082403819294459,99.0,-0.0831514647362758
-3.285714387893677,0.281632661819458,10,-0.14195719189582823,0.6897218615981993,0.12928969363567278,-0.4614097717323606,0.6955331242628771,-0.13771834151820933,99.0,-0.12515704161968658
-3.285714387893677,0.304081618785858,10,-0.13381572218534704,0.6658118479262555,0.13739936511822176,-0.44379468183989657,0.6687653923709583,-0.1288126997370791,99.0,-0.11830197984111397
-3.285714387893677,0.32653060555458,10,-0.1426341090367264,0.6626760678914208,0.123272386143907,-0.4282935574525328,0.6613260953383069,-0.13717251830791782,99.0,-0.12315589973231533
-3.285714387893677,0.348979592323303,10,-0.11797606376930836,0.6606184480364536,0.14566516195697854,-0.4614016302722665,0.6603643229665599,-0.11127849852488293,99.0,-0.10597284440404964
-3.285714387893677,0.371428549289703,10,-0.11339734709207222,0.597206359915703,0.12767469174399487,-0.43887816253586454,0.598718953034546,-0.10719603901256056,99.0,-0.10100936489686416
-3.285714387893677,0.393877536058425,10,-0.13632572907498577,0.6479159643475675,0.12403770061472187,-0.458836124870573,0.6509880829800381,-0.13172671760365884,99.0,-0.1206621897706018
-3.285714387893677,0.416326522827148,10,-0.1310935755760295,0.6281490608341223,0.13121203278055107,-0.4754579008938194,0.6247542821337662,-0.12502984389115782,99.0,-0.11740982846538654
-3.285714387893677,0.438775509595871,10,-0.11859707571030555,0.6393630997115798,0.12588542011195913,-0.4315624291104002,0.6391356879485702,-0.11221466275751377,99.0,-0.10363356682352902
-3.285714387893677,0.461224496364593,10,-0.1309101732119208,0.614832795837504,0.12157075926311048,-0.45846855756700877,0.6160358187734816,-0.12601221102237245,99.0,-0.11655890480342486
-3.285714387893677,0.483673483133316,10,-0.13696559779977985,0.6135007311965113,0.1266760342611925,-0.43649035000716424,0.6133263177647897,-0.1320132271204511,99.0,-0.11977802324665546
-3.285714387893677,0.506122469902038,10,-0.13475196057554117,0.6033979294308967,0.12612596837790896,-0.44815335210231644,0.6023939857862641,-0.1298299311195621,99.0,-0.11912940058229318
-3.285714387893677,0.528571426868438,10,-0.14806009691015362,0.6145231956516757,0.12708639770012023,-0.43155197156142305,0.6135956481954938,-0.14382391357737417,99.0,-0.12901476244946528
-3.285714387893677,0.551020383834838,10,-0.10196893634198509,0.6206848122514501,0.11890685709035638,-0.44349134650205235,0.6224674448468452,-0.09433558724321625,99.0,-0.08752120063164838
-3.285714387893677,0.573469400405883,10,-0.15525168444155485,0.6009276082190784,0.12012421999670744,-0.4329366700415883,0.5977338469450998,-0.15155344617043012,99.0,-0.1386221655907717
-3.285714387893677,0.595918357372283,10,-0.1337470335926604,0.6085728071709624,0.12803731764742635,-0.46401185268745737,0.6049895920184085,-0.1280796694825809,99.0,-0.11835100513939296
-3.285714387893677,0.618367373943328,10,-0.12725064645104167,0.6487485482291706,0.12030078881397274,-0.47161259409823353,0.6489635517624984,-0.12123125309720834,99.0,-0.112832236312952
-3.285714387893677,0.640816330909729,10,-0.11048119533482911,0.6156216004135748,0.12843427963213283,-0.43643969850364306,0.6146166420825073,-0.10346970265352197,99.0,-0.09826459708768623
-3.285714387893677,0.663265287876129,10,-0.16792628534492068,0.6208550649476243,0.12321392905924426,-0.4455212945212691,0.6205183995505602,-0.1653895178421709,99.0,-0.14792592250970915
-3.285714387893677,0.685714304447174,10,-0.11710707367800453,0.6218403415659535,0.1350151350804028,-0.46132806854488395,0.6208674438972686,-0.11058461050654786,99.0,-0.10392865305799233
-3.285714387893677,0.708163261413574,10,-0.14811420684565446,0.6073096075791371,0.1281004273166626,-0.4450218657690574,0.6055109473102533,-0.14408600850380127,99.0,-0.13063312215366513
-3.285714387893677,0.730612277984619,10,-0.14675300108906475,0.6273102996992164,0.1202695182640793,-0.45680857166915906,0.6270826328231457,-0.14242418922980746,99.0,-0.12868607298806484
-3.285714387893677,0.753061234951019,10,-0.105523876991556,0.6257860635319585,0.12557809197032135,-0.4455887833874653,0.6272486128675089,-0.09822493396730637,99.0,-0.09343927943110794
-3.285714387893677,0.775510191917419,10,-0.1615214568390391,0.5945294927354711,0.12005481074985985,-0.4581516079385527,0.5921066293349609,-0.1584713425306713,99.0,-0.14326417031778993
-3.285714387893677,0.797959208488464,10,-0.11615906024716958,0.6200973482421983,0.11711443995279594,-0.44604261190298894,0.6212024440038448,-0.10970233180991518,99.0,-0.10196312791992976
-3.285714387893677,0.820408165454864,10,-0.13636710235823216,0.5856102721305164,0.12525201728929744,-0.43228184020957305,0.5813355256032969,-0.13106984855409518,99.0,-0.11984878921271946
-3.285714387893677,0.842857122421264,10,-0.08153550500929121,0.6456971951732944,0.12702527303240488,-0.4832911522909085,0.64844443346346,-0.07243420032686637,99.0,-0.07074867596497039
-3.285714387893677,0.865306138992309,10,-0.15446080038236149,0.567274999598532,0.11854042266591681,-0.4007824528505476,0.5645211643690977,-0.15131427371777723,99.0,-0.13502122332855165
-3.285714387893677,0.887755095958709,10,-0.14654720041007321,0.6087178353870829,0.11326166648127106,-0.412433606328074,0.6085483388380871,-0.14251458145331028,99.0,-0.1284340025417565
-3.285714387893677,0.910204052925109,10,-0.14169085990371505,0.583792772238611,0.12350819687359033,-0.4022684471498478,0.5813804157301969,-0.13710875681608567,99.0,-0.1262217165336645
-3.285714387893677,0.932653069496154,10,-0.1674341479288492,0.5892522455950817,0.12375784671441172,-0.46219682177448673,0.5891623920899912,-0.1656849727002115,99.0,-0.14833656829051026
-3.285714387893677,0.955102026462554,10,-0.14406020290876267,0.5755575479736192,0.1138717683821356,-0.42898788491813306,0.5718088036106866,-0.13955989602160268,99.0,-0.12662585399373774
-3.285714387893677,0.977551043033599,10,-0.1419572193769892,0.580031373852923,0.11985166643815552,-0.426907589875068,0.5772061566289397,-0.1374766649965216,99.0,-0.12260142957123008
-3.285714387893677,1.0,10,-0.1736769861244807,0.5943785261780286,0.11007812137246738,-0.3969524030202335,0.5946442500619338,-0.1723938581775181,99.0,-0.15198808362515623
-3.061224460601807,-0.100000001490117,10,-0.04674974799031898,0.8711206726019174,0.12043257716072826,-0.38739510682350586,0.8354320562256212,-0.020240423663912727,99.0,-0.033680309080165415
-3.061224460601807,-0.077551022171975,10,-0.0454390172976837,0.8635120569406705,0.13530634087796445,-0.39506655617775055,0.8206334129400782,-0.019023155736110367,99.0,-0.033520460436130425
-3.061224460601807,-0.055102042853833,10,-0.07244734714449602,0.8452879087029335,0.12463548332519114,-0.36681065894605563,0.8344903658238041,-0.05252242383540628,99.0,-0.05474527295659152
-3.061224460601807,-0.032653063535691,10,-0.028004334570954477,0.8622885547802659,0.14988970502000754,-0.4071388471141186,0.8362952437896379,-0.003755550070174446,99.0,-0.01951766110332855
-3.061224460601807,-0.010204084217549,10,-0.014978816209945872,0.818675740110675,0.13685518599458693,-0.40512936899320884,0.8226896941605356,0.00789445599511649,99.0,-0.011324087648811302
-3.061224460601807,0.012244895100593,10,-0.017761226697180818,0.8363996300965808,0.1310537129540414,-0.37033888765183753,0.8242724853604808,0.0043170012741482675,99.0,-0.014134500290950421
-3.061224460601807,0.034693874418735,10,-0.006362729408459011,0.7917819380216398,0.13618676190079784,-0.4400400028734146,0.7985696275458718,0.015483091082328454,99.0,-0.007546510791424687
-3.061224460601807,0.057142853736877,10,-0.020578647159127442,0.7608605504428378,0.1286144229431188,-0.4098499120806881,0.7729636386263282,-0.00030416253510140087,99.0,-0.013369414947161522
-3.061224460601807,0.079591833055019,10,-0.002662866318103991,0.7603229385882337,0.16105691925057536,-0.4698976985760534,0.7571031651395501,0.015792558843353524,99.0,-0.00277635364938561
-3.061224460601807,0.102040812373161,10,-0.10495960061014177,0.7701860745168096,0.134192155714111,-0.4231087286615889,0.7854905021281391,-0.09603437971062989,99.0,-0.08321889321156824
-3.061224460601807,0.124489791691303,10,-0.056470527589754835,0.8073923272996407,0.1437121772115216,-0.41591887608142164,0.8140934321462239,-0.04290391220168129,99.0,-0.04935258732205171
-3.061224460601807,0.146938771009445,10,-0.0745438185304997,0.7347887417951695,0.14772373580594875,-0.48974186985547913,0.7365393541133922,-0.06250451360999493,99.0,-0.06255215525997289
-3.061224460601807,0.169387757778167,10,-0.08405502455498018,0.7013371036475065,0.1504616407768288,-0.4913210295113474,0.7006085756653204,-0.07308107461786831,99.0,-0.06855630971771629
-3.061224460601807,0.191836729645729,10,-0.0684105422931738,0.7574641799081614,0.14005204262387222,-0.4627412499887227,0.769139362516189,-0.05730057963381185,99.0,-0.05546262299262865
-3.061224460601807,0.21428570151329,10,-0.09940080665844685,0.6948970723891104,0.12672884712377572,-0.3933635377572525,0.707245625319799,-0.09186916446608591,99.0,-0.0848700779249692
-3.061224460601807,0.236734688282012,10,-0.1373638279857111,0.7067661262790421,0.12389829967921112,-0.4346344845086981,0.7140705984524043,-0.13265836558062014,99.0,-0.11790812979188994
-3.061224460601807,0.259183675050735,10,-0.08720334294081926,0.6711238973720183,0.13869357970385193,-0.4440521281285852,0.6750923391867019,-0.07790277050227278,99.0,-0.07367641912507147
-3.061224460601807,0.281632661819458,10,-0.10888038180242243,0.6747394602266161,0.12678173818204366,-0.45253122411709173,0.6824931270950487,-0.10207233484593932,99.0,-0.0944613539761175
-3.061224460601807,0.304081618785858,10,-0.1173436810776329,0.6289147740471998,0.1294381006334214,-0.43594359088486934,0.6307417861581024,-0.11126969233224954,99.0,-0.1008538343167632
-3.061224460601807,0.32653060555458,10,-0.1052175573044251,0.6942562043175682,0.13767606458260725,-0.4567111721314619,0.6987684035302814,-0.0980761880029941,99.0,-0.09265092349211013
-3.061224460601807,0.348979592323303,10,-0.14984376807838526,0.6146834207218118,0.1293780362022574,-0.4249931978633438,0.6170366953328906,-0.14684694351783195,99.0,-0.132591179787225
-3.061224460601807,0.371428549289703,10,-0.16865906796172103,0.6443062576492582,0.12813192682421842,-0.4495573154759688,0.6426507673860536,-0.1654880058090053,99.0,-0.14728512947720623
-3.061224460601807,0.393877536058425,10,-0.18760159676852917,0.5852074281277491,0.12703283986385835,-0.4015610955373429,0.5853552232466309,-0.18770838681275043,99.0,-0.16825107287480817
-3.061224460601807,0.416326522827148,10,-0.14056114280799323,0.6237387701256711,0.11965989451077533,-0.44252698900694165,0.6241992187198723,-0.1362033934162123,99.0,-0.1224175232012488
-3.061224460601807,0.438775509595871,10,-0.15983087526669293,0.6264546714895942,0.12757697310276908,-0.4555921934200029,0.6271897752189961,-0.15702255595575487,99.0,-0.1424737166907931
-3.061224460601807,0.461224496364593,10,-0.15656399700317514,0.62511212101078,0.13643707157445129,-0.48326898683673375,0.6217604459077241,-0.15254232663776304,99.0,-0.1411184055899729
-3.061224460601807,0.483673483133316,10,-0.11785332574797608,0.6274065360249357,0.1279795842128109,-0.45404261666151785,0.6305674943025561,-0.11235463037347149,99.0,-0.10480478831053182
-3.061224460601807,0.506122469902038,10,-0.17852528067911977,0.5945722623419047,0.12523262298031382,-0.4365100058976569,0.5910260028884831,-0.17656594610688683,99.0,-0.16072405725033562
-3.061224460601807,0.528571426868438,10,-0.11958967460325416,0.6314108546675311,0.12738979408260662,-0.4333840285123753,0.6337232018030691,-0.11382556631712014,99.0,-0.10588228298134808
-3.061224460601807,0.551020383834838,10,-0.1541673081660576,0.5892306630112334,0.12639552445445554,-0.4358958999625814,0.5869285377246746,-0.1507387817158303,99.0,-0.13753559511289554
-3.061224460601807,0.573469400405883,10,-0.17319224083614937,0.6151994148731789,0.1251018428082085,-0.45429845318992973,0.6134010993371327,-0.17087511808521474,99.0,-0.1515623284302178
-3.061224460601807,0.595918357372283,10,-0.14922215062177108,0.6013238837410859,0.1341411743114075,-0.4644137131819529,0.596202266421721,-0.14462171838635518,99.0,-0.1337586926172182
-3.061224460601807,0.618367373943328,10,-0.12362266821684184,0.5810355028912024,0.12237620909652563,-0.40572097019429276,0.5775303839733954,-0.11769199297621868,99.0,-0.11021461491751064
-3.061224460601807,0.640816330909729,10,-0.13904147321449511,0.6070272795345404,0.12613501980192598,-0.46676744328236797,0.6045508836978053,-0.13422297095937502,99.0,-0.12551767076927844
-3.061224460601807,0.663265287876129,10,-0.12719849643956693,0.6323352225494892,0.12233123173715174,-0.4289439611382442,0.6346218842888676,-0.121936432225073,99.0,-0.11310756441377783
-3.061224460601807,0.685714304447174,10,-0.11740291376671746,0.6172796596896759,0.12683090685908682,-0.4166137030348456,0.6151045975295094,-0.11074330862249165,99.0,-0.1044364443166014
-3.061224460601807,0.708163261413574,10,-0.13270535268730682,0.5767384881324307,0.12043497097006489,-0.4644870550846184,0.5700384634292782,-0.1267644354437667,99.0,-0.11422012969687423
-3.061224460601807,0.730612277984619,10,-0.13353449001091117,0.60390026404431,0.1175436169068639,-0.4378916348314617,0.6016015895155798,-0.12823302341639223,99.0,-0.11939422629041074
-3.061224460601807,0.753061234951019,10,-0.13835557229954534,0.5934670199760472,0.12631469699230305,-0.4497842900211847,0.590751158440376,-0.13358637472998477,99.0,-0.12374248072214653
-3.061224460601807,0.775510191917419,10,-0.1400018171592343,0.6215347945563059,0.1275454569551365,-0.44780179404514286,0.6179260845939136,-0.13469329907889616,99.0,-0.12327443075623642
-3.061224460601807,0.797959208488464,10,-0.14291772532956026,0.6081967830402608,0.12777567063322803,-0.4588520434375297,0.608264596211331,-0.13884750539360596,99.0,-0.12766591325560278
-3.061224460601807,0.820408165454864,10,-0.16771981321321186,0.5999246297054581,0.12252139255629328,-0.4231489444727327,0.5995260632068802,-0.16565187007266913,99.0,-0.1464204454770922
-3.061224460601807,0.842857122421264,10,-0.12166565987604722,0.5999381601899709,0.1306786620177193,-0.45997281929119493,0.5970804858528962,-0.11528412020753612,99.0,-0.10764402152151346
-3.061224460601807,0.865306138992309,10,-0.10784527853358492,0.6171377624925178,0.1351082119774342,-0.4573861475848596,0.616635945633258,-0.1008996807273635,99.0,-0.09679444597373978
-3.061224460601807,0.887755095958709,10,-0.11840648438364273,0.6210892410462483,0.13498011250972536,-0.4981563964717445,0.617647742939268,-0.11156907867340338,99.0,-0.10527478398898579
-3.061224460601807,0.910204052925109,10,-0.11923855085976999,0.6312932696632868,0.131781969166933,-0.480260557536764,0.6309857491013828,-0.11285035326197265,99.0,-0.10580117552544518
-3.061224460601807,0.932653069496154,10,-0.15952482687555383,0.5351263230584533,0.11271183263208695,-0.4304105788542364,0.525493611041395,-0.15557864258313153,99.0,-0.1399446258866679
-3.061224460601807,0.955102026462554,10,-0.11080105215005223,0.6048660089732567,0.13228954582323085,-0.4691194917087399,0.6022768296397573,-0.10377752786162033,99.0,-0.09795104383879324
-3.061224460601807,0.977551043033599,10,-0.17058861824833832,0.622112431791415,0.12729020233660915,-0.462898840202159,0.6172530724946202,-0.16700452176568653,99.0,-0.14783012400870568
-3.061224460601807,1.0,10,-0.12824971476880975,0.6054413315009468,0.1273322660730775,-0.44669694996112536,0.6019990094815443,-0.1220883393859127,99.0,-0.11249647939445995
-2.836734771728516,-0.100000001490117,10,-0.0540726011774951,0.8743395193625519,0.11879208047757517,-0.3437624424902324,0.8458409126933926,-0.025708520168670368,99.0,-0.03576806376713483
-2.836734771728516,-0.077551022171975,10,-0.05061301550397,0.8581458442112472,0.11365000260659497,-0.36824468049393166,0.8514455302970791,-0.023325961544502147,99.0,-0.033675936247930416
-2.836734771728516,-0.055102042853833,10,-0.005365688966847353,0.849764559583232,0.1271738614640409,-0.36318716727625955,0.8165427667402831,0.0239029506260967,99.0,-0.003211893577560263
-2.836734771728516,-0.032653063535691,10,-0.027807894604985894,0.8278812047374323,0.12972693473279304,-0.3673458501138671,0.8299812537502993,-0.002892856209174302,99.0,-0.0192274994722686
-2.836734771728516,-0.010204084217549,10,-0.05504091999895839,0.8394436262664099,0.13527774453465083,-0.40561544555439155,0.8219994467517131,-0.03297252092001238,99.0,-0.04064313171339228
-2.836734771728516,0.012244895100593,10,-0.004699571967608097,0.833569648947538,0.1268356912585571,-0.3570491298383142,0.8362846179545549,0.017598600767178695,99.0,-0.0026877758280766544
-2.836734771728516,0.034693874418735,10,0.009365176868436836,0.8203163874321739,0.1397772133433895,-0.3858107109145644,0.831916968369187,0.032469994704338145,99.0,0.0075824541646868915
-2.836734771728516,0.057142853736877,10,-0.030130949736129634,0.830835358853928,0.13665876369679875,-0.42249064136058234,0.831332838224821,-0.011361118425488845,99.0,-0.022988647803263422
-2.836734771728516,0.079591833055019,10,-0.013960850225292386,0.7786085333969581,0.13898277991112132,-0.42962137695135133,0.789571409098138,0.005680547157324606,99.0,-0.010996521540818718
-2.836734771728516,0.102040812373161,10,-0.04221354676537161,0.7907951190794846,0.1428408732533916,-0.38146543934481636,0.7941918950795552,-0.02680804200159765,99.0,-0.03295712430783278
-2.836734771728516,0.124489791691303,10,-0.053085640937207745,0.7426985327924386,0.14353448894736423,-0.43910422678215894,0.7548555261524035,-0.039980547244347804,99.0,-0.04364739902618585
-2.836734771728516,0.146938771009445,10,-0.05449668851122706,0.7567174014762732,0.1298614053769212,-0.4131207232387375,0.772769632378892,-0.04149636772068672,99.0,-0.04411453260893766
-2.836734771728516,0.169387757778167,10,-0.07885813057801064,0.7359926339220216,0.13162324686044535,-0.425357241501688,0.7455341048078756,-0.06781320564184631,99.0,-0.06505119187926797
-2.836734771728516,0.191836729645729,10,-0.04970615441389713,0.7476067974045437,0.1370830091195859,-0.43756985615410854,0.7582970819731925,-0.03654301909359862,99.0,-0.03969203629113917
-2.836734771728516,0.21428570151329,10,-0.05832663914430025,0.7054576985426153,0.12943807168198138,-0.44974284287094385,0.7174750039531723,-0.04686403626328611,99.0,-0.050478468852752735
-2.836734771728516,0.236734688282012,10,-0.09810958671050556,0.6698762229787127,0.13847345429782598,-0.4344097004444739,0.6758637526709251,-0.09030360707699919,99.0,-0.08280331946509775
-2.836734771728516,0.259183675050735,10,-0.11701830627718324,0.6606153864225216,0.13698362014472176,-0.45091811728539,0.6661266299786213,-0.11095796948418796,99.0,-0.0985965782467517
-2.836734771728516,0.281632661819458,10,-0.12642133873953432,0.6655350069077685,0.13633747160305937,-0.48529466490203077,0.6666398750919897,-0.12049689652282478,99.0,-0.11137099823247001
-2.836734771728516,0.304081618785858,10,-0.1438931777131496,0.6254142298339542,0.14317105591991217,-0.4631923348784427,0.6271261994144397,-0.1399547552091579,99.0,-0.12434770594791607
-2.836734771728516,0.32653060555458,10,-0.13843347013331772,0.6493360488255486,0.12524459382907824,-0.4240312623680476,0.6512188914927085,-0.1336119949058869,99.0,-0.11998997195037106
-2.836734771728516,0.348979592323303,10,-0.1497549131910349,0.6234219349714035,0.12313927512809496,-0.4207362005833348,0.6279342442371321,-0.1469445415064596,99.0,-0.13234558140821404
-2.836734771728516,0.371428549289703,10,-0.13599800436302653,0.6180235472099515,0.13896443266382236,-0.4852160856366469,0.6185033284231606,-0.131197355686169,99.0,-0.12069009583700299
-2.836734771728516,0.393877536058425,10,-0.12267291998034902,0.6632361447805699,0.13117215454086656,-0.4790211162401111,0.661577539066549,-0.11588685579044453,99.0,-0.10710903993101391
-2.836734771728516,0.416326522827148,10,-0.12975664724191963,0.625796583828706,0.13471522942017933,-0.44757684662768793,0.6221771223933451,-0.12382523096445856,99.0,-0.11524972391147918
-2.836734771728516,0.438775509595871,10,-0.1381084583270296,0.6365019217361608,0.12701491582815586,-0.42769138278040003,0.6392561529597992,-0.13387223671110438,99.0,-0.1235264846710665
-2.836734771728516,0.461224496364593,10,-0.167015853777715,0.5914109971673966,0.11773872745635817,-0.4307729011395839,0.5865202978539544,-0.1638465107111404,99.0,-0.1458321000471483
-2.836734771728516,0.483673483133316,10,-0.14184355810677213,0.6351730687270545,0.12318896487689902,-0.4421026243188124,0.6345350651548605,-0.1370788091239769,99.0,-0.12537545822677848
-2.836734771728516,0.506122469902038,10,-0.12153170561709732,0.6001499078620681,0.12402469993172012,-0.4485587943979654,0.5972594008685559,-0.1154026185568966,99.0,-0.10762615222216529
-2.836734771728516,0.528571426868438,10,-0.1584170536731242,0.6253241739902824,0.12294288506207057,-0.45652347842934543,0.6227710182008479,-0.1544560887668191,99.0,-0.1377507326417446
-2.836734771728516,0.551020383834838,10,-0.14386711576200992,0.6165206968020726,0.12719765488962786,-0.4521753571598439,0.6183705472099026,-0.14023468785660692,99.0,-0.12739542862634962
-2.836734771728516,0.573469400405883,10,-0.11935807472794233,0.6267646206370658,0.12744186657903667,-0.4495087500927739,0.6274410389656628,-0.11327046201321811,99.0,-0.10673669205069906
-2.836734771728516,0.595918357372283,10,-0.14409206259267002,0.6191516377074824,0.13255385758111882,-0.4325908749083279,0.6167938347175106,-0.13929995255344302,99.0,-0.12520782362404825
-2.836734771728516,0.618367373943328,10,-0.1252402580112151,0.5915747300123797,0.1241218894607977,-0.4216237210046767,0.5901598632206538,-0.1195481148170332,99.0,-0.11121385274475963
-2.836734771728516,0.640816330909729,10,-0.12792301554393412,0.5984856424581847,0.11741703212586597,-0.4543705803323343,0.5983994928580242,-0.12285436883185355,99.0,-0.11687576003287234
-2.836734771728516,0.663265287876129,10,-0.15865416576531474,0.5528104778954126,0.1150421084894156,-0.39315587063667295,0.5501189416651027,-0.1562660270789483,99.0,-0.14107516008126994
-2.836734771728516,0.685714304447174,10,-0.1424777568285778,0.6168850703697211,0.1214190976190557,-0.44649505733536043,0.6149905758999494,-0.1377563279867571,99.0,-0.12656941320514634
-2.836734771728516,0.708163261413574,10,-0.1696026409716944,0.5759891517591861,0.11588976547329224,-0.43522977693696047,0.5737762387321387,-0.1677509083437343,99.0,-0.14964242352876847
-2.836734771728516,0.730612277984619,10,-0.1362228010116645,0.6030580287291187,0.13602949961498048,-0.4464138488907934,0.6019337812316572,-0.13157987458127796,99.0,-0.12236530570610164
-2.836734771728516,0.753061234951019,10,-0.13775190953413144,0.6116823144488344,0.1266307713077609,-0.4623466334829632,0.6122731788170164,-0.13340703983381214,99.0,-0.12394203769015626
-2.836734771728516,0.775510191917419,10,-0.11667703091432473,0.6116441592979358,0.11235751869522168,-0.45275023908750456,0.6101937691302817,-0.1100685384020957,99.0,-0.10337350986245505
-2.836734771728516,0.797959208488464,10,-0.15441868952786703,0.6118592414316749,0.12904682562228534,-0.46942994607404037,0.6061975331331974,-0.14984960448391368,99.0,-0.13832685591348096
-2.836734771728516,0.820408165454864,10,-0.13797177453491438,0.5866653292038064,0.11725918735828256,-0.4494374369299848,0.5841401877732748,-0.13319640878697325,99.0,-0.1182479159673123
-2.836734771728516,0.842857122421264,10,-0.1364848649142404,0.5936311390206918,0.11700190354341895,-0.4639209071394212,0.5915521008137385,-0.13145099209401387,99.0,-0.11823063466447392
-2.836734771728516,0.865306138992309,10,-0.10665621496885166,0.6396005399411641,0.11564362621407837,-0.44694622739018397,0.6417413384196885,-0.09928050706679059,99.0,-0.08950752357416616
-2.836734771728516,0.887755095958709,10,-0.11746140356452271,0.6097108589359357,0.12306169184684365,-0.44349413873129,0.6111526352974731,-0.11131011998816606,99.0,-0.10331951252849605
-2.836734771728516,0.910204052925109,10,-0.12069922772312801,0.6019391920839765,0.1266330502874164,-0.4269652152713499,0.5960437519855015,-0.11376192904311697,99.0,-0.10727115640802849
-2.836734771728516,0.932653069496154,10,-0.14912540482970915,0.5272055333968853,0.12017613896085444,-0.4578575830336755,0.5179151320718737,-0.14472272421209836,99.0,-0.13171091055339595
-2.836734771728516,0.955102026462554,10,-0.1293763587411823,0.5639839733220465,0.11948839988296858,-0.47716613659738516,0.5598231836795626,-0.12413297857722946,99.0,-0.11548663283774821
-2.836734771728516,0.977551043033599,10,-0.13689851048846174,0.5916669668100196,0.11733422975494974,-0.4547179111584527,0.5885644640123503,-0.13194239461321225,99.0,-0.12193448576587833
-2.836734771728516,1.0,10,-0.11618434394331713,0.6017057801122465,0.11489897121297407,-0.45212494490251476,0.5997937549245884,-0.10957770610839276,99.0,-0.10177245363483525
-2.612245082855225,-0.100000001490117,10,0.0013084832149826142,0.8831925356033019,0.12124532741465285,-0.42162385453775186,0.8424073869101266,0.036172767296095906,99.0,0.0019279694472748216
-2.612245082855225,-0.077551022171975,10,-0.023955173770862728,0.8630326144083895,0.12833204587837477,-0.3745537469270189,0.8168368657144918,0.007823173607242835,99.0,-0.013268176199034911
-2.612245082855225,-0.055102042853833,10,-0.0010998719732559017,0.8646086314797383,0.12031029517827693,-0.3916201032379589,0.838221185184629,0.027985573044790674,99.0,-0.0005628834248847779
-2.612245082855225,-0.032653063535691,10,-0.03565115677530607,0.838008394367592,0.11534136451573838,-0.36426772073636604,0.8380183225117899,-0.010469326609177348,99.0,-0.025857753711923864
-2.612245082855225,-0.010204084217549,10,-0.13493105840246372,0.8537267412594718,0.1272610598101268,-0.36761676784007163,0.8451027110574733,-0.12057953273280486,99.0,-0.09454707743145926
-2.612245082855225,0.012244895100593,10,-0.048952757561391794,0.8156011709024533,0.12028667379665295,-0.37065362664743357,0.8046207598647968,-0.026811469618751707,99.0,-0.032241619240396355
-2.612245082855225,0.034693874418735,10,-0.056150024989422107,0.8019124651981147,0.13303877040893305,-0.41201808507743365,0.7952946663147067,-0.03852230516395189,99.0,-0.04040850384936383
-2.612245082855225,0.057142853736877,10,-0.008005825962030262,0.7491837969401742,0.1432702913715551,-0.4455320754185157,0.7574129253897908,0.014009518672081691,99.0,-0.004957812684781909
-2.612245082855225,0.079591833055019,10,-0.03351886126319707,0.7838549052185446,0.14238646291234205,-0.42941534056323033,0.7871050717604433,-0.015339087300712092,99.0,-0.027194064264102664
-2.612245082855225,0.102040812373161,10,-0.04385663393027657,0.7814853553996703,0.1388355101734279,-0.42111682907884596,0.7959831369206165,-0.029040533454433862,99.0,-0.03686507376145515
-2.612245082855225,0.124489791691303,10,-0.0722113933807047,0.7807305026104789,0.13983597268009357,-0.45921253755533725,0.7893796025710196,-0.059508140657267346,99.0,-0.0577243275019199
-2.612245082855225,0.146938771009445,10,-0.07403774622511065,0.7392789053107595,0.12751803743889117,-0.43030068642367025,0.7534015865383289,-0.06306755884397411,99.0,-0.059700507269870175
-2.612245082855225,0.169387757778167,10,-0.07669458948962472,0.7113579660519129,0.1490281581758216,-0.4673663332466057,0.7178011317829787,-0.06574158210257071,99.0,-0.06240395623011665
-2.612245082855225,0.191836729645729,10,-0.08751972962083385,0.7279749711040626,0.13366195939858924,-0.45810920876024913,0.7384562596582128,-0.07776198292804028,99.0,-0.07102101789893236
-2.612245082855225,0.21428570151329,10,-0.14064133058642575,0.677700769078974,0.14172821825353596,-0.42585040761405213,0.6844910442595136,-0.1360965711960851,99.0,-0.11321373200086601
-2.612245082855225,0.236734688282012,10,-0.09088599221637508,0.6476741578635191,0.13937512141586259,-0.4517683405847509,0.6511979299216595,-0.08240766289521513,99.0,-0.07645178609351191
-2.612245082855225,0.259183675050735,10,-0.1149745191731405,0.65243051869558,0.1377694813812066,-0.44645380729571477,0.6563330028030211,-0.1086769162782264,99.0,-0.09871533275865449
-2.612245082855225,0.281632661819458,10,-0.13314786047333896,0.664724138800115,0.13886490979231716,-0.45224763994767925,0.6673775778386887,-0.12766591216501555,99.0,-0.11412378769260108
-2.612245082855225,0.304081618785858,10,-0.1327274075219521,0.6265088388816651,0.125491099839058,-0.4261807310775685,0.6272984940389513,-0.12768597345482063,99.0,-0.11428464379280046
-2.612245082855225,0.32653060555458,10,-0.18152621288115275,0.6311765884586398,0.1233476736611582,-0.4048043613891061,0.6370129850351682,-0.18165683153754142,99.0,-0.15822643641023637
-2.612245082855225,0.348979592323303,10,-0.12775191427229737,0.6635968628468807,0.1374416547559805,-0.45022282597596375,0.6673140991420765,-0.12266194190167172,99.0,-0.11341209582440388
-2.612245082855225,0.371428549289703,10,-0.1574518641979426,0.619544057525854,0.11670050833302029,-0.4249645589783596,0.6205722849976263,-0.1544870664144584,99.0,-0.13542870964274273
-2.612245082855225,0.393877536058425,10,-0.14193877096962915,0.6257483904170167,0.12927819957109993,-0.46864784248040187,0.629197972207187,-0.1383400359546728,99.0,-0.12625470348002385
-2.612245082855225,0.416326522827148,10,-0.14466528104463072,0.6135467799954893,0.11632537962203829,-0.42410928534957987,0.6128045139692782,-0.14036950410651805,99.0,-0.12834118363670516
-2.612245082855225,0.438775509595871,10,-0.14698309154308276,0.6183642908051307,0.12515178469896193,-0.4545938116663676,0.6172166691689329,-0.1428235392863505,99.0,-0.1297210841830067
-2.612245082855225,0.461224496364593,10,-0.12043829776432723,0.624516650897319,0.13099910310561322,-0.4389607134736151,0.6247717133401236,-0.11458097629204642,99.0,-0.10642912466493826
-2.612245082855225,0.483673483133316,10,-0.15105996873190677,0.6012426173936919,0.12387352896510981,-0.3985582150081624,0.6060058191744193,-0.14892581690455356,99.0,-0.1340290630818672
-2.612245082855225,0.506122469902038,10,-0.1297110328548723,0.6075151805282809,0.12313340231713744,-0.43751244621852137,0.6084555809391641,-0.1248583897655853,99.0,-0.11439531892024224
-2.612245082855225,0.528571426868438,10,-0.1128698966445356,0.6190026558164965,0.11826096491067085,-0.4109957192259201,0.6245980824436754,-0.10717849325060358,99.0,-0.09911070032047327
-2.612245082855225,0.551020383834838,10,-0.13803846965937003,0.5877555225980167,0.12109463500036546,-0.4544981260528148,0.588235488936044,-0.1340478975453224,99.0,-0.12096678694479417
-2.612245082855225,0.573469400405883,10,-0.15784464624894554,0.5873238040934836,0.12999721978067955,-0.3937601336392169,0.5885498347282262,-0.15575811690080443,99.0,-0.13981613325226547
-2.612245082855225,0.595918357372283,10,-0.13761381399377054,0.6064132515641403,0.12426296292459675,-0.43288947651473997,0.6048554233188874,-0.13268186706560053,99.0,-0.11855572521640323
-2.612245082855225,0.618367373943328,10,-0.12577842526483732,0.6415954943113239,0.11982808594955716,-0.43616119820784993,0.6400072251740154,-0.11927398964106745,99.0,-0.10921547919984989
-2.612245082855225,0.640816330909729,10,-0.14217424891394995,0.6151275042989,0.12680970785974102,-0.4659996733200612,0.6132911942218374,-0.13749505117970162,99.0,-0.12628976586367502
-2.612245082855225,0.663265287876129,10,-0.1671158627309339,0.5936106015549911,0.11960330808510364,-0.43112889983086294,0.5926837291064357,-0.16501355548514945,99.0,-0.14766584258774498
-2.612245082855225,0.685714304447174,10,-0.12145600342300329,0.5951241820405294,0.11812391604197135,-0.4276697476168759,0.5922880199021887,-0.11528189059242018,99.0,-0.10689443810749806
-2.612245082855225,0.708163261413574,10,-0.1055375180215173,0.5670248397255757,0.11473557294349768,-0.4249969089255383,0.5622645146003991,-0.09812725138363698,99.0,-0.09369682062894372
-2.612245082855225,0.730612277984619,10,-0.1534324482508771,0.5874584874535714,0.12304823063618142,-0.4454471474307806,0.5853623545413189,-0.15007371133028613,99.0,-0.13521994540811672
-2.612245082855225,0.753061234951019,10,-0.1190163637550252,0.6088624473179604,0.12614806666221196,-0.4429597948530647,0.6064866925811625,-0.11272498193773559,99.0,-0.1053039871922481
-2.612245082855225,0.775510191917419,10,-0.13482861897647025,0.5987438383985295,0.12392521529605734,-0.4620849098169538,0.596084351274961,-0.1296108355015414,99.0,-0.11744755086438716
-2.612245082855225,0.797959208488464,10,-0.16646394311818566,0.5683094833400228,0.1277086967148576,-0.445503054823414,0.5653207338685995,-0.16430082139585472,99.0,-0.14762833101328238
-2.612245082855225,0.820408165454864,10,-0.13707675964412408,0.5825499323630687,0.12387110761094157,-0.4484852120551891,0.5818077870835014,-0.13289333400615275,99.0,-0.12087487640267613
-2.612245082855225,0.842857122421264,10,-0.13995885768814126,0.6192627113809356,0.11652471435871509,-0.442060872206741,0.6211689213305012,-0.13595839572726753,99.0,-0.12213220006977643
-2.612245082855225,0.865306138992309,10,-0.14786887778220706,0.5698905678942883,0.11471623115887414,-0.41335442319823934,0.566225663857467,-0.14399779212619335,99.0,-0.1328372203214603
-2.612245082855225,0.887755095958709,10,-0.12798622858730527,0.5556652055364717,0.11107060831507762,-0.4261906762138718,0.5509167546161227,-0.12238146812666471,99.0,-0.10978408394925383
-2.612245082855225,0.910204052925109,10,-0.12964350736675753,0.5588090391647185,0.11839934083444566,-0.4439766014884044,0.553566578783408,-0.12429357251641783,99.0,-0.11519747215042728
-2.612245082855225,0.932653069496154,10,-0.1250503337016071,0.5975282310642305,0.1182399134129702,-0.4360387573891269,0.5974004925875332,-0.11976560669678266,99.0,-0.11272749478976178
-2.612245082855225,0.955102026462554,10,-0.15021236815165157,0.6222387502566854,0.1199637751341666,-0.4239010026563622,0.6205118465185864,-0.14579324761580925,99.0,-0.1301565981829283
-2.612245082855225,0.977551043033599,10,-0.09548404175626715,0.5740144618385905,0.12969944643882633,-0.48011799270316735,0.5686221607247833,-0.08717491990558045,99.0,-0.08595143398801283
-2.612245082855225,1.0,10,-0.11191868017647563,0.5831794195505079,0.1282942783737843,-0.44345980159911846,0.575146494429777,-0.10418240690113463,99.0,-0.09983367549582108
-2.387754917144776,-0.100000001490117,10,-0.012408128119535164,0.8715196047798204,0.12230085216252422,-0.418952731477629,0.8177303339497114,0.01997449973274279,99.0,-0.007728381750498084
-2.387754917144776,-0.077551022171975,10,-0.003194135557083526,0.8472489260421325,0.10786453579648084,-0.32988393488620094,0.8263607102026501,0.0321516600083955,99.0,0.0010862380340143322
-2.387754917144776,-0.055102042853833,10,-0.013249550720428202,0.8788468358910237,0.10390205180813593,-0.36351362173654317,0.874837863642428,0.02021318600852695,99.0,-0.006045628948797699
-2.387754917144776,-0.032653063535691,10,-0.06341855165086044,0.8393641673062004,0.12080286612083996,-0.3932988464162805,0.8515243558116287,-0.039469985440266434,99.0,-0.041140214176434556
-2.387754917144776,-0.010204084217549,10,-0.07226368837754552,0.8478453920231231,0.12428209828923927,-0.36655390112963465,0.8257412908327632,-0.04976902153430269,99.0,-0.05112210011627927
-2.387754917144776,0.012244895100593,10,-0.05055081033218809,0.8145100896611883,0.13057330771572154,-0.311986332892145,0.8376721854027541,-0.030896450264619624,99.0,-0.03728637346040657
-2.387754917144776,0.034693874418735,10,-0.04003033781503972,0.8065669492140892,0.13029269452940057,-0.42443861884639267,0.8123535101968337,-0.020605573201714494,99.0,-0.02996315267105405
-2.387754917144776,0.057142853736877,10,-0.06329376461340644,0.8131569119631834,0.13172183527285647,-0.37318127774674836,0.8234031288567173,-0.04735374980448327,99.0,-0.04661082019007464
-2.387754917144776,0.079591833055019,10,-0.02149234455787912,0.7588091735789081,0.13494200393689745,-0.4181086338318839,0.7719848451195981,-0.002056217653960548,99.0,-0.01809315695352206
-2.387754917144776,0.102040812373161,10,-0.09632612696320254,0.7957767138368803,0.12886249203335168,-0.40298830424288046,0.8044198418537986,-0.0844759019189251,99.0,-0.07040880986230817
-2.387754917144776,0.124489791691303,10,-0.08206411728770299,0.7589968616878349,0.11948279071863108,-0.4264392145295034,0.7809056247428978,-0.07108493174568553,99.0,-0.06437217016421401
-2.387754917144776,0.146938771009445,10,-0.10721158631042228,0.7678362411692372,0.12820237731275358,-0.38626052297663804,0.7867867096229341,-0.09943532756928325,99.0,-0.08179207664747938
-2.387754917144776,0.169387757778167,10,-0.07716926475769734,0.7416419602275955,0.12567909241697423,-0.40912927523900877,0.7555001407196542,-0.06600966212398288,99.0,-0.062309094628645964
-2.387754917144776,0.191836729645729,10,-0.08425528967701411,0.6772473239180243,0.1278523418051143,-0.41061116028111116,0.6975681977211508,-0.07550225232081048,99.0,-0.06819471612403279
-2.387754917144776,0.21428570151329,10,-0.1477578196432368,0.6667316545433657,0.1313934335826212,-0.3963135902507753,0.6796944852603055,-0.14543771337043906,99.0,-0.12150718593167775
-2.387754917144776,0.236734688282012,10,-0.10407369118405904,0.7007580845290852,0.1461125491514357,-0.4561306273970901,0.7057511751678238,-0.09627615400409867,99.0,-0.08779323637202538
-2.387754917144776,0.259183675050735,10,-0.028224204297663744,0.6450715654616619,0.13332489662975625,-0.40446704396577265,0.6504920868614088,-0.014465004908295073,99.0,-0.024292715491121712
-2.387754917144776,0.281632661819458,10,-0.12666841895196035,0.6940826434690811,0.12469579606606487,-0.44792986594367307,0.7044236503555911,-0.12180634523462544,99.0,-0.10391654328422775
-2.387754917144776,0.304081618785858,10,-0.13381786775215343,0.6073498951521494,0.12189589373824172,-0.3984631849902202,0.6116695939542867,-0.12988118504159352,99.0,-0.11556227417777343
-2.387754917144776,0.32653060555458,10,-0.1428958824062616,0.627486808394222,0.13197022709469555,-0.39448668893737554,0.6304658519805346,-0.13914917060864124,99.0,-0.12495678527995221
-2.387754917144776,0.348979592323303,10,-0.09212444865800369,0.6273777048482867,0.13370792512989974,-0.43074204804210425,0.6330384428700147,-0.08449711071790135,99.0,-0.07795585503014399
-2.387754917144776,0.371428549289703,10,-0.13945189293868507,0.6294458335609954,0.13035972477144203,-0.450197456933891,0.6317022934244736,-0.13537684371266498,99.0,-0.12359032291844889
-2.387754917144776,0.393877536058425,10,-0.12227378030630964,0.6426822178073397,0.1334709670872273,-0.39505490209740185,0.6469449895408345,-0.1169504598341839,99.0,-0.10629092574245809
-2.387754917144776,0.416326522827148,10,-0.15402181966774264,0.5920607312472335,0.11337540171479386,-0.41186066249328857,0.5971179104313622,-0.1524139316508085,99.0,-0.1338047312724603
-2.387754917144776,0.438775509595871,10,-0.12719263134215544,0.610022950600613,0.12393092899466926,-0.4143968588882082,0.6118217386463303,-0.12205755290402909,99.0,-0.10747268588625639
-2.387754917144776,0.461224496364593,10,-0.1329767170918021,0.5985851047073287,0.12495737180942763,-0.4299285758485076,0.5988751975102563,-0.1283675216856964,99.0,-0.11646656843545522
-2.387754917144776,0.483673483133316,10,-0.15507404112163264,0.614931311460167,0.13286902796283678,-0.4291243429948908,0.6149601023656494,-0.151834708496717,99.0,-0.13440517073701136
-2.387754917144776,0.506122469902038,10,-0.11899185405002932,0.6016591514075574,0.13151028259568368,-0.46836552951876964,0.6016714409862223,-0.11284865386926624,99.0,-0.1029908045199587
-2.387754917144776,0.528571426868438,10,-0.14410569752092234,0.6344955330024946,0.13735074065425618,-0.44468066025900166,0.6303519020094259,-0.13895195085633172,99.0,-0.1289825652657326
-2.387754917144776,0.551020383834838,10,-0.13522638458482314,0.6121244828659578,0.12875892379999826,-0.438825154267836,0.6106985455592316,-0.1302329240590691,99.0,-0.11793285064312484
-2.387754917144776,0.573469400405883,10,-0.1382175640261606,0.6286918775852987,0.12638376123189174,-0.4138734244174176,0.6326580292009163,-0.1344753248874719,99.0,-0.12111192959684751
-2.387754917144776,0.595918357372283,10,-0.12344203777715074,0.6418590389236203,0.1256277198088404,-0.45271889152718525,0.6488909429725342,-0.11881887240512816,99.0,-0.1057569595921007
-2.387754917144776,0.618367373943328,10,-0.1799734257978962,0.6034235641237581,0.13553019995226825,-0.436074816306353,0.6028459423044163,-0.17879103632265975,99.0,-0.15823105628780676
-2.387754917144776,0.640816330909729,10,-0.10585968731192313,0.5981126692412113,0.12131527565378937,-0.41381164969088086,0.6006058911996135,-0.09935209099674192,99.0,-0.09267359541652906
-2.387754917144776,0.663265287876129,10,-0.09797571622289833,0.6217748691065497,0.11695580286128332,-0.4210297283897416,0.6222294702514573,-0.09007115530760557,99.0,-0.08713926920429696
-2.387754917144776,0.685714304447174,10,-0.12303147062285334,0.5923316553063003,0.12496947117885289,-0.4164347951526338,0.5926071577351943,-0.11745112733858548,99.0,-0.10616625135414552
-2.387754917144776,0.708163261413574,10,-0.14153762937733283,0.6007789591262267,0.12312068927333121,-0.45266702759887406,0.5979458675347722,-0.1368435529210888,99.0,-0.1255493150288607
-2.387754917144776,0.730612277984619,10,-0.12251836284933004,0.622672391777041,0.11913744698854783,-0.43015933371313014,0.6258598260780035,-0.11710089385633175,99.0,-0.10579728303990373
-2.387754917144776,0.753061234951019,10,-0.16219059127518437,0.6235167984194905,0.12363556551939911,-0.4323498546496453,0.6237676212691237,-0.15931913028000677,99.0,-0.14231696813854866
-2.387754917144776,0.775510191917419,10,-0.09685890173787787,0.590601010209471,0.11723966679672043,-0.43660658596533997,0.5895078898274395,-0.0887935851837737,99.0,-0.08471338880598846
-2.387754917144776,0.797959208488464,10,-0.1280725981231933,0.5956758387595931,0.11774571209802269,-0.4306402889713067,0.5959918851892471,-0.1229835895840066,99.0,-0.11210806483297102
-2.387754917144776,0.820408165454864,10,-0.11538918488052545,0.5531608587792856,0.11415555147294032,-0.42159205350986667,0.5513631797759372,-0.10957136942415238,99.0,-0.1019205231715282
-2.387754917144776,0.842857122421264,10,-0.14140787931249058,0.5951095116060362,0.12616707789917156,-0.42357736488600284,0.5976396768213762,-0.13805700308217758,99.0,-0.12378326311512075
-2.387754917144776,0.865306138992309,10,-0.11997232173067297,0.5943801251907272,0.11003693337301758,-0.42794737793280946,0.5952148262492053,-0.11414802002625558,99.0,-0.1043516962949205
-2.387754917144776,0.887755095958709,10,-0.13769627157485537,0.5720979723764479,0.11496692680635011,-0.444878012202393,0.5676917285747807,-0.13263479290085767,99.0,-0.11828210377644281
-2.387754917144776,0.910204052925109,10,-0.08434614047357714,0.6068840710961743,0.11802954165011058,-0.4863908955188334,0.6058473402733213,-0.07488668170861217,99.0,-0.07328871499945425
-2.387754917144776,0.932653069496154,10,-0.11901882343402055,0.580251974967081,0.123043261007581,-0.4388027355718299,0.5747607640717076,-0.11218505710417986,99.0,-0.10315884982240106
-2.387754917144776,0.955102026462554,10,-0.14678812241615946,0.5318702313349799,0.11724547524716881,-0.48467803277067667,0.5247367655719566,-0.14262196021230977,99.0,-0.1302182983308109
-2.387754917144776,0.977551043033599,10,-0.14840621961618905,0.5763011281681063,0.11576856600589895,-0.44425289775390364,0.5734524720751546,-0.14456816249491194,99.0,-0.1284042914368369
-2.387754917144776,1.0,10,-0.17338872813407355,0.5686368799244435,0.12611593659403864,-0.46800125499045064,0.5633377282268617,-0.17105654481878263,99.0,-0.1506373010552859
-2.163265228271485,-0.100000001490117,10,-0.05492493987234887,0.8523399003350749,0.1029713716219286,-0.3401077113842425,0.7984946918441526,-0.019926949381415524,99.0,-0.030110101854727695
-2.163265228271485,-0.077551022171975,10,-0.02917748350600306,0.8095496460705182,0.09779932423415776,-0.3573600393032972,0.7743459233917521,0.004819117290356587,99.0,-0.01735437897936307
-2.163265228271485,-0.055102042853833,10,-0.022060900657665493,0.8300849729438576,0.1171985172269792,-0.3313944630562291,0.8358149113802714,0.007821256317742407,99.0,-0.015515853233667831
-2.163265228271485,-0.032653063535691,10,0.014455498828896133,0.8286829033331065,0.1263979676341486,-0.3551772364189883,0.8150689593580418,0.04721765852945773,99.0,0.010084321720696895
-2.163265228271485,-0.010204084217549,10,0.009758640679834875,0.7885529108745617,0.12319937709968445,-0.37236366114118924,0.7759375148734406,0.04151101114464812,99.0,0.005772199794044348
-2.163265228271485,0.012244895100593,10,-0.054777966720385915,0.8128922234182149,0.11782678355898402,-0.3372290863336507,0.8089522422716702,-0.03330155172468277,99.0,-0.03872202962479633
-2.163265228271485,0.034693874418735,10,-0.08397995831955658,0.8225955960971669,0.12932148990918063,-0.37378020635980624,0.8403419383938178,-0.0692017157901373,99.0,-0.060174961500945166
-2.163265228271485,0.057142853736877,10,-0.056471924946944085,0.7924869674860016,0.14220664017930254,-0.3955967158056395,0.8027994707966777,-0.03878136117954941,99.0,-0.04216373477103215
-2.163265228271485,0.079591833055019,10,-0.0902055535087603,0.7598424330102692,0.1129807522806128,-0.3525329205832989,0.783417160311735,-0.0779814292739508,99.0,-0.06510019991974118
-2.163265228271485,0.102040812373161,10,-0.017500721411186755,0.7602810953206366,0.11917418428684895,-0.3726528034214692,0.7819233323216326,0.0024860525186719915,99.0,-0.010464300013128458
-2.163265228271485,0.124489791691303,10,-0.048996124825081214,0.7595895593409685,0.14094068813745692,-0.35573389125415744,0.7775486241198384,-0.0342354190591775,99.0,-0.03748186502618305
-2.163265228271485,0.146938771009445,10,-0.10402744444592678,0.7601607727660835,0.1252458654477121,-0.3515098640101809,0.7884814253476784,-0.0968260954909899,99.0,-0.07384655672979008
-2.163265228271485,0.169387757778167,10,-0.10759563501380207,0.6922267058512095,0.10201024583050894,-0.39147448793294143,0.7095746250663927,-0.10038787277051558,99.0,-0.0826248874920349
-2.163265228271485,0.191836729645729,10,-0.06676997202063702,0.7232884703752087,0.1294575002227486,-0.4064065791053114,0.7411839190174501,-0.0555634647775854,99.0,-0.05241901678218454
-2.163265228271485,0.21428570151329,10,-0.16457287217684724,0.6823058251580617,0.14102572728884905,-0.4455329863330262,0.6926919112158934,-0.1629895832015853,99.0,-0.13418868098041054
-2.163265228271485,0.236734688282012,10,-0.1009317208327288,0.6854919191297291,0.12897263623391095,-0.45492481654088096,0.7006019148174603,-0.093922623416409,99.0,-0.08263603560807403
-2.163265228271485,0.259183675050735,10,-0.11811392536686385,0.6680248132818971,0.14356272091777741,-0.484302204672894,0.6679266596871848,-0.11092197055603392,99.0,-0.09755281058461422
-2.163265228271485,0.281632661819458,10,-0.20738151570606064,0.6425800255477067,0.1271245983912927,-0.42301374768933375,0.6460105368535152,-0.2086611063429261,99.0,-0.171090401582432
-2.163265228271485,0.304081618785858,10,-0.12375878146614808,0.6507167807430507,0.12476329486842419,-0.43221084867299564,0.6603093386608077,-0.11924378901039627,99.0,-0.10598722017713443
-2.163265228271485,0.32653060555458,10,-0.14623156455338557,0.6343605185956056,0.13556284884666847,-0.42197943736165966,0.6397643798423702,-0.14322273172417635,99.0,-0.12732862355768718
-2.163265228271485,0.348979592323303,10,-0.14310535871629187,0.6282187516992379,0.11508173426750652,-0.40002085022726463,0.6336042872168943,-0.1395786720489684,99.0,-0.12290817434762277
-2.163265228271485,0.371428549289703,10,-0.12232420963711041,0.5714208010466054,0.12026328264481485,-0.37970289542809527,0.5710847296987914,-0.11697702194238052,99.0,-0.10353926865267764
-2.163265228271485,0.393877536058425,10,-0.14155238185013624,0.6173036581369122,0.13120039986483678,-0.4522126980140867,0.6153810849798904,-0.13671148633642966,99.0,-0.12394244485885161
-2.163265228271485,0.416326522827148,10,-0.12002166997955381,0.6191541478072589,0.1347846389205909,-0.4493901840751232,0.6233913338645316,-0.11498313638074545,99.0,-0.10882888520186021
-2.163265228271485,0.438775509595871,10,-0.13322628957279936,0.5998613377912667,0.1176069572143812,-0.4262970668196936,0.6064638160472389,-0.1295579583613009,99.0,-0.11231806640975442
-2.163265228271485,0.461224496364593,10,-0.1748753041597755,0.6165066129247441,0.12218068884911407,-0.40872930991042045,0.6188732339735857,-0.1738091937531629,99.0,-0.14977817735017981
-2.163265228271485,0.483673483133316,10,-0.14500703797456768,0.6222413886000542,0.12485919063585241,-0.39880320238900246,0.6256487672730137,-0.14147430061062974,99.0,-0.12375434708579021
-2.163265228271485,0.506122469902038,10,-0.17381441334558786,0.6347714778434448,0.12762444143910845,-0.4348010744625257,0.6395825268094791,-0.17305046212998051,99.0,-0.15617092321574919
-2.163265228271485,0.528571426868438,10,-0.12296728457275621,0.5946108608393291,0.11768254399544037,-0.3780168321774119,0.5978614399863609,-0.11834522086364986,99.0,-0.10716564835351561
-2.163265228271485,0.551020383834838,10,-0.13112548756877088,0.6037806858200896,0.11940000061648882,-0.41674658059254843,0.6042438072162069,-0.12619022842737299,99.0,-0.11345592326189313
-2.163265228271485,0.573469400405883,10,-0.1753568074564701,0.6072918493935988,0.12534670254937164,-0.42737455480982206,0.6076383230780438,-0.17399242135267312,99.0,-0.1500764282373212
-2.163265228271485,0.595918357372283,10,-0.11755020961724619,0.5934460386999102,0.11794922138596685,-0.419292223350917,0.5966459459078756,-0.11215388571659218,99.0,-0.1018711900566827
-2.163265228271485,0.618367373943328,10,-0.1306752015156952,0.5862829647175327,0.12186166644984028,-0.44670036742445507,0.5864776727301426,-0.12605087311511243,99.0,-0.11538734177803094
-2.163265228271485,0.640816330909729,10,-0.11838064210974134,0.6174462269978609,0.11476948249898998,-0.4330172584144605,0.6199725236613752,-0.11260513516532639,99.0,-0.10191563928538376
-2.163265228271485,0.663265287876129,10,-0.11699764101450935,0.6117520715843231,0.11748929621569226,-0.4046309104110564,0.6157154361774612,-0.11125852520045307,99.0,-0.10369051560121807
-2.163265228271485,0.685714304447174,10,-0.12900662073009436,0.6150838758888126,0.11787076054401559,-0.38522762508905223,0.6211803087734306,-0.12468630661020386,99.0,-0.11050412998999763
-2.163265228271485,0.708163261413574,10,-0.12179604307287151,0.5903388408459755,0.11719524360834759,-0.42961261032524295,0.5872848877168042,-0.11556701108522341,99.0,-0.10507198996194449
-2.163265228271485,0.730612277984619,10,-0.12192390761660342,0.6200643666130213,0.12519168722245846,-0.430078989430767,0.6225771141812921,-0.11639949132519131,99.0,-0.10333070485947418
-2.163265228271485,0.753061234951019,10,-0.17714671235897345,0.5759284391186034,0.11778936904785926,-0.40685641091328106,0.5725231323359374,-0.17550683341234738,99.0,-0.15176814935916316
-2.163265228271485,0.775510191917419,10,-0.0945057929599006,0.5778559831783328,0.13087963080301812,-0.5037895664934303,0.5737226865420556,-0.08645094924195108,99.0,-0.08298637776367854
-2.163265228271485,0.797959208488464,10,-0.17456154804813795,0.5765419088780289,0.12561008747039304,-0.4123193444895677,0.5764598512186616,-0.173713772939372,99.0,-0.1518031377322543
-2.163265228271485,0.820408165454864,10,-0.16866960733738565,0.567240857995285,0.11903994689489696,-0.41428962174828154,0.565266637721359,-0.16699164362562469,99.0,-0.14661696249992384
-2.163265228271485,0.842857122421264,10,-0.13777013019309664,0.5898588191356198,0.10875350366788959,-0.43443247011278474,0.5873376712677171,-0.13257881555062354,99.0,-0.11847634006716663
-2.163265228271485,0.865306138992309,10,-0.13474277988951372,0.5525229233295068,0.12148927073232241,-0.3944865872621174,0.5455668248240431,-0.12946494604067837,99.0,-0.11876469706902852
-2.163265228271485,0.887755095958709,10,-0.13656841081077353,0.5799316101318972,0.10755480592885443,-0.3924973171657452,0.5815063101018187,-0.13247480364984046,99.0,-0.11546399287395337
-2.163265228271485,0.910204052925109,10,-0.0806161918971826,0.5806569122232234,0.11487195269453863,-0.40963419573559134,0.5813161826586705,-0.07099253647954751,99.0,-0.06800616705964983
-2.163265228271485,0.932653069496154,10,-0.1423946645490371,0.5655274207924025,0.11932547250788891,-0.44583317247466014,0.5623869481216905,-0.13819474904907184,99.0,-0.12114657144533614
-2.163265228271485,0.955102026462554,10,-0.13302801964814426,0.6032564880745601,0.12404343516527053,-0.45021683092329157,0.603254905930869,-0.12800743691939148,99.0,-0.11392689321943342
-2.163265228271485,0.977551043033599,10,-0.15872811750038274,0.5785844271901818,0.1107178493225144,-0.4192172734249343,0.5763807370254976,-0.1558977104269385,99.0,-0.1363378811347667
-2.163265228271485,1.0,10,-0.1646423228020134,0.5752231805436662,0.11505498233987307,-0.4428747179842901,0.5725362232639926,-0.16210934065127883,99.0,-0.13748290194438345
-1.938775420188904,-0.100000001490117,10,0.031691517941943526,0.833635725972631,0.09680959655101862,-0.3457390357662741,0.804994340405053,0.07824537745880818,99.0,0.01861073475109168
-1.938775420188904,-0.077551022171975,10,-0.05832324548944311,0.804682735798884,0.08734986172225545,-0.2951298054882404,0.7514695064880256,-0.022079695462867623,99.0,-0.033254933974057245
-1.938775420188904,-0.055102042853833,10,-0.07455582907765282,0.8353252553272815,0.1136087141231472,-0.40734849328830947,0.8082828949760335,-0.045240621936319905,99.0,-0.046278145085759934
-1.938775420188904,-0.032653063535691,10,-0.17198073897170968,0.780613205011943,0.0845820122693204,-0.3458346521488845,0.7338858585994059,-0.15090789693883316,99.0,-0.10574963036061465
-1.938775420188904,-0.010204084217549,10,-0.03905450604534649,0.8055967201045116,0.1046718101331159,-0.3609823907547449,0.7965088243154095,-0.01181331335577248,99.0,-0.023897717986728552
-1.938775420188904,0.012244895100593,10,-0.006081902429555773,0.8049941565257781,0.11784734783179963,-0.3903772643289095,0.7790240582472819,0.02395687837018634,99.0,-0.005656447727563788
-1.938775420188904,0.034693874418735,10,-0.03758502248405275,0.804225733607103,0.1263703990923128,-0.36098307362528625,0.8083141206629163,-0.013631916098932603,99.0,-0.023373845875345828
-1.938775420188904,0.057142853736877,10,-0.044390348105043775,0.8056308797150541,0.13310435841348833,-0.4081858472814425,0.8238165028851615,-0.02603198259470517,99.0,-0.028575828169207774
-1.938775420188904,0.079591833055019,10,-0.13200100576169893,0.7752733306266961,0.10895925403097376,-0.3704259565274336,0.8011082697962775,-0.1240168311968185,99.0,-0.08635750299347508
-1.938775420188904,0.102040812373161,10,-0.010469970510661591,0.779545906894867,0.1294897094788505,-0.3906593663930615,0.7891773961340596,0.009955263545376694,99.0,-0.005888191520160679
-1.938775420188904,0.124489791691303,10,-0.10902249517751614,0.7575510012680973,0.12063937439304942,-0.37675076594235124,0.783492055377641,-0.09983081671817524,99.0,-0.07739359456007067
-1.938775420188904,0.146938771009445,10,-0.012074657161957016,0.7203484145055445,0.10752267195815592,-0.4115421292183057,0.7474099166818485,0.008329180287762201,99.0,-0.008089198636472693
-1.938775420188904,0.169387757778167,10,-0.0821246244482598,0.7043765247047916,0.1310135258355738,-0.3646598236311507,0.7219868503115459,-0.07240638515547243,99.0,-0.06359678890547515
-1.938775420188904,0.191836729645729,10,-0.10188406158496073,0.6867596639471546,0.13331266814952153,-0.4193031799218664,0.6984157831319352,-0.0947514759702915,99.0,-0.0791261722654977
-1.938775420188904,0.21428570151329,10,-0.12910714278789645,0.703150060375472,0.11690177794312583,-0.36369437437880037,0.7208843615231795,-0.12472574247297653,99.0,-0.10212673656518848
-1.938775420188904,0.236734688282012,10,-0.0932324694272475,0.642401019812523,0.1176535118672288,-0.3559273541534141,0.6561330017164348,-0.08557519921631596,99.0,-0.07275229373386097
-1.938775420188904,0.259183675050735,10,-0.08265038610945721,0.6545491375826795,0.131814631455511,-0.40374495817136713,0.6648673116095682,-0.07364561988826428,99.0,-0.06539907876488761
-1.938775420188904,0.281632661819458,10,-0.1602734251274481,0.663278726432112,0.11309388109346914,-0.399245896029007,0.6778103139063413,-0.15944288382384603,99.0,-0.1274366974296654
-1.938775420188904,0.304081618785858,10,-0.1634987851818086,0.606937197839047,0.12155837739861021,-0.4092923857730669,0.6155308147778933,-0.16321274842212835,99.0,-0.13773202779350277
-1.938775420188904,0.32653060555458,10,-0.1530853929762447,0.649902756324924,0.12196975657070894,-0.4258087613049968,0.6571949624728519,-0.15057937317460882,99.0,-0.1278795862801997
-1.938775420188904,0.348979592323303,10,-0.16246344106450228,0.6560529379532407,0.12960693629479567,-0.47566107397646373,0.6614689290729514,-0.16022245304276397,99.0,-0.1381966051931857
-1.938775420188904,0.371428549289703,10,-0.16211856215186582,0.5869602021980969,0.11666379299550282,-0.39615156861221523,0.5892476210102284,-0.16055971619861573,99.0,-0.1353237450591268
-1.938775420188904,0.393877536058425,10,-0.1226403941735524,0.6163510481475434,0.1214995437092192,-0.4014515079980212,0.618307489197465,-0.11734687518127768,99.0,-0.1065183800811039
-1.938775420188904,0.416326522827148,10,-0.1401353169551426,0.6656756464823572,0.12502638652496165,-0.4021814976272421,0.6754103254816308,-0.13679392490124404,99.0,-0.11825978061873872
-1.938775420188904,0.438775509595871,10,-0.1352930553268595,0.5785250824302987,0.12431517437925965,-0.3618860754699288,0.5803449057611957,-0.131597655734667,99.0,-0.11529711308531158
-1.938775420188904,0.461224496364593,10,-0.14484136869787195,0.6301818116568675,0.12146395465935962,-0.4008746905837115,0.6376636808653416,-0.14205542182176148,99.0,-0.1237071028108356
-1.938775420188904,0.483673483133316,10,-0.12956548196915257,0.6213530617020979,0.12335983673563848,-0.44249793054417974,0.6249068342315102,-0.1246820564324766,99.0,-0.11136511146033685
-1.938775420188904,0.506122469902038,10,-0.1077325053884454,0.6144123146857235,0.11794138935616279,-0.3988587662889357,0.6197733848738347,-0.10163584432108584,99.0,-0.09083592327555892
-1.938775420188904,0.528571426868438,10,-0.1344517752297478,0.5822441981784799,0.11675176811338349,-0.3857414256884988,0.5844442346878904,-0.13042455458340754,99.0,-0.11380015428191848
-1.938775420188904,0.551020383834838,10,-0.08772870634806136,0.6445719125718223,0.13474458165991213,-0.4217952802422022,0.6472475708246814,-0.07963863677940838,99.0,-0.07444687772861655
-1.938775420188904,0.573469400405883,10,-0.1557776370054018,0.6070889118004884,0.1306773622402318,-0.3846266137004918,0.6099015428818236,-0.153602030009136,99.0,-0.1347373249699587
-1.938775420188904,0.595918357372283,10,-0.15571031258142104,0.5805056091836682,0.1216796686504784,-0.38668171428429843,0.5836099794358616,-0.15389301570352681,99.0,-0.1305900672232342
-1.938775420188904,0.618367373943328,10,-0.18310312755055994,0.6068348702257451,0.11747086803691914,-0.40957639703567256,0.6079867569561408,-0.18252693080814816,99.0,-0.15605891728606486
-1.938775420188904,0.640816330909729,10,-0.1271491722484686,0.6085137710169439,0.10705930736074216,-0.3885920557771805,0.6124637286584276,-0.12246189753085363,99.0,-0.10877813261589542
-1.938775420188904,0.663265287876129,10,-0.10422170623012209,0.6294645665087455,0.120033940611544,-0.44184084907025745,0.6262218864156336,-0.09568687427131141,99.0,-0.0874081741612107
-1.938775420188904,0.685714304447174,10,-0.10821898235194985,0.5984485338784351,0.13414347287129744,-0.4392895664374179,0.5976850524368109,-0.1012260042126723,99.0,-0.09114740560368886
-1.938775420188904,0.708163261413574,10,-0.142891504628482,0.5919673914476582,0.11438189386730287,-0.3956517935953868,0.5894094043029565,-0.13826412071759386,99.0,-0.12127088529836585
-1.938775420188904,0.730612277984619,10,-0.15467207931519386,0.567759329272508,0.12040343428244825,-0.4537767422825609,0.5653647508203604,-0.15164224069395968,99.0,-0.1321427600610327
-1.938775420188904,0.753061234951019,10,-0.13424727618900834,0.5772471712836047,0.11749099613414199,-0.41346444231911916,0.5752447159831977,-0.12922469850742957,99.0,-0.11317662706847156
-1.938775420188904,0.775510191917419,10,-0.1052773599023181,0.6250472141707919,0.11621981203653184,-0.4424475573023707,0.6259248466876047,-0.09809482296659776,99.0,-0.09105046036690638
-1.938775420188904,0.797959208488464,10,-0.1361081976551391,0.6267221007422286,0.12733043685711107,-0.5030601760654285,0.6239700754827032,-0.13037138642564042,99.0,-0.11526959574275186
-1.938775420188904,0.820408165454864,10,-0.15616712464220694,0.5855379044450189,0.11199146023219572,-0.4626555272432552,0.5853742382134938,-0.15336770435938463,99.0,-0.130170120090571
-1.938775420188904,0.842857122421264,10,-0.1302978531768523,0.6024941200825918,0.11114771572501013,-0.4613376219712517,0.6029760364602548,-0.12496445352136099,99.0,-0.11035537501882213
-1.938775420188904,0.865306138992309,10,-0.11842897186969449,0.5585286003476742,0.12309893551775157,-0.4804696744136936,0.5541857872773527,-0.11202762432708127,99.0,-0.10078280000122557
-1.938775420188904,0.887755095958709,10,-0.14111052168855293,0.5895154372904905,0.11559143306431055,-0.40925626686318256,0.5861903250896645,-0.1362521108293087,99.0,-0.1175480075311605
-1.938775420188904,0.910204052925109,10,-0.10554759017203828,0.5854214336342315,0.10337466988489975,-0.44828554991680364,0.5871137027315909,-0.09852081003905194,99.0,-0.09014410174196216
-1.938775420188904,0.932653069496154,10,-0.12968336667202088,0.6052906606119572,0.11949550576015097,-0.40412846508089595,0.6064629481465799,-0.12440861320442442,99.0,-0.10641678211185604
-1.938775420188904,0.955102026462554,10,-0.1390487401395466,0.5634438596134351,0.11411207714721282,-0.4470620198602179,0.5585948710418492,-0.13420022499723716,99.0,-0.11952169996973303
-1.938775420188904,0.977551043033599,10,-0.12188784085012516,0.5603451809633307,0.10480570926674264,-0.4155155699423379,0.5572994985890547,-0.11551481228627104,99.0,-0.09985659614627221
-1.938775420188904,1.0,10,-0.14682452194390247,0.563241295093914,0.11840669217025965,-0.45227889138847277,0.5598717858332589,-0.1428722439288822,99.0,-0.12523955035865544
-1.714285612106324,-0.100000001490117,10,-0.0038461889388078513,0.7479971833846265,0.05908667605679698,-0.2615380768741562,0.7561714421581834,0.04484964553653834,99.0,-0.0008698609958717781
-1.714285612106324,-0.077551022171975,10,-0.007063448355537308,0.8295759218997203,0.1006788958929297,-0.3098596331210248,0.7828068147525344,0.03438896404806184,99.0,-0.006698642658535742
-1.714285612106324,-0.055102042853833,10,0.003711280979559115,0.7740246505767214,0.09756986975337252,-0.33025779878049744,0.7418920884339524,0.04892763412708644,99.0,0.0028767036596885837
-1.714285612106324,-0.032653063535691,10,0.0021042836931125363,0.8180715662778723,0.08313993967325096,-0.3202606303484164,0.7753207641734088,0.041800537999010415,99.0,0.001877221927648809
-1.714285612106324,-0.010204084217549,10,-0.05427757198652956,0.8234988323494422,0.11034573630950117,-0.3841541107671083,0.8284017703005158,-0.027286196660114483,99.0,-0.03180311128331921
-1.714285612106324,0.012244895100593,10,-0.006328958114713313,0.7785080495078003,0.08612794285387596,-0.2652057704086576,0.7936907660143538,0.026511149557448647,99.0,-0.0004623933626165592
-1.714285612106324,0.034693874418735,10,-0.08319269049280928,0.7617997392386298,0.10223835888037318,-0.3216185091071043,0.7821626545030061,-0.06516241771854012,99.0,-0.05081168204793509
-1.714285612106324,0.057142853736877,10,-0.019649203613748667,0.800756381445419,0.1275253076564618,-0.4716703816793559,0.8100665471513361,0.0051236589840496696,99.0,-0.011942574174119971
-1.714285612106324,0.079591833055019,10,-0.09152700154640056,0.7722675121595333,0.1180347411247063,-0.3785258847409603,0.8058314617493986,-0.07950969833806493,99.0,-0.05926934166929063
-1.714285612106324,0.102040812373161,10,-0.08421869048772493,0.7767004154439989,0.10441944766229465,-0.32243020841553877,0.8063485703931477,-0.07146095763626009,99.0,-0.05385282226946227
-1.714285612106324,0.124489791691303,10,-0.03129576910215375,0.7159513872962768,0.09658834833381112,-0.24677698526211506,0.7544478946397531,-0.012369074364003523,99.0,-0.02169380179492317
-1.714285612106324,0.146938771009445,10,-0.07663917733645743,0.7218660238981706,0.12106566804924655,-0.3607864183792349,0.7429595161221341,-0.06504793018518276,99.0,-0.05316614508361517
-1.714285612106324,0.169387757778167,10,-0.07288442108131528,0.7478296032207162,0.11602367198070354,-0.40668571204593595,0.770890616391118,-0.06110575807929078,99.0,-0.05157757765183696
-1.714285612106324,0.191836729645729,10,-0.12417471785017412,0.7014249234499461,0.12203168411637043,-0.40269191399595067,0.7260270408767153,-0.12005769411322703,99.0,-0.09077343844727845
-1.714285612106324,0.21428570151329,10,-0.12413772180303916,0.7092680700780007,0.1294242713039959,-0.4293137614756097,0.7269135742247672,-0.11941062186362451,99.0,-0.0979686607141986
-1.714285612106324,0.236734688282012,10,-0.0840755874892657,0.6871834293747426,0.1281905143627191,-0.43451529200342903,0.7002650183304799,-0.07506673225141597,99.0,-0.06499016672175698
-1.714285612106324,0.259183675050735,10,-0.12978414698038668,0.6706227915174415,0.11873245952485785,-0.4016621789633019,0.6860631053812547,-0.12618653211830005,99.0,-0.1009797247154753
-1.714285612106324,0.281632661819458,10,-0.06741475499567687,0.6688522074748915,0.12389377902299073,-0.4081898381750474,0.6821717750229646,-0.05700535249407282,99.0,-0.05393386045198727
-1.714285612106324,0.304081618785858,10,-0.1182730764296028,0.6169680860995308,0.10852826277423641,-0.38436997799104555,0.6305420387266267,-0.11411076609171392,99.0,-0.09482525295038363
-1.714285612106324,0.32653060555458,10,-0.11279142387725968,0.6388455526112651,0.10897067595135322,-0.4221214588470455,0.6487608843596143,-0.10744549389617054,99.0,-0.09405075417194189
-1.714285612106324,0.348979592323303,10,-0.1509473592301936,0.6147994576126146,0.11997472359374031,-0.4049856645143104,0.6224079413334831,-0.14910214774409983,99.0,-0.12610092247308635
-1.714285612106324,0.371428549289703,10,-0.19057028272310003,0.6115343927271737,0.11198303150740731,-0.3876729105502257,0.6198367095748953,-0.19274100086844476,99.0,-0.1571626474024374
-1.714285612106324,0.393877536058425,10,-0.052520861106678446,0.603192967075652,0.12319285407343256,-0.4316542237991553,0.6041003458312575,-0.04087621372418879,99.0,-0.04409884220440421
-1.714285612106324,0.416326522827148,10,-0.1444440470881873,0.5921260922176923,0.1134585244604905,-0.34459110594640074,0.6012730707070579,-0.14273681823755302,99.0,-0.11873776853682065
-1.714285612106324,0.438775509595871,10,-0.13093838416810794,0.6445016158001879,0.1301512768962615,-0.4319596877341627,0.6538239753487266,-0.12681395567805898,99.0,-0.10639168790457845
-1.714285612106324,0.461224496364593,10,-0.14407798341057018,0.6273259150397397,0.1175069022597762,-0.42491273079755876,0.6346714242629391,-0.14129110935232508,99.0,-0.11903275553032508
-1.714285612106324,0.483673483133316,10,-0.09500379627582126,0.6290934385307984,0.12223652885328834,-0.4153018470624057,0.6347817500379886,-0.0871735238043066,99.0,-0.07698420268568583
-1.714285612106324,0.506122469902038,10,-0.1464392466671678,0.6272802537593131,0.13101869845636382,-0.44589160364877883,0.629190756334724,-0.14267756031915788,99.0,-0.12208351341470658
-1.714285612106324,0.528571426868438,10,-0.14853399739445902,0.5693226005234003,0.12667164254000024,-0.4315018149636434,0.5647170723910482,-0.14430776710576287,99.0,-0.12483177383681976
-1.714285612106324,0.551020383834838,10,-0.12838017381619402,0.6275947875737293,0.11929225140675817,-0.4077678946217962,0.6313259384642471,-0.12328371996316856,99.0,-0.110679121023781
-1.714285612106324,0.573469400405883,10,-0.14179602511137826,0.6256457490180276,0.12188990627832706,-0.41002540583274305,0.6298629710019039,-0.1379532913978439,99.0,-0.11785809500641013
-1.714285612106324,0.595918357372283,10,-0.12788114840410486,0.6167017878386802,0.11849165696875125,-0.4192676234657232,0.6193426320388222,-0.12266866467586426,99.0,-0.10439824408117397
-1.714285612106324,0.618367373943328,10,-0.12360797814261837,0.5957346005094242,0.11666440817567629,-0.384474017741677,0.6013408155414605,-0.11892868220507806,99.0,-0.10148461197551657
-1.714285612106324,0.640816330909729,10,-0.13267997139636653,0.6013391612351789,0.11789247503545129,-0.4366247097925563,0.6018304568331257,-0.12779420543807898,99.0,-0.11216500014436166
-1.714285612106324,0.663265287876129,10,-0.1520187200181839,0.5954272018324552,0.12231166246940373,-0.41526266497618775,0.594855113551038,-0.14857979947085592,99.0,-0.1293056801172044
-1.714285612106324,0.685714304447174,10,-0.1599316659984497,0.6138669419088276,0.11350324546809157,-0.4022468531678416,0.6229835653298303,-0.1590093638534402,99.0,-0.1297418458408596
-1.714285612106324,0.708163261413574,10,-0.148765700440477,0.592058334124882,0.10420475895226113,-0.38319549865541713,0.5956207967971305,-0.14592522396198698,99.0,-0.12498537319290001
-1.714285612106324,0.730612277984619,10,-0.10078821882542237,0.5652944757975229,0.10074592073733123,-0.38633246995688064,0.5677650934363514,-0.09341284439663142,99.0,-0.08328175001292472
-1.714285612106324,0.753061234951019,10,-0.14509095589349352,0.5900080246236965,0.10623293327512544,-0.37108631966559913,0.5944596956839212,-0.14202546725093523,99.0,-0.11956578420667976
-1.714285612106324,0.775510191917419,10,-0.16595463500036226,0.587784474043135,0.12088029561440265,-0.4275979643701201,0.5819029602064483,-0.16234267390274076,99.0,-0.1384495961499447
-1.714285612106324,0.797959208488464,10,-0.19313667567467033,0.5702433737183832,0.10210051271516528,-0.36659637860996064,0.573469187486356,-0.19534434146962326,99.0,-0.15709196498949377
-1.714285612106324,0.820408165454864,10,-0.10226419661579887,0.6019688421755762,0.10959849500722481,-0.43164777084542044,0.602378977349802,-0.09442165245346888,99.0,-0.08702045205917214
-1.714285612106324,0.842857122421264,10,-0.16253546228866417,0.5447388897535725,0.11323747197280735,-0.40819727809247885,0.542405382280963,-0.16072156299841373,99.0,-0.13422531184472494
-1.714285612106324,0.865306138992309,10,-0.1253200850894611,0.5724515396179347,0.09943101204846526,-0.3795324459664984,0.5786328493092212,-0.12093315600643671,99.0,-0.10192564738696244
-1.714285612106324,0.887755095958709,10,-0.0835030515168136,0.6061979259063901,0.1122998461433771,-0.4390830372044821,0.609762234234463,-0.07480719261672332,99.0,-0.07151423692430182
-1.714285612106324,0.910204052925109,10,-0.10958701271093985,0.5566253959352045,0.11850434035193823,-0.4387350119291274,0.5498992238760484,-0.10179025431392574,99.0,-0.0917897316659561
-1.714285612106324,0.932653069496154,10,-0.16237915309537554,0.5684774737483462,0.10708599936511466,-0.35993324300520124,0.5687828203457059,-0.16062603929092562,99.0,-0.1337317519776752
-1.714285612106324,0.955102026462554,10,-0.15014293732519068,0.6141674751328413,0.1125679574490367,-0.37146865590492384,0.6164431755766842,-0.14682875850319957,99.0,-0.1251579862100312
-1.714285612106324,0.977551043033599,10,-0.12113870507471218,0.5871416890882301,0.11246111889704805,-0.4090626989701895,0.5888604057477596,-0.11529637089088231,99.0,-0.09724745243794589
-1.714285612106324,1.0,10,-0.1024032089067899,0.5921140857835714,0.12379319350914522,-0.3840030350661965,0.589918334993823,-0.0942088723874758,99.0,-0.08341214774382402
-1.489795923233033,-0.100000001490117,10,0.024463679866541802,0.809081550650964,0.09029742794186184,-0.3050340054290528,0.7611540743049635,0.0752941545683735,99.0,0.010527977446563717
-1.489795923233033,-0.077551022171975,10,-0.07408667596885112,0.7797933896213183,0.07583703505883546,-0.36885016650586566,0.7509642950917016,-0.03657068945928588,99.0,-0.036748815132227275
-1.489795923233033,-0.055102042853833,10,-0.15410230096516347,0.7720083010223561,0.06396615999212847,-0.2940463465476533,0.7156105998237519,-0.1266721974953408,99.0,-0.08272804608603986
-1.489795923233033,-0.032653063535691,10,-0.10777072877370565,0.7378425919444792,0.06654287520986904,-0.26480452418641065,0.7320584919875881,-0.08174143822545166,99.0,-0.05638848275250994
-1.489795923233033,-0.010204084217549,10,0.012348367999790897,0.7627069936152773,0.08623849127523614,-0.32336659680442614,0.7979864352332534,0.05434532342185793,99.0,0.006521138791340202
-1.489795923233033,0.012244895100593,10,-0.03722793712857565,0.785847430658507,0.09737785650528293,-0.3497719372932919,0.8062317488345884,-0.006251020682887777,99.0,-0.02033651940361223
-1.489795923233033,0.034693874418735,10,-0.016945549750201423,0.7279122473516677,0.10956587677203737,-0.2931187700576433,0.7528539800287075,0.015321010987374678,99.0,-0.007103438173096224
-1.489795923233033,0.057142853736877,10,-0.049440799934291985,0.7070080730133519,0.1092742362651486,-0.3586780840610222,0.7427628057987076,-0.028632934315765524,99.0,-0.02805634479392054
-1.489795923233033,0.079591833055019,10,-0.1252676202713828,0.7636687706055749,0.09075367533545567,-0.26981444152145095,0.7981411005210788,-0.11714397131964345,99.0,-0.07168522665525086
-1.489795923233033,0.102040812373161,10,-0.008218676494421435,0.6977413854892266,0.1155809088045538,-0.3826990968346391,0.7090257406872318,0.0161728167680978,99.0,-0.007189264920895532
-1.489795923233033,0.124489791691303,10,-0.09750442986646912,0.7640500285573232,0.0979841252001719,-0.31218622158112536,0.7956668139559375,-0.08714563572076298,99.0,-0.06349425632116693
-1.489795923233033,0.146938771009445,10,-0.04721338019493694,0.7670903279606969,0.12391473262890812,-0.40285379039716757,0.7974207618185609,-0.029279161269309004,99.0,-0.029108055454336857
-1.489795923233033,0.169387757778167,10,-0.08569538767613671,0.6751589070177704,0.12052994243424917,-0.4160110927945694,0.6980502551884041,-0.0760560050592012,99.0,-0.061018674489573675
-1.489795923233033,0.191836729645729,10,-0.055593340469708236,0.6813360785765834,0.10286543516475577,-0.29966787903949205,0.7106769061644103,-0.04360278637310812,99.0,-0.04089406322906319
-1.489795923233033,0.21428570151329,10,-0.06757749113917962,0.7038366049456283,0.1196105707398482,-0.3815273706160228,0.725488309519364,-0.0563746956372,99.0,-0.04574541491679132
-1.489795923233033,0.236734688282012,10,-0.14500236565821215,0.658002217344472,0.11314403743499805,-0.4129283064420625,0.6782405499431443,-0.14403707970524715,99.0,-0.11164651684544027
-1.489795923233033,0.259183675050735,10,-0.13588589148799965,0.6553391458275014,0.11208438119940024,-0.4065050998937762,0.6720270863230837,-0.13280965022167007,99.0,-0.10524489385666076
-1.489795923233033,0.281632661819458,10,-0.11617107744631774,0.6693525569797373,0.12310202391928514,-0.39556623477038794,0.6840065046123094,-0.11090817089017888,99.0,-0.09097156935260965
-1.489795923233033,0.304081618785858,10,-0.1418809845441736,0.6314851117873139,0.11556271139417627,-0.36380961564239234,0.6453687261826692,-0.1398963282008516,99.0,-0.11104374090733019
-1.489795923233033,0.32653060555458,10,-0.08710528344354053,0.6008166526329695,0.10871373258796796,-0.37253398540629934,0.6105501358083362,-0.07972295505821969,99.0,-0.07221358950574361
-1.489795923233033,0.348979592323303,10,-0.17347688082417612,0.6072284680969895,0.10589419409959726,-0.35843984834774645,0.6160432616756407,-0.1741901394771786,99.0,-0.13620361511885287
-1.489795923233033,0.371428549289703,10,-0.11384822126524613,0.6026940462269875,0.11657586731946999,-0.40082576786806223,0.6134896764089534,-0.10937060308354968,99.0,-0.09535057913670215
-1.489795923233033,0.393877536058425,10,-0.08661820511788243,0.6044646506466455,0.10958574076433675,-0.35455357985044933,0.6183549036093607,-0.07892925380668026,99.0,-0.07081623968970438
-1.489795923233033,0.416326522827148,10,-0.12920159762897698,0.5932175583921098,0.12624948624622648,-0.4246924329222862,0.5982667427404461,-0.12499482931218944,99.0,-0.10362161021166652
-1.489795923233033,0.438775509595871,10,-0.1476081142164281,0.609622574539928,0.12088687184618262,-0.4101693926374927,0.6149214504937042,-0.14483088668285543,99.0,-0.12233301231956069
-1.489795923233033,0.461224496364593,10,-0.13784451956234567,0.5665543454813389,0.13036201292917185,-0.4190184494301331,0.5659725684912742,-0.13381773657642904,99.0,-0.11909289798581743
-1.489795923233033,0.483673483133316,10,-0.10270037442169126,0.570325748329982,0.10104177328157846,-0.39610266699733676,0.57966277148727,-0.0964538251299352,99.0,-0.08222435427897815
-1.489795923233033,0.506122469902038,10,-0.16075976827687072,0.5911973858010395,0.10804187422561484,-0.35331748455549317,0.595631120789342,-0.15931210522660358,99.0,-0.12968131317578968
-1.489795923233033,0.528571426868438,10,-0.11865217135722658,0.6019786845357605,0.10844867906871043,-0.3839518247873557,0.6094747964468619,-0.11374881115882586,99.0,-0.09852919509123975
-1.489795923233033,0.551020383834838,10,-0.1485990966418947,0.5937797705803693,0.12649050572402779,-0.3715478411635381,0.5963993092179654,-0.14568428999953031,99.0,-0.12215413339865533
-1.489795923233033,0.573469400405883,10,-0.21089180683974085,0.5648910887350751,0.11270439068994861,-0.3424177611733986,0.5674394718699395,-0.21474228522511032,99.0,-0.1700934639884734
-1.489795923233033,0.595918357372283,10,-0.12973183869852725,0.5911382285586819,0.10715956812044723,-0.37512420050136297,0.5965592123307326,-0.12527254495169896,99.0,-0.10466647378963675
-1.489795923233033,0.618367373943328,10,-0.10659123015543552,0.6172167916765161,0.1157521817512094,-0.4078200229932865,0.6233841347961313,-0.09977114497316794,99.0,-0.08891544930794656
-1.489795923233033,0.640816330909729,10,-0.14473111553031948,0.6176446168469328,0.10830987064959759,-0.3232676941740111,0.6277097267151084,-0.14258966719278274,99.0,-0.11989044720041353
-1.489795923233033,0.663265287876129,10,-0.15718660094493903,0.6237198040352652,0.1101632688836357,-0.3686759335747554,0.6306939118070517,-0.15534746205066374,99.0,-0.1272683505968201
-1.489795923233033,0.685714304447174,10,-0.15586289168311265,0.6193381820855477,0.1255018467404536,-0.4199210581798345,0.621439619767424,-0.15254049010003434,99.0,-0.12589872884320852
-1.489795923233033,0.708163261413574,10,-0.10618306057502286,0.6272307931805552,0.12258134991353957,-0.4237220207644265,0.6318606334143182,-0.09919776912952831,99.0,-0.08626630945452393
-1.489795923233033,0.730612277984619,10,-0.13728172102775776,0.5785834776580064,0.1167210626783833,-0.39316792779305887,0.5796455060614292,-0.1331592343305915,99.0,-0.11161203965019258
-1.489795923233033,0.753061234951019,10,-0.13706860445683772,0.6045558415459212,0.10401149205196224,-0.4206312757101677,0.6100695805909044,-0.1329704985849997,99.0,-0.11023569837788856
-1.489795923233033,0.775510191917419,10,-0.09843687642070886,0.570998163314715,0.10127605840331712,-0.37318561682005025,0.5703729306329992,-0.09010291062441865,99.0,-0.08076405535331767
-1.489795923233033,0.797959208488464,10,-0.0939656184533618,0.6070357054938228,0.12731661666597546,-0.4407010094682208,0.6048083418489593,-0.08457833886059778,99.0,-0.07839511898663977
-1.489795923233033,0.820408165454864,10,-0.15316282051332006,0.5962071838116916,0.11140255412997849,-0.4295434029561265,0.5989202646972834,-0.15049650225241562,99.0,-0.12855674175209628
-1.489795923233033,0.842857122421264,10,-0.12248978454019523,0.5850214691229952,0.1063960930163105,-0.38652934565657404,0.5906034035603646,-0.1177879800913416,99.0,-0.10242848349374829
-1.489795923233033,0.865306138992309,10,-0.1435674769667884,0.5486772638459475,0.11660691843024013,-0.36600752235910655,0.5459846531846245,-0.13975902955987077,99.0,-0.11721841018622256
-1.489795923233033,0.887755095958709,10,-0.09049092905165451,0.5975918835167262,0.11090290839898075,-0.3664753074748864,0.6010840528450584,-0.08141903466901029,99.0,-0.07328590153095245
-1.489795923233033,0.910204052925109,10,-0.12596218872442283,0.615787892770757,0.1120444568331307,-0.3931958713567013,0.6157220914726153,-0.11936968913990638,99.0,-0.0993246535902739
-1.489795923233033,0.932653069496154,10,-0.09254568906645659,0.6061505449408244,0.10913910243384445,-0.37820387505266184,0.6148923973195543,-0.08469209083507125,99.0,-0.07601988808063653
-1.489795923233033,0.955102026462554,10,-0.13745798429727876,0.6311653459930433,0.12428349448190229,-0.44288310924061824,0.6364159172661079,-0.1335164976493899,99.0,-0.11429563548515387
-1.489795923233033,0.977551043033599,10,-0.13546111422218848,0.5934948370937692,0.10629468868256099,-0.4102409518302444,0.5912468371665877,-0.1300366101350187,99.0,-0.11220803160209455
-1.489795923233033,1.0,10,-0.12307051384830904,0.6101235017794598,0.10940862054105804,-0.40762184207789454,0.614456187063982,-0.11705739770845668,99.0,-0.09800902905642406
-1.265306115150452,-0.100000001490117,10,-0.046465026182859144,0.6977844490611788,0.06935031728538094,-0.2804894578024964,0.6950545341534782,0.0013556009740769148,99.0,-0.023266574946760175
-1.265306115150452,-0.077551022171975,10,-0.024287652548995252,0.6806433763506827,0.047506908696495403,-0.3154089051764676,0.6364486000198115,0.026397547006938256,99.0,-0.010870915076001806
-1.265306115150452,-0.055102042853833,10,-0.07881002711125087,0.7885930957161116,0.07108770049699702,-0.35391487519491127,0.7337679894942355,-0.041330394997107014,99.0,-0.03870235398840689
-1.265306115150452,-0.032653063535691,10,-0.05852791199933812,0.7075988652795238,0.06957776443676499,-0.30312178316629357,0.7075100172539042,-0.027009250216440364,99.0,-0.033092658620165936
-1.265306115150452,-0.010204084217549,10,0.03791242635529329,0.6941180662895163,0.08298846153151633,-0.3010713762042515,0.6964230931025127,0.08926694307437806,99.0,0.020919080402631247
-1.265306115150452,0.012244895100593,10,-0.03301463875752721,0.6959075960284014,0.07599029662187275,-0.20237861751728825,0.7465749491410213,0.0030529232038906846,99.0,-0.017430785218458145
-1.265306115150452,0.034693874418735,10,0.04839333632631308,0.6864788433992445,0.07261727482401184,-0.24797674670104508,0.7122454522847816,0.09829179384900145,99.0,0.027739318061653907
-1.265306115150452,0.057142853736877,10,-0.053950382820200204,0.6716678052433026,0.07126582640180715,-0.19024845748257,0.7156559706550374,-0.03261998110717432,99.0,-0.031214427068956135
-1.265306115150452,0.079591833055019,10,-0.04338526494848034,0.7532424865506884,0.08953252358771022,-0.35604309854610705,0.8016824494986249,-0.023464497210251553,99.0,-0.026866936613122137
-1.265306115150452,0.102040812373161,10,-0.033470458442315616,0.7184445607092759,0.08712671906240085,-0.2732078798041248,0.7620696768573749,-0.011253881727749198,99.0,-0.021076893225153714
-1.265306115150452,0.124489791691303,10,-0.12773956429877725,0.723896692552682,0.09193647642724977,-0.31887920819220394,0.763808120186473,-0.12273504406151026,99.0,-0.0753292401037294
-1.265306115150452,0.146938771009445,10,-0.08014529872338388,0.6709460814400138,0.0937635433056256,-0.37680626129059536,0.7019466825143799,-0.06894746185049519,99.0,-0.05447330890808193
-1.265306115150452,0.169387757778167,10,-0.12982414857757021,0.6894451493389292,0.09725654039731149,-0.3731550237427915,0.7111461666638121,-0.12381223753344056,99.0,-0.08226548630054216
-1.265306115150452,0.191836729645729,10,-0.14744373862896004,0.6692028948362808,0.10139507572470957,-0.35442331508218655,0.6878118893604414,-0.145014649670302,99.0,-0.0981201242117499
-1.265306115150452,0.21428570151329,10,-0.1662940863431073,0.6929463027602187,0.09227610980672121,-0.3487692872152449,0.7362444312411655,-0.17127201875964343,99.0,-0.11081107623915878
-1.265306115150452,0.236734688282012,10,-0.152231392331401,0.6578742827024688,0.11458801471339045,-0.37117769003862944,0.6813916580371042,-0.15223909922560014,99.0,-0.10729672250638722
-1.265306115150452,0.259183675050735,10,-0.11883553976352049,0.6638557672876572,0.10795925088830702,-0.32343681713969863,0.6795357946764193,-0.11382712329817857,99.0,-0.0888329496916742
-1.265306115150452,0.281632661819458,10,-0.1520210402903363,0.6536688344939932,0.10973227084686954,-0.4060407893131235,0.6752931792373735,-0.15174269166851112,99.0,-0.11207851302887736
-1.265306115150452,0.304081618785858,10,-0.10652293046359515,0.6471383205804438,0.10380162217551984,-0.4048878005647194,0.6708197329661671,-0.1013226408119898,99.0,-0.08129634907482083
-1.265306115150452,0.32653060555458,10,-0.10781216756003732,0.6088934832460811,0.11960621592433919,-0.43810834321188874,0.6203112411174646,-0.10193767969605916,99.0,-0.08284833612829588
-1.265306115150452,0.348979592323303,10,-0.14462077188606826,0.6173526144415018,0.12873405560288817,-0.38285815432101933,0.6239332831659463,-0.1418415847032493,99.0,-0.11640058796892847
-1.265306115150452,0.371428549289703,10,-0.157870848969682,0.5913174910730304,0.11825200884891184,-0.3892948347198204,0.5981000291393788,-0.15685982486218178,99.0,-0.12399718658828311
-1.265306115150452,0.393877536058425,10,-0.14887508215540973,0.6032033364354846,0.10588814710601423,-0.38818985997501343,0.610206707121284,-0.14654917749999016,99.0,-0.11516569821441902
-1.265306115150452,0.416326522827148,10,-0.1353145912293098,0.5817502724397752,0.11614150674450391,-0.3875112591123345,0.5859321980175329,-0.13172667284816342,99.0,-0.10787967178535611
-1.265306115150452,0.438775509595871,10,-0.12165153519840903,0.5832579947875154,0.1070088503717465,-0.346410761786632,0.5903773542399577,-0.11696257253884115,99.0,-0.09487417968190465
-1.265306115150452,0.461224496364593,10,-0.18125340121290567,0.6105323894857901,0.10651551757731674,-0.3489094751938641,0.6212748937693688,-0.18313090700390527,99.0,-0.13861999124131644
-1.265306115150452,0.483673483133316,10,-0.118226506903042,0.619292766352577,0.10349744218279662,-0.3831537694149507,0.6316937937417568,-0.11349219373601124,99.0,-0.09677157584442711
-1.265306115150452,0.506122469902038,10,-0.1382918181975524,0.6228500369346095,0.12670176133930008,-0.3822656707268725,0.6313383495506653,-0.13514958056975895,99.0,-0.110960929479308
-1.265306115150452,0.528571426868438,10,-0.11429915132984592,0.5877919330322687,0.11782824995073489,-0.37277560958316586,0.594448363151691,-0.1090070778002982,99.0,-0.09070907258610657
-1.265306115150452,0.551020383834838,10,-0.1495654347187324,0.5749184789952997,0.11159851539673865,-0.43917622156275693,0.5780000981636045,-0.14719353638123708,99.0,-0.12031391660292463
-1.265306115150452,0.573469400405883,10,-0.17889771845071448,0.5642493949252336,0.11916935717505192,-0.33567789121523856,0.5626899439632695,-0.17828247663373725,99.0,-0.14537543364328098
-1.265306115150452,0.595918357372283,10,-0.1168388462844555,0.6324710427402341,0.12053315642586998,-0.3951665505474903,0.6381111070748307,-0.11077073975884615,99.0,-0.095779208134894
-1.265306115150452,0.618367373943328,10,-0.14680794214147488,0.5811721103433228,0.1282313152916501,-0.4130069123335995,0.5820409536696324,-0.1434448956858815,99.0,-0.11829184569556643
-1.265306115150452,0.640816330909729,10,-0.11460911940661189,0.5999555889362198,0.1110552618681495,-0.3720699530978814,0.6055094531987206,-0.10799364673200113,99.0,-0.08853427925788271
-1.265306115150452,0.663265287876129,10,-0.1272557316651644,0.572107587077153,0.10265045472379607,-0.3738957965701224,0.5762380695125048,-0.12251655077025154,99.0,-0.10245583690827084
-1.265306115150452,0.685714304447174,10,-0.12979291468926235,0.5942262798150473,0.10981292617513431,-0.4024104468905715,0.5937234367628424,-0.124145432053892,99.0,-0.10759002674881875
-1.265306115150452,0.708163261413574,10,-0.1229705905375645,0.5583335809476021,0.09426276961554855,-0.34322736362002093,0.571328126816125,-0.12007159801622881,99.0,-0.10032199894707264
-1.265306115150452,0.730612277984619,10,-0.1423370562714733,0.5507937344579867,0.10508014465711898,-0.34886695783966004,0.5578188219261242,-0.1404724858532608,99.0,-0.10880867617016374
-1.265306115150452,0.753061234951019,10,-0.09001333131304089,0.614876198514267,0.11144353407162179,-0.4107544707030809,0.6186137473375567,-0.08100258536777474,99.0,-0.0717031020296507
-1.265306115150452,0.775510191917419,10,-0.2131666711375071,0.6051870414791783,0.11363090616716533,-0.3969724199325061,0.6085473542521622,-0.21619362018881877,99.0,-0.17150150539754275
-1.265306115150452,0.797959208488464,10,-0.18105447721786433,0.5676426379084257,0.0915562638056593,-0.2513870509267132,0.5800714006739374,-0.18499565661863027,99.0,-0.14263042651486849
-1.265306115150452,0.820408165454864,10,-0.0604956474114009,0.5605132039268151,0.09593903967099472,-0.3868824287338979,0.5681353022878451,-0.04930159280910735,99.0,-0.04821900508524819
-1.265306115150452,0.842857122421264,10,-0.08596989486346229,0.5881803619238143,0.09888173622855448,-0.41327325903721296,0.594042884430758,-0.07579267894578379,99.0,-0.06564092038531352
-1.265306115150452,0.865306138992309,10,-0.1357193960557845,0.6128841356928431,0.10727865665697195,-0.4171107100096762,0.6198787449862482,-0.1315990658705939,99.0,-0.10331113336449871
-1.265306115150452,0.887755095958709,10,-0.1531574578160857,0.5475204810730642,0.10633185915844634,-0.40538726290881966,0.5417583013274485,-0.14929195808942286,99.0,-0.12019652217101065
-1.265306115150452,0.910204052925109,10,-0.1374385517197236,0.5921604812205747,0.10047227709135984,-0.37155633607731686,0.5955208636610236,-0.13303864091140588,99.0,-0.1072017835120151
-1.265306115150452,0.932653069496154,10,-0.11855570645058083,0.5314269363431695,0.09782783001721379,-0.37087360620967064,0.5298863213316853,-0.11223208240106247,99.0,-0.09009667013261938
-1.265306115150452,0.955102026462554,10,-0.14949824806255257,0.5758675553216432,0.10558368158387789,-0.4014300907131152,0.5745042341634694,-0.1457636507950217,99.0,-0.11858521969345832
-1.265306115150452,0.977551043033599,10,-0.0793885068193716,0.623211315777429,0.11573009957926027,-0.42295251232442915,0.6290780399226799,-0.06956285135292069,99.0,-0.06225084948921968
-1.265306115150452,1.0,10,-0.1827635094419817,0.4958398269593662,0.11214952318648115,-0.319400330509325,0.4911740071170612,-0.1837520262361032,99.0,-0.14417215162313674
-1.040816307067872,-0.100000001490117,10,-0.05821346124924558,0.6403770721842713,0.04417502391144713,-0.23036515402132782,0.5695431807911382,-0.005006376363547831,99.0,-0.022834979091717906
-1.040816307067872,-0.077551022171975,10,-0.07653220593511792,0.6091424776215764,0.02833579637326143,-0.13840348413616999,0.5106745434803184,-0.026540038457024157,99.0,-0.034861380935763076
-1.040816307067872,-0.055102042853833,10,-0.04500613607759893,0.6591171083536191,0.06018635753655603,-0.2635590246209279,0.6503259937714186,-0.0019461931082626338,99.0,-0.02185481933873901
-1.040816307067872,-0.032653063535691,10,-0.025946192161191747,0.7305814142193372,0.06689126284275891,-0.2459088360843117,0.7223890831519213,0.019821227378307785,99.0,-0.013543693116152552
-1.040816307067872,-0.010204084217549,10,-0.04753607793921501,0.6415198154046868,0.043339388082315224,-0.2888948488325481,0.6633040679314546,-0.009340126792168805,99.0,-0.02430373651582164
-1.040816307067872,0.012244895100593,10,-0.06484153734379505,0.6657562581108943,0.04724080889614531,-0.2566804045956349,0.678895077437701,-0.033452633480459015,99.0,-0.03272553111385183
-1.040816307067872,0.034693874418735,10,-0.10533415790055974,0.6984993404812367,0.05752510684555225,-0.20353858956937068,0.723263227100089,-0.08763207204409695,99.0,-0.05416481212174795
-1.040816307067872,0.057142853736877,10,-0.008132623476646266,0.6732083308507232,0.06935419293791943,-0.2097848233194907,0.7329441028389414,0.027100165352768144,99.0,-0.002382618064199474
-1.040816307067872,0.079591833055019,10,-0.05673207405455486,0.7395235557257497,0.07113211354752812,-0.2417741019175443,0.7907478979844995,-0.037067926677517585,99.0,-0.03419519103074258
-1.040816307067872,0.102040812373161,10,-0.13205205890194915,0.6624047667706702,0.07317115204444628,-0.2918742954751895,0.7053770898630358,-0.12827603442217847,99.0,-0.0760430474724423
-1.040816307067872,0.124489791691303,10,-0.027293840528719852,0.6419436662122191,0.07881824271596526,-0.22875995760019846,0.6915551434303469,-0.002642115933157078,99.0,-0.014625763417113307
-1.040816307067872,0.146938771009445,10,-0.09986132201416847,0.6922318053121862,0.0754862528918176,-0.29239522777834803,0.7252130795080749,-0.09167426648530555,99.0,-0.06119849895100145
-1.040816307067872,0.169387757778167,10,-0.0997497231144213,0.6353964880732113,0.06585184104005191,-0.1990282220671567,0.6811415163177956,-0.09400702047075025,99.0,-0.06497569703443215
-1.040816307067872,0.191836729645729,10,-0.05812576087090492,0.6236956043672401,0.06786886701187586,-0.2860672313942494,0.6605045361486047,-0.044494579964056404,99.0,-0.03591793806266072
-1.040816307067872,0.21428570151329,10,-0.05130916527500294,0.6596215298726497,0.07647968870049306,-0.26344027286933847,0.6970590543547686,-0.03745058770984207,99.0,-0.03260219041818655
-1.040816307067872,0.236734688282012,10,-0.13770380010924144,0.7007490934172296,0.11036412079812306,-0.30301121239870543,0.7230758304777154,-0.1341519199962618,99.0,-0.09209624210029144
-1.040816307067872,0.259183675050735,10,-0.04998819851524064,0.6944969271872319,0.11008558451285379,-0.3807356889798875,0.7151123353549909,-0.03737665266446179,99.0,-0.03810943084328154
-1.040816307067872,0.281632661819458,10,-0.15325774152337768,0.5914831783207603,0.09614440336430621,-0.34958996964160466,0.610037723476669,-0.15433528036402058,99.0,-0.1102139588935481
-1.040816307067872,0.304081618785858,10,-0.18708719827392323,0.6122527949055031,0.11017620583735942,-0.3202649266046394,0.6319732817948019,-0.19233040683206679,99.0,-0.1404042227839924
-1.040816307067872,0.32653060555458,10,-0.050628456862016696,0.6035698248913208,0.10601192993704942,-0.31588369822788487,0.621654397109786,-0.03802958208177344,99.0,-0.035782983131087534
-1.040816307067872,0.348979592323303,10,-0.14764734099143187,0.5737259407845915,0.08840643922791422,-0.3171005452854301,0.5821577002266136,-0.1461769738826354,99.0,-0.10737979078478617
-1.040816307067872,0.371428549289703,10,-0.09678120600354594,0.6434150216445931,0.1131563901750942,-0.3335388332603077,0.6645858854369993,-0.09033844071951429,99.0,-0.07746439524874126
-1.040816307067872,0.393877536058425,10,-0.12915928223755913,0.5791919454335572,0.11286856861845121,-0.379006729559649,0.588714347191317,-0.12575541289825115,99.0,-0.09832659281228885
-1.040816307067872,0.416326522827148,10,-0.13383394845975782,0.6083966463315574,0.12144050546928827,-0.35023273073820554,0.6191886991443771,-0.1306989343402543,99.0,-0.1039609722253196
-1.040816307067872,0.438775509595871,10,-0.11311254603832893,0.5967836520797059,0.08224476546538859,-0.3162492407216243,0.619089327809096,-0.10908178328925242,99.0,-0.08085245124716434
-1.040816307067872,0.461224496364593,10,-0.15155862755987826,0.6013960707236976,0.11462365615655502,-0.33499497702569925,0.6067109967203558,-0.14922491981119806,99.0,-0.12096587170783309
-1.040816307067872,0.483673483133316,10,-0.12739375489520738,0.6134141330645537,0.10275782992590701,-0.3256652061702674,0.6297099132205717,-0.12406162648244462,99.0,-0.0939467545691979
-1.040816307067872,0.506122469902038,10,-0.1113419285080785,0.549066308619456,0.08674037263043403,-0.30328775371358924,0.5577648230942699,-0.10567237268338127,99.0,-0.08010720421779563
-1.040816307067872,0.528571426868438,10,-0.08877618092241749,0.5723506775044129,0.10224156957866737,-0.3104195205099844,0.5803235671767113,-0.08070499238495699,99.0,-0.07198372855684754
-1.040816307067872,0.551020383834838,10,-0.1296407323600166,0.6451111362337145,0.11786319087110504,-0.41614624992538307,0.6573642690914566,-0.12548262629452367,99.0,-0.10424912363526803
-1.040816307067872,0.573469400405883,10,-0.17323566634273446,0.577250733391069,0.12141263405000537,-0.35115548100048233,0.5854336172517333,-0.17460932538796914,99.0,-0.12855525108127147
-1.040816307067872,0.595918357372283,10,-0.09578428299692823,0.5761352422486414,0.11341479701424396,-0.36872639690607156,0.5846791718115874,-0.0883731457906018,99.0,-0.0744386196663274
-1.040816307067872,0.618367373943328,10,-0.13102658837520137,0.5915203569904257,0.10887150823363954,-0.3715439188015096,0.5986321505540216,-0.12688243480350853,99.0,-0.10493218935132735
-1.040816307067872,0.640816330909729,10,-0.15258589377446363,0.5103198314188855,0.10108204962513859,-0.2974803756898866,0.5098938636914818,-0.15122632623476467,99.0,-0.11436598856989806
-1.040816307067872,0.663265287876129,10,-0.155865251066741,0.5981500863073209,0.10931010144106315,-0.3544211164425378,0.6053713018417445,-0.15422246366468045,99.0,-0.11646365651325037
-1.040816307067872,0.685714304447174,10,-0.17679806417292657,0.5689782847730673,0.10662855206082113,-0.3483351223616342,0.5767490277798113,-0.17872298572095344,99.0,-0.13741987814516227
-1.040816307067872,0.708163261413574,10,-0.09434635772317418,0.5510894247448848,0.0985924188997361,-0.34781987541565096,0.5551921670754781,-0.0864161449858114,99.0,-0.0742617366587978
-1.040816307067872,0.730612277984619,10,-0.13659169721084755,0.5423039571108229,0.08671598362140687,-0.36904752581572436,0.5400257318077828,-0.13186600696929981,99.0,-0.09420924596205299
-1.040816307067872,0.753061234951019,10,-0.1292580948480564,0.5641654209323602,0.09084601401539735,-0.372897973164674,0.5702402617676368,-0.12481106219144657,99.0,-0.09754765206752083
-1.040816307067872,0.775510191917419,10,-0.1665537194286238,0.5381038953616879,0.09058517234989873,-0.3543411623899393,0.5423465205273235,-0.1672656040364689,99.0,-0.12456223354183171
-1.040816307067872,0.797959208488464,10,-0.1536651949448669,0.5931582890724829,0.10718720861000455,-0.34971163294608754,0.5996381400416672,-0.15173833296492414,99.0,-0.11421167596303386
-1.040816307067872,0.820408165454864,10,-0.08098002842990284,0.5813369254488816,0.09069321536887091,-0.3522711513276621,0.5877628277283171,-0.07021855406553715,99.0,-0.05949983517889903
-1.040816307067872,0.842857122421264,10,-0.12199872951797294,0.579999914761538,0.11710159891008466,-0.34075221211986806,0.5829972860896588,-0.11645754949659184,99.0,-0.09637986517224997
-1.040816307067872,0.865306138992309,10,-0.1521558280278506,0.5784186811903224,0.0950026411196467,-0.39633969784685086,0.5794025078668096,-0.14874156245403639,99.0,-0.10740473400216122
-1.040816307067872,0.887755095958709,10,-0.11201144672931619,0.5630754521647415,0.1082692648889003,-0.39714272472438406,0.5663011974221506,-0.10527774832691383,99.0,-0.0872680377037777
-1.040816307067872,0.910204052925109,10,-0.06332188986180809,0.5710852830895636,0.09372892599902578,-0.39664045689932625,0.5657189691695665,-0.049921863391908225,99.0,-0.048071419621146576
-1.040816307067872,0.932653069496154,10,-0.1085587373868847,0.5584062929128815,0.1008275069429475,-0.413385099484577,0.5596884818218022,-0.10078413012039307,99.0,-0.07948127927604552
-1.040816307067872,0.955102026462554,10,-0.1304112756560891,0.6015988525697415,0.10184422428613422,-0.4273185967611226,0.6045697559096769,-0.12466856274373818,99.0,-0.09615671864588589
-1.040816307067872,0.977551043033599,10,-0.14268893016290463,0.5578854005606941,0.09655993544409151,-0.4039389503300804,0.5518121032112311,-0.13722199209823813,99.0,-0.1049789174847319
-1.040816307067872,1.0,10,-0.1698033845953424,0.4771121605551103,0.10040063995258365,-0.28251876225861844,0.4690106537772103,-0.16921468973321346,99.0,-0.12723800804823407
-0.816326498985291,-0.100000001490117,10,-0.13221029339259407,0.6432583043200574,0.03404236137516526,-0.030789424010187166,0.5562260261533071,-0.09284201710100556,99.0,-0.05876380446195748
-0.816326498985291,-0.077551022171975,10,-0.00023218427100461098,0.5539325965822453,0.04063137938805564,-0.21992544768452515,0.453631688970043,0.05929976894942279,99.0,-0.0019207624170136082
-0.816326498985291,-0.055102042853833,10,-0.09879869627532717,0.565795228504853,0.023216646958347433,-0.15276955796922617,0.46449722989606373,-0.055813960985267114,99.0,-0.043812219565973844
-0.816326498985291,-0.032653063535691,10,0.0498991652901698,0.6377692412698794,0.060112229533353566,-0.1793708215163316,0.6180273379984348,0.1207474068376422,99.0,0.015593389758203957
-0.816326498985291,-0.010204084217549,10,0.013199670105191692,0.6477585076415743,0.050825210509534875,-0.22964729003752662,0.646691639460087,0.06993322752187973,99.0,0.008562735217386992
-0.816326498985291,0.012244895100593,10,0.01146380396556889,0.646279688744013,0.05683453632839271,-0.2540628843350427,0.6465619829702329,0.060627675070539636,99.0,0.003558029216700563
-0.816326498985291,0.034693874418735,10,-0.07301619523392933,0.631081503199179,0.06432274643631739,-0.25853662528877297,0.6231458737378253,-0.04379001701405148,99.0,-0.037735046257974754
-0.816326498985291,0.057142853736877,10,-0.06025845349459613,0.701156864369285,0.05141264033533618,-0.11783146347923923,0.7106724937297608,-0.03041920528891266,99.0,-0.02721952553680739
-0.816326498985291,0.079591833055019,10,-0.028941396371883147,0.6187357708404149,0.06371264235455092,-0.19261003039142138,0.6601349683625409,0.0008368666744298647,99.0,-0.01906351192601934
-0.816326498985291,0.102040812373161,10,-0.04954037572613425,0.5776654800053221,0.05520464389861392,-0.2591280765865302,0.6127908219584924,-0.027916030249523712,99.0,-0.026821483833000825
-0.816326498985291,0.124489791691303,10,-0.10567284698862392,0.6132049591306982,0.05958297091762017,-0.23938176956849797,0.6667790303201826,-0.10097720887765198,99.0,-0.061519252617216746
-0.816326498985291,0.146938771009445,10,-0.1877070879259837,0.5701348534010464,0.03681651711598752,-0.15128832525658675,0.6205218063357683,-0.20532235058116,99.0,-0.10513479729958349
-0.816326498985291,0.169387757778167,10,-0.13316754568621036,0.688243305900138,0.07373973252191399,-0.2697327036334207,0.7306977923647228,-0.13184776444900473,99.0,-0.08431355430970304
-0.816326498985291,0.191836729645729,10,-0.07327007915634313,0.675349300860622,0.0928048012258528,-0.28350975156140157,0.72374215902054,-0.06330752998397932,99.0,-0.046855409474465225
-0.816326498985291,0.21428570151329,10,-0.13191201596847074,0.5862342554327036,0.07120210948642573,-0.16415401576140992,0.6222272846100867,-0.1332072039457956,99.0,-0.08112487790443922
-0.816326498985291,0.236734688282012,10,-0.05756391466817132,0.6008267545870565,0.0684318708994737,-0.26633193234482644,0.6320779806665316,-0.04373512890069641,99.0,-0.03357771867826933
-0.816326498985291,0.259183675050735,10,-0.13579916850874607,0.6100473009082057,0.09187214030459462,-0.2939694217787436,0.6346554759313128,-0.13524492123398343,99.0,-0.09546341904144078
-0.816326498985291,0.281632661819458,10,-0.10923495060865392,0.6153746657802616,0.1203162417388672,-0.2647027787553782,0.6379473871554504,-0.10488757537353333,99.0,-0.07564702172909374
-0.816326498985291,0.304081618785858,10,-0.09224062185630251,0.5530160979181864,0.10431366400107352,-0.3795492807626214,0.5636430465762835,-0.08436169978842245,99.0,-0.06754282140874543
-0.816326498985291,0.32653060555458,10,-0.06314368315514945,0.6436916643253863,0.10749556288573235,-0.3479919587115325,0.6641420813107173,-0.05185643151996718,99.0,-0.04331157927906663
-0.816326498985291,0.348979592323303,10,-0.030338502062896663,0.5826722279344154,0.10596528817365902,-0.40389293406906834,0.5922170362193552,-0.015130115036525947,99.0,-0.024452066794162862
-0.816326498985291,0.371428549289703,10,-0.17089607903802298,0.6157892309095073,0.09612078244292578,-0.30479313079917975,0.6343153145558597,-0.1734879950368961,99.0,-0.12317511377728721
-0.816326498985291,0.393877536058425,10,-0.1106717857051858,0.5519578973517044,0.09120098702178846,-0.2993801069077693,0.562162175660708,-0.10553000280559834,99.0,-0.08033957942787887
-0.816326498985291,0.416326522827148,10,-0.169845979286931,0.5385134573124378,0.09939184419739244,-0.26371096727536614,0.5483842433055843,-0.1727361133420856,99.0,-0.12547194059469555
-0.816326498985291,0.438775509595871,10,-0.1279904951717405,0.5822187654715996,0.10122687080427134,-0.3777637826835306,0.5947073701710637,-0.12475837148131952,99.0,-0.09226826922266111
-0.816326498985291,0.461224496364593,10,-0.1285131861443827,0.5695485976253992,0.10201639426149892,-0.38399966504215866,0.5759687457112252,-0.12432159292248693,99.0,-0.08763611311344588
-0.816326498985291,0.483673483133316,10,-0.09035506256445298,0.5872827642881917,0.0954891966950148,-0.3017987782731901,0.6072480999512186,-0.0841848447766822,99.0,-0.0672549244689941
-0.816326498985291,0.506122469902038,10,-0.1691098666485551,0.5700558436021765,0.11896451497883785,-0.2909341452860049,0.580259887734842,-0.17083496125188058,99.0,-0.12737093012663514
-0.816326498985291,0.528571426868438,10,-0.10569312153028002,0.5597206424603209,0.11688958984508045,-0.3506376087463551,0.5627105673128078,-0.09880537120008635,99.0,-0.07711926024470904
-0.816326498985291,0.551020383834838,10,-0.13617522652398856,0.5930515539270661,0.10276238647454479,-0.35757161509242574,0.6059475620099928,-0.1335630260033596,99.0,-0.09871551977199278
-0.816326498985291,0.573469400405883,10,-0.21107776349243323,0.5662190682440049,0.09746820215814922,-0.33262784405491097,0.5777469367520718,-0.2186928189934882,99.0,-0.15653711452055685
-0.816326498985291,0.595918357372283,10,-0.14288881066895515,0.6039963737155257,0.11015354370890348,-0.3921767411417516,0.6172728875541519,-0.14118743638000375,99.0,-0.11209086451752456
-0.816326498985291,0.618367373943328,10,-0.13119401003043266,0.5603207772484496,0.09676783911317549,-0.33794990369555,0.566997562229836,-0.12728156519542355,99.0,-0.09952718406269061
-0.816326498985291,0.640816330909729,10,-0.11751975436517373,0.5395672753268705,0.10052452576469675,-0.3074051956787177,0.5414222537410838,-0.11170923537279695,99.0,-0.084626947290137
-0.816326498985291,0.663265287876129,10,-0.16069058943602568,0.5289993022018081,0.08915846103879396,-0.3745340231394646,0.536227132168283,-0.1618808842153744,99.0,-0.1172443796660321
-0.816326498985291,0.685714304447174,10,-0.14525373422233476,0.5540885773058759,0.0748332427354902,-0.29259747585845997,0.5669434162677909,-0.1447111856238138,99.0,-0.1012243998764113
-0.816326498985291,0.708163261413574,10,-0.16221244821427258,0.5365329144026547,0.09987145241503395,-0.3616669703235078,0.5405083778759558,-0.16235332767060306,99.0,-0.1182229947176322
-0.816326498985291,0.730612277984619,10,-0.10818684551656643,0.5236794566615859,0.08828173407144288,-0.28430100013700216,0.5312512089652108,-0.10257184694213542,99.0,-0.07635062706277881
-0.816326498985291,0.753061234951019,10,-0.12268808162005546,0.575370247436956,0.09258672458064114,-0.31164232410703435,0.5838500724803593,-0.11784936699865534,99.0,-0.08847861335225196
-0.816326498985291,0.775510191917419,10,-0.0828699954597195,0.5876875196482909,0.11355340164648609,-0.4117336595430926,0.5889361176366661,-0.07204590269329691,99.0,-0.06292615064188471
-0.816326498985291,0.797959208488464,10,-0.12160633285017469,0.5970318819681091,0.11411728973404257,-0.39911043030275695,0.5996853962147977,-0.11553009709162507,99.0,-0.09609580327978673
-0.816326498985291,0.820408165454864,10,-0.13413896428448202,0.5110588878895785,0.08957726080343237,-0.3250052917599743,0.5182612338171902,-0.13250554159500294,99.0,-0.10110609790522493
-0.816326498985291,0.842857122421264,10,-0.20953576237240096,0.5472656192490266,0.10125918038741047,-0.3099456203822246,0.5496626607366512,-0.21446249700336611,99.0,-0.15694934807321145
-0.816326498985291,0.865306138992309,10,-0.13321551528899703,0.5786458492718798,0.09320428754487489,-0.33293008345599445,0.5818505877337437,-0.12843790246878561,99.0,-0.10038121513375739
-0.816326498985291,0.887755095958709,10,-0.15451841289756502,0.5157040480682736,0.10260937449019861,-0.3664198542232567,0.5097591819669012,-0.1514411579578013,99.0,-0.11054046898473609
-0.816326498985291,0.910204052925109,10,-0.11584443297421286,0.6517192325710114,0.10674425672928875,-0.39043222465513056,0.6593363752675777,-0.10853352238958044,99.0,-0.08641540391115102
-0.816326498985291,0.932653069496154,10,-0.08459137641946296,0.5692295344297641,0.08603939946001851,-0.34888368105332457,0.584360544434561,-0.07500150940159928,99.0,-0.06104263770423566
-0.816326498985291,0.955102026462554,10,-0.10067754296513579,0.5501963338422353,0.09621983787770648,-0.3634828965115947,0.5503578656203348,-0.09128070428755733,99.0,-0.07191148027323396
-0.816326498985291,0.977551043033599,10,-0.1725880320593832,0.5256529218529853,0.09822920051276621,-0.3110283564580725,0.5264323695704636,-0.1733788748222017,99.0,-0.1289091684962829
-0.816326498985291,1.0,10,-0.11418529977895737,0.5374640200364209,0.07780187018286079,-0.3667867609686281,0.5506938117703589,-0.1094044479105461,99.0,-0.08247364208791794
-0.59183669090271,-0.100000001490117,10,-0.10202250572701628,0.5343094226723148,0.03194130200278326,-0.07107209853403386,0.4921968448495516,-0.06394018500916814,99.0,-0.05013943167529833
-0.59183669090271,-0.077551022171975,10,0.10606456081662495,0.45022257794898374,0.010702550236905932,-0.10880373644759561,0.33911845115874895,0.19186169813266793,99.0,0.04350872368424563
-0.59183669090271,-0.055102042853833,10,0.00678625097062532,0.5891090785767188,0.01886534997909428,-0.14544855787750682,0.5711013464241069,0.07866114181642311,99.0,0.0004336830716924839
-0.59183669090271,-0.032653063535691,10,-0.026314107264189406,0.5713899503118136,0.039614371684573206,-0.22427361229721085,0.5333165718042294,0.03377651410971075,99.0,-0.012688355395454256
-0.59183669090271,-0.010204084217549,10,-0.056010669245899335,0.4290907357192023,0.01955856582338809,-0.16374430270858756,0.3228624966677873,-0.004832375022636323,99.0,-0.020119160843184956
-0.59183669090271,0.012244895100593,10,-0.016810034044927542,0.583015990763411,0.026868893795833407,-0.16273427580293898,0.5479443545425564,0.031152595745561104,99.0,-0.00735015317630019
-0.59183669090271,0.034693874418735,10,-0.15748434573563075,0.5434991809861711,0.034057692932035005,-0.1659690097277916,0.5523288713165337,-0.15505758753013915,99.0,-0.0707271113459646
-0.59183669090271,0.057142853736877,10,-0.11106744472509579,0.4664017241359626,0.015068256288151428,-0.19828502557820407,0.4735883999524221,-0.1002307112567635,99.0,-0.05357628506330601
-0.59183669090271,0.079591833055019,10,-0.1045668683989087,0.5249154639384228,0.028081340013500395,-0.12269583408529998,0.5558218877430574,-0.09288834131891459,99.0,-0.048827879278954364
-0.59183669090271,0.102040812373161,10,-0.16182672759692943,0.5872504469645978,0.03403147838530335,-0.1765377838894611,0.6426496544452616,-0.1718405784297007,99.0,-0.08094995463474482
-0.59183669090271,0.124489791691303,10,-0.06178024760275796,0.6191012804778848,0.06536303093279586,-0.31317917569014164,0.6428545136384869,-0.04018909815158425,99.0,-0.02867492912973677
-0.59183669090271,0.146938771009445,10,0.02504001131727404,0.4708664062492734,0.04741988693588299,-0.1880667267129701,0.4963599556511563,0.06500766392571815,99.0,0.012852543217450427
-0.59183669090271,0.169387757778167,10,-0.04000076053172637,0.5310630145331522,0.047446396718378796,-0.2536739442834042,0.5661158933097388,-0.018817950120143777,99.0,-0.020244259676297182
-0.59183669090271,0.191836729645729,10,-0.11554768608195597,0.5703259772923905,0.04764511531431408,-0.21328688542441346,0.6188985485178693,-0.11471119383376845,99.0,-0.06303178327965724
-0.59183669090271,0.21428570151329,10,0.01943741592953002,0.5463135538895411,0.06590823621927104,-0.21500684559527228,0.5771701632973676,0.05119295201447417,99.0,0.014316278240338936
-0.59183669090271,0.236734688282012,10,-0.07830469463610484,0.46484104912216884,0.04331288195120589,-0.1351793850371137,0.48331718109085153,-0.06984276386608149,99.0,-0.04511358449878807
-0.59183669090271,0.259183675050735,10,-0.12344582579987126,0.528321950814846,0.05902377898968281,-0.20913928720890818,0.5520614059037845,-0.12251615368495271,99.0,-0.07239117348077716
-0.59183669090271,0.281632661819458,10,-0.11690136342407037,0.595450562206927,0.07617951024823676,-0.2708961267848377,0.6218392887194053,-0.11400384932306695,99.0,-0.07495411649822362
-0.59183669090271,0.304081618785858,10,-0.16851184363118038,0.5786449508034077,0.0877220592339103,-0.2596833581871314,0.5978857090181381,-0.17217152750626222,99.0,-0.10320200737762379
-0.59183669090271,0.32653060555458,10,-0.1823969422750046,0.552732067676184,0.08263489440369509,-0.3409044819017725,0.5653131093677658,-0.18725859701683945,99.0,-0.12196814246724288
-0.59183669090271,0.348979592323303,10,-0.12118371443897698,0.4525578782940979,0.09578164484793462,-0.11781766063818239,0.4586969584341575,-0.11953047657082194,99.0,-0.08031094741417186
-0.59183669090271,0.371428549289703,10,-0.08938406778821345,0.5572471819698508,0.0845186337282826,-0.24963146140772974,0.5704301011297461,-0.08152290197569656,99.0,-0.06582733605014462
-0.59183669090271,0.393877536058425,10,-0.18204163703737214,0.5611497673324547,0.10523654575678765,-0.3016295365560765,0.5777788117769916,-0.1877810153572389,99.0,-0.11701717451837687
-0.59183669090271,0.416326522827148,10,-0.13808117409814144,0.5740196978907621,0.1101615497423688,-0.26977650928326513,0.5770151212070206,-0.13406631458733076,99.0,-0.10301560534513492
-0.59183669090271,0.438775509595871,10,-0.07949182586098968,0.590375957926474,0.06654735353650557,-0.2951276426437977,0.6173335549449359,-0.07031502229128352,99.0,-0.05608685669162213
-0.59183669090271,0.461224496364593,10,-0.19149114772307543,0.5141815422085243,0.10514995701126469,-0.2433130584350122,0.5158672429360396,-0.19524308313221334,99.0,-0.1380892439385403
-0.59183669090271,0.483673483133316,10,-0.08213292743298924,0.5284210742032912,0.09640027323574239,-0.2430943119493778,0.528600029613532,-0.07259691487414485,99.0,-0.06029283870666212
-0.59183669090271,0.506122469902038,10,-0.11198122426501693,0.5214446232189464,0.09345095821472248,-0.32160294755804497,0.5294452188855633,-0.1071516229681786,99.0,-0.08067264595323909
-0.59183669090271,0.528571426868438,10,-0.19804312015275546,0.6455416294605358,0.10204171601080737,-0.3449632001572327,0.6729983394738164,-0.20571563665262482,99.0,-0.13936202652814067
-0.59183669090271,0.551020383834838,10,-0.16011958740241156,0.44590183259103056,0.09648398165097195,-0.20722274888382186,0.44072515215939667,-0.160802824623747,99.0,-0.11243383452899473
-0.59183669090271,0.573469400405883,10,-0.17350363288507814,0.4775573811841495,0.09315924075668443,-0.22807716037545198,0.48071585960136565,-0.177593788656672,99.0,-0.12232263647155497
-0.59183669090271,0.595918357372283,10,-0.10222232973781377,0.5510583043710604,0.08370434019377511,-0.32853779848328896,0.5586735179000727,-0.09521325303590643,99.0,-0.07386805748195555
-0.59183669090271,0.618367373943328,10,-0.16452715294248438,0.4849540936034528,0.06387484259770553,-0.25413617710954073,0.4868266600244199,-0.16659402180678376,99.0,-0.11267092574928869
-0.59183669090271,0.640816330909729,10,-0.17132506626581284,0.5538933971383336,0.10555361114405817,-0.4062398704807091,0.5600062843892761,-0.17255744200563106,99.0,-0.12024944853412363
-0.59183669090271,0.663265287876129,10,-0.11061132793500644,0.5890089385173944,0.08874838249874645,-0.37757981429238674,0.6014663506056904,-0.10409462064900227,99.0,-0.08194537885449094
-0.59183669090271,0.685714304447174,10,-0.16431003214061593,0.5140044261359148,0.07234183010000039,-0.3231288659993312,0.5173959932963973,-0.16541569571618048,99.0,-0.11187253054353925
-0.59183669090271,0.708163261413574,10,-0.10215011520590618,0.5351284046438193,0.0850589224135217,-0.3163861899176641,0.5394538927796282,-0.09466315827569774,99.0,-0.0680271955899056
-0.59183669090271,0.730612277984619,10,-0.08442893429878282,0.6077326005281523,0.08982069412421478,-0.2802922446128919,0.6244217650125556,-0.07479640862041131,99.0,-0.06092512435027271
-0.59183669090271,0.753061234951019,10,-0.060490810923990154,0.472160506122714,0.06447118234960104,-0.2499198235149513,0.471633540179635,-0.04669063582167132,99.0,-0.04067022486529471
-0.59183669090271,0.775510191917419,10,-0.0933666903400015,0.4715130990722773,0.06551921142004649,-0.19183703471809016,0.4777458794609294,-0.08531506259690658,99.0,-0.06451759901711748
-0.59183669090271,0.797959208488464,10,-0.15761000739133602,0.521636250518881,0.07991082312043686,-0.34331090247422136,0.5242590157425079,-0.1571927315659624,99.0,-0.11103502463046507
-0.59183669090271,0.820408165454864,10,-0.14574906007831948,0.5360112082043588,0.07401981933066398,-0.3250744281415757,0.5443142035342294,-0.14483894416678025,99.0,-0.10717054362780742
-0.59183669090271,0.842857122421264,10,-0.10952404600505042,0.5517160913558157,0.07714596527732434,-0.3291095821643134,0.5533647138122584,-0.10174951482651529,99.0,-0.07594354720438837
-0.59183669090271,0.865306138992309,10,-0.1664894641955276,0.5409215310089124,0.08472946574649862,-0.3393907021025009,0.5511245375823703,-0.16876730907629517,99.0,-0.11715386819912588
-0.59183669090271,0.887755095958709,10,-0.13078771188595345,0.5106300614080308,0.09458627515085843,-0.21358476721939207,0.5161458394691472,-0.12808507032450003,99.0,-0.09568284216309499
-0.59183669090271,0.910204052925109,10,-0.15633224399409007,0.5122034434275338,0.0893717722038693,-0.29309701195067384,0.5205465673017864,-0.15787390051391703,99.0,-0.11221137976547746
-0.59183669090271,0.932653069496154,10,-0.1280932239983251,0.5174015315484292,0.0957465850863287,-0.274621013955877,0.5098634747933528,-0.12176547685276687,99.0,-0.09629668659527091
-0.59183669090271,0.955102026462554,10,-0.11023002088998159,0.5134834052878523,0.07257647165279808,-0.3342246558276768,0.5124904974898377,-0.10278291630070657,99.0,-0.07626345957628838
-0.59183669090271,0.977551043033599,10,-0.12127675982650617,0.4650596973693977,0.09063035197372785,-0.28820333931962927,0.4647101542708535,-0.11737385723366506,99.0,-0.0809805195325811
-0.59183669090271,1.0,10,-0.07714117923195647,0.5261312329463971,0.09196426236965198,-0.4114028329765194,0.5243270439854962,-0.0652368602832516,99.0,-0.05327212648065345
-0.36734688282013,-0.100000001490117,10,0.07323825285077515,0.3708649568657263,-0.009845650161417988,-0.06660103394985788,0.19212067520449838,0.15994454607805927,99.0,0.02518780428959048
-0.36734688282013,-0.077551022171975,10,-0.11094422820178605,0.1908078790354849,-0.016571635117873625,-0.04575611143115402,0.03379950886073413,-0.080527666338361,99.0,-0.04875342815092611
-0.36734688282013,-0.055102042853833,10,-0.0859719611637279,0.3009325361213403,-0.0026458586228801395,-0.05056738542319635,0.14964208732421214,-0.03519246832743685,99.0,-0.03385060127513517
-0.36734688282013,-0.032653063535691,10,0.05656948487009668,0.19512459164387919,-0.004774270134814269,-0.08809386704445954,0.02716239871295717,0.13882601787637897,99.0,0.0168151337029483
-0.36734688282013,-0.010204084217549,10,-0.08109436173174217,0.29094602996697616,-0.0034530666333108203,-0.10743853276890773,0.14769759087275655,-0.032755955491876085,99.0,-0.027906053325504866
-0.36734688282013,0.012244895100593,10,-0.0479868460533153,0.3736131224297701,-0.0035942575918421456,-0.020505440773699174,0.29910151787628725,-0.0008491951194293246,99.0,-0.020743389310677773
-0.36734688282013,0.034693874418735,10,-0.058093665148010856,0.36377269219175457,0.0038721530454716123,-0.013805288495069783,0.34958111644633266,-0.027532786405062334,99.0,-0.02598935903036943
-0.36734688282013,0.057142853736877,10,0.03160899492354561,0.30558523922186,-3.85144649548457e-05,-0.0577124116033304,0.2412253326988162,0.09895442817800451,99.0,0.016106243886660963
-0.36734688282013,0.079591833055019,10,-0.03160779107782406,0.35808163835251794,0.010468897496150547,-0.045959231799654554,0.3389357093919431,0.00449922860910755,99.0,-0.015228559163766742
-0.36734688282013,0.102040812373161,10,-0.15660127691501796,0.5150038376880972,0.04184072739381433,-0.17923894625452064,0.525455173849287,-0.15784073407773078,99.0,-0.0762540457258968
-0.36734688282013,0.124489791691303,10,-0.1315885089976266,0.45599026829958716,0.026477688110450363,-0.08684673594550443,0.4732654439549864,-0.1324656346371196,99.0,-0.060312215006684086
-0.36734688282013,0.146938771009445,10,-0.03485964185682069,0.5521847954962806,0.04264547906576859,-0.1426438550090771,0.6031784275464724,-0.01074306481259366,99.0,-0.01722837590968316
-0.36734688282013,0.169387757778167,10,-0.13182447642869233,0.48728686190980364,0.05320017949993084,-0.14373379407109066,0.5201893395412169,-0.13600949613554886,99.0,-0.06985204466633861
-0.36734688282013,0.191836729645729,10,-0.13879970127373165,0.4078850932709275,0.030142827932451967,-0.1524843928610077,0.4208957425167973,-0.1451363935240118,99.0,-0.0745515820058976
-0.36734688282013,0.21428570151329,10,-0.056884746969925,0.5521646389430003,0.04588813887207817,-0.1896520629103095,0.5858710437219278,-0.04126352769496363,99.0,-0.03251152829576702
-0.36734688282013,0.236734688282012,10,0.015851757495378246,0.38786492081232726,0.029876645079332634,-0.0583739476797757,0.3871332606090726,0.043413904986994226,99.0,0.009894872794276092
-0.36734688282013,0.259183675050735,10,-0.11230736690731248,0.38514285661453673,0.04618281511102819,-0.1763286815266226,0.37903457966244947,-0.10845998598806636,99.0,-0.06631415853323216
-0.36734688282013,0.281632661819458,10,-0.12812516381848044,0.4768009786970532,0.04723387620541806,-0.14127732229300888,0.491410332071932,-0.12818096429607112,99.0,-0.07616465651972014
-0.36734688282013,0.304081618785858,10,-0.10614220490726259,0.40702589144094065,0.05059315039435483,-0.19708528509969564,0.41476937463008123,-0.10389206367597398,99.0,-0.060561241662274466
-0.36734688282013,0.32653060555458,10,-0.19160888405790089,0.4441969502724446,0.06080696046178051,-0.253850745504067,0.44769181475778685,-0.20092628477966212,99.0,-0.11636365876623503
-0.36734688282013,0.348979592323303,10,-0.05529453667842206,0.5059624194461574,0.0931674754207744,-0.2970881366150575,0.5101699440844235,-0.04181353705273906,99.0,-0.042523509997773594
-0.36734688282013,0.371428549289703,10,-0.07136983048525154,0.560313918834317,0.0932117476680503,-0.23326885157321847,0.5757593607699623,-0.06217023432240798,99.0,-0.050948367782540506
-0.36734688282013,0.393877536058425,10,-0.10532838497693496,0.5457412916623436,0.09622103052223996,-0.31251588926143115,0.5586969465891629,-0.09997416844132229,99.0,-0.07235744591664832
-0.36734688282013,0.416326522827148,10,-0.05485785317132245,0.5296532563160918,0.08344288573714413,-0.3115999017216441,0.5473038114214411,-0.04194941962923175,99.0,-0.03723979353346583
-0.36734688282013,0.438775509595871,10,-0.15504225408888253,0.43923261456239093,0.10236559163439221,-0.16500186723599336,0.43867703663996066,-0.15712866649086518,99.0,-0.10518801569156047
-0.36734688282013,0.461224496364593,10,-0.183855071540884,0.4111980927666924,0.0981736419223104,-0.20613521275785662,0.40317932217876634,-0.188607369550003,99.0,-0.1269423749739574
-0.36734688282013,0.483673483133316,10,-0.20461868014769427,0.463311689809415,0.08304258406977107,-0.17443812623956156,0.4644350092907867,-0.21285358700102364,99.0,-0.14463335007556744
-0.36734688282013,0.506122469902038,10,-0.1029723764961793,0.5078918082169553,0.09332108492174393,-0.25613036006895434,0.5121305030532546,-0.09645525816791452,99.0,-0.07329725293013331
-0.36734688282013,0.528571426868438,10,-0.2034632369407931,0.5462873260348482,0.09608633269132452,-0.30717284655166177,0.5569775382388896,-0.2107542915519101,99.0,-0.14051105586096427
-0.36734688282013,0.551020383834838,10,-0.1354994602774471,0.4310422093800418,0.055093252172447045,-0.14042659366136673,0.43472767956649033,-0.136285326982594,99.0,-0.09667335908942731
-0.36734688282013,0.573469400405883,10,-0.08964163023703232,0.5408017512481458,0.09394926475465747,-0.26371706090706526,0.5537017963525913,-0.0817675105028246,99.0,-0.0630402917350934
-0.36734688282013,0.595918357372283,10,-0.1833024693964433,0.49650573528693975,0.11064004291239682,-0.1510492942331648,0.49423387974413513,-0.18530225523770716,99.0,-0.13193547335038905
-0.36734688282013,0.618367373943328,10,-0.1558705279155933,0.5364653934207269,0.07176648986152694,-0.28191533745159614,0.5489309839323565,-0.1574810363343565,99.0,-0.10235078023671244
-0.36734688282013,0.640816330909729,10,-0.14906054575947242,0.5258644762564413,0.07710901482939322,-0.3065788614996803,0.538138507291964,-0.15007238936408063,99.0,-0.10577377829837242
-0.36734688282013,0.663265287876129,10,-0.147795570381522,0.5151724058125109,0.09037462894334163,-0.18328104646213197,0.5223756119133972,-0.1477025189327652,99.0,-0.10106221223497229
-0.36734688282013,0.685714304447174,10,-0.09477717341470782,0.49746676169198367,0.08747192479795092,-0.2761062707096926,0.5048869066397815,-0.08701182939682083,99.0,-0.06600986679087659
-0.36734688282013,0.708163261413574,10,-0.16977193909774194,0.4871141433046822,0.0862967026622317,-0.24778171791928255,0.48957613235690967,-0.17258916057947712,99.0,-0.11580396589551054
-0.36734688282013,0.730612277984619,10,-0.22243122176693148,0.4302422918015152,0.06953299539983607,-0.19994061606767707,0.42872211446820635,-0.23711281991047006,99.0,-0.12673242554665676
-0.36734688282013,0.753061234951019,10,-0.11619891986922673,0.4283658196648153,0.059891776398539515,-0.14707938986756955,0.4231247170729269,-0.11118533164448795,99.0,-0.07692909561681348
-0.36734688282013,0.775510191917419,10,-0.012033028922864862,0.5095480169712939,0.07859718473481112,-0.2327461937547727,0.5113166150286564,0.0099743622000639,99.0,-0.002939978286074138
-0.36734688282013,0.797959208488464,10,-0.16840687712998198,0.503798812210809,0.08498006909865392,-0.23660461070045774,0.5089229952083147,-0.17116787660555285,99.0,-0.11657149586513756
-0.36734688282013,0.820408165454864,10,-0.1574105076282113,0.44211194485606264,0.06411265917401325,-0.2261153284683835,0.4344020731911009,-0.15750986764517386,99.0,-0.09873991277260508
-0.36734688282013,0.842857122421264,10,-0.1450689146298902,0.46727322526907616,0.09301947555245713,-0.20008941245530687,0.46518354343056323,-0.1437702633126478,99.0,-0.09365202274994744
-0.36734688282013,0.865306138992309,10,-0.09559033388867111,0.5820128125103842,0.08030251377326751,-0.3299209153463989,0.5910526214010416,-0.08634818992756879,99.0,-0.0686134780295008
-0.36734688282013,0.887755095958709,10,-0.17301563823576457,0.541588996419815,0.08064641710929978,-0.2960568446980753,0.546674773234632,-0.1746474267381268,99.0,-0.11366397748698294
-0.36734688282013,0.910204052925109,10,-0.007496945054748112,0.5608373919812873,0.06991612553700909,-0.3089212569429997,0.5743292297491622,0.013611553489745194,99.0,-0.004158052332164217
-0.36734688282013,0.932653069496154,10,-0.13156547114575753,0.5433218995463504,0.08128218070557734,-0.32265309886290344,0.5423131032565689,-0.12565387434077838,99.0,-0.08294745030235331
-0.36734688282013,0.955102026462554,10,-0.1446206219424657,0.49411572880106386,0.07930685447012276,-0.28009238486133625,0.4912328968617921,-0.1420119076723723,99.0,-0.09705991767925837
-0.36734688282013,0.977551043033599,10,-0.12223645090281075,0.47907054413833916,0.07489655822959437,-0.3017964609736352,0.47587732160694596,-0.11611182620476176,99.0,-0.0768274518380041
-0.36734688282013,1.0,10,-0.11819078072379095,0.478265676627038,0.06207159378198662,-0.24363418438643406,0.47753418465916747,-0.11214988464985769,99.0,-0.07046027088550813
-0.142857104539872,-0.100000001490117,10,-0.04413098319143356,0.08413144046542935,-0.004471927285080478,-0.03203625331377237,-0.14800475832872337,0.02744630708219191,99.0,-0.016411151951585334
-0.142857104539872,-0.077551022171975,10,-0.11745105131755973,0.19561874724645983,-0.01396171219062822,-0.020076907820878356,0.0017943456231087063,-0.08100723055276027,99.0,-0.04274375275435868
-0.142857104539872,-0.055102042853833,10,0.037516976432626456,0.2628493285049276,-0.0029405180973493808,-0.0678050676421208,0.10867006685574038,0.10645946485470598,99.0,0.013723103424458847
-0.142857104539872,-0.032653063535691,10,-0.02345202850027775,0.2421748271943006,-0.009542696526173714,-0.03995648784516984,0.07330037626454078,0.0356530343909722,99.0,-0.011375919041748738
-0.142857104539872,-0.010204084217549,10,-0.049578430608050165,0.2721928846379634,-0.012781202580993738,0.015011374364290384,0.16101539414693394,-1.0408340855860843e-17,99.0,-0.023799156010321926
-0.142857104539872,0.012244895100593,10,-0.06665964427824347,0.2033509445266965,-0.008276068354225756,-0.04126062338978635,0.04887040310952971,-0.01761052196337863,99.0,-0.02600160593107075
-0.142857104539872,0.034693874418735,10,0.05398446287454357,0.2552454952367089,-0.0006024114494052196,-0.0023626406553415302,0.16616938038853898,0.13569853052153077,99.0,0.02387676130216278
-0.142857104539872,0.057142853736877,10,-0.02387437343518091,0.3038619806552576,-0.00902031816770487,-0.09776329113927293,0.25667939617559976,0.018910492666318078,99.0,-0.011090712395754099
-0.142857104539872,0.079591833055019,10,-0.1317341111653251,0.18326062940497678,0.015283308685567577,-0.0332232743177776,0.08302577262328087,-0.1258917726384292,99.0,-0.05252132476374573
-0.142857104539872,0.102040812373161,10,-0.00913178009250179,0.28274726079838985,0.001023805086242252,-0.009890277266196443,0.22370301269441115,0.03847223305129745,99.0,-0.0020616300201714995
-0.142857104539872,0.124489791691303,10,-0.06241319897540836,0.24114437743368047,0.0189716002547645,0.09406825535220392,0.18722538321477367,-0.0402044324232082,99.0,-0.023169721862182253
-0.142857104539872,0.146938771009445,10,-0.031384713147582,0.3878406165117719,0.01684075379078731,-0.17912985932650122,0.3951552978051006,-0.0035957998465597496,99.0,-0.015972516531660486
-0.142857104539872,0.169387757778167,10,-0.17398250325509593,0.17911671534184942,0.01771822429836934,0.052015403738768756,0.11999035832989333,-0.18804980096150248,99.0,-0.08084911942056908
-0.142857104539872,0.191836729645729,10,-0.1813750179881065,0.3863323025452884,0.034280378669173536,-0.16098629460440883,0.3900992985851043,-0.19847395791921288,99.0,-0.08951810131009594
-0.142857104539872,0.21428570151329,10,-0.11221427723673981,0.4037601495355761,0.04227837302133465,-0.1586858986173035,0.4105975449809824,-0.11054089806454037,99.0,-0.06025337682302094
-0.142857104539872,0.236734688282012,10,-0.11611389047662067,0.42970760133046815,0.09104879878307547,-0.14329809063832757,0.43351874157779824,-0.11354540717059372,99.0,-0.0670565307746611
-0.142857104539872,0.259183675050735,10,-0.2063374565185496,0.3797377635971899,0.05003512182869369,-0.15230966081615457,0.38052435761329506,-0.2235489596996362,99.0,-0.12182052842747775
-0.142857104539872,0.281632661819458,10,-0.11000995039082434,0.4650396025917256,0.05926730736458124,-0.24143114064045965,0.47680020752742813,-0.10713968931495484,99.0,-0.0643637934652461
-0.142857104539872,0.304081618785858,10,-0.16583486222763572,0.46446405583633743,0.058019267549926194,-0.1110604799703847,0.47525481884918486,-0.17253565847218494,99.0,-0.09001841323226054
-0.142857104539872,0.32653060555458,10,-0.19698267167198436,0.34637732861739534,0.04559341778434376,-0.30521193246366995,0.3334792919365719,-0.20571561887100784,99.0,-0.12262973253544167
-0.142857104539872,0.348979592323303,10,-0.06384982476082603,0.39748909007192634,0.05159363315205751,-0.07397376218836527,0.39777840443090207,-0.05274690806966885,99.0,-0.03459738775942685
-0.142857104539872,0.371428549289703,10,-0.13572961522849256,0.45970474091121444,0.05075291532241243,-0.17706810622093133,0.469268858737654,-0.13665461375282037,99.0,-0.07699227940167344
-0.142857104539872,0.393877536058425,10,-0.2130940575878626,0.3896303321639601,0.09606631608358367,-0.010015834236565768,0.3842980149994787,-0.2259804513913574,99.0,-0.1310691987601354
-0.142857104539872,0.416326522827148,10,-0.07123496333145898,0.46853341109990354,0.05996583862182458,-0.22932316816328496,0.476624833288812,-0.060796259474066805,99.0,-0.04298314090403566
-0.142857104539872,0.438775509595871,10,-0.09188245765931546,0.48019552316579356,0.08030391303935612,-0.16896260346407188,0.48413887453385773,-0.08367632564957195,99.0,-0.05608616639263843
-0.142857104539872,0.461224496364593,10,-0.16988915880425293,0.316045769830539,0.07120646144900546,-0.013611330367492404,0.29928035833055544,-0.17706456551404426,99.0,-0.11100968133957538
-0.142857104539872,0.483673483133316,10,-0.1064613273297784,0.39781576151655584,0.06831569731330747,-0.1495926213285747,0.39339536551063153,-0.10201929865421838,99.0,-0.07678269909119148
-0.142857104539872,0.506122469902038,10,-0.1718527256448171,0.4701945258128548,0.0996452918788966,-0.15740478168804167,0.4645968851492438,-0.17294008910109204,99.0,-0.11287299440721706
-0.142857104539872,0.528571426868438,10,-0.18419529552309924,0.40927198464877856,0.07347952260427135,-0.15165466376957232,0.39883377003420867,-0.18915183133916674,99.0,-0.11593069078199829
-0.142857104539872,0.551020383834838,10,-0.14296648895374975,0.4110502477275546,0.10815464531983088,-0.14407025098981135,0.399526371265986,-0.14076118033562823,99.0,-0.09725219515695727
-0.142857104539872,0.573469400405883,10,-0.16690106709268293,0.4685487790743932,0.11223753450571575,-0.16821931225418235,0.4652154920623294,-0.16804161069163473,99.0,-0.11677517446398271
-0.142857104539872,0.595918357372283,10,-0.11102264993099875,0.4251487088645717,0.06876706732328558,-0.12885373965468225,0.426993432954777,-0.10701606607191938,99.0,-0.0613116816520199
-0.142857104539872,0.618367373943328,10,-0.21792710044552854,0.41901395244260287,0.10548587265507972,-0.1886048298668198,0.4092093375237436,-0.22574278922885796,99.0,-0.1478332268533166
-0.142857104539872,0.640816330909729,10,-0.19499290277275824,0.509492858866014,0.08954248393904975,-0.2928619734349235,0.5171517557253238,-0.20219315697542833,99.0,-0.1237843265897756
-0.142857104539872,0.663265287876129,10,-0.10384252718539122,0.4722842802724634,0.07045864099629982,-0.15542037539777193,0.4733719894970574,-0.09766147856097451,99.0,-0.07052714393352873
-0.142857104539872,0.685714304447174,10,-0.1937693466502526,0.4413232907890299,0.10958248504926446,-0.22769136682074081,0.4290977720278827,-0.19676356706668433,99.0,-0.12584187066490274
-0.142857104539872,0.708163261413574,10,-0.1551640295576182,0.515308861640704,0.08170912274621699,-0.18599922542369446,0.5224016537507896,-0.15601271227376004,99.0,-0.10063456752958448
-0.142857104539872,0.730612277984619,10,-0.10917719736722567,0.468793973266958,0.07170413133614315,-0.1958624962015703,0.47083601310801626,-0.1039417191280197,99.0,-0.06929690028297533
-0.142857104539872,0.753061234951019,10,-0.18119952957956995,0.3796095507007241,0.07477566491639658,-0.20355604785189582,0.36500334696836784,-0.1855003935505944,99.0,-0.11655230757200688
-0.142857104539872,0.775510191917419,10,-0.14891026047611705,0.44546956538840277,0.0654245040719209,-0.1443079860027835,0.4424520168505351,-0.14905842743340852,99.0,-0.08804089332855239
-0.142857104539872,0.797959208488464,10,-0.09229918521851908,0.44799968925249967,0.07368361645918987,-0.15134788319954157,0.4416398448450056,-0.08329562436623897,99.0,-0.0583581127548744
-0.142857104539872,0.820408165454864,10,-0.0722502098529286,0.5249715801444044,0.07813461980466192,-0.30295722421217075,0.5286582271375326,-0.059817858792061834,99.0,-0.04742845943197468
-0.142857104539872,0.842857122421264,10,-0.12363787483770891,0.5257356716173177,0.07647273252114363,-0.15459105464653486,0.5312718044963797,-0.11825325576006888,99.0,-0.07685476140310041
-0.142857104539872,0.865306138992309,10,-0.12474213104491694,0.4591772984211843,0.07286189998064829,-0.23169691063570297,0.45438952851238557,-0.11978770971656934,99.0,-0.07579547402479511
-0.142857104539872,0.887755095958709,10,-0.07642586739057528,0.4774216728107649,0.06262429845608257,-0.2773283142821462,0.4748645314883846,-0.0647600688971748,99.0,-0.050268777148996545
-0.142857104539872,0.910204052925109,10,-0.049466835873564194,0.4478659150628861,0.10183752245102634,-0.13404356877072843,0.4327614671973689,-0.034531911123886705,99.0,-0.029663842461428468
-0.142857104539872,0.932653069496154,10,-0.13968103144457952,0.30056484646269993,0.10669126567814968,-0.08486770413104615,0.2670620390061095,-0.1347222127555575,99.0,-0.08859414584623838
-0.142857104539872,0.955102026462554,10,-0.12734448020776618,0.4868714167935387,0.07405228424429372,-0.24136896689322707,0.49147853314422857,-0.12371837266178219,99.0,-0.07271994318068661
-0.142857104539872,0.977551043033599,10,-0.11609216405570938,0.38437254198423,0.06493429177387959,-0.19382168454159798,0.37246776955124217,-0.11103780540539346,99.0,-0.06806897070197901
-0.142857104539872,1.0,10,-0.03215785707574047,0.3192620653735408,0.09037195660839792,-0.04655904212564765,0.2893821878653816,-0.01442971212200813,99.0,-0.020607373228852057
0.081632688641548,-0.100000001490117,10,2.7755575615628914e-17,0.0001595792853069447,-0.022074696030638493,0.03694833819601355,-0.21669458759793447,0.06926122501872614,99.0,-0.0010988719335024897
0.081632688641548,-0.077551022171975,10,-0.091149758621153,0.00928787887941986,-0.007329581276769062,-0.010462561605657545,-0.2171168523019551,-0.03511335206095414,99.0,-0.03308602915744781
0.081632688641548,-0.055102042853833,10,-0.012487833202225192,0.14656440577487395,-0.0051536503887226,0.12886354078725062,-0.0622916544445427,0.058541770420772174,99.0,-0.0031356745816614367
0.081632688641548,-0.032653063535691,10,0.032459150771348796,0.026470910946210412,-0.015411790173991802,-0.022030267957741934,-0.1780170447023317,0.10817278362663844,99.0,0.011739479461308534
0.081632688641548,-0.010204084217549,10,-0.2079830199245304,0.10295377108297825,-0.009990712900546936,-0.047156046434496085,-0.07709778999149813,-0.21158506496659651,99.0,-0.08513810932131163
0.081632688641548,0.012244895100593,10,-0.12585595004681932,0.06423745861986885,-0.013905046782983602,-0.007117117815815522,-0.11866335537641706,-0.10386125570885654,99.0,-0.04961587743465997
0.081632688641548,0.034693874418735,10,-0.015672891081768364,0.12766096851880468,-0.0175474402738585,0.028066260422727446,-0.012524647899923014,0.03467146254874877,99.0,-0.009563986839540892
0.081632688641548,0.057142853736877,10,-0.10025353350160228,0.05539435340908719,-0.002676148143984639,0.006316401403560067,-0.10883129875876657,-0.07619443028691628,99.0,-0.042255097962779334
0.081632688641548,0.079591833055019,10,0.1133496115945325,0.1399114173848634,-0.004573272026246059,-0.01339662284750507,0.023843138291858988,0.20023608100306084,99.0,0.0496491015232574
0.081632688641548,0.102040812373161,10,-0.12005046282027967,0.1610976605763347,-0.0012434295383803122,-0.05340277856471684,0.0667226233691752,-0.10813371712311652,99.0,-0.050130025837077305
0.081632688641548,0.124489791691303,10,-0.09509466912272974,0.09179809670676656,-0.00046968464462200237,0.10924216174928689,-0.01407559519573548,-0.08085498387540856,99.0,-0.038800810214501304
0.081632688641548,0.146938771009445,10,-0.06937502741658011,0.09746458916178592,0.01090104506793651,0.06709244229956315,0.004487049965618745,-0.051060494777675526,99.0,-0.029777005503266996
0.081632688641548,0.169387757778167,10,-0.07170174527819884,0.09888909530196431,0.00857314584164288,0.027487470976514303,0.015553734865050711,-0.0567309976206396,99.0,-0.0337261165913459
0.081632688641548,0.191836729645729,10,-0.07944618669832341,0.21210307355534905,0.020702412487080945,0.0018195065327418977,0.1718513620606562,-0.0700526291441193,99.0,-0.03596559647429268
0.081632688641548,0.21428570151329,10,-0.0985171617604803,0.22481960928163866,0.033176971607991323,0.055475275577756736,0.19537827069364092,-0.09671271583836219,99.0,-0.04637411062309432
0.081632688641548,0.236734688282012,10,-0.2319141316262679,0.17300791891424308,0.033782014399011275,-0.08218414077739496,0.12313890391455196,-0.2550432901393754,99.0,-0.11524313417885645
0.081632688641548,0.259183675050735,10,-0.16367158981584248,0.2634174921200375,0.024955336035668487,-0.07473530214517742,0.24764608555624934,-0.17786800935624641,99.0,-0.0960761567102805
0.081632688641548,0.281632661819458,10,-0.0453647527788241,0.24386316488451978,0.02590094021017861,-0.04414551613886744,0.21962976059282951,-0.030415563057015337,99.0,-0.02368727754131783
0.081632688641548,0.304081618785858,10,-0.08764505857634883,0.2154585919534639,0.04204794255425115,-0.025529935861302165,0.18146622402619098,-0.08029798906254759,99.0,-0.05127295822175463
0.081632688641548,0.32653060555458,10,-0.04300077708276714,0.3301427710053417,0.052189991405737164,-0.12698085456232228,0.3137880948690105,-0.02731861702078478,99.0,-0.021726894855575978
0.081632688641548,0.348979592323303,10,-0.1770522832047629,0.23911471388428046,0.03708142117984085,0.04589527650735316,0.20643866893268675,-0.18697927663700586,99.0,-0.08966606208858696
0.081632688641548,0.371428549289703,10,-0.08710420793864701,0.24562010364051362,0.046210895494530814,0.04947071848499782,0.21611281239944422,-0.07916052026069076,99.0,-0.047101895909806096
0.081632688641548,0.393877536058425,10,-0.03748580475095209,0.2568061076154614,0.05985031371140839,-0.017105455572158534,0.22974992178248155,-0.021735508740316243,99.0,-0.020313427807965707
0.081632688641548,0.416326522827148,10,-0.1141101660881784,0.319789295812047,0.058256658771613685,-0.18043187755385123,0.3044890435916791,-0.111466525798106,99.0,-0.07063205941526828
0.081632688641548,0.438775509595871,10,-0.16294340438500338,0.3179771862553029,0.10228807649022992,-0.08512449467687505,0.29697652985706113,-0.165412412803793,99.0,-0.0949169675171503
0.081632688641548,0.461224496364593,10,-0.09337365281048868,0.3068241403674937,0.0941027519140861,-0.007473304114482812,0.2888034095317152,-0.08691881378801256,99.0,-0.06095398927522279
0.081632688641548,0.483673483133316,10,-0.18678571715212847,0.31815733677959146,0.09018328392302304,0.0036859027957935817,0.30149390512918045,-0.19523375788738898,99.0,-0.11561033706629138
0.081632688641548,0.506122469902038,10,-0.04944018797877169,0.3710672906485529,0.0845668828660616,-0.12740223941278545,0.3625492755277885,-0.035765074907915896,99.0,-0.030340357488970092
0.081632688641548,0.528571426868438,10,-0.08654929011940549,0.3468683525612126,0.07134872090535056,-0.09860714725644304,0.3309389482230235,-0.07818613181557363,99.0,-0.055205942329794554
0.081632688641548,0.551020383834838,10,-0.0901220900617286,0.31912364901496015,0.07996121762133386,-0.08414373088379896,0.29878656850619134,-0.08195329817940984,99.0,-0.05241521956570041
0.081632688641548,0.573469400405883,10,-0.12063790423053675,0.3420121156619983,0.08018995154174204,-0.08769586784647831,0.32136896045737295,-0.11558704272948592,99.0,-0.07958405468398208
0.081632688641548,0.595918357372283,10,-0.08180705279222752,0.37730190658196305,0.07395328669541282,-0.11193231832755512,0.3583399946817656,-0.07075817440659711,99.0,-0.04947099308523515
0.081632688641548,0.618367373943328,10,-0.1684315527301304,0.35721312525372007,0.09980006088919889,-0.16291729274179673,0.3356278883085877,-0.16909301620097422,99.0,-0.10690920031951308
0.081632688641548,0.640816330909729,10,-0.09065157396198786,0.3715285418841216,0.071774932325313,-0.1061115142560149,0.35611579372797764,-0.08181264499118035,99.0,-0.05654269896902127
0.081632688641548,0.663265287876129,10,-0.13771501771894018,0.4249703551331481,0.09172870975974279,-0.18229255257475407,0.41835767862558526,-0.13590552788706975,99.0,-0.08264061396106023
0.081632688641548,0.685714304447174,10,-0.13404959133556002,0.41559879367671293,0.08727464596813748,-0.12760759867264176,0.4014851850785715,-0.12971907685650463,99.0,-0.07899040838840107
0.081632688641548,0.708163261413574,10,-0.1632840263219007,0.3961947208031691,0.06617391813995123,-0.041297813707603964,0.3862787607969729,-0.1669600944297504,99.0,-0.10210321687609106
0.081632688641548,0.730612277984619,10,-0.16614077874615885,0.32795106652115386,0.07193333910737323,-0.09169727687694132,0.30681218755686107,-0.169366368646083,99.0,-0.0965912506058551
0.081632688641548,0.753061234951019,10,-0.13085621516295884,0.4395006868987018,0.08975154330847583,-0.12214326960818819,0.4305641445208386,-0.12656947077941777,99.0,-0.07927550790290647
0.081632688641548,0.775510191917419,10,-0.08212566214910746,0.36888241068830485,0.06973885792537486,-0.05689221271160726,0.3524652116964753,-0.0712649780363892,99.0,-0.04507283982040735
0.081632688641548,0.797959208488464,10,0.009976481190293478,0.22338467699531483,0.08141443623446512,0.11556617715528146,0.1815820892871091,0.03345809756373159,99.0,0.011270923143818933
0.081632688641548,0.820408165454864,10,-0.07078153206678282,0.5159216679775585,0.07553159916677762,-0.29171210018337723,0.5088680920157768,-0.05686306249310934,99.0,-0.04509737318534256
0.081632688641548,0.842857122421264,10,-0.1461437499547268,0.2653517906124264,0.08625005995978362,0.0005078601211746213,0.22897681403612985,-0.14318275800212746,99.0,-0.09262969309172835
0.081632688641548,0.865306138992309,10,-0.03160667955580007,0.2593160600923392,0.028518420440518014,-0.06440061984354212,0.22215763840052224,-0.009811047239835884,99.0,-0.014685761978896861
0.081632688641548,0.887755095958709,10,-0.13298694059584135,0.32548844420047096,0.0433740146851534,-0.0677189404481146,0.2968290746684863,-0.12917806226512113,99.0,-0.07745912359512262
0.081632688641548,0.910204052925109,10,-0.07420504759754983,0.3924366833496652,0.09708611466534592,-0.103301117510329,0.37620282877507977,-0.06224467568007632,99.0,-0.048251918031602115
0.081632688641548,0.932653069496154,10,-0.09594611421528035,0.3120066896729011,0.05534523508960522,-0.06611409344866628,0.293491467387893,-0.08938837143808939,99.0,-0.06269299399983576
0.081632688641548,0.955102026462554,10,-0.11856580575961759,0.3956880273141835,0.08518614887852716,-0.16311900914045105,0.37864979076123273,-0.11198462234679009,99.0,-0.06596511461297234
0.081632688641548,0.977551043033599,10,-0.05326373325559276,0.4229355067028683,0.055252934791291085,-0.10726133275918334,0.41786661425216964,-0.036560701257894325,99.0,-0.027154582264919014
0.081632688641548,1.0,10,0.04769463302767214,0.42760195323342787,0.06898064986511498,-0.10413641067807627,0.41212685999407167,0.07773405177585649,99.0,0.023345914213353774
0.306122481822967,-0.100000001490117,10,0.0847366087738822,-0.1429557461626479,-0.007904914941701207,0.23152683689539316,-0.36132427379079546,0.15569764388288304,99.0,0.027818282584303466
0.306122481822967,-0.077551022171975,10,-5.898059818321144e-17,-0.026671594301693205,-0.013137333121676325,0.10468879189592799,-0.2872063943354255,0.0810615658798704,99.0,-0.001990271723457748
0.306122481822967,-0.055102042853833,10,-0.08981095599844835,-0.17520687084636466,-0.018643409059595124,0.10281663455520322,-0.3912702233471248,-0.03750048660689761,99.0,-0.03604495757452871
0.306122481822967,-0.032653063535691,10,-0.05993170523575124,-0.19134347975917043,-0.0015215963118996748,0.09302239773672728,-0.4253684401350744,-0.007167197319798913,99.0,-0.025971277325831155
0.306122481822967,-0.010204084217549,10,-0.03264501362600791,-0.1441865190610046,0.0073986818467575355,0.18434263152742084,-0.38301760376362426,0.03061901424865234,99.0,-0.011143977532983471
0.306122481822967,0.012244895100593,10,-0.09038994559396202,-0.026134111448090164,-0.010538447814859025,0.06230641096670456,-0.23954974542722854,-0.056171048108642666,99.0,-0.03826000471992661
0.306122481822967,0.034693874418735,10,0.05508002770612596,0.04363587368762644,-0.015880704005791883,0.1474767130598843,-0.13721772752556508,0.13029395766415613,99.0,0.019717189124299928
0.306122481822967,0.057142853736877,10,-0.16069316912209144,-0.09059516602706613,-0.0024944449072551098,0.10234875809161773,-0.2978870822116254,-0.16556966419661592,99.0,-0.06468907264580737
0.306122481822967,0.079591833055019,10,-0.07789058881905694,-0.10279598589400864,0.011816809095590634,0.06675979635548727,-0.2771927641021698,-0.047699618437761444,99.0,-0.03079346277802006
0.306122481822967,0.102040812373161,10,0.06063720491467662,-0.06978891859752914,-0.0049647671707923405,0.10707425826506721,-0.22943430759701627,0.12266222313562018,99.0,0.02633960339292757
0.306122481822967,0.124489791691303,10,-0.11642384551849733,0.03170390017738738,0.009053888739977808,0.10832110846553217,-0.0875382836275701,-0.10625389044426307,99.0,-0.050088566876024886
0.306122481822967,0.146938771009445,10,-0.10703655921345857,-0.0210285322325147,-0.0011154914960239998,0.09042508920734546,-0.15685250608091608,-0.10122856063558804,99.0,-0.04786609905102916
0.306122481822967,0.169387757778167,10,-0.12879271423135819,0.07040148987794405,0.0020486915357752597,0.03291081167409929,-0.02203682120368041,-0.1333392064117734,99.0,-0.05747743855305891
0.306122481822967,0.191836729645729,10,-0.10033634327848631,0.04885934244833633,0.007276636208234426,0.03876396641345685,-0.042542675180110075,-0.09691559038653404,99.0,-0.04880746359914948
0.306122481822967,0.21428570151329,10,-0.14146038739524125,0.22778760651946695,0.014173668105699998,0.029576400197306778,0.18035843409896993,-0.14511863036516623,99.0,-0.058087681290923024
0.306122481822967,0.236734688282012,10,-0.2254357763449487,0.05315302253022925,0.03939796999186428,0.2221926274238623,-0.02344588557824423,-0.24845240975963592,99.0,-0.11409318346163919
0.306122481822967,0.259183675050735,10,-0.14506534212112637,0.12317296100514577,0.04873302174101617,0.09730942854341373,0.0665612246950134,-0.1495536906615911,99.0,-0.0719665997256705
0.306122481822967,0.281632661819458,10,-0.08663851235318658,0.20488904192844004,0.02842343614221636,-0.039333007192633766,0.171956352919849,-0.08051983400996296,99.0,-0.04700326488800841
0.306122481822967,0.304081618785858,10,-0.03210442836783581,0.18863718641685306,0.026984858262941374,0.037001253369429526,0.15396022246843788,-0.016202289207706333,99.0,-0.016498573379254165
0.306122481822967,0.32653060555458,10,-0.2075249013790361,0.22379816911324318,0.023875866349717452,-0.06452608222175339,0.19475853795009457,-0.22746401224231177,99.0,-0.11136633724010951
0.306122481822967,0.348979592323303,10,-0.07568746138028926,0.15505109582372256,0.03133245885342879,-0.002247982130616697,0.10915216885224419,-0.0654523832162818,99.0,-0.03869620223849883
0.306122481822967,0.371428549289703,10,-0.13126134976904896,0.2592228143789261,0.053154260867919384,-0.028047720595320385,0.23133297854190113,-0.1309067718091594,99.0,-0.07504176045446112
0.306122481822967,0.393877536058425,10,-0.18252400120758652,0.3162387811718602,0.0982979753856556,-0.00142380153822122,0.29768829714669726,-0.18788162213208087,99.0,-0.11160869692747924
0.306122481822967,0.416326522827148,10,-0.07269085099845057,0.33087521564399414,0.05916895218947133,-0.027669012915528146,0.3184301719729507,-0.06321835466249395,99.0,-0.043485451074416495
0.306122481822967,0.438775509595871,10,-0.13417643889465788,0.16112615262881808,0.09100219385433699,0.14397689985046608,0.11913741717946894,-0.13248237722795714,99.0,-0.08295711995721818
0.306122481822967,0.461224496364593,10,-0.1796819212372233,0.22179782508061274,0.07719042087708114,0.03826444281638415,0.18679196463400907,-0.18303522959823476,99.0,-0.10981814244123836
0.306122481822967,0.483673483133316,10,-0.0990111558769608,0.18674215639185543,0.0672256025381592,0.06608046929997748,0.14294006597820025,-0.09265699071962932,99.0,-0.05165642367136414
0.306122481822967,0.506122469902038,10,-0.08553422462188019,0.30764550120917455,0.0883211281562975,0.024983562419551273,0.2815523859793102,-0.07541351725667338,99.0,-0.05134214743985503
0.306122481822967,0.528571426868438,10,-0.14600868980270926,0.17009318577579485,0.07727656158947363,0.032106691719436045,0.12859996164470316,-0.14511316870123908,99.0,-0.08873550300801405
0.306122481822967,0.551020383834838,10,-0.07889722726389474,0.4794892928955081,0.07774567241532106,-0.21115010602131903,0.47937385108259484,-0.06844485917376894,99.0,-0.0484719429005348
0.306122481822967,0.573469400405883,10,-0.11885051343071619,0.13788817694989677,0.06328514685906333,0.13054074438285598,0.08910240632247718,-0.11574218061748297,99.0,-0.07255265932986775
0.306122481822967,0.595918357372283,10,-0.20927044122046737,0.2986330665979242,0.07790257628351323,-0.05505881048473807,0.2717897979260297,-0.21854614297064737,99.0,-0.12347984716295712
0.306122481822967,0.618367373943328,10,-0.10579371899625681,0.20522509561622418,0.0678483878951989,0.04608281714565149,0.1684245196160762,-0.10009924158194806,99.0,-0.06341685337092799
0.306122481822967,0.640816330909729,10,-0.11426077590015964,0.41806351719867696,0.06231368430307578,-0.1471564550743068,0.40504299514333103,-0.10735898097630746,99.0,-0.06783436266621314
0.306122481822967,0.663265287876129,10,-0.0832174618207705,0.32031867973203765,0.0710846821012601,-0.11308013962679908,0.2968241232166636,-0.07309942162133426,99.0,-0.053568515312940136
0.306122481822967,0.685714304447174,10,-0.12897291561036708,0.19449262326856118,0.11141692487312206,0.027708246737683337,0.15329105914773722,-0.12381365968254601,99.0,-0.08431381603664581
0.306122481822967,0.708163261413574,10,-0.0779565380120005,0.1505563987559232,0.08766626048734455,0.08545556053870977,0.10590632971105968,-0.0678771232223802,99.0,-0.04748543415904313
0.306122481822967,0.730612277984619,10,-0.15167964619923197,0.06954856033328218,0.07190958863474135,0.2530412808921475,0.011285230860398787,-0.15101737503598783,99.0,-0.09346912435804187
0.306122481822967,0.753061234951019,10,-0.09055441498787546,0.32366313033712457,0.055742287183198354,-0.06471798521731192,0.3011887000728811,-0.08146472245329849,99.0,-0.04995833489648435
0.306122481822967,0.775510191917419,10,-0.13941135298415686,0.3686345908899028,0.0728904810884933,-0.15375106410289463,0.35200465156396066,-0.13738440560846152,99.0,-0.07815584599945608
0.306122481822967,0.797959208488464,10,-0.10751735241265006,0.4687983177291044,0.08557444720987323,-0.19749714275551317,0.4642331336881429,-0.09986487730120919,99.0,-0.06497679586996818
0.306122481822967,0.820408165454864,10,-0.09349214513097323,0.2631725152573833,0.08745740305752907,0.0160669405593873,0.22812475745519573,-0.08346553691789155,99.0,-0.05676903926457651
0.306122481822967,0.842857122421264,10,-0.1695852809194075,0.2410695526236062,0.08647140007223528,0.070286176883007,0.20673986995106325,-0.17151518774315655,99.0,-0.10921063618839918
0.306122481822967,0.865306138992309,10,-0.06385373373708711,0.3171883078275516,0.060436548683200586,-0.06447185495348641,0.2887452825471809,-0.049471791614812854,99.0,-0.040508837152708796
0.306122481822967,0.887755095958709,10,-0.07341994591287535,0.28438250139274907,0.06541407143937372,-0.08624941330056729,0.25182387512525806,-0.06073706145090861,99.0,-0.04053409087013957
0.306122481822967,0.910204052925109,10,-0.01137690342365423,0.2632025571381426,0.07446875429833832,0.04370850241260105,0.2263093275080202,0.009787018916629316,99.0,-0.006636215374066408
0.306122481822967,0.932653069496154,10,-0.06079053357136977,0.3514213797745205,0.0644789415049014,0.1019080942135715,0.33051517255359714,-0.04555643125043046,99.0,-0.03349125608518118
0.306122481822967,0.955102026462554,10,-0.09503160052470107,0.33223071839607776,0.05678113131079975,-0.15134327203237358,0.31307455911270793,-0.08711811427807636,99.0,-0.06312395861063719
0.306122481822967,0.977551043033599,10,-0.15274028489569727,0.26038553462158437,0.08853125350646056,0.05006164862632623,0.2246554966236546,-0.15297187665820808,99.0,-0.08782823289397738
0.306122481822967,1.0,10,-0.1022070510080002,0.29668269808083353,0.05535188991464666,-0.034907427039466726,0.27010982345402684,-0.09517132123701108,99.0,-0.062461422670854784
0.530612289905548,-0.100000001490117,10,-0.056011459993515755,-0.27849608295051687,0.015207163100273393,0.17302478008380312,-0.5150993020880239,0.005107654294411842,99.0,-0.025126129381357498
0.530612289905548,-0.077551022171975,10,0.04466269460253489,-0.2428943123554482,0.01076070248395384,0.14464834159494191,-0.4706640061354724,0.11516147470364035,99.0,0.014046634185430756
0.530612289905548,-0.055102042853833,10,-0.0029834264843950978,-0.16711768904291047,-0.0032698763726945607,0.17109133849398314,-0.3892195928983271,0.05977821216174016,99.0,-0.0018211498734635651
0.530612289905548,-0.032653063535691,10,-0.09182777874251366,-0.23484914671967383,0.007149587956138327,0.18931808902220248,-0.4616130541896586,-0.045205431947778964,99.0,-0.03617931894382437
0.530612289905548,-0.010204084217549,10,0.120586974715889,-0.06851082614132971,-0.017965575283313703,0.11739250883792056,-0.28329180677794785,0.2085424881667515,99.0,0.04679524101878527
0.530612289905548,0.012244895100593,10,-0.0258688730916733,-0.18374552192629431,-0.0009124170055359179,0.13201940142598573,-0.40541588840505954,0.029095368156183903,99.0,-0.01023353550331102
0.530612289905548,0.034693874418735,10,-0.08405339453094834,-0.21144705782160067,0.0013244035009804993,0.167411314732766,-0.41792840877322246,-0.051519190140152056,99.0,-0.036655987008304414
0.530612289905548,0.057142853736877,10,0.12696435266260764,-0.19944293215069786,-0.012336037994007443,0.0615218084749216,-0.38957860644665737,0.19848892154914427,99.0,0.05078856535093853
0.530612289905548,0.079591833055019,10,0.07016279531427197,-0.13689333300564682,-0.013540821424960122,-0.0017820343576753356,-0.32221736444139315,0.13646947286672848,99.0,0.02812795321966104
0.530612289905548,0.102040812373161,10,-0.009003490529583158,-0.16810265688423298,0.0024466281126374495,0.08164425052808302,-0.35776295786229073,0.0352855844562221,99.0,-0.0042404067252985915
0.530612289905548,0.124489791691303,10,-0.05437207983723111,-0.17325349730601125,0.0143538488254879,0.18031035592613812,-0.3658131177129177,-0.025864035270542977,99.0,-0.02407887145922164
0.530612289905548,0.146938771009445,10,-0.14165218158912413,-0.1058346780042223,0.017576972443415054,0.12582741469959324,-0.24207548576065713,-0.1459815511495566,99.0,-0.06885306701148894
0.530612289905548,0.169387757778167,10,0.009434171840107378,-0.20215147765305275,0.015531340763947136,0.23313549951694842,-0.363067254119887,0.046838085342256044,99.0,0.0018240241985161526
0.530612289905548,0.191836729645729,10,-0.15815610897030136,-0.1100487364801769,0.02813941316045784,0.23488593748789593,-0.24798840464328947,-0.1684207774877774,99.0,-0.07364966405334758
0.530612289905548,0.21428570151329,10,-0.07463981517288706,-0.03987677760158352,0.0013473998083229476,0.032711154488610464,-0.1448445239902666,-0.06193734378186134,99.0,-0.03150911053008974
0.530612289905548,0.236734688282012,10,0.020516002832362032,0.004562541115200297,0.022410491659709403,0.2725506768441531,-0.07984509250960778,0.052206924739754704,99.0,0.010148698071976131
0.530612289905548,0.259183675050735,10,-0.14283483256791307,-0.03611594588582577,0.011354056976923379,0.07087493824124332,-0.124239123593292,-0.14778047766308203,99.0,-0.07282083213744098
0.530612289905548,0.281632661819458,10,-0.14717939273273323,-0.1173064364846388,0.03272200218451568,0.039591586704326165,-0.21465753494013945,-0.1530381210739321,99.0,-0.07141247895428482
0.530612289905548,0.304081618785858,10,-0.10309536732338105,0.05782613725496235,0.01727942132093126,-0.009671251243408388,-0.01429774908496062,-0.09780441365020463,99.0,-0.04669703532168146
0.530612289905548,0.32653060555458,10,-0.04162183898076464,0.09158574307888487,0.021787520586324216,0.02881561795384178,0.03513005835559861,-0.026370507523976364,99.0,-0.01501570779697831
0.530612289905548,0.348979592323303,10,-0.13826093110486282,-0.009183474788727681,0.058751933885000523,0.1081018049761265,-0.08082040543425195,-0.13896774529161826,99.0,-0.06768033575904882
0.530612289905548,0.371428549289703,10,-0.091037731660631,0.17876684745540541,0.02586808669584475,-0.03630155006350051,0.1366379538306753,-0.08303172134595027,99.0,-0.04516128045406508
0.530612289905548,0.393877536058425,10,-0.14445919368376614,0.0772399971589838,0.07807243392744809,0.18490591785770608,0.022071339375056412,-0.14337169296931576,99.0,-0.08232698217707156
0.530612289905548,0.416326522827148,10,-0.10885597092030627,0.2003006854851835,0.08976093084997888,0.030956904461461154,0.16492948544791067,-0.10335990101213344,99.0,-0.06508330963934775
0.530612289905548,0.438775509595871,10,-0.13487035894014252,0.1418902674098666,0.05196506952374271,0.022374981709748307,0.09319436290626226,-0.13472872407468556,99.0,-0.07369657696512129
0.530612289905548,0.461224496364593,10,-0.06469838782513966,0.24533717267766375,0.060497743890208934,0.010821730639439048,0.21720779051594802,-0.053657859141986335,99.0,-0.03419608232598052
0.530612289905548,0.483673483133316,10,-0.10180933478050498,0.06540911565120663,0.06583289492880205,0.20082198450382982,0.012689045221677547,-0.09490046818453146,99.0,-0.06467345362612344
0.530612289905548,0.506122469902038,10,-0.030461408150753114,0.16570018001935466,0.04605933085700244,0.07193926950858191,0.11552806226429653,-0.010935632334261182,99.0,-0.0202656191412341
0.530612289905548,0.528571426868438,10,-0.12825382045876957,0.41062045468791647,0.10727446268880804,-0.1494977257876626,0.400399173533019,-0.12466604026860836,99.0,-0.07930848282751826
0.530612289905548,0.551020383834838,10,-0.10813627450169379,0.019218334658937575,0.061311359216069505,0.16737560691122383,-0.03742455048797897,-0.10113390578092117,99.0,-0.07055457402667101
0.530612289905548,0.573469400405883,10,-0.09037913581925344,0.15392212148209325,0.07755252633819636,0.05648718556216928,0.11168981574124225,-0.08188563315271379,99.0,-0.05768792870729357
0.530612289905548,0.595918357372283,10,-0.07747593153533175,0.15232050991694146,0.10769665216256902,0.10904496522068226,0.10682033153529778,-0.06553031062208259,99.0,-0.04840680897335896
0.530612289905548,0.618367373943328,10,-0.10944303560040267,0.1532453887910766,0.1122903333727372,0.14736456491695638,0.10834345306353915,-0.10266915865031394,99.0,-0.06377610233474104
0.530612289905548,0.640816330909729,10,-0.051695807034759775,0.2050637354258643,0.06812098141140392,0.05672436234046098,0.16641001577345382,-0.03761886466212615,99.0,-0.030823197867801622
0.530612289905548,0.663265287876129,10,-0.12618320210652767,0.27257233263581526,0.07142831817851235,0.020693481504177713,0.2406494005577306,-0.1214109772550918,99.0,-0.07784126509063849
0.530612289905548,0.685714304447174,10,-0.20207315798705505,0.2206956236223091,0.09174540158947987,0.07031669537111962,0.18580971016339462,-0.20529206952903822,99.0,-0.11913120177283994
0.530612289905548,0.708163261413574,10,-0.09144479567198129,0.2499507620764477,0.07256660663659457,-0.039453544568821705,0.21786443617087345,-0.08282190078869811,99.0,-0.05511089408813473
0.530612289905548,0.730612277984619,10,-0.08417160167127324,0.16870909094942954,0.07977660593706185,0.04005935565101328,0.13103143932273356,-0.07515521334446311,99.0,-0.052423837808342456
0.530612289905548,0.753061234951019,10,-0.19136671294385824,0.205871633398105,0.09594319895976595,0.018549972365468823,0.1610468718958421,-0.19316632694210112,99.0,-0.11707916288148923
0.530612289905548,0.775510191917419,10,-0.1153297764697308,0.20708021974988922,0.07776416721356824,0.07705089052089031,0.1652546924394549,-0.1079370300932317,99.0,-0.07495793771203903
0.530612289905548,0.797959208488464,10,-0.11805161026431782,0.056670106513490096,0.10117963941661838,0.24860324836764325,-0.007092008251176604,-0.11095414425584187,99.0,-0.06886215114077206
0.530612289905548,0.820408165454864,10,-0.14720238789178103,0.2614320353700231,0.07141007653300195,0.051361676764066604,0.2326606339600066,-0.14705371466599682,99.0,-0.09237841799740153
0.530612289905548,0.842857122421264,10,-0.05378275087222735,0.273318116579939,0.05973010943590612,0.030602722169840668,0.2443073241821211,-0.0388521112432611,99.0,-0.03361015544942704
0.530612289905548,0.865306138992309,10,-0.11922663753890449,0.13680545265635238,0.0716083283384007,0.06015359474709761,0.09028809024992676,-0.11234877383795544,99.0,-0.08439048769264172
0.530612289905548,0.887755095958709,10,-0.10332154060400538,0.22070215837446483,0.063679642802116,0.034735499005400995,0.18261121976267833,-0.09683147463996077,99.0,-0.05786783091559391
0.530612289905548,0.910204052925109,10,-0.05694729307906245,0.23146320107129165,0.09201059709497897,0.1068928005055037,0.19183177082506198,-0.04221548663466705,99.0,-0.03087117234246617
0.530612289905548,0.932653069496154,10,-0.15388876242790422,0.1953504532503587,0.07301419269827909,0.06157373153778685,0.14614923818904466,-0.15061524097941748,99.0,-0.09145784491019576
0.530612289905548,0.955102026462554,10,-0.09023191735195112,0.14159343873970687,0.10368419922956636,0.08411328075636262,0.09297856388768366,-0.08061102300516769,99.0,-0.05745544102551632
0.530612289905548,0.977551043033599,10,-0.21932138602096457,0.015044694843127836,0.05498941431194319,0.14922481350810998,-0.05070034091705834,-0.22169230121185435,99.0,-0.1362369889981208
0.530612289905548,1.0,10,-0.04929798232606976,0.13985034041771868,0.06239346265196769,0.11506784449072743,0.08824029189204326,-0.033593929454081906,99.0,-0.024601871199197843
0.755102038383483,-0.100000001490117,10,0.10946510246523686,-0.3666641832458693,0.0029658033270780937,0.2062535873636085,-0.5930358588565883,0.18122277116339805,99.0,0.04320185546891911
0.755102038383483,-0.077551022171975,10,-0.05719858699537014,-0.4336190628331712,0.01964583897511013,0.15869216482109194,-0.6289252398348093,2.0816681711721685e-17,99.0,-0.02562795737428917
0.755102038383483,-0.055102042853833,10,-0.006017368799149103,-0.46631017207642267,0.03434560731306036,0.2888340483065476,-0.6551278890815367,0.049025912170627906,99.0,0.0004840173749848825
0.755102038383483,-0.032653063535691,10,0.028459263081255487,-0.5206465675714522,0.03254022297083831,0.3068804584107144,-0.7098436976154943,0.08314651255907363,99.0,0.01442488529682208
0.755102038383483,-0.010204084217549,10,-0.17196654949565812,-0.2799243309697549,0.0020676624883114946,0.1759995544671503,-0.5188518210444684,-0.14071509645961874,99.0,-0.0703407917807832
0.755102038383483,0.012244895100593,10,-0.19141633545695463,-0.23167386823943592,0.005263403879349499,0.19212296915687693,-0.4521143419652362,-0.1706823738186107,99.0,-0.07545049507577375
0.755102038383483,0.034693874418735,10,-0.08298009517706142,-0.3042000912550997,0.011223545899127134,0.16110363704829248,-0.5325004467114853,-0.049838873076547816,99.0,-0.0350005263699446
0.755102038383483,0.057142853736877,10,0.042692638713393266,-0.3306752649802023,0.010312483470469501,0.20403628124436335,-0.5873761074594666,0.1076992564385274,99.0,0.017795123658463783
0.755102038383483,0.079591833055019,10,-0.14149390986860905,-0.33232468966920914,0.0072633678643111476,0.23419659851151448,-0.5572967227657537,-0.1277372689887259,99.0,-0.06255659827027073
0.755102038383483,0.102040812373161,10,-0.05236276240546299,-0.30912784117976827,0.02275115633910462,0.2891771536438546,-0.496889842479703,-0.020867274781118654,99.0,-0.02041028152434156
0.755102038383483,0.124489791691303,10,-0.09338113196821277,-0.24652232730921908,0.01960775739855968,0.24898564994627337,-0.430819617977912,-0.07332680562706374,99.0,-0.038417261772451916
0.755102038383483,0.146938771009445,10,-0.057267190835118775,-0.3451566405301163,0.024080071558818306,0.24783334561595147,-0.5139920976789047,-0.03375542064183688,99.0,-0.029634347568395725
0.755102038383483,0.169387757778167,10,-0.13690019780053808,-0.1894879985931357,0.018433173602537496,0.22716444869022595,-0.34501581636154044,-0.1330402353129063,99.0,-0.057529615671726764
0.755102038383483,0.191836729645729,10,-0.028828134075615602,-0.16109562405379335,0.0061205313791553705,0.14024702084548724,-0.3019098215255289,-0.0019542535721033955,99.0,-0.01324196992506338
0.755102038383483,0.21428570151329,10,-0.04373369770243418,-0.1713283318388321,0.03677026175858794,0.2341405685146558,-0.30474039169587935,-0.020506857426400835,99.0,-0.01883458762171451
0.755102038383483,0.236734688282012,10,-0.1390810936805445,-0.20978093421120705,0.021247627572271492,0.13488953081690128,-0.34162543659086014,-0.13910468226110972,99.0,-0.06260687274294177
0.755102038383483,0.259183675050735,10,-0.20148991904266436,-0.22315527949301298,0.02269287595413689,0.09686135339758889,-0.35316677971337324,-0.21336016140987607,99.0,-0.09701878193395855
0.755102038383483,0.281632661819458,10,-0.10480744143178042,-0.0471985643149139,0.02618491502231927,0.026800612784622244,-0.14107393939850657,-0.10123489390397176,99.0,-0.04255687305087831
0.755102038383483,0.304081618785858,10,0.055954100290964856,-0.07093621760476423,0.020861179316882916,0.12753539944073075,-0.16516116776310905,0.09243279320547394,99.0,0.02654329731924726
0.755102038383483,0.32653060555458,10,-0.006976518702658668,-0.07843198375430611,0.021845573252113264,0.09556258783075458,-0.16192192507772613,0.014624610260462842,99.0,-0.005072240380297313
0.755102038383483,0.348979592323303,10,-0.03384475461884298,-0.03334440385573064,0.06493715627150216,0.23021231749352106,-0.10036300492318866,-0.018878390668576786,99.0,-0.016712405698956247
0.755102038383483,0.371428549289703,10,-0.122865662604823,0.016940573403994505,0.021566752020348256,0.05021181073844844,-0.056637701132310196,-0.12320052559786311,99.0,-0.060304795305039384
0.755102038383483,0.393877536058425,10,-0.14729569451812963,-0.08712549088506565,0.05786833662240082,0.2500413157707482,-0.16620891355803458,-0.1476455497706425,99.0,-0.07631291189360481
0.755102038383483,0.416326522827148,10,-0.15511632602693196,0.13193269134481878,0.03958151379440126,0.05736519857110851,0.08011284202739788,-0.15792831442840433,99.0,-0.07401690987516248
0.755102038383483,0.438775509595871,10,-0.10402209852998931,-0.1338041092985886,0.10189009504893941,0.3060039811176561,-0.21284843075142856,-0.09594131686898794,99.0,-0.05509003122713445
0.755102038383483,0.461224496364593,10,-0.08619211712816055,0.1105467373836821,0.10351728010616272,0.1447231229929588,0.07188678826442389,-0.0792514055677099,99.0,-0.0558998595311027
0.755102038383483,0.483673483133316,10,-0.1201415295223081,0.14547549724950848,0.07652135528293057,0.0680309977908385,0.10581413749690698,-0.11734806610780743,99.0,-0.0744816069645663
0.755102038383483,0.506122469902038,10,-0.09476401975194795,0.02547325849607822,0.10769657581756703,0.17338453236062928,-0.030814179401514773,-0.08580445895064975,99.0,-0.05581184923367179
0.755102038383483,0.528571426868438,10,-0.1983023071968146,0.12428625049015253,0.08340321908060745,0.06813441932371678,0.08116871826361871,-0.20406638255764808,99.0,-0.11285615077262365
0.755102038383483,0.551020383834838,10,-0.04221971313052283,0.06618425295080886,0.07017830654282899,0.05336537150635809,0.01029936489559976,-0.02661972977640431,99.0,-0.025954883172658445
0.755102038383483,0.573469400405883,10,-0.016065316908507637,0.21030168206659508,0.07423226558408715,0.042467630707869575,0.16905231982355284,0.0024572979716891014,99.0,-0.004865664077937424
0.755102038383483,0.595918357372283,10,-0.018512584136290665,0.06616480410288124,0.08569362673694673,0.20222038182542057,0.010286896081023858,-0.00036544601771247576,99.0,-0.010164148415093508
0.755102038383483,0.618367373943328,10,-0.0859292141436388,0.13691696356058364,0.09293742451452287,0.14140644131079746,0.09348487319989382,-0.07599368077961045,99.0,-0.056814090159909215
0.755102038383483,0.640816330909729,10,-0.17787466220054687,0.043857204500636945,0.10678990929200019,0.2018579855319821,-0.005928668099803802,-0.17851421858293812,99.0,-0.11839080395297492
0.755102038383483,0.663265287876129,10,-0.10663450693986942,0.10113950286697085,0.10359089616120505,0.20450367408343365,0.05051340512222797,-0.09898132034981741,99.0,-0.06379791489925582
0.755102038383483,0.685714304447174,10,-0.09244116533349296,0.05980255850519731,0.0687292803836887,0.13830904298671956,-0.004478872408071086,-0.08179816214798083,99.0,-0.04940887027951144
0.755102038383483,0.708163261413574,10,-0.06417486672145496,0.12663195348264933,0.10244772560544003,0.19895805078543904,0.07517888085599052,-0.05086892998886953,99.0,-0.028150404996510853
0.755102038383483,0.730612277984619,10,-0.09387182558610976,0.15447778469535478,0.07037062467603909,0.03174057119725228,0.11404305318267058,-0.08628863556378774,99.0,-0.056603817247769805
0.755102038383483,0.753061234951019,10,-0.03154011990407654,0.06531688762804318,0.06134292439048166,0.15589888113864772,0.0032235435449609676,-0.013096262046842999,99.0,-0.0181406170108586
0.755102038383483,0.775510191917419,10,-0.11712555106228614,0.0854942720991214,0.08805577848436714,0.07925566184626137,0.031135411759298397,-0.10898199502913006,99.0,-0.0650919730736868
0.755102038383483,0.797959208488464,10,-0.09699195674238069,0.04243538431533207,0.09382697218610797,0.1748421988154769,-0.01738939379589701,-0.08843134085735066,99.0,-0.05770496403140506
0.755102038383483,0.820408165454864,10,-0.03852148603618624,0.13940438084706283,0.07337035108403973,0.15239980205901577,0.08634754417698541,-0.0208090589293679,99.0,-0.015692116345671196
0.755102038383483,0.842857122421264,10,-0.08654524923060697,0.12211243581270911,0.07317114885146504,0.13864531452609646,0.07528914711972375,-0.07778429516758176,99.0,-0.051158455081998434
0.755102038383483,0.865306138992309,10,-0.16488239561993295,0.08435009248377467,0.10626738423147529,0.124382455097393,0.0355424197637002,-0.1640437191772332,99.0,-0.10072530127270651
0.755102038383483,0.887755095958709,10,-0.1340851083524021,0.03295914400600783,0.09470269967459755,0.15118490837838033,-0.027370828340967046,-0.1290657265987936,99.0,-0.07810129407087261
0.755102038383483,0.910204052925109,10,-0.047457138116054336,0.06808825099796773,0.09077738323877521,0.18666369493474577,0.008800244894981532,-0.03149352707729965,99.0,-0.029095628667925172
0.755102038383483,0.932653069496154,10,-0.005712944465006767,0.206643423037138,0.0836575994770712,0.052269188035661995,0.1664761797481074,0.011834045569024804,99.0,-0.0040690288897378595
0.755102038383483,0.955102026462554,10,-0.11012056178800952,0.060606165637132337,0.1141377016863249,0.16100001428819555,0.0052535197908865905,-0.10246893482745706,99.0,-0.07302965866263243
0.755102038383483,0.977551043033599,10,-0.07051584101057855,0.049895191622303235,0.10834047521114598,0.1945811245013494,-0.004401137671183761,-0.0581977054631994,99.0,-0.04094677765327155
0.755102038383483,1.0,10,-0.07694685123369294,0.18731200713316576,0.09938655120695919,0.17330406626545142,0.1435966612233434,-0.0647619249284845,99.0,-0.03789082940217538
0.979591846466064,-0.100000001490117,10,-0.0021542349023478957,-0.4213859599501206,0.004975934700069831,0.2692958421140123,-0.6098554864120107,0.052898914496554233,99.0,-0.0019737061497180864
0.979591846466064,-0.077551022171975,10,-0.0160506646676071,-0.48809428846884756,0.039616961701614904,0.23980181931250605,-0.7127689268440505,0.041884231197741484,99.0,-0.006119756795067782
0.979591846466064,-0.055102042853833,10,-0.09718048382533728,-0.5178691351643625,0.04555476165156747,0.37800981002738,-0.7152679896968549,-0.04905486579808393,99.0,-0.04175790199477668
0.979591846466064,-0.032653063535691,10,-0.0181134649647864,-0.5597857078129502,0.04149421129368598,0.2323437292700832,-0.7365913000514627,0.03415325938831963,99.0,-0.010495796117554027
0.979591846466064,-0.010204084217549,10,0.0037080283024350097,-0.4408677153906192,0.013524035309005238,0.19894487435094244,-0.6940494863897078,0.05875019038860045,99.0,0.004071550248324819
0.979591846466064,0.012244895100593,10,-0.1652655396413971,-0.5210427097542394,0.044328440724424455,0.2514972909827011,-0.7189808407294467,-0.14264031098387928,99.0,-0.08001060055559024
0.979591846466064,0.034693874418735,10,-0.04321343593314349,-0.543962470733328,0.039478120630736496,0.20980783509538575,-0.7234446183457314,-0.0069282033838089785,99.0,-0.021596499243825486
0.979591846466064,0.057142853736877,10,-0.00201510366161127,-0.38958832800214394,0.021234681753683145,0.16844548180168517,-0.6143125983505456,0.04278583848814563,99.0,0.0010592917612085918
0.979591846466064,0.079591833055019,10,-0.06384290762544792,-0.5205918480502457,0.059297106921888776,0.3288274257281201,-0.7040663518869326,-0.03155977333262883,99.0,-0.02480783345601724
0.979591846466064,0.102040812373161,10,-0.11759026126100665,-0.37128934903872746,0.009422389973958478,0.1989705166151847,-0.5905243612146047,-0.09971640360984418,99.0,-0.04918906220009367
0.979591846466064,0.124489791691303,10,0.06975860140948043,-0.33874876949200033,0.015137623107467683,0.2536202880398264,-0.5376358260655973,0.12456915376977039,99.0,0.03196113250638426
0.979591846466064,0.146938771009445,10,0.05071577304858895,-0.3848799105368246,0.010435664905140057,0.17501778629094394,-0.5752349947784773,0.09640841943856,99.0,0.019601706684874785
0.979591846466064,0.169387757778167,10,0.05284823409750462,-0.4397582370150999,0.029568815634927487,0.31079508605744155,-0.5875859292771735,0.08918240987754736,99.0,0.02441742119091385
0.979591846466064,0.191836729645729,10,-0.0694145201388855,-0.26594826126879234,0.01591029707753381,0.16672440689532378,-0.4275533796241708,-0.05231208943895317,99.0,-0.032336818151982895
0.979591846466064,0.21428570151329,10,-0.08376060130347304,-0.31477299142657034,0.028278578215129222,0.13035918019458204,-0.47600625654531337,-0.07245771791423675,99.0,-0.03962896872814489
0.979591846466064,0.236734688282012,10,-0.1812171950718709,-0.33012510432904496,0.033930247190020336,0.17011698145476856,-0.47137825198009015,-0.18489686102058484,99.0,-0.08283952842986295
0.979591846466064,0.259183675050735,10,0.02765811597991269,-0.40911756200831517,0.03340027948711418,0.2245151132992,-0.565151577775174,0.06102755722121353,99.0,0.009202157044285904
0.979591846466064,0.281632661819458,10,-0.1814927221009754,-0.27481411849335113,0.02566159902742335,0.09065603937508322,-0.4138957827155179,-0.18735722654074854,99.0,-0.08162563084959591
0.979591846466064,0.304081618785858,10,-0.165538628868563,-0.23533362695036822,0.04313708147349312,0.12629742612937317,-0.3400997437683397,-0.16607600527343835,99.0,-0.08396541030806062
0.979591846466064,0.32653060555458,10,-0.048606113738092635,-0.24014639888361095,0.05355964210634061,0.26392972788911523,-0.3398945806954645,-0.03501711049682449,99.0,-0.024729220503377978
0.979591846466064,0.348979592323303,10,-0.06262158439702867,-0.07246309889463588,0.023026593483525287,0.08855037515656923,-0.16714416163482962,-0.050850457814217105,99.0,-0.031197734621019334
0.979591846466064,0.371428549289703,10,-0.14614525949314136,-0.2115299849035669,0.053181544802293174,0.21397449379596312,-0.3002018043583614,-0.14310847875125154,99.0,-0.0765226699799368
0.979591846466064,0.393877536058425,10,-0.05384196685134962,-0.03334703961541538,0.019506804972743298,0.15062698652302642,-0.09978982241101805,-0.04193419356394515,99.0,-0.03145401572682721
0.979591846466064,0.416326522827148,10,-0.15941520098124942,-0.2593514403342694,0.042025995251557105,0.23989541188115576,-0.35491916016599223,-0.16032623644051605,99.0,-0.08435571447580288
0.979591846466064,0.438775509595871,10,0.07224347028947403,-0.028748809107954017,0.035183807821208196,0.09741960193889099,-0.09165823914151458,0.10100892575238964,99.0,0.04162805351900526
0.979591846466064,0.461224496364593,10,0.0411559759549292,-0.026231389424169457,0.06396844466238487,0.2062908368010647,-0.09057846073905083,0.06598967741621059,99.0,0.021087717080661157
0.979591846466064,0.483673483133316,10,-0.11808994237183418,-0.005857706038078669,0.082352920661596,0.1993636716529062,-0.06918611115783943,-0.11308142458645945,99.0,-0.06657140878465281
0.979591846466064,0.506122469902038,10,-0.11853908940342031,0.13996880062136188,0.08439708846731543,0.13735295201650954,0.09875550439943305,-0.11495439962517248,99.0,-0.0686367088797744
0.979591846466064,0.528571426868438,10,-0.10938943430876485,-0.11406363451246454,0.07469250793271758,0.23540462280600533,-0.18583829249091277,-0.10381982071268182,99.0,-0.06463474084401716
0.979591846466064,0.551020383834838,10,-0.19112230680281803,-0.003148571729025225,0.09796131704111022,0.256459283754226,-0.05883446369582541,-0.19094340525763182,99.0,-0.1134605692707342
0.979591846466064,0.573469400405883,10,-0.08410854327717315,-0.01981732726683584,0.10184615406955777,0.24543397493550154,-0.07491312411261525,-0.07480530899642893,99.0,-0.053145135555319425
0.979591846466064,0.595918357372283,10,-0.09931542295921288,0.046066358922848855,0.08859870713212255,0.14270248611539194,-0.0031210542329903473,-0.09015801538224015,99.0,-0.06082934361573191
0.979591846466064,0.618367373943328,10,-0.17536186923351282,0.04906912118961168,0.0943007641547834,0.14091486312551532,0.004414991641315813,-0.17531861527921488,99.0,-0.11277566387183655
0.979591846466064,0.640816330909729,10,-0.12142965669763467,-0.03568973875691025,0.10964277329442758,0.3555411955356522,-0.08968803597820385,-0.11665096682763154,99.0,-0.07846011983167797
0.979591846466064,0.663265287876129,10,-0.16156476884683799,0.014211277742532995,0.12272461999521038,0.25636556343576083,-0.04020666170811201,-0.16038265135061142,99.0,-0.09141838313691568
0.979591846466064,0.685714304447174,10,-0.07652864053043665,0.11575408558461704,0.09116040534628289,0.17820083622978006,0.07005897554028119,-0.065475117832764,99.0,-0.044420771502915436
0.979591846466064,0.708163261413574,10,-0.0658677777317658,-0.10422131807762217,0.10670305678424208,0.3404798085234657,-0.1722948746914671,-0.05410016316463117,99.0,-0.03724683638314682
0.979591846466064,0.730612277984619,10,-0.1485301417685545,0.10486287249979864,0.08905300970203152,0.1139403012112745,0.060589762609800105,-0.14540585773597958,99.0,-0.09264139727422187
0.979591846466064,0.753061234951019,10,-0.10463051684387145,-0.135366033715564,0.11331611354118372,0.34230310038082035,-0.20511216815957753,-0.09633813203702275,99.0,-0.0623776797894921
0.979591846466064,0.775510191917419,10,-0.04374658700650046,0.1507145110401122,0.08259145759270305,0.13008332001243633,0.10087992059991645,-0.027420253521848157,99.0,-0.026479366803486015
0.979591846466064,0.797959208488464,10,-0.15230997419596076,0.1008147691590606,0.050720929833562856,0.13000395482197274,0.04731545943715107,-0.14789585314343506,99.0,-0.09013892444593666
0.979591846466064,0.820408165454864,10,-0.18092600156950236,-0.05220992496081528,0.10067362641944722,0.22733081879604053,-0.10660500691022091,-0.17877348185548356,99.0,-0.11097052613972355
0.979591846466064,0.842857122421264,10,-0.11924773162593527,-0.0820004063655056,0.09686853935248191,0.26734986707080466,-0.14948598142679764,-0.11132222541583563,99.0,-0.0751521318171425
0.979591846466064,0.865306138992309,10,-0.02545523821877034,-0.050056166226307236,0.14188697267623845,0.36682714288202395,-0.10897042254804719,-0.009888474559480342,99.0,-0.01399607879743619
0.979591846466064,0.887755095958709,10,-0.12073842869473839,-0.04307410034831141,0.1061637592948028,0.2617810123278252,-0.10360916676679482,-0.11510200710912283,99.0,-0.07630400419844044
0.979591846466064,0.910204052925109,10,-0.07785271832979965,-0.025103696235498185,0.10111042442522367,0.2332192176847821,-0.08983698026180317,-0.06551134449745247,99.0,-0.0426924758344778
0.979591846466064,0.932653069496154,10,-0.06194812089539413,-0.02424014383911076,0.11927896647219911,0.3224565286484482,-0.08493400941100895,-0.04869370941180126,99.0,-0.030139748372973875
0.979591846466064,0.955102026462554,10,-0.12600875207815876,0.10127607621305595,0.09889228671894776,0.1621522974404086,0.05652542285195888,-0.12106983370008034,99.0,-0.07953903326637943
0.979591846466064,0.977551043033599,10,-0.09403966552875134,0.08653095599854192,0.07164585295304049,0.16518188369135417,0.024575736863384934,-0.08203070586154652,99.0,-0.046661383235643186
0.979591846466064,1.0,10,-0.050210308557472605,-0.23014873690642323,0.12400134572590786,0.4236103909141027,-0.2998707128129172,-0.03634273555313751,99.0,-0.03025183662906595
1.204081654548645,-0.100000001490117,10,-0.004333024592585583,-0.6280089685039729,0.03137857912520484,0.2931365953431217,-0.8006815541658467,0.04304528233043224,99.0,0.0009335339540030074
1.204081654548645,-0.077551022171975,10,-0.13430936562096144,-0.5596278864395572,0.03826318520350589,0.3046574108099595,-0.7404202536968674,-0.08977310590113413,99.0,-0.0621483692756995
1.204081654548645,-0.055102042853833,10,0.041145022398874104,-0.6535692459006885,0.062326087350313905,0.34622043280046577,-0.8063034327055177,0.08669668482721596,99.0,0.020627334738746877
1.204081654548645,-0.032653063535691,10,-0.010586751850873866,-0.5652788521209919,0.03286505773736688,0.26515789019396413,-0.746209748590416,0.03732926210759449,99.0,-0.002073551171087657
1.204081654548645,-0.010204084217549,10,-0.02387096241933795,-0.5724374312000553,0.042300304558952014,0.3856859932314811,-0.7488391168056916,0.02137864970517796,99.0,-0.008508980863470492
1.204081654548645,0.012244895100593,10,-0.056776614602567804,-0.5196219610553741,0.034943346698732974,0.26037698210545956,-0.7541571762163988,-0.018952826676416498,99.0,-0.02584982996590309
1.204081654548645,0.034693874418735,10,0.07480544379022407,-0.6016289032331549,0.027129778257283372,0.2775370800796655,-0.7683563837114022,0.1185638814125199,99.0,0.03990349462219152
1.204081654548645,0.057142853736877,10,-0.06102645167441817,-0.5874956339663516,0.04080471088647729,0.233205154664183,-0.7492034940580579,-0.030143722926100416,99.0,-0.029743415920752126
1.204081654548645,0.079591833055019,10,0.023364456731397643,-0.6201302176287281,0.036625581954494564,0.2760196437209442,-0.7957705306621428,0.06084978865013527,99.0,0.010371723523092744
1.204081654548645,0.102040812373161,10,0.058337059031541,-0.5853609390381371,0.04034522321890495,0.2143030917161839,-0.7283775330120335,0.09431579828538356,99.0,0.030871103818269175
1.204081654548645,0.124489791691303,10,-0.1515355104471699,-0.5134570818244417,0.026230414277154612,0.11481126040529138,-0.6891928022679134,-0.13728658354901274,99.0,-0.0744080064277078
1.204081654548645,0.146938771009445,10,-0.1118398818243943,-0.6492295740503915,0.04730103396382032,0.20363215227582504,-0.7778455077730317,-0.09360525655464495,99.0,-0.05890394435481666
1.204081654548645,0.169387757778167,10,0.06601007209757005,-0.3957339226009229,0.021658981388112467,0.16247025329319623,-0.5686479964569969,0.11030554364272005,99.0,0.03060311248045936
1.204081654548645,0.191836729645729,10,-0.048125946648938184,-0.4462998941900405,0.026411291185139674,0.30776331571418414,-0.5824325801950417,-0.028954267397323,99.0,-0.029903391517947315
1.204081654548645,0.21428570151329,10,-0.15379067415275094,-0.3593541582905745,0.034112752125706594,0.30313998448196156,-0.5141395001845803,-0.1552153269414741,99.0,-0.07039530809136998
1.204081654548645,0.236734688282012,10,-0.017430738586893757,-0.4709209844981323,0.03715118924498047,0.3049721904496831,-0.605260616778642,0.005108549279917454,99.0,-0.007374593088503792
1.204081654548645,0.259183675050735,10,-0.15945908352609206,-0.4440307978312843,0.05823920581776756,0.2187338184423091,-0.5649080627074496,-0.15694846980772054,99.0,-0.08047287205092238
1.204081654548645,0.281632661819458,10,-0.01618482769481043,-0.37638016144175457,0.04274276097241261,0.24815224392695773,-0.49503411419132626,0.004138477038080197,99.0,-0.009490523411374569
1.204081654548645,0.304081618785858,10,-0.10366001688853832,-0.2033374121747158,0.03321696280157304,0.13336451047627845,-0.301776340598089,-0.0995892880926791,99.0,-0.05341877886663393
1.204081654548645,0.32653060555458,10,-0.03642691414330296,-0.2930007898920747,0.05696797336573283,0.25428600548758495,-0.4103064405764347,-0.01988263286137798,99.0,-0.01797040196628229
1.204081654548645,0.348979592323303,10,-0.1822787585148455,-0.10020551998101823,0.010607608415213304,0.03938087022299784,-0.18316278439406916,-0.18753482566816781,99.0,-0.08624828341245029
1.204081654548645,0.371428549289703,10,-0.03720028370679619,-0.29968858120029096,0.05137823355496714,0.2413542851844155,-0.3998459860888748,-0.021725599107842872,99.0,-0.01796804812380892
1.204081654548645,0.393877536058425,10,-0.0431400755892338,-0.29548277018264524,0.077317764530586,0.26519777781664466,-0.39064540130821196,-0.029057817888970133,99.0,-0.021909083531535162
1.204081654548645,0.416326522827148,10,-0.1553559634419133,-0.2618059213477445,0.053847279485007796,0.3153521400852916,-0.3633918794597174,-0.15150726483989907,99.0,-0.06808156265928128
1.204081654548645,0.438775509595871,10,-0.13566255954490175,-0.17225350551464796,0.10505863865034012,0.2827139065873505,-0.24458972813378688,-0.13018174070936045,99.0,-0.06605854702338679
1.204081654548645,0.461224496364593,10,-0.14777199648137546,-0.22447427940319886,0.0816211845400088,0.25616541710715157,-0.30370716203592474,-0.14372881430576484,99.0,-0.07899060098228142
1.204081654548645,0.483673483133316,10,-0.018262024930878543,-0.12307761443781137,0.08819106207024127,0.24495673991316091,-0.19028958245610472,-0.0023850771615019015,99.0,-0.006557306197962684
1.204081654548645,0.506122469902038,10,-0.11789063513786245,0.06219025342174901,0.07685287343631783,0.11694678019094312,0.017950855858681287,-0.11215331262140735,99.0,-0.074527385164082
1.204081654548645,0.528571426868438,10,-0.1103852797418171,-0.025740321714442425,0.10494147655839799,0.15639106167466882,-0.07911018095327876,-0.10369574882344504,99.0,-0.06382425045129411
1.204081654548645,0.551020383834838,10,-0.054290154948830896,0.038376812328750474,0.07293761841717124,0.08529845694946087,-0.01450975683793082,-0.04139677835900252,99.0,-0.02760641005415073
1.204081654548645,0.573469400405883,10,-0.10317350018226405,-0.006080632978023692,0.06446046869516002,0.12454321613090504,-0.0658839008718536,-0.09413852060888508,99.0,-0.053600858959025686
1.204081654548645,0.595918357372283,10,-0.18614087463335327,-0.07820571030484183,0.10623237024848149,0.2713643935685898,-0.1333154595598225,-0.1873443154144283,99.0,-0.11639224655147824
1.204081654548645,0.618367373943328,10,-0.13836862417094015,-0.0025473866443922397,0.11854085709273318,0.25469007574426844,-0.04863486344760431,-0.13466001479725007,99.0,-0.08927862331596334
1.204081654548645,0.640816330909729,10,-0.015025642333050794,-0.08327674751214299,0.11291086315099126,0.22009392192613092,-0.13883573577360253,-0.0005638372690252719,99.0,-0.007566670085301796
1.204081654548645,0.663265287876129,10,-0.15038888592068891,0.015025950647969119,0.09353578974005555,0.22543793548513347,-0.04024955107470801,-0.14736815625173336,99.0,-0.08720183151937176
1.204081654548645,0.685714304447174,10,-0.13873228600499107,0.11819770289283804,0.0727442575534205,-0.03896469515900074,0.07646693531169936,-0.13405732767736822,99.0,-0.07591992388746598
1.204081654548645,0.708163261413574,10,-0.1485164695330684,0.02690527902366987,0.08399291457866083,0.15541459495231208,-0.026988839377266913,-0.14610878829436735,99.0,-0.08867324215298769
1.204081654548645,0.730612277984619,10,-0.1550606499158676,-0.18459391078685528,0.09752385841499013,0.3116916288639854,-0.24589137691328106,-0.15040654729914538,99.0,-0.09754707264483323
1.204081654548645,0.753061234951019,10,-0.10758917749931764,0.04254804515237187,0.06161701154857486,0.12628980329673625,-0.005036367508491589,-0.09982184748294116,99.0,-0.06841970779861843
1.204081654548645,0.775510191917419,10,-0.10249332942935366,0.016035033811129196,0.06679908183811373,0.18298282871812593,-0.03876198636912708,-0.09444393391827957,99.0,-0.055248590676598285
1.204081654548645,0.797959208488464,10,-0.08356709591314554,-0.08120788322186966,0.10274441089294431,0.24214452336369113,-0.13776313147160743,-0.07328155784107637,99.0,-0.05400341644255746
1.204081654548645,0.820408165454864,10,-0.112041099623674,0.005907293823965876,0.13348853227667384,0.231192264034943,-0.040339444133543005,-0.10482861492888662,99.0,-0.07343155655190099
1.204081654548645,0.842857122421264,10,-0.09931452382338479,-0.13183400303116666,0.13546582286910608,0.36646870550896093,-0.19358984333507823,-0.08933583179787247,99.0,-0.05615197295194663
1.204081654548645,0.865306138992309,10,-0.12078304334082007,-0.0707079036430422,0.07959499081886107,0.2223263765678587,-0.12542259915828516,-0.11252073237062815,99.0,-0.0728821041389667
1.204081654548645,0.887755095958709,10,-0.05803162318929325,-0.046090162957436426,0.1036731948067882,0.2814949322346385,-0.10580663747353534,-0.04512280772904269,99.0,-0.03313938848615812
1.204081654548645,0.910204052925109,10,-0.11901246318520146,-0.16383634246107573,0.12377994837436826,0.4130091010331551,-0.21848510735634222,-0.11033369960829079,99.0,-0.07981841603687342
1.204081654548645,0.932653069496154,10,-0.17189177769746994,-0.09236722698099331,0.09046019770585892,0.3128327610500069,-0.15146283933088606,-0.1674150725055449,99.0,-0.11384958291496612
1.204081654548645,0.955102026462554,10,-0.1459760259671618,0.06227927557926618,0.101309791053441,0.1862313721718054,0.01913031586448187,-0.14137752912385868,99.0,-0.09523416152369117
1.204081654548645,0.977551043033599,10,-0.15915296238971988,-0.04680138666553711,0.11679115069437583,0.27782680065779164,-0.09904000850460053,-0.15587828856885427,99.0,-0.09952055916982128
1.204081654548645,1.0,10,-0.14182793781954917,-0.10782659407826703,0.10395309501373722,0.35841189864598133,-0.17191195687414174,-0.13370450104476975,99.0,-0.08694113360913587
1.428571462631225,-0.100000001490117,10,0.0044177706164960084,-0.6762622503559956,0.058218365559590445,0.333110588806619,-0.8238844035396984,0.04947952121064187,99.0,0.0026860780005148336
1.428571462631225,-0.077551022171975,10,-0.12299189155155774,-0.6113299330878889,0.03750758905476562,0.25854466035227497,-0.7493784145251376,-0.07391162241488869,99.0,-0.05855879539607169
1.428571462631225,-0.055102042853833,10,0.044100184272402004,-0.6688993332358284,0.062356654939763945,0.31050002317233966,-0.8200696947874717,0.0893665162665625,99.0,0.020493895351463863
1.428571462631225,-0.032653063535691,10,-0.03889032371043469,-0.5939263231973008,0.039552984087340766,0.194121577920563,-0.7899581074849235,0.005806704860311859,99.0,-0.01793026320435827
1.428571462631225,-0.010204084217549,10,0.052900493044636995,-0.6303272629964745,0.0452177604726373,0.3130993817254817,-0.7792082982376622,0.09360921460342095,99.0,0.02867411777067107
1.428571462631225,0.012244895100593,10,0.10839988604476684,-0.6696142992640653,0.04983887280226409,0.36913096086160313,-0.8007290296426046,0.14766629184676813,99.0,0.05307701117577749
1.428571462631225,0.034693874418735,10,0.004079758192786012,-0.6811522457177712,0.051939875556616784,0.25142269063859835,-0.8227443198542692,0.03937384554636697,99.0,0.00263533191595085
1.428571462631225,0.057142853736877,10,0.029019034488797252,-0.7580407839345669,0.06022717280265049,0.3075181016254884,-0.8875114152914779,0.06203161432163382,99.0,0.018200255439223725
1.428571462631225,0.079591833055019,10,0.06574220577275967,-0.6275879595645756,0.05594435887360306,0.34509042641656257,-0.7951029487375516,0.10421451303820592,99.0,0.035062497914566344
1.428571462631225,0.102040812373161,10,-0.019306116881687832,-0.5620004592429201,0.04467282665699328,0.3196014800452864,-0.7124428382328412,0.008075116383958095,99.0,-0.012040593987359042
1.428571462631225,0.124489791691303,10,0.023510348008731516,-0.5430193156350474,0.05257514882006607,0.32293278059029007,-0.7190581048829423,0.058276298114762454,99.0,0.010809911809282905
1.428571462631225,0.146938771009445,10,-0.007019055067705893,-0.5753059551146708,0.04004048791979523,0.20848500797498729,-0.730545932898338,0.021529447484686354,99.0,-0.0034790106810868465
1.428571462631225,0.169387757778167,10,0.017379385098370295,-0.48766608570910236,0.0531593866669884,0.22429224802636175,-0.6494097673313282,0.047323568464383334,99.0,0.008790410626906716
1.428571462631225,0.191836729645729,10,0.06321830927424503,-0.5811570654320373,0.04265169417739391,0.2289031506954609,-0.7403789509876612,0.09833071926087392,99.0,0.030224638084118006
1.428571462631225,0.21428570151329,10,-0.08481409898053362,-0.5362523713506863,0.028435411688144882,0.24637728320290758,-0.680591575777688,-0.07267876338530217,99.0,-0.04110306875872695
1.428571462631225,0.236734688282012,10,-0.07532611751903745,-0.45258546926446985,0.040784344813960934,0.23463074016837054,-0.5967415940222129,-0.06166335807603528,99.0,-0.041781025532976176
1.428571462631225,0.259183675050735,10,-0.0655034681595112,-0.3734939548522985,0.028993609369692978,0.1718976477408904,-0.497778816497469,-0.052181409778947585,99.0,-0.03447915122531434
1.428571462631225,0.281632661819458,10,-0.1160988758410088,-0.528390710803962,0.05050788985261688,0.14895345314561106,-0.6470691181774632,-0.10432834343147196,99.0,-0.05786380349842439
1.428571462631225,0.304081618785858,10,-0.0958218818274729,-0.40006660698656327,0.06250403987617549,0.27009996254956914,-0.5146867955082987,-0.08714381925804536,99.0,-0.04591709634534943
1.428571462631225,0.32653060555458,10,-0.05343345621925352,-0.4099479697652057,0.035965764516167495,0.2536720629102438,-0.5195442903682196,-0.038341537285553645,99.0,-0.0257072885003289
1.428571462631225,0.348979592323303,10,-0.16167935932698083,-0.2689338282825532,0.022677292314082113,0.19140230662869484,-0.39166952127061566,-0.16448978287220628,99.0,-0.0721034830350931
1.428571462631225,0.371428549289703,10,-0.006342786484670862,-0.2647997753830377,0.025235101979075743,0.16511991933876174,-0.36674505055924134,0.013601395508809622,99.0,-0.004485314428821869
1.428571462631225,0.393877536058425,10,-0.17351439943592348,-0.5070247388990072,0.09291792714910223,0.3365845539784578,-0.6064246096813153,-0.16977565004533393,99.0,-0.08865985353116593
1.428571462631225,0.416326522827148,10,-0.08738691763696488,-0.16444523190802163,0.02030455021787764,0.037341267187522786,-0.25730903239259106,-0.07988395150050101,99.0,-0.03857483606324748
1.428571462631225,0.438775509595871,10,-0.1791523814788587,-0.1946965031504468,0.09396004489060372,0.2785642822346053,-0.27002085465438097,-0.1789013567432048,99.0,-0.08791620802009571
1.428571462631225,0.461224496364593,10,-0.003209926381197825,-0.22110489517355952,0.02864638535479351,0.16124428511528716,-0.3172975931991845,0.017171401088627317,99.0,0.0020450931348147336
1.428571462631225,0.483673483133316,10,-0.07092838200073148,0.018989186884491638,0.0731450721279587,0.2067380782053598,-0.040504680831548096,-0.059966280117866984,99.0,-0.02939179368419066
1.428571462631225,0.506122469902038,10,-0.07457655118164008,-0.16980134292362992,0.1117198830415309,0.39213022888639687,-0.23565473762887915,-0.06444150619090105,99.0,-0.04321535483586967
1.428571462631225,0.528571426868438,10,-0.13553636510301076,-0.1854205616507428,0.072990878243902,0.1883821630835435,-0.25887917181342124,-0.13016611149246168,99.0,-0.0792059735761658
1.428571462631225,0.551020383834838,10,-0.11984711019890812,0.017773779171997444,0.09182895866318413,0.20570960165944382,-0.0345945674834735,-0.11564717301003878,99.0,-0.07177688465739833
1.428571462631225,0.573469400405883,10,-0.06881197961941286,-0.22244410989217422,0.1201469546148084,0.36513900006574573,-0.28239508230147703,-0.058845602571252396,99.0,-0.03776288546335198
1.428571462631225,0.595918357372283,10,-0.15045062621539185,-0.07764735271558326,0.10723225126257421,0.23177682286645898,-0.13568418062853937,-0.14784572438843538,99.0,-0.09400984726663336
1.428571462631225,0.618367373943328,10,-0.09615673966770749,0.007771405166359385,0.07961813670322489,0.1434864475340205,-0.04496239768432243,-0.08752087942715472,99.0,-0.05457647376689319
1.428571462631225,0.640816330909729,10,-0.08244419830053976,-0.1401995594680432,0.15095283347775637,0.35226117229795467,-0.19262849925936285,-0.0733531671905522,99.0,-0.05656766020984712
1.428571462631225,0.663265287876129,10,-0.13977562676319005,-0.0067324149390145666,0.07210644118767719,0.10629378449017833,-0.04784804544230281,-0.13552358529616684,99.0,-0.09160634575500612
1.428571462631225,0.685714304447174,10,-0.06014506381875402,-0.06613940714006297,0.09079496604380612,0.21820631714149386,-0.12075402564164639,-0.04996017183037251,99.0,-0.033721070552270756
1.428571462631225,0.708163261413574,10,-0.11629005461879663,-0.0932033910300418,0.1064266508091142,0.24512653027070033,-0.14534601357311364,-0.10998855153937698,99.0,-0.07460681125925199
1.428571462631225,0.730612277984619,10,-0.1144915916990284,-0.07543963567338484,0.1226138186160974,0.3110654873492952,-0.12504314896317223,-0.10803989792569778,99.0,-0.07724438658445427
1.428571462631225,0.753061234951019,10,-0.15463557573853376,-0.16350642443084232,0.1239204976776701,0.32132929760176576,-0.22188720387109362,-0.15184151451427608,99.0,-0.10228710188298931
1.428571462631225,0.775510191917419,10,-0.14655275181021377,-0.058359242796703834,0.11101289905604421,0.26416123837999855,-0.10859513272208911,-0.14146729156067517,99.0,-0.09399754106156506
1.428571462631225,0.797959208488464,10,-0.10078743189459045,-0.2214627732175727,0.14997399750388127,0.4735283906972853,-0.27993149365400766,-0.0927639522533123,99.0,-0.07438786410096707
1.428571462631225,0.820408165454864,10,-0.14894897706141547,-0.11093518554474667,0.09117034472109325,0.2968488897414202,-0.16963341259943598,-0.14504709772162386,99.0,-0.09402106966625205
1.428571462631225,0.842857122421264,10,-0.07075711222206901,-0.1450264636828856,0.11688391174129993,0.325410086038261,-0.19520986981497981,-0.06182046279724142,99.0,-0.05059094877578957
1.428571462631225,0.865306138992309,10,-0.12342924796617634,-0.03439321523176988,0.11287456519699254,0.26865249046567763,-0.0822118041836602,-0.11793241252111951,99.0,-0.08580587462769099
1.428571462631225,0.887755095958709,10,-0.15639320647571392,-0.17514473834492478,0.13072083368523676,0.3877019349882238,-0.2418638086735995,-0.15047107905922305,99.0,-0.09411179662691407
1.428571462631225,0.910204052925109,10,-0.05086897974383014,-0.09806353703715792,0.11334452526260776,0.3067707363807043,-0.1460177982756245,-0.04005920770797152,99.0,-0.0411731932038069
1.428571462631225,0.932653069496154,10,-0.2251787249942764,-0.09993317231570599,0.1306400644961386,0.315168933163661,-0.15345700607690502,-0.22553074057000838,99.0,-0.14687554933942157
1.428571462631225,0.955102026462554,10,-0.03019796084487588,-0.18933593508453503,0.13855360671290712,0.41488173328413586,-0.2554464977289186,-0.0157604125420305,99.0,-0.017865287110839612
1.428571462631225,0.977551043033599,10,-0.09326018254915877,0.011944281021164883,0.05653865527522867,0.08952143716671082,-0.04501682432554544,-0.0824413753015307,99.0,-0.05430770883565992
1.428571462631225,1.0,10,-0.08954821145149104,-0.09467926178435236,0.08506786243837844,0.24976685308263755,-0.15664340462121376,-0.08041370987433259,99.0,-0.05614875166592086
1.653061270713806,-0.100000001490117,10,0.03403143481379191,-0.6905982733862965,0.0650177402744446,0.32230585981580573,-0.815981189169546,0.07611518372033149,99.0,0.016416926009145277
1.653061270713806,-0.077551022171975,10,0.11122179386921974,-0.6982011066861692,0.0681489810839089,0.37748805190990303,-0.8417553336134074,0.1570523144653923,99.0,0.056741158794299675
1.653061270713806,-0.055102042853833,10,0.08970895119965519,-0.7581641771184426,0.06907444733266611,0.3384342869142202,-0.8380476547861315,0.12296111776812098,99.0,0.046675095181686235
1.653061270713806,-0.032653063535691,10,0.0057241887672283,-0.7224241524978641,0.06349303784998934,0.3470404788778688,-0.8507450199912683,0.045648975834706444,99.0,0.001195385606634157
1.653061270713806,-0.010204084217549,10,0.07845126376103571,-0.6960680173646765,0.05717890865166132,0.3456158447733565,-0.8210553635026279,0.11403646943985399,99.0,0.045414719395127916
1.653061270713806,0.012244895100593,10,-0.02974566675665842,-0.7135660708604555,0.05328416287415963,0.24922212093902174,-0.8378860105296859,0.00847359188533199,99.0,-0.023444853133504882
1.653061270713806,0.034693874418735,10,0.013883026945452813,-0.7291118253312008,0.06579175867386652,0.368311966367666,-0.8316238521820638,0.0460975376099533,99.0,0.009943254370798484
1.653061270713806,0.057142853736877,10,-0.020020450223213707,-0.6540232195381204,0.05076385862219926,0.25348333116431493,-0.7814916964599224,0.010255732915789809,99.0,-0.010942786155764985
1.653061270713806,0.079591833055019,10,-0.005849998392407935,-0.6829509102715989,0.057989634661389323,0.2452878081720867,-0.8173943277860973,0.022041520398241983,99.0,-0.0016379751915947913
1.653061270713806,0.102040812373161,10,0.13367188869776309,-0.5850156182333879,0.03815550843708228,0.29941021235804377,-0.7202050419902508,0.17298639678422867,99.0,0.06893444557365346
1.653061270713806,0.124489791691303,10,-0.028765614458696395,-0.7087411906509753,0.060269687851604754,0.28986804782484116,-0.8293487341051016,-0.0047390957125383465,99.0,-0.01732069135328708
1.653061270713806,0.146938771009445,10,-0.061913733750644115,-0.523114165108126,0.04409021328343386,0.25427884475360085,-0.6648025554572299,-0.043797477280287836,99.0,-0.03430864483257238
1.653061270713806,0.169387757778167,10,0.06977711467327447,-0.6239600392940753,0.05438432717123835,0.2899555113848097,-0.7535536204699307,0.0990817584898092,99.0,0.03728642703861837
1.653061270713806,0.191836729645729,10,-0.12170418161037858,-0.5663309929955818,0.05341628818268551,0.2669240118653674,-0.7138958415164713,-0.11296071509492553,99.0,-0.06264519855032288
1.653061270713806,0.21428570151329,10,-0.025113612214280868,-0.5407767020099635,0.03432346510374419,0.1533201148074488,-0.667564344079105,-0.0035611447156766243,99.0,-0.011631694766449766
1.653061270713806,0.236734688282012,10,-0.03960500177576941,-0.6178471598162223,0.06478263147724636,0.32041125891589833,-0.731205147483526,-0.02244802545905083,99.0,-0.020530448770769122
1.653061270713806,0.259183675050735,10,-0.1479810762686481,-0.4840815133483699,0.044464163748697653,0.2878402528441044,-0.5859591466123609,-0.14224717969898348,99.0,-0.0811815090954269
1.653061270713806,0.281632661819458,10,-0.10818503862282577,-0.502898756740089,0.042421468441588464,0.2445813081608085,-0.6292785159245091,-0.10033577455371559,99.0,-0.05448080129576396
1.653061270713806,0.304081618785858,10,-0.004574946982939435,-0.5171274619569163,0.04470676384227391,0.29758737555544057,-0.6270017634953451,0.01418096796052662,99.0,-0.0038822199402730934
1.653061270713806,0.32653060555458,10,-0.06057465065031936,-0.4455120072894823,0.06828633587528436,0.26752398279149386,-0.5767367022518955,-0.04729498084102296,99.0,-0.030462070840295525
1.653061270713806,0.348979592323303,10,-0.12506236334967574,-0.38064512806870593,0.05894138097587415,0.2575255605335677,-0.4676799606590559,-0.12163874146828922,99.0,-0.07461566404610061
1.653061270713806,0.371428549289703,10,-0.0486173816478072,-0.41633964775286025,0.07173478360126988,0.2968566688313164,-0.5152779526430029,-0.03681846295513305,99.0,-0.025787978835859437
1.653061270713806,0.393877536058425,10,-0.16360420650210605,-0.32624239141240496,0.06582921311275777,0.2797347963136031,-0.41693032285938886,-0.16125826107351268,99.0,-0.0704470744238527
1.653061270713806,0.416326522827148,10,-0.016616128715798456,-0.4349312100676222,0.06909044071350014,0.3332720314882447,-0.5122079208425472,-0.002594943973249511,99.0,-0.012764041454463231
1.653061270713806,0.438775509595871,10,-0.1336392003980869,-0.3961637847850459,0.09357679907551068,0.4060529069375466,-0.4739757183313059,-0.1279385683234795,99.0,-0.07241001516429249
1.653061270713806,0.461224496364593,10,-0.03447432044481403,-0.1765077820709176,0.06217684580300293,0.1685475759248499,-0.2531258159290699,-0.02043162498877673,99.0,-0.01704597422919283
1.653061270713806,0.483673483133316,10,-0.1420465717634308,-0.24605149134131868,0.07941180878062112,0.3011571101475996,-0.3134430606304491,-0.13639456230486718,99.0,-0.08118449761410781
1.653061270713806,0.506122469902038,10,-0.03643369468170532,-0.13222900017262576,0.07599400008246135,0.2980247670061043,-0.19965542360882513,-0.022994747893345102,99.0,-0.018291059256157108
1.653061270713806,0.528571426868438,10,-0.12743742811404868,-0.22033946129733495,0.08344424586254526,0.28317189775144486,-0.29727037841637277,-0.12375439143226807,99.0,-0.06521230236270006
1.653061270713806,0.551020383834838,10,-0.1262579492420525,-0.16711584715751424,0.11238134033315718,0.30428372163482353,-0.21345674775958973,-0.12011800359792862,99.0,-0.08287240421406594
1.653061270713806,0.573469400405883,10,-0.08455351792440663,-0.016247872173459327,0.08830992922423467,0.10912014785779955,-0.06764626028401316,-0.07451874755410444,99.0,-0.03738331566042831
1.653061270713806,0.595918357372283,10,-0.09798618903553785,-0.20185271136974406,0.11458467539242005,0.3143487892450507,-0.25787691208429653,-0.09080954487063059,99.0,-0.059253631957255214
1.653061270713806,0.618367373943328,10,-0.07018329954743707,-0.18776324306535935,0.09359512331177339,0.35916237479978924,-0.2509215890514487,-0.05952464681228786,99.0,-0.03913942783208247
1.653061270713806,0.640816330909729,10,-0.12179494602321425,-0.12206023067295826,0.09596520068248707,0.2578231149783313,-0.1736664210281083,-0.11595893969563677,99.0,-0.08204101256886615
1.653061270713806,0.663265287876129,10,-0.17341438404754977,-0.17660459783499646,0.11779170186226746,0.2418122661480238,-0.22505066713440203,-0.17103025973159133,99.0,-0.12041004978358001
1.653061270713806,0.685714304447174,10,-0.09846139507796967,-0.11200679771559244,0.11265852667426397,0.2620262357860546,-0.1615137762069671,-0.09201209229046514,99.0,-0.06808304872190883
1.653061270713806,0.708163261413574,10,-0.09196170501092657,-0.02891791367475112,0.10556342719480431,0.22897470739532932,-0.0780308645282807,-0.08515833858719406,99.0,-0.05794115761422867
1.653061270713806,0.730612277984619,10,-0.1532728250987261,-0.011307664478125371,0.08140031445398195,0.13094607183042403,-0.05461587057726592,-0.15128040934808243,99.0,-0.09849660461703161
1.653061270713806,0.753061234951019,10,-0.07930046917874334,-0.2403731235588065,0.13532361067183746,0.4361761033942958,-0.3006521647797215,-0.06981919753678784,99.0,-0.05038857138063879
1.653061270713806,0.775510191917419,10,-0.09873446052344778,-0.13272200775924237,0.09907661992833196,0.22463394589660599,-0.17941792638062018,-0.09144102853165828,99.0,-0.06772245450770668
1.653061270713806,0.797959208488464,10,-0.11985670962668056,-0.1987460179707761,0.1205391676181492,0.37801648409841726,-0.25382627269672703,-0.11357890847532867,99.0,-0.07463115950055137
1.653061270713806,0.820408165454864,10,-0.1385643205697757,-0.1776696318833063,0.10553768984027247,0.3131093796432596,-0.2378369244436116,-0.13214600730657444,99.0,-0.0852218056777099
1.653061270713806,0.842857122421264,10,-0.12857579111128736,-0.20222800396210228,0.10593121598275422,0.3096962615989982,-0.25951091090049877,-0.12206764333660354,99.0,-0.08277417189242793
1.653061270713806,0.865306138992309,10,-0.14255260950153506,-0.07282897175674065,0.07685598889985992,0.1724167594536205,-0.12610843646099043,-0.13653546674171507,99.0,-0.07930715126707996
1.653061270713806,0.887755095958709,10,-0.11601878873471225,-0.12100341914565511,0.10077249773834553,0.33399023567530567,-0.17991543049864583,-0.1112081870618314,99.0,-0.07065280696079805
1.653061270713806,0.910204052925109,10,-0.15072594568542474,-0.1733851814964665,0.10537363085373791,0.37413117470912427,-0.23562992347769668,-0.14669883024812366,99.0,-0.09582184653779427
1.653061270713806,0.932653069496154,10,-0.1347577367450673,-0.2505147688617405,0.1287829461918447,0.4396092630572184,-0.31282633429114387,-0.1286855835456783,99.0,-0.08511294363270963
1.653061270713806,0.955102026462554,10,-0.16613806692067173,-0.19133631218064892,0.11743491907774109,0.3807284460641277,-0.2524594333520617,-0.16255977088188023,99.0,-0.10301544798093239
1.653061270713806,0.977551043033599,10,-0.12983505633666062,-0.10157226477330264,0.09705267885411988,0.25841278966829595,-0.158276567861001,-0.12377130997680291,99.0,-0.0779473324138146
1.653061270713806,1.0,10,-0.12165923265029607,-0.12731681114015703,0.12038390861413245,0.293637334958622,-0.1752841361401959,-0.11419916164172117,99.0,-0.0811204606091487
1.877551078796386,-0.100000001490117,10,-0.014343174919227153,-0.7782878905613644,0.07957359596794789,0.3562021608226261,-0.8798179213429583,0.026655379771308788,99.0,-0.009530530348774477
1.877551078796386,-0.077551022171975,10,0.04659791219209956,-0.7923913364512813,0.07415231932994922,0.3376976033505916,-0.8791207239436523,0.08078874641853234,99.0,0.02758993056694715
1.877551078796386,-0.055102042853833,10,-0.04377159800368573,-0.7629859051773427,0.07759642407462451,0.37269105050220586,-0.8756153602520678,-0.007084836079399734,99.0,-0.024387081722097134
1.877551078796386,-0.032653063535691,10,0.003816795405525042,-0.8124423293745349,0.07406752150655188,0.3070625217150206,-0.9024643035849635,0.037048737307928244,99.0,0.003838399529164202
1.877551078796386,-0.010204084217549,10,0.013703716041087083,-0.7702328746242881,0.07685975272773463,0.3200740300768685,-0.8867591316884802,0.04872926312519983,99.0,0.007611621615458736
1.877551078796386,0.012244895100593,10,0.04369359720137514,-0.7387141494524732,0.06388023181970696,0.3047105675625221,-0.8545118089500788,0.07650691255869076,99.0,0.026105835224479162
1.877551078796386,0.034693874418735,10,0.044425764908131826,-0.7113262415559398,0.0626367132676267,0.34873307195329506,-0.8520232055190852,0.07907761110829309,99.0,0.025465212977987983
1.877551078796386,0.057142853736877,10,0.013923678761058947,-0.7512761808329746,0.06769646827148043,0.35616607418758406,-0.8723611700606082,0.043240722378521626,99.0,0.0067468090221994735
1.877551078796386,0.079591833055019,10,-0.016406153460368167,-0.7351080588769876,0.05501082884967261,0.20729278662613432,-0.8554951503074073,0.011237601239329612,99.0,-0.0072356529493683135
1.877551078796386,0.102040812373161,10,0.00855834331489902,-0.6681831391022397,0.07168620404855318,0.36283463626352896,-0.8011703373414796,0.037290528793111455,99.0,0.0049036349312377575
1.877551078796386,0.124489791691303,10,-0.024120014024664682,-0.6764535933811442,0.04806198319802818,0.27393715256851237,-0.8010847193677034,-0.0013245185116587815,99.0,-0.01647874765552475
1.877551078796386,0.146938771009445,10,0.0911687991670766,-0.640866512397777,0.04510830925860102,0.21643972572430834,-0.7670642734374047,0.12238457552286378,99.0,0.053109961335766266
1.877551078796386,0.169387757778167,10,-0.030225513226041445,-0.6892532387016299,0.06788517055787599,0.3394252115686776,-0.8215041947784323,-0.009232197915935048,99.0,-0.013620961485603655
1.877551078796386,0.191836729645729,10,-0.0920797207491879,-0.5969924397419993,0.056688456764274024,0.2773782477223414,-0.7201091030723388,-0.08047562021049606,99.0,-0.05418985555777173
1.877551078796386,0.21428570151329,10,-0.0380963798499499,-0.5917150982123631,0.0494602341119667,0.19542267065511548,-0.7402924345672073,-0.01939319520385388,99.0,-0.021897514012161508
1.877551078796386,0.236734688282012,10,-0.07212770892257259,-0.620720255532203,0.059541223439600305,0.32112597135103754,-0.7252576269468618,-0.05743752542709042,99.0,-0.04044079288649172
1.877551078796386,0.259183675050735,10,-0.09846345957589278,-0.5883322124784048,0.06806326044229002,0.2614232179667044,-0.6975579569515306,-0.08749245198571817,99.0,-0.05827632191070435
1.877551078796386,0.281632661819458,10,0.06301646528704678,-0.6181594878050221,0.06230328469103905,0.30405154015899805,-0.7347770877295515,0.08854647006902028,99.0,0.03366743605912036
1.877551078796386,0.304081618785858,10,-0.05652867206905761,-0.46726977421443594,0.039765319938780304,0.21489098203939497,-0.5627912563298005,-0.043598010301968915,99.0,-0.029858188955376026
1.877551078796386,0.32653060555458,10,-0.08570888587958538,-0.5825686022466185,0.05561937677107892,0.17931684860018587,-0.6957153122179195,-0.07278061146567522,99.0,-0.039292264641261024
1.877551078796386,0.348979592323303,10,-0.06488518153412104,-0.5214172116894197,0.0729810351751438,0.3294752514110715,-0.6381075597729264,-0.052081033279668815,99.0,-0.030746182376970604
1.877551078796386,0.371428549289703,10,0.008311290362398749,-0.367074025793221,0.05408522831384394,0.14106669302681893,-0.4591028747154875,0.026921077842329347,99.0,0.005328448541284234
1.877551078796386,0.393877536058425,10,-0.21670581587975024,-0.23873813180319983,0.07983460090995675,0.3177637772198836,-0.3147677535487431,-0.2212439817485255,99.0,-0.11321854587641385
1.877551078796386,0.416326522827148,10,-0.006686786760388808,-0.28618999894558206,0.05081436265244314,0.19235219274903023,-0.3715484380380325,0.01007957210491367,99.0,-0.0025344296522150866
1.877551078796386,0.438775509595871,10,-0.12757746553468544,-0.39394941605622347,0.05237031560626988,0.2610553852731112,-0.47485021890045753,-0.12081776793930911,99.0,-0.061190153927057324
1.877551078796386,0.461224496364593,10,-0.11772639834272024,-0.31712200863723383,0.08370395766414788,0.31915333271933155,-0.3889934396630559,-0.1116155532275511,99.0,-0.06377088714020883
1.877551078796386,0.483673483133316,10,-0.0804823033534492,-0.21707535244955084,0.07235075871146376,0.22363636273479048,-0.2926809028523858,-0.07187254281295526,99.0,-0.043674951210582715
1.877551078796386,0.506122469902038,10,-0.14432956938256808,-0.31327946122397987,0.1258769678625955,0.3653379541610339,-0.37830297500655774,-0.14029388140213622,99.0,-0.08695473063545538
1.877551078796386,0.528571426868438,10,-0.053299419745632425,-0.2763831302604054,0.10860864490994714,0.3918576037884509,-0.33606138045613554,-0.043755133221173706,99.0,-0.030730883038802014
1.877551078796386,0.551020383834838,10,-0.1356810311296467,-0.20442703952726313,0.11826499933783366,0.26935562144751946,-0.2543119200813734,-0.13136890075961474,99.0,-0.08672828062551154
1.877551078796386,0.573469400405883,10,-0.11025896904985286,-0.3159357651076111,0.12029083870522957,0.42570195959994145,-0.37346400931547397,-0.10328600223369727,99.0,-0.07188155570235928
1.877551078796386,0.595918357372283,10,-0.18222875004689956,-0.28805936066564103,0.13085050772211335,0.38162287447053134,-0.34594289658107447,-0.17882655461377836,99.0,-0.1097521129045139
1.877551078796386,0.618367373943328,10,-0.10641011717928657,-0.17066582204287703,0.07785749455965187,0.239602162140055,-0.2208225345211806,-0.10052287484266015,99.0,-0.07229673491782085
1.877551078796386,0.640816330909729,10,-0.15439242113022378,-0.15982861085278885,0.10546366510540008,0.27324400317927633,-0.20543108977254643,-0.15081218585068967,99.0,-0.10939221148025309
1.877551078796386,0.663265287876129,10,-0.11766990260205885,-0.14242735031141046,0.11232580854351297,0.32011531909213664,-0.19700349967732886,-0.11280138122207112,99.0,-0.07001769341492461
1.877551078796386,0.685714304447174,10,-0.05892532564770663,-0.22851957101064285,0.1410705000448425,0.4238698772261369,-0.2859801191131856,-0.049089755431944944,99.0,-0.03693070482108103
1.877551078796386,0.708163261413574,10,-0.17225094826756213,-0.076016560700522,0.10648799443810465,0.29570663978109246,-0.1188454336586699,-0.1700668139255424,99.0,-0.11403717480175057
1.877551078796386,0.730612277984619,10,-0.09448728573430715,-0.19640685984082987,0.12142326042345118,0.34335907173709057,-0.250251686484685,-0.08738265259897345,99.0,-0.06133905356682222
1.877551078796386,0.753061234951019,10,-0.1717855207628022,-0.14085660333424166,0.1060168915257352,0.2723025006760129,-0.18938034321565209,-0.16877078888361868,99.0,-0.1117794607518607
1.877551078796386,0.775510191917419,10,-0.1108267682320782,-0.09910147441069611,0.09830276039757967,0.2233527529809772,-0.14461131889555232,-0.1039038400845731,99.0,-0.0721343614066339
1.877551078796386,0.797959208488464,10,-0.08348013764699742,-0.34658151330502424,0.12392973512410235,0.4654456153958948,-0.4138263593613948,-0.07389206005470161,99.0,-0.03813054054949679
1.877551078796386,0.820408165454864,10,-0.15571746205369227,-0.042800365976583155,0.10054607888932754,0.208936544627855,-0.08659735242876868,-0.1507181743537443,99.0,-0.09939768761092142
1.877551078796386,0.842857122421264,10,-0.16442936980428588,-0.1992890063452536,0.12923386146396626,0.32537400185169246,-0.2498390336133871,-0.1606666873996334,99.0,-0.1138981254687784
1.877551078796386,0.865306138992309,10,-0.08431366984693447,-0.11761653898490337,0.09423335031573471,0.21767620835827148,-0.16483481547811873,-0.07546259799948518,99.0,-0.05202049785059447
1.877551078796386,0.887755095958709,10,-0.1590884937444515,-0.16125670254643104,0.11148422220036325,0.29941209607612096,-0.21690124913745037,-0.1555765957684196,99.0,-0.09787315105484636
1.877551078796386,0.910204052925109,10,-0.11622348233419948,-0.09245427395112427,0.09300024021895255,0.23856443846881792,-0.13703698215572438,-0.10960967086598958,99.0,-0.07159590921783252
1.877551078796386,0.932653069496154,10,-0.08011327662424997,-0.23013726011858135,0.11606454969878717,0.39016809813864667,-0.28462299765335664,-0.07148597605360293,99.0,-0.053163593880237545
1.877551078796386,0.955102026462554,10,-0.17912093727677939,-0.11357404101568011,0.08624441313700384,0.21579276582577467,-0.159310192187958,-0.1762169350419173,99.0,-0.11299860902745895
1.877551078796386,0.977551043033599,10,-0.18827689414020385,-0.10365258115809543,0.09643198109039212,0.2225059333290183,-0.15360151634775482,-0.18637099484663072,99.0,-0.11003446217479936
1.877551078796386,1.0,10,-0.13293202826103098,-0.07805106493623117,0.11257521833795509,0.2777401976814252,-0.1238899270619705,-0.12705792493158974,99.0,-0.08393441697440054
2.102040767669677,-0.100000001490117,10,0.07806312109012149,-0.7488677839038784,0.059413884087442,0.32484485459103807,-0.8644043135469951,0.115460206866496,99.0,0.043932519171412776
2.102040767669677,-0.077551022171975,10,0.009519196570821037,-0.8316538445501503,0.0820800547215842,0.3573901783546999,-0.9074529265411695,0.04461311289066083,99.0,0.004379261772003403
2.102040767669677,-0.055102042853833,10,0.07100008576949231,-0.8205601057003299,0.07242246375167999,0.278214707784507,-0.915269471179456,0.10461977678360541,99.0,0.040213444013319284
2.102040767669677,-0.032653063535691,10,0.0151388473346009,-0.7630152931222456,0.06773709549046888,0.2597330851043678,-0.8554681212704891,0.04598944341887278,99.0,0.010738433470718931
2.102040767669677,-0.010204084217549,10,-0.023438379329418307,-0.8125694639930412,0.07376595026036795,0.34683284793149677,-0.9016356341600189,0.006266825094007535,99.0,-0.01231276629985011
2.102040767669677,0.012244895100593,10,-0.017474500103176513,-0.7998031552660291,0.0738592630948661,0.3030004980011384,-0.8889816154626478,0.012307570170109115,99.0,-0.009000139604814272
2.102040767669677,0.034693874418735,10,0.03509790938496537,-0.7509693359847684,0.05859616824096492,0.29833022095122175,-0.8611208690949,0.06457574848528376,99.0,0.018086428389594227
2.102040767669677,0.057142853736877,10,-0.0348058863254853,-0.7459853071993796,0.06398719905531956,0.3800642228935407,-0.8720882069735265,-0.010008586165445421,99.0,-0.021515169498131474
2.102040767669677,0.079591833055019,10,0.11766799778568687,-0.7770921900357267,0.07334468237381624,0.2859298604153005,-0.8571874162907316,0.14268907256919422,99.0,0.07133338822937271
2.102040767669677,0.102040812373161,10,0.028339564612731877,-0.7323528922646323,0.06515029506466534,0.2827504209937308,-0.8464151242634435,0.0544224682512861,99.0,0.01728678568084667
2.102040767669677,0.124489791691303,10,-0.024366519100196715,-0.7434070995569991,0.0676456426184155,0.31401613149432456,-0.8553443856553569,-0.0007794297254400534,99.0,-0.015057531081104325
2.102040767669677,0.146938771009445,10,-0.0071161227375843294,-0.6876339374335545,0.05859593046332189,0.23889350562601325,-0.803244257918115,0.015444693955485964,99.0,-0.0011918405658129197
2.102040767669677,0.169387757778167,10,0.05648177850737014,-0.708818711242485,0.053431533294606044,0.31232458534154417,-0.8154383628344257,0.08043451436529861,99.0,0.03393701530271573
2.102040767669677,0.191836729645729,10,-0.013174564663360533,-0.6848005413857413,0.065667944236228,0.2885100582565314,-0.7951890705443907,0.00634464955963171,99.0,-0.00624684650962062
2.102040767669677,0.21428570151329,10,-0.017750163349403242,-0.6708163600976516,0.05711646317949587,0.23524452417741273,-0.7808414379628453,0.000173339166695069,99.0,-0.009493671106162987
2.102040767669677,0.236734688282012,10,-0.06237864972307644,-0.6920743200915227,0.05975059101180967,0.2804865198530767,-0.7938895402605839,-0.04598784681290366,99.0,-0.03369816196283689
2.102040767669677,0.259183675050735,10,-0.08256523627446058,-0.6578924626151454,0.0626863283774881,0.24998136396297932,-0.763739762757385,-0.06994508735750206,99.0,-0.04453538720848775
2.102040767669677,0.281632661819458,10,0.04649124196157352,-0.63150799564729,0.059347529512036125,0.3235917167479847,-0.7390868018723706,0.06864121169377765,99.0,0.022277822814553597
2.102040767669677,0.304081618785858,10,0.017529386992700624,-0.5243149935577974,0.05035800663494693,0.27777591752363806,-0.6373853365123968,0.0385103095983073,99.0,0.009290017091432685
2.102040767669677,0.32653060555458,10,0.06886840687482713,-0.5272214545304876,0.04471349134648273,0.18438880989251638,-0.6320486448106604,0.09315184147509195,99.0,0.036499103951363285
2.102040767669677,0.348979592323303,10,-0.13412941048769278,-0.542938500612592,0.07260986573740326,0.2741537273021345,-0.6438448006428535,-0.12795830031938965,99.0,-0.06389994221725859
2.102040767669677,0.371428549289703,10,-0.025749668721577038,-0.42442088826614854,0.04669460542650169,0.1618447064865587,-0.5155093756552364,-0.0108840079834112,99.0,-0.006217510383770622
2.102040767669677,0.393877536058425,10,0.046739596904457684,-0.5039233558107725,0.05209595160640564,0.21677600280519307,-0.5941787946990884,0.06694682200215821,99.0,0.025732989895687963
2.102040767669677,0.416326522827148,10,-0.01877316093025258,-0.5252406585513146,0.07255010145520358,0.3338684874336991,-0.6355217950808457,-0.0007130537480813104,99.0,-0.007982981264883147
2.102040767669677,0.438775509595871,10,-0.11114989121985652,-0.29777664331588605,0.07958688114092642,0.3132138267899729,-0.37949532111929357,-0.10551877363078757,99.0,-0.05512644583150454
2.102040767669677,0.461224496364593,10,-0.18037227552222093,-0.3794876778992542,0.09432781865854645,0.41193063567070415,-0.45344287951927775,-0.1790078663625766,99.0,-0.10464611078467238
2.102040767669677,0.483673483133316,10,0.04521191938498162,-0.3313683712342086,0.07148324306263062,0.29942949191660406,-0.4017922653890641,0.06349228623018932,99.0,0.022931730945332324
2.102040767669677,0.506122469902038,10,-0.1585786328654752,-0.2485092284716031,0.12937564113150532,0.423931983272767,-0.31059838180392,-0.15482756990335067,99.0,-0.08852699580237057
2.102040767669677,0.528571426868438,10,-0.14559894166427267,-0.2032876926572017,0.10069764309710393,0.3595389127460191,-0.2690591758961037,-0.14175830470529943,99.0,-0.08086379006412152
2.102040767669677,0.551020383834838,10,-0.05143120265640698,-0.3184138349698198,0.0940964927692049,0.35236992755043156,-0.3898908402402792,-0.03972194452570718,99.0,-0.022325123074795797
2.102040767669677,0.573469400405883,10,-0.11882970329667764,-0.32650690778123026,0.12563257185190344,0.40317150799129453,-0.3816906400980323,-0.11286413978515938,99.0,-0.08076470263709574
2.102040767669677,0.595918357372283,10,-0.15067368156713107,-0.16872775491136358,0.07848117178780621,0.23509519462907197,-0.21835725812904552,-0.14710719332102778,99.0,-0.09047287666667525
2.102040767669677,0.618367373943328,10,-0.12027629286783145,-0.1882743071283925,0.08327044890173518,0.26148127850612257,-0.244375662834383,-0.11587499292157188,99.0,-0.07220195988124709
2.102040767669677,0.640816330909729,10,-0.14080533720668342,-0.30076217685253415,0.11055419395548109,0.38281030914822356,-0.35281878578540704,-0.13613322390238447,99.0,-0.09438514176258934
2.102040767669677,0.663265287876129,10,-0.09180636822229038,-0.25109221562959555,0.12367547239777629,0.3615280029640927,-0.3047014084857034,-0.08508296818379625,99.0,-0.061499208397183903
2.102040767669677,0.685714304447174,10,-0.16120971961239816,-0.24076500220928887,0.14065308902734816,0.39058869032016186,-0.29084514845167325,-0.1570356041846778,99.0,-0.10623285351180049
2.102040767669677,0.708163261413574,10,-0.10326414958972624,-0.3633281200782003,0.1457713291021807,0.4929243230202995,-0.4193792306244589,-0.095600144228618,99.0,-0.06426124307750973
2.102040767669677,0.730612277984619,10,-0.18841956012872477,-0.17752385866515039,0.10319383355714422,0.33061433792721706,-0.2215877200858965,-0.18357739531755426,99.0,-0.12599193892625307
2.102040767669677,0.753061234951019,10,-0.1546950790707172,-0.2965519985359469,0.14379175896564653,0.4657657844626745,-0.3463753591285902,-0.15075803354907752,99.0,-0.1058417470756567
2.102040767669677,0.775510191917419,10,-0.10167631519911009,-0.15491309761316108,0.10871895129038797,0.31421382898260075,-0.20863248617959024,-0.09304766290444037,99.0,-0.06060743795780839
2.102040767669677,0.797959208488464,10,-0.14055800012776842,-0.21121824934819639,0.11479176046194894,0.3672440932153964,-0.2568371313804681,-0.13511827845169921,99.0,-0.09702934626408175
2.102040767669677,0.820408165454864,10,-0.14777943755278108,-0.24214504081767432,0.12618395671526708,0.4263589685000043,-0.30298439229049245,-0.14324765384206598,99.0,-0.09262855146909724
2.102040767669677,0.842857122421264,10,-0.13729893733785647,-0.17919016767050228,0.09648821003580424,0.27422013624042063,-0.22593843085588536,-0.13240312333359008,99.0,-0.09081110833854586
2.102040767669677,0.865306138992309,10,-0.17340235291096662,-0.17075735140491313,0.10693818086876243,0.2661115677894131,-0.215483592391911,-0.17135758621615804,99.0,-0.11514063565690993
2.102040767669677,0.887755095958709,10,-0.002122196893153884,-0.1284939925105032,0.07474590849662645,0.2067116996669337,-0.1814060948144343,0.012053751078836807,99.0,0.009990661408318635
2.102040767669677,0.910204052925109,10,-0.15355837346088605,-0.21839581914311645,0.12145588747058925,0.3602194494751776,-0.26748958349338614,-0.1491464979510463,99.0,-0.09540330024191515
2.102040767669677,0.932653069496154,10,-0.11353610690126023,-0.3048319371363308,0.1478147005297674,0.5220391141151212,-0.3621547294037598,-0.10588736584167413,99.0,-0.07447587685978094
2.102040767669677,0.955102026462554,10,-0.11466284043101976,-0.22933824679909212,0.12189653408967928,0.3618923292892495,-0.2839277494398697,-0.10766154390781371,99.0,-0.06744821653840571
2.102040767669677,0.977551043033599,10,-0.1522645609106553,-0.20352849592828984,0.10914926495529066,0.3390429560294891,-0.250750849204923,-0.14719774265032637,99.0,-0.10611280936552328
2.102040767669677,1.0,10,-0.12541249984047728,-0.3180331526480139,0.13614996085026737,0.44513200290302696,-0.36585655828385844,-0.11979338850730278,99.0,-0.08732277430150723
2.326530694961548,-0.100000001490117,10,0.07369438387635571,-0.8393754146048226,0.08446687862285664,0.3881315827564753,-0.913074584869205,0.10341422635184867,99.0,0.04852155683089665
2.326530694961548,-0.077551022171975,10,0.10015363219977998,-0.8132466616295838,0.09447468542801907,0.366128252453216,-0.8977691298637189,0.1312596019426771,99.0,0.057543727302119985
2.326530694961548,-0.055102042853833,10,0.05951993730215065,-0.8050620472997738,0.07295891255865905,0.314635605229811,-0.9239298404433313,0.09441474650538076,99.0,0.036290256000169684
2.326530694961548,-0.032653063535691,10,-0.012344145902358467,-0.8247728703607724,0.07205922434589673,0.32183717138457824,-0.9085391047086818,0.01987738472350356,99.0,-0.003767568626888912
2.326530694961548,-0.010204084217549,10,0.03028958394994924,-0.8068560772417687,0.08443402204596039,0.3178748141750476,-0.8931791252418264,0.059280141867264984,99.0,0.017704525953423887
2.326530694961548,0.012244895100593,10,0.0476813956072976,-0.8024091833002845,0.0701095542410871,0.29602292625790333,-0.8859543702265313,0.0730898856680523,99.0,0.030655754599571462
2.326530694961548,0.034693874418735,10,0.006938217769624083,-0.7842743167507168,0.06023488839662443,0.281050160829227,-0.8882320791856818,0.03238628835840483,99.0,0.005360228332975617
2.326530694961548,0.057142853736877,10,-0.0019426216371113275,-0.7988201236026526,0.0760909234977697,0.38218932143571904,-0.8938768462987302,0.02252115847096977,99.0,0.0004324184655439156
2.326530694961548,0.079591833055019,10,0.014727093550554765,-0.7557281275496858,0.0684930810617361,0.34241402718219066,-0.8663277192229641,0.03907899954548105,99.0,0.009431024854416674
2.326530694961548,0.102040812373161,10,0.07603364724970103,-0.7672769840653836,0.0694641212809199,0.2577512565252978,-0.8681649634975889,0.10205856000999888,99.0,0.04348933603407471
2.326530694961548,0.124489791691303,10,0.02450063388181388,-0.7933499137800135,0.07808270792700556,0.29011901987245303,-0.8817146271978782,0.046290727415125285,99.0,0.014956873731077411
2.326530694961548,0.146938771009445,10,0.022376769246706174,-0.7360460241634839,0.07297640405331839,0.34037245771454294,-0.8549847463899932,0.04561090805819458,99.0,0.01654961579536795
2.326530694961548,0.169387757778167,10,-0.0359462846674867,-0.7162097644652408,0.06707175710518713,0.3010294019822991,-0.8165514421028137,-0.017787468648362226,99.0,-0.021577262908303387
2.326530694961548,0.191836729645729,10,-0.038641644451563664,-0.7440574718454632,0.06908813032798473,0.32381513876521717,-0.8498276809208536,-0.020748961113059863,99.0,-0.021237891448019117
2.326530694961548,0.21428570151329,10,-0.018158259526151188,-0.6848492989718633,0.05769013178811175,0.3697873647747497,-0.7812029950740467,8.6509259074663e-05,99.0,-0.008730426134840095
2.326530694961548,0.236734688282012,10,-0.04423858208174408,-0.6894122060978709,0.06864401503325426,0.26192541795613444,-0.7926122254449479,-0.028470329937226327,99.0,-0.02916765529842119
2.326530694961548,0.259183675050735,10,-0.038451145626965194,-0.6499266143119273,0.0703774575165971,0.22130826724341846,-0.7387430133033176,-0.02398423821073263,99.0,-0.0203423308165247
2.326530694961548,0.281632661819458,10,-0.025826916283971116,-0.5435572233138698,0.04643040472046357,0.16886494899430565,-0.6693739271282959,-0.009523274332793805,99.0,-0.016880389822640264
2.326530694961548,0.304081618785858,10,-0.20046757898748466,-0.6157932049976356,0.07085557325833294,0.29949547580286484,-0.7109733334027863,-0.19496008618377367,99.0,-0.10253265596822732
2.326530694961548,0.32653060555458,10,-0.018415240118134724,-0.6044743728163761,0.0524805499478014,0.19240806638107197,-0.6877502839243979,-0.0039218378901333395,99.0,-0.01641646504578072
2.326530694961548,0.348979592323303,10,-0.036428295687014584,-0.584268523538449,0.05947983687103918,0.277018022042369,-0.6794873166521868,-0.02237507541296921,99.0,-0.017866726437572304
2.326530694961548,0.371428549289703,10,-0.06050499939687989,-0.45905868816349316,0.0565456473928634,0.2807410282238943,-0.5422084533484549,-0.05023255494784058,99.0,-0.02935775995659771
2.326530694961548,0.393877536058425,10,0.007892111317076123,-0.5199381995423479,0.06833021289091533,0.24376634356497487,-0.5996655432948804,0.02299362714711424,99.0,0.00489398961557079
2.326530694961548,0.416326522827148,10,-0.025820550804415004,-0.4086587109892762,0.05912689788524946,0.22164531186861527,-0.47840766749482727,-0.012519300607509845,99.0,-0.013520443835802842
2.326530694961548,0.438775509595871,10,-0.14611906127082222,-0.5328628879493537,0.10895829632337727,0.4821641472157432,-0.6208322975047054,-0.1401016656456176,99.0,-0.06967493743971638
2.326530694961548,0.461224496364593,10,-0.13040222963011863,-0.402730401398042,0.11436807901415859,0.35489614700414673,-0.48182062729421854,-0.12469230703477799,99.0,-0.061228015263935655
2.326530694961548,0.483673483133316,10,-0.22474260270763627,-0.3672457860676476,0.08199102579512468,0.31130147929300855,-0.4354855890648434,-0.22499255580196803,99.0,-0.11721812162759168
2.326530694961548,0.506122469902038,10,-0.04558753146779024,-0.18196135383098738,0.053965566323644486,0.11878675464235877,-0.24621765484741184,-0.033730679155853455,99.0,-0.022212318476695986
2.326530694961548,0.528571426868438,10,-0.1610709643784627,-0.29939498168862866,0.13251541442354062,0.4035686689004553,-0.3746253693715781,-0.1574321934611403,99.0,-0.07529089014183657
2.326530694961548,0.551020383834838,10,-0.09390710727899745,-0.3226149931145901,0.10246569633527636,0.3946375736542599,-0.3850991855596112,-0.08528703847138935,99.0,-0.0527974030654355
2.326530694961548,0.573469400405883,10,-0.02194704015656336,-0.4093419404618224,0.1393494241377661,0.4406242579737479,-0.46529133769991754,-0.010802070860856286,99.0,-0.013779708773492433
2.326530694961548,0.595918357372283,10,-0.12574858835203512,-0.30036533138580646,0.09278631316825073,0.29449410501165435,-0.3627601035761148,-0.1201342384667314,99.0,-0.06506584102870325
2.326530694961548,0.618367373943328,10,-0.12378983055141557,-0.09944417855762158,0.08025937563309998,0.19331645035505723,-0.1408858237574464,-0.11908153985458825,99.0,-0.08133232137017946
2.326530694961548,0.640816330909729,10,-0.20098078817706894,-0.0884342163725234,0.09379420182827272,0.17689865266793564,-0.1285656996115907,-0.1998693358071364,99.0,-0.1381668070395833
2.326530694961548,0.663265287876129,10,-0.10986632394391574,-0.18949665028386659,0.10920319799906325,0.29543053648890893,-0.23661082978944797,-0.10296761984108725,99.0,-0.0695771343984791
2.326530694961548,0.685714304447174,10,-0.1418237040972052,-0.3079920612240832,0.11086154786095623,0.4054985725720711,-0.3688403738324177,-0.1364366282032743,99.0,-0.08128458525071047
2.326530694961548,0.708163261413574,10,-0.16343622487916473,-0.2971891813007591,0.1196489806536139,0.406241425354352,-0.3558668829337765,-0.16021574353100657,99.0,-0.10122767947884141
2.326530694961548,0.730612277984619,10,-0.07506914204522169,-0.1717979283756135,0.10223780505398822,0.29503317446277194,-0.2198915333919748,-0.06679520789867768,99.0,-0.03831049571249604
2.326530694961548,0.753061234951019,10,-0.1738876933666537,-0.2249642661321296,0.12299533837095307,0.35634977789904376,-0.2790872001424382,-0.16967620945061657,99.0,-0.10770852141517828
2.326530694961548,0.775510191917419,10,-0.15748373929042003,-0.21069119311515808,0.12349537064535782,0.312319927851594,-0.25519029598117926,-0.15447089941590478,99.0,-0.1114837856367441
2.326530694961548,0.797959208488464,10,-0.19436116426231925,-0.1705095699130448,0.09492504974432937,0.3058936148713563,-0.21212270955860457,-0.19108138910132796,99.0,-0.13982062220160263
2.326530694961548,0.820408165454864,10,-0.09964710925883208,-0.3131968087236864,0.14046501501093678,0.4439102808368257,-0.37026401208761595,-0.09265800494625871,99.0,-0.05604531256799766
2.326530694961548,0.842857122421264,10,-0.17210496867623026,-0.2047496329042771,0.12166824182716854,0.32942122493972137,-0.25338718301386637,-0.1695583467415086,99.0,-0.11210146526624656
2.326530694961548,0.865306138992309,10,-0.15332440344663234,-0.2254253422500021,0.13750244547339413,0.42356326362156443,-0.27379760059328295,-0.14899924116853214,99.0,-0.09698227168430278
2.326530694961548,0.887755095958709,10,-0.12164935786830133,-0.1745180837980655,0.1010487773391473,0.2879900129168303,-0.21834429006375752,-0.11596138244663987,99.0,-0.08434642741103185
2.326530694961548,0.910204052925109,10,-0.13020288963714974,-0.24162631506818683,0.11940136775758863,0.37676556533749495,-0.2883373741709468,-0.12348284213592739,99.0,-0.08545995928127256
2.326530694961548,0.932653069496154,10,-0.11196318168145836,-0.2645911888872888,0.14693482365521884,0.42145908680270905,-0.3119926812869442,-0.1058844057031669,99.0,-0.08027061888038778
2.326530694961548,0.955102026462554,10,-0.12599185335897617,-0.27184320029145803,0.13044161062886828,0.4352349748166294,-0.32103845385627416,-0.1183319519310527,99.0,-0.07845546691741936
2.326530694961548,0.977551043033599,10,-0.07949153060386058,-0.2006866525262551,0.12705656834987086,0.2943333031183682,-0.2519539354174889,-0.07118004646868238,99.0,-0.050406545242980216
2.326530694961548,1.0,10,-0.11092339699228015,-0.3499836204979011,0.12112252814585484,0.43203822074550235,-0.4012142304084921,-0.10452939809849286,99.0,-0.07588879798276758
2.551020383834839,-0.100000001490117,10,0.017809333476089463,-0.8266712597731833,0.0865402989855187,0.31655325179395627,-0.8997662992001401,0.04745155588893861,99.0,0.01342304424054928
2.551020383834839,-0.077551022171975,10,0.09844646947663246,-0.8954446423667431,0.07979052497907038,0.26461445209552026,-0.919684293749452,0.12067395912997189,99.0,0.06603427073086413
2.551020383834839,-0.055102042853833,10,-0.04686584914069075,-0.8320680412420349,0.0919300518758006,0.4162695419288102,-0.9216217776987392,-0.014885953263476137,99.0,-0.02998716305417302
2.551020383834839,-0.032653063535691,10,-0.03329215620196352,-0.8637938663457247,0.09154460286661636,0.3067422191542366,-0.9287102523900271,-0.0022893872408852184,99.0,-0.019453962851965857
2.551020383834839,-0.010204084217549,10,0.005290030854785646,-0.8147265868284327,0.07117112412131055,0.34881001201492,-0.9122323768615466,0.03361834199214686,99.0,0.0005134076100667573
2.551020383834839,0.012244895100593,10,0.0028629162619010495,-0.8094878110123087,0.07435944867387063,0.2723623810379473,-0.8926509492035244,0.029352827025811046,99.0,0.00271776542213837
2.551020383834839,0.034693874418735,10,-0.006348275528972255,-0.8095560411515949,0.06921195552309624,0.24858406690527796,-0.8907460276407968,0.01728865203561862,99.0,-0.004003867289931415
2.551020383834839,0.057142853736877,10,0.034528459497007405,-0.8287042464393151,0.08060228843971605,0.291176131495786,-0.9101815272899356,0.059022254189261825,99.0,0.02147288823125327
2.551020383834839,0.079591833055019,10,0.03596095031339036,-0.7853990006139218,0.0682241603972381,0.2743521967587481,-0.8770700422915404,0.05950079712581313,99.0,0.023221189024421246
2.551020383834839,0.102040812373161,10,0.05870513662042939,-0.8093425061910041,0.06966504624145124,0.27517345767183743,-0.8876981420032075,0.08041321703525603,99.0,0.03662203671770434
2.551020383834839,0.124489791691303,10,-0.03962959284562363,-0.8270461046383722,0.07948996566422027,0.36878241248923893,-0.9076698770974735,-0.01931714976017404,99.0,-0.02615331265938219
2.551020383834839,0.146938771009445,10,-0.030537743262723155,-0.7452300412370494,0.0714501930473505,0.36207480345813137,-0.8414985557660015,-0.011601225004886959,99.0,-0.020320097267701166
2.551020383834839,0.169387757778167,10,-0.05054458521600026,-0.7542359724927273,0.06328920848771288,0.21286545976124915,-0.8390652932712572,-0.03400648079956209,99.0,-0.03199319183694664
2.551020383834839,0.191836729645729,10,-0.008451268030592374,-0.7869448752330548,0.07001479542944732,0.3058998121206734,-0.8607475702618395,0.0089688168249306,99.0,-0.0013884057868145312
2.551020383834839,0.21428570151329,10,0.02825721742329436,-0.7494805550987378,0.070543946982518,0.2292358715826994,-0.8264923737162503,0.046329533483701196,99.0,0.02024769622450684
2.551020383834839,0.236734688282012,10,-0.0034781339758766933,-0.646626097411264,0.05085101635852741,0.24754055561240199,-0.7378841258228122,0.013347865200884504,99.0,-0.0010518359032180922
2.551020383834839,0.259183675050735,10,0.003423525266401467,-0.6931447129255189,0.06115767598067297,0.19738015910309814,-0.7941960954972858,0.021266299057003765,99.0,-0.0013966374060166188
2.551020383834839,0.281632661819458,10,-0.010025603504073291,-0.6738092728741901,0.06384676137432967,0.26468582372397553,-0.766558090745525,0.006104377767024244,99.0,-0.007620467826358385
2.551020383834839,0.304081618785858,10,-0.034713373949065304,-0.6466519613590291,0.068611301936622,0.28734448484718966,-0.7307881368031677,-0.020574786383724897,99.0,-0.02013914922974435
2.551020383834839,0.32653060555458,10,-0.06371338862523596,-0.6693424701056105,0.05511369635095787,0.29957261622668235,-0.7558350614134308,-0.05046551599251206,99.0,-0.03179968150641115
2.551020383834839,0.348979592323303,10,-0.020165134805680704,-0.5702888568703575,0.05326361613464687,0.23161710664746715,-0.6552668183064514,-0.006144954442083475,99.0,-0.010779919699879537
2.551020383834839,0.371428549289703,10,-0.13659176558513816,-0.4911659028196612,0.07720583788257865,0.2652052845269402,-0.5682810551197106,-0.13038169257418783,99.0,-0.07041185162512187
2.551020383834839,0.393877536058425,10,-0.11237425213832838,-0.5727022152805319,0.0666690615496525,0.33140722781416915,-0.6496852283103491,-0.10436261732627447,99.0,-0.059606662297251624
2.551020383834839,0.416326522827148,10,0.06164942822036417,-0.44605367461201617,0.07838884861054299,0.39978152772087594,-0.5464128843603442,0.08546688315929568,99.0,0.025612751671441492
2.551020383834839,0.438775509595871,10,-0.13408677215715045,-0.49536267800420003,0.0818089108719779,0.24091340633171499,-0.5745570609439767,-0.12712391005044285,99.0,-0.06265852534781538
2.551020383834839,0.461224496364593,10,-0.10711412283409727,-0.39458686119788167,0.05704355007527184,0.2641390198516046,-0.45863448940130813,-0.10042334906237313,99.0,-0.06168924439436463
2.551020383834839,0.483673483133316,10,-0.0678501399127649,-0.48297131523761927,0.0829274789412949,0.3399704576512945,-0.5462237790476947,-0.05841240267218223,99.0,-0.03949421618392555
2.551020383834839,0.506122469902038,10,-0.11442099388501094,-0.4240984088290132,0.09264198866495976,0.4254792469681119,-0.4960460832233396,-0.10752593259758181,99.0,-0.06051630760621616
2.551020383834839,0.528571426868438,10,0.011002136692473352,-0.31817986706715545,0.09712343612116514,0.3677593581394108,-0.3782800116110212,0.024586949822591304,99.0,0.005031955150242777
2.551020383834839,0.551020383834838,10,-0.10641789988289219,-0.38729408269691656,0.1242926305866311,0.44661818044327756,-0.4437227409942955,-0.10004863422308095,99.0,-0.06475538557923055
2.551020383834839,0.573469400405883,10,-0.11089553137779208,-0.33391875119396525,0.1448095570253944,0.4572775503936296,-0.3873043311680417,-0.10480974852857504,99.0,-0.06343554947291362
2.551020383834839,0.595918357372283,10,-0.12083707741629739,-0.32971581256498855,0.1141847096085141,0.3560188418853174,-0.39153382480061283,-0.11490158651807902,99.0,-0.06444238195700677
2.551020383834839,0.618367373943328,10,-0.11904837527224503,-0.2365990861517017,0.10497461546745847,0.3025739321133808,-0.2900898942071328,-0.11365000206024758,99.0,-0.07079424240135178
2.551020383834839,0.640816330909729,10,-0.13852614447421885,-0.2763491930050683,0.11009603104089952,0.3514193100732609,-0.32861310095910506,-0.1340708071464703,99.0,-0.09000323698553866
2.551020383834839,0.663265287876129,10,-0.19277087553324732,-0.3069403289387831,0.11597541893277094,0.4202989116219219,-0.35375498241941483,-0.18994089399237826,99.0,-0.14135696060162714
2.551020383834839,0.685714304447174,10,-0.14356312558348333,-0.3506315238917134,0.13930776046131227,0.4676650900833751,-0.3938804761961714,-0.13825366583023624,99.0,-0.099165424098568
2.551020383834839,0.708163261413574,10,-0.1349080289448659,-0.3128000224660767,0.13764151791213314,0.4338526905670582,-0.3614956381935732,-0.1308531120017477,99.0,-0.09314552776292291
2.551020383834839,0.730612277984619,10,-0.1880788756772523,-0.2242170291125125,0.11899357135801586,0.34633665322257634,-0.26939912341140454,-0.18602893917887942,99.0,-0.12911184551064622
2.551020383834839,0.753061234951019,10,-0.1509974953057482,-0.2215105894548723,0.11552583938770879,0.32652708888249915,-0.2675756405753443,-0.14713105713724323,99.0,-0.09899321639426424
2.551020383834839,0.775510191917419,10,-0.14525192574392012,-0.21163554438927437,0.10520740940391118,0.24642269296783023,-0.25919584832134945,-0.13995588424699962,99.0,-0.09474684030268093
2.551020383834839,0.797959208488464,10,-0.1649228113095113,-0.3263429543897363,0.15199589862090446,0.4380095049198013,-0.38004332503508587,-0.16043258303868274,99.0,-0.10061715909843386
2.551020383834839,0.820408165454864,10,-0.13652489477591817,-0.2840969301707462,0.11132052642636131,0.3871857154971835,-0.3321894574206059,-0.13188844364836927,99.0,-0.09373220441568812
2.551020383834839,0.842857122421264,10,-0.14994455397446116,-0.20747575863288675,0.11564441345769776,0.33378723879935385,-0.2502688281965985,-0.14661231002761127,99.0,-0.10642671010560227
2.551020383834839,0.865306138992309,10,-0.11761512482162022,-0.1688581679629859,0.10418570991344217,0.22988577425718,-0.21688240631564687,-0.11204829975794153,99.0,-0.07412814076959987
2.551020383834839,0.887755095958709,10,-0.1424447927360704,-0.3060266799708896,0.1299953418782887,0.3810185076554056,-0.35754044048117695,-0.13713958136160942,99.0,-0.08134637077819248
2.551020383834839,0.910204052925109,10,-0.16183288816194685,-0.3343109169771306,0.12401086915696166,0.44959090924719286,-0.38565451366549974,-0.15749358937257046,99.0,-0.11200164536875912
2.551020383834839,0.932653069496154,10,-0.13662991469181807,-0.20312458514258386,0.13389569417152064,0.33810051678854736,-0.24790471383673293,-0.13203837719809286,99.0,-0.09363952796435364
2.551020383834839,0.955102026462554,10,-0.1952164363296563,-0.2912546797026075,0.1138914341252899,0.3861999110739369,-0.34405620892925887,-0.1928799608385212,99.0,-0.12069018032277523
2.551020383834839,0.977551043033599,10,-0.19487415178345935,-0.3048740447561369,0.12030717163040251,0.3524168269707356,-0.35232173654519827,-0.19167971186798455,99.0,-0.1256158059959523
2.551020383834839,1.0,10,-0.17149625839940036,-0.12603988465908292,0.08320093109476306,0.17231383139121415,-0.15943944042757185,-0.16832101776898284,99.0,-0.13002468564492423
2.775510311126709,-0.100000001490117,10,0.03032506749906279,-0.8503793923217762,0.0837288347682804,0.3043663748396672,-0.914549218705324,0.06012418134278854,99.0,0.01884788746804366
2.775510311126709,-0.077551022171975,10,0.018544420684089333,-0.8366152732365437,0.07234322152399586,0.34101935047981424,-0.9132074635431195,0.04697895521319975,99.0,0.013748306889776369
2.775510311126709,-0.055102042853833,10,0.10140639553985914,-0.8637578525387206,0.08225772720941088,0.40657748081465306,-0.909451878849332,0.12387037937073458,99.0,0.07062014125509894
2.775510311126709,-0.032653063535691,10,0.03206815296245215,-0.8722703515535898,0.07524196588708813,0.3210931459244021,-0.9288547230197022,0.05805896955524933,99.0,0.020352562837632874
2.775510311126709,-0.010204084217549,10,0.016026213928810012,-0.8377368265105032,0.08443386249117221,0.3185755046006137,-0.9329116543396428,0.04279491177936072,99.0,0.009842676058466145
2.775510311126709,0.012244895100593,10,0.08059690782471868,-0.858872335528658,0.08200138606916073,0.33323967469442767,-0.9330049600470887,0.1047055502539296,99.0,0.05372731601839618
2.775510311126709,0.034693874418735,10,-0.032713424313463524,-0.8347896403263768,0.07922613600759512,0.28553565433070627,-0.8985065011728725,-0.010506381518148769,99.0,-0.022483064664875936
2.775510311126709,0.057142853736877,10,0.07449680711923155,-0.8809204893345814,0.08723780343251544,0.28830213526797993,-0.9353215724914048,0.09494176664160614,99.0,0.050937489744429035
2.775510311126709,0.079591833055019,10,-0.027915847889000422,-0.823791484859606,0.07289419152308003,0.3164079654534392,-0.8956923335912216,-0.007101490109685915,99.0,-0.015846637650135366
2.775510311126709,0.102040812373161,10,-0.06934147436996232,-0.8187857911243692,0.07605674936749048,0.2521865304938816,-0.8847772462923178,-0.05065243788169185,99.0,-0.044807045211355846
2.775510311126709,0.124489791691303,10,0.06043040799277438,-0.8347124403660531,0.07697578082444376,0.2716902652779837,-0.8904036311730438,0.07851809025470993,99.0,0.04358765331228116
2.775510311126709,0.146938771009445,10,0.016138497485494896,-0.7841176552855175,0.06958868982480919,0.25704872869825557,-0.8805049300235661,0.03719853601428254,99.0,0.009215341503111233
2.775510311126709,0.169387757778167,10,-0.027894434705615423,-0.7737984074961046,0.07038567560052016,0.24501163731069547,-0.8586146836027998,-0.010508768649485106,99.0,-0.015431264198663452
2.775510311126709,0.191836729645729,10,0.054187807496493184,-0.7923130941833271,0.07678775015195737,0.3322533173010388,-0.8659959033825436,0.07327479019535449,99.0,0.0335102988389769
2.775510311126709,0.21428570151329,10,-0.014256006086575734,-0.7311614872807459,0.06311734988110583,0.33686528527387566,-0.8243718417690089,0.0024359153608054795,99.0,-0.011779451820754067
2.775510311126709,0.236734688282012,10,-0.09360851970880327,-0.6684825257312024,0.059712179603132805,0.27318031242702523,-0.761622848212623,-0.08272282050678476,99.0,-0.053609077881882
2.775510311126709,0.259183675050735,10,-0.0038900201252083655,-0.7211402537259006,0.07111997796188019,0.24929152026382728,-0.8019023158515468,0.011236449661237186,99.0,-0.00195077274277633
2.775510311126709,0.281632661819458,10,-0.06217632583906704,-0.6807353531770105,0.06456679138488089,0.26943913629217087,-0.7775846512573329,-0.04941708149414728,99.0,-0.03607733051549733
2.775510311126709,0.304081618785858,10,-0.055276200141923276,-0.6527479076767042,0.06115474857173725,0.2599116725352699,-0.7354833598944681,-0.04330677095834312,99.0,-0.031118143704551803
2.775510311126709,0.32653060555458,10,-0.19696438257488008,-0.6046851610803456,0.06985540848266841,0.21328803018380435,-0.6826215500743169,-0.19189076107625702,99.0,-0.11082563318889191
2.775510311126709,0.348979592323303,10,-0.028799160695203024,-0.5542625081135535,0.058720114966953986,0.27641416919485473,-0.6572078671773076,-0.013750325119882945,99.0,-0.01696686232910847
2.775510311126709,0.371428549289703,10,-0.11353345758666299,-0.5549264319225294,0.0726933653344577,0.2988788504825595,-0.6297010203878506,-0.10468466517041207,99.0,-0.0651358128970324
2.775510311126709,0.393877536058425,10,0.010607804615563099,-0.568823034199421,0.06466088078390474,0.2533404346096114,-0.6390493102918688,0.024438223023518738,99.0,0.006975428123467542
2.775510311126709,0.416326522827148,10,-0.04027488460562938,-0.47092733828287225,0.06344771870831867,0.20734900368996778,-0.5627844460767413,-0.02724031108294031,99.0,-0.022194115239192062
2.775510311126709,0.438775509595871,10,0.04495130012646814,-0.5413906612092744,0.07304200967602219,0.20744839218105884,-0.6105457138711702,0.06075465241490617,99.0,0.020915919960130605
2.775510311126709,0.461224496364593,10,0.02738169627437756,-0.45635751415057796,0.08258084028967211,0.22994182929586,-0.5273286615174569,0.043124436272207634,99.0,0.00522872636705155
2.775510311126709,0.483673483133316,10,-0.05131195183000664,-0.5172479997134644,0.06936795706998442,0.2783661982602141,-0.6030835239795429,-0.03944287296056807,99.0,-0.026472478241792274
2.775510311126709,0.506122469902038,10,-0.18438322982916322,-0.3828346531495556,0.11781893613529874,0.43086578445897133,-0.43448332348809815,-0.18124217819404448,99.0,-0.11794035550088441
2.775510311126709,0.528571426868438,10,-0.007754187637480495,-0.45668890575998244,0.10734970186128776,0.4066408711346383,-0.5246387871218573,0.005883661960725858,99.0,-0.006111425777129131
2.775510311126709,0.551020383834838,10,-0.14454031417625388,-0.4466385347271048,0.09401484972841655,0.3991438066031833,-0.5173529650467785,-0.1389818951502427,99.0,-0.08038110822620471
2.775510311126709,0.573469400405883,10,-0.19667413437037468,-0.32886554130474777,0.11686725108680361,0.40235798317274873,-0.3839618658538392,-0.1953355690064876,99.0,-0.1295483141481832
2.775510311126709,0.595918357372283,10,-0.07640219585818267,-0.4685137894910865,0.12982197433343476,0.49625731363868264,-0.5257259279208581,-0.06728246370913035,99.0,-0.04843921055209513
2.775510311126709,0.618367373943328,10,-0.09468992345878369,-0.3289364506424841,0.12837372598659555,0.38419549147964654,-0.38158277303699956,-0.08755466468892596,99.0,-0.06018123256769581
2.775510311126709,0.640816330909729,10,-0.14721392778264483,-0.3853503608598243,0.10891738615351793,0.43196518356194985,-0.44645921050262855,-0.14261211287054745,99.0,-0.08153309905708651
2.775510311126709,0.663265287876129,10,-0.1537992174510821,-0.2706379347533535,0.14008737221705717,0.36152802295025077,-0.314379535814287,-0.14929174353369656,99.0,-0.10182202584611837
2.775510311126709,0.685714304447174,10,-0.15333602823328968,-0.21693416415091277,0.09369815138476285,0.2867381575121297,-0.26300071586589385,-0.14925835931820086,99.0,-0.09754432125456096
2.775510311126709,0.708163261413574,10,-0.14517086621429942,-0.305345586443564,0.11418034223552156,0.37861890023285916,-0.3555012670778981,-0.14155570263902367,99.0,-0.08822973223304842
2.775510311126709,0.730612277984619,10,-0.14932147067625848,-0.33208141366719757,0.11715677514368068,0.40136675195742666,-0.37713554495444424,-0.1445142787109599,99.0,-0.10355841412609254
2.775510311126709,0.753061234951019,10,-0.0999188214733136,-0.3035654152545406,0.1222763030290104,0.42871549247192825,-0.34695220252089676,-0.0933720048518915,99.0,-0.07720093806450098
2.775510311126709,0.775510191917419,10,-0.14933777254395073,-0.3333616654632423,0.12857401631720786,0.43791074784622047,-0.378979840097566,-0.1452347984754302,99.0,-0.10953533411932051
2.775510311126709,0.797959208488464,10,-0.170616361449539,-0.255627721285445,0.11999807128513001,0.3834900732365647,-0.3016226116978516,-0.16799890071236756,99.0,-0.11472597831802547
2.775510311126709,0.820408165454864,10,-0.19443917340281705,-0.1938950351587185,0.10604579812594488,0.32733046709908475,-0.23767371942100968,-0.19266674989180244,99.0,-0.12601825712935227
2.775510311126709,0.842857122421264,10,-0.1890134679346916,-0.2777751747466082,0.11047050827619552,0.3608147404353545,-0.32342306001591764,-0.1864289669773158,99.0,-0.12915206422189754
2.775510311126709,0.865306138992309,10,-0.11372006500280529,-0.2674480051478478,0.1461671831514386,0.4349025343784325,-0.3109940767751015,-0.10795349969619816,99.0,-0.07560904937098846
2.775510311126709,0.887755095958709,10,-0.1755700770108078,-0.21720528895800328,0.10172292773905481,0.2956863103130141,-0.2643741479417257,-0.1723548313422114,99.0,-0.10875549320926203
2.775510311126709,0.910204052925109,10,-0.18055585474233918,-0.3140762173748066,0.12042707721280149,0.4068902847694793,-0.3575032106203761,-0.17787797070586386,99.0,-0.1294704728295162
2.775510311126709,0.932653069496154,10,-0.17051786101062305,-0.3326717548994566,0.13170483685876974,0.45300171467587325,-0.38215568895421126,-0.16678579805061539,99.0,-0.11159347456757336
2.775510311126709,0.955102026462554,10,-0.16134093811715572,-0.2878865472272617,0.13164768677028202,0.43651008661932517,-0.3316150951530201,-0.1576132597759458,99.0,-0.11521327732912992
2.775510311126709,0.977551043033599,10,-0.16402154883333558,-0.19141472182752528,0.10741692009022509,0.2818933716848916,-0.2351874404103335,-0.16085958154711388,99.0,-0.10786838069296481
2.775510311126709,1.0,10,-0.1702131601585778,-0.28362922024410675,0.1362653985255681,0.3674799724127812,-0.33166848827490575,-0.16696590611743717,99.0,-0.11641171774481078
3.0,-0.100000001490117,10,0.042564779827299434,-0.9098157260897172,0.10062275372884842,0.3751013669588817,-0.933553102852021,0.06776562904245154,99.0,0.02871252421094856
3.0,-0.077551022171975,10,-0.0031854006556454317,-0.8967537488879874,0.08820284017028548,0.31096539244991445,-0.9371607127442387,0.022918449132568075,99.0,-0.0015638568844077035
3.0,-0.055102042853833,10,0.08186675914978052,-0.8760788634266458,0.08031177333125916,0.3477696995393494,-0.924990393738945,0.10485668454426829,99.0,0.05542009327931002
3.0,-0.032653063535691,10,0.015312721715950356,-0.897753131377333,0.0952648521270468,0.3535844456386316,-0.9445207077147768,0.03948175624949834,99.0,0.00934368073822089
3.0,-0.010204084217549,10,0.013783814566292213,-0.8418521298423326,0.08005710184761594,0.335931288308757,-0.9182035629226963,0.03877349559395156,99.0,0.010153339023362367
3.0,0.012244895100593,10,0.02984267542898067,-0.8424000555872183,0.08174495713470242,0.33249052518855676,-0.9121313509383788,0.05258384595490384,99.0,0.01853698957019318
3.0,0.034693874418735,10,0.025785014223049962,-0.8281756729217444,0.07702885035053461,0.3656665012821608,-0.9096167005157721,0.04839631740276419,99.0,0.01900123493309206
3.0,0.057142853736877,10,0.042983949949943534,-0.8518046756811419,0.08585299713565558,0.3641782629100627,-0.9171603147609259,0.06314311558724824,99.0,0.030284639854772387
3.0,0.079591833055019,10,0.0770662830908572,-0.8665039564383766,0.08313687640724758,0.347194394180281,-0.9223156407979773,0.09593658703774274,99.0,0.0522747405178548
3.0,0.102040812373161,10,-0.021566029394148423,-0.8365500701796317,0.07710751070266669,0.2875420328299444,-0.904626282204274,-0.0028198451921755685,99.0,-0.014789246422826443
3.0,0.124489791691303,10,-0.005511062258038213,-0.823224289409672,0.0738602126149474,0.33517268130785777,-0.8975028649364591,0.012997107204274175,99.0,-0.004693357183360819
3.0,0.146938771009445,10,-0.032960951346955175,-0.8177623040865374,0.07789117635457117,0.326160632541368,-0.8895631052238501,-0.015979057730194646,99.0,-0.019601323899742423
3.0,0.169387757778167,10,0.008095319507243293,-0.7701890087078421,0.070396597338751,0.3424628362955874,-0.850696181530759,0.025446921521006936,99.0,0.00971051946598512
3.0,0.191836729645729,10,-0.039285463462064824,-0.8017137290004349,0.07844533388216933,0.31934879499781943,-0.8794949917586802,-0.023670310669699088,99.0,-0.024766302177509296
3.0,0.21428570151329,10,-0.06661809842473775,-0.7621634425991077,0.06372573476378057,0.1971784499182684,-0.8361464832773043,-0.053856769492062084,99.0,-0.04362581730476399
3.0,0.236734688282012,10,0.005215315387953931,-0.7011347910941942,0.06327140760063524,0.1995678640528986,-0.7824998829681786,0.020466627283999506,99.0,0.0037295157681437345
3.0,0.259183675050735,10,-0.03861599619169746,-0.7201910513564188,0.06754630735694042,0.21581611467131115,-0.7871504829915742,-0.025247669565160835,99.0,-0.02733087101658476
3.0,0.281632661819458,10,0.03446548943457747,-0.7308870625194412,0.07064650341157182,0.32986831191456223,-0.8127739723822,0.05132888442086593,99.0,0.023254186515713392
3.0,0.304081618785858,10,-0.0662762807566159,-0.6719603102915208,0.06882720442841227,0.14882030627646747,-0.7542546088611559,-0.05406908309900614,99.0,-0.036846557591266524
3.0,0.32653060555458,10,-0.03932437865531248,-0.6586221047587812,0.06852350958489745,0.21386632516948428,-0.7356040452712376,-0.026156755210722374,99.0,-0.019353070984364184
3.0,0.348979592323303,10,0.044230304950848065,-0.625670029491225,0.06327640743833753,0.1886692996307151,-0.6912494764792048,0.059066205190754895,99.0,0.02894699100542903
3.0,0.371428549289703,10,-0.1445428305418647,-0.6423654086822613,0.07484254447150619,0.2722177426161321,-0.6990263617914854,-0.1375335165812951,99.0,-0.09679269050783282
3.0,0.393877536058425,10,-0.017552248491587513,-0.4655932266690842,0.04750448407558972,0.22328941226377966,-0.5436695289153485,-0.004804563119242239,99.0,-0.014907825640163982
3.0,0.416326522827148,10,0.049318511784821314,-0.5388807483760896,0.07411271417237347,0.3190155286141187,-0.6233602410739112,0.06787615504835505,99.0,0.02795313845345294
3.0,0.438775509595871,10,-0.14840896240730928,-0.5602629178926474,0.07930301570683114,0.4061748864488351,-0.6357106273910269,-0.1418567938302646,99.0,-0.0817181361796689
3.0,0.461224496364593,10,-0.10399491887744741,-0.5525056489101857,0.08965345899846017,0.39766895167899774,-0.6383914688015582,-0.09584787687876918,99.0,-0.046753684880118156
3.0,0.483673483133316,10,-0.1787210471725733,-0.5006721525902496,0.08375408541457836,0.3584542706577054,-0.5742614483900987,-0.17584859999852812,99.0,-0.0917786797757451
3.0,0.506122469902038,10,-0.006414403544053121,-0.5615321478130795,0.08069659208622858,0.26965477527298565,-0.6379624156664465,0.007549401754279178,99.0,-0.00774635049262031
3.0,0.528571426868438,10,-0.08928362905897394,-0.2638279249556812,0.07185908968729021,0.23000561746931847,-0.3247519826433325,-0.08110769609541905,99.0,-0.04241420154446379
3.0,0.551020383834838,10,-0.1360142884951306,-0.43381710688390596,0.10905912881659331,0.3629902286011861,-0.5007057031276907,-0.1308241754515096,99.0,-0.07339085320430667
3.0,0.573469400405883,10,-0.1330605212203551,-0.39011613258412825,0.13497956852717802,0.4712004502960939,-0.43324747620584747,-0.12764723953981494,99.0,-0.09396332524911935
3.0,0.595918357372283,10,-0.23419126799861165,-0.26776290445953044,0.09887266329374159,0.28855592315883494,-0.3149710759662405,-0.233916306769599,99.0,-0.1488529820751629
3.0,0.618367373943328,10,-0.15116629139649407,-0.32113278714706156,0.11075461803105188,0.35736978936908315,-0.38050203145332473,-0.1463355080570804,99.0,-0.0789204322369779
3.0,0.640816330909729,10,-0.18416131978125863,-0.30743104657985465,0.1385662709233269,0.4412370038558315,-0.35608588099531363,-0.18141105243522637,99.0,-0.12079050968175435
3.0,0.663265287876129,10,-0.21454051331264185,-0.16705244973854666,0.10289549862843829,0.2609788447956591,-0.20394573889414971,-0.2135149419564294,99.0,-0.15228144699144394
3.0,0.685714304447174,10,-0.1190044891364847,-0.3478304090215506,0.14371859287884617,0.48439368761580853,-0.391046554468584,-0.11224047077224368,99.0,-0.07609238958949016
3.0,0.708163261413574,10,-0.1757611807007805,-0.21872858463770672,0.09673577124703077,0.309345119236738,-0.26507491199737293,-0.17252512365478717,99.0,-0.1129843795481567
3.0,0.730612277984619,10,-0.1212702802737787,-0.3594135304491901,0.14268463417635435,0.45461868691166607,-0.40781236944973276,-0.11557775025807052,99.0,-0.07756180672988627
3.0,0.753061234951019,10,-0.16857348107845566,-0.3390189194641901,0.1339742141705732,0.42360741024824855,-0.3865803589675305,-0.16440614857447006,99.0,-0.11177911665456242
3.0,0.775510191917419,10,-0.21202494528505464,-0.31084130807524085,0.11410693744064497,0.38046907804043095,-0.3552213302027253,-0.2092368523876776,99.0,-0.1394494858662766
3.0,0.797959208488464,10,-0.1947056799459762,-0.14803622689134788,0.1082623300737951,0.2383224286573261,-0.18947132750847226,-0.19352000752847864,99.0,-0.1296550943407059
3.0,0.820408165454864,10,-0.16169750499577035,-0.26459979741274714,0.10807195535544134,0.3326331021545884,-0.30700108173827745,-0.15751935048032445,99.0,-0.1053357175041509
3.0,0.842857122421264,10,-0.17372094050988496,-0.30773977656720725,0.13071555945783425,0.4092053949209859,-0.3556097990923551,-0.17037533372194696,99.0,-0.10887783305198487
3.0,0.865306138992309,10,-0.17027145085184897,-0.2981018053250137,0.13076827163684576,0.4222745604937056,-0.34617314612963046,-0.16670954928090964,99.0,-0.11386937978821343
3.0,0.887755095958709,10,-0.11767700024146238,-0.34477725701368445,0.1263799237095789,0.45615039905676896,-0.40010043288420744,-0.11098461985108621,99.0,-0.07346929464740411
3.0,0.910204052925109,10,-0.17671823416915472,-0.36076242237399164,0.14418244204130803,0.45549706434172454,-0.40961480862949906,-0.1734089530889814,99.0,-0.1137760214854324
3.0,0.932653069496154,10,-0.09174736094498863,-0.38335299291572184,0.14460327589157704,0.5067937851638004,-0.42561113563161346,-0.08474579480304706,99.0,-0.065815798313754
3.0,0.955102026462554,10,-0.18174590878334218,-0.271165034617787,0.11995024676500265,0.364809365072295,-0.3173279921978187,-0.1781215673057452,99.0,-0.11820027882480533
3.0,0.977551043033599,10,-0.16681792635552198,-0.3725807221613526,0.11605568015381501,0.43128206618141207,-0.41919543087580824,-0.1624997333643344,99.0,-0.11081386060422067
3.0,1.0,10,-0.1841627481484403,-0.18889090851317536,0.11437853706629474,0.2968808761745976,-0.2308246865501167,-0.18102625688869942,99.0,-0.1240894614001505
